customer_id,customer_name,city,segment,signup_date
C00001,Elena Ivanova,Tomsk,New,2024-09-04
C00002,Alex Morozova,Saint Petersburg,Regular,2024-06-08
C00003,Daria Volkova,Perm,VIP,2025-01-14
C00004,Elena Smirnova,Kazan,Regular,2025-04-28
C00005,Roman Petrova,Moscow,New,2024-07-09
C00006,Anna Smirnova,Samara,New,2025-07-13
C00007,Alina Morozova,Tomsk,VIP,2025-04-11
C00008,Anna Popova,Omsk,VIP,2024-05-01
C00009,Roman Morozova,Moscow,Regular,2025-11-16
C00010,Kirill Ivanov,Saint Petersburg,Regular,2024-02-02
C00011,Anna Sokolova,Saint Petersburg,New,2025-04-22
C00012,Roman Smirnov,Ufa,New,2024-11-16
C00013,Alex Volkova,Yekaterinburg,New,2025-04-22
C00014,Alina Smirnov,Omsk,New,2025-07-19
C00015,Elena Smirnova,Saint Petersburg,New,2025-05-16
C00016,Maxim Kuznetsova,Moscow,Regular,2025-04-20
C00017,Nikita Kuznetsov,Novosibirsk,New,2025-09-05
C00018,Alex Petrova,Moscow,New,2025-05-27
C00019,Kirill Kuznetsova,Omsk,Regular,2025-08-17
C00020,Maxim Smirnova,Yekaterinburg,New,2024-10-21
C00021,Ivan Kuznetsov,Tomsk,New,2024-05-28
C00022,Alina Smirnova,Saint Petersburg,Regular,2024-06-20
C00023,Maria Morozova,Samara,New,2025-03-22
C00024,Ivan Smirnova,Ufa,Regular,2025-01-23
C00025,Daria Kuznetsova,Tomsk,VIP,2024-02-26
C00026,Maxim Ivanov,Moscow,New,2024-05-29
C00027,Kirill Kuznetsov,Saint Petersburg,VIP,2025-12-07
C00028,Irina Kuznetsov,Moscow,VIP,2025-06-14
C00029,Nikita Popova,Moscow,Regular,2025-07-05
C00030,Alex Smirnova,Kazan,Regular,2024-05-23
C00031,Irina Morozova,Tomsk,Regular,2024-02-16
C00032,Irina Popov,Samara,Regular,2024-07-31
C00033,Maxim Ivanov,Saint Petersburg,Regular,2025-09-17
C00034,Daria Smirnov,Saint Petersburg,New,2025-01-04
C00035,Maria Morozova,Saint Petersburg,VIP,2025-07-26
C00036,Maria Smirnov,Moscow,Regular,2024-12-21
C00037,Maxim Ivanov,Moscow,Regular,2024-12-23
C00038,Sofia Popova,Saint Petersburg,New,2025-03-14
C00039,Pavel Popova,Moscow,New,2025-12-01
C00040,Artem Volkov,Kazan,Regular,2024-11-15
C00041,Kirill Volkova,Saint Petersburg,Regular,2025-03-10
C00042,Alex Volkova,Perm,New,2025-11-02
C00043,Daria Ivanov,Kazan,New,2024-09-28
C00044,Roman Volkov,Saint Petersburg,New,2025-09-05
C00045,Nikita Morozova,Perm,Regular,2025-01-25
C00046,Olga Morozov,Omsk,New,2025-10-03
C00047,Sofia Petrova,Saint Petersburg,VIP,2024-12-07
C00048,Elena Volkova,Moscow,New,2025-04-04
C00049,Irina Sokolov,Kazan,New,2024-08-23
C00050,Sofia Volkov,Moscow,New,2025-04-08
C00051,Maxim Popov,Moscow,Regular,2024-08-26
C00052,Alex Ivanova,Moscow,Regular,2025-03-20
C00053,Elena Ivanov,Omsk,Regular,2025-07-29
C00054,Pavel Kuznetsova,Kazan,VIP,2024-11-13
C00055,Ivan Sokolov,Kazan,New,2024-11-09
C00056,Irina Popov,Omsk,Regular,2024-08-23
C00057,Anna Ivanov,Saint Petersburg,New,2025-06-17
C00058,Irina Kuznetsova,Novosibirsk,New,2025-03-08
C00059,Ivan Popova,Moscow,New,2025-01-12
C00060,Olga Kuznetsov,Moscow,New,2024-01-19
C00061,Irina Ivanova,Kazan,Regular,2024-03-21
C00062,Pavel Morozov,Saint Petersburg,Regular,2024-01-06
C00063,Anna Kuznetsova,Novosibirsk,Regular,2025-09-12
C00064,Nikita Petrov,Tomsk,Regular,2025-09-13
C00065,Daria Petrova,Yekaterinburg,Regular,2024-02-19
C00066,Daria Smirnova,Novosibirsk,New,2024-02-03
C00067,Sofia Morozov,Novosibirsk,New,2025-07-24
C00068,Sofia Volkova,Saint Petersburg,New,2025-01-18
C00069,Olga Morozov,Moscow,Regular,2024-08-13
C00070,Irina Ivanov,Saint Petersburg,VIP,2025-03-24
C00071,Roman Popova,Moscow,New,2024-06-21
C00072,Alina Petrov,Saint Petersburg,Regular,2024-05-24
C00073,Maxim Kuznetsov,Perm,Regular,2024-09-25
C00074,Kirill Popov,Moscow,Regular,2025-10-15
C00075,Elena Morozova,Moscow,Regular,2025-07-14
C00076,Daria Smirnova,Moscow,Regular,2024-05-18
C00077,Pavel Ivanova,Moscow,Regular,2025-02-14
C00078,Daria Morozova,Kazan,Regular,2025-10-07
C00079,Anna Smirnova,Novosibirsk,New,2025-11-25
C00080,Maria Morozova,Omsk,VIP,2025-07-10
C00081,Sofia Petrova,Kazan,New,2024-04-04
C00082,Pavel Smirnova,Saint Petersburg,Regular,2024-06-24
C00083,Daria Ivanov,Omsk,New,2024-06-08
C00084,Artem Popova,Moscow,New,2024-04-20
C00085,Olga Morozov,Moscow,New,2024-05-07
C00086,Daria Morozov,Moscow,New,2024-08-18
C00087,Roman Popova,Kazan,New,2025-02-09
C00088,Elena Kuznetsova,Saint Petersburg,New,2024-10-17
C00089,Roman Kuznetsov,Moscow,New,2024-11-03
C00090,Roman Sokolov,Novosibirsk,New,2024-06-28
C00091,Kirill Petrova,Moscow,Regular,2024-04-20
C00092,Elena Petrova,Kazan,Regular,2025-12-30
C00093,Maxim Smirnov,Saint Petersburg,Regular,2025-03-13
C00094,Elena Morozova,Saint Petersburg,New,2024-06-16
C00095,Alina Popova,Saint Petersburg,New,2025-08-14
C00096,Kirill Volkova,Yekaterinburg,VIP,2025-08-29
C00097,Roman Sokolova,Saint Petersburg,New,2025-12-06
C00098,Alex Popov,Moscow,New,2024-04-26
C00099,Daria Smirnova,Moscow,VIP,2025-04-12
C00100,Kirill Kuznetsova,Samara,VIP,2025-12-16
C00101,Maria Ivanova,Ufa,New,2025-08-11
C00102,Sofia Morozova,Kazan,Regular,2024-06-13
C00103,Irina Sokolov,Moscow,New,2025-10-13
C00104,Artem Morozov,Samara,Regular,2024-11-03
C00105,Alina Volkov,Tomsk,New,2024-12-22
C00106,Maria Sokolova,Kazan,New,2025-02-11
C00107,Maxim Ivanova,Saint Petersburg,Regular,2025-07-17
C00108,Maxim Ivanov,Moscow,New,2024-03-28
C00109,Kirill Petrov,Moscow,Regular,2025-01-28
C00110,Roman Morozov,Ufa,New,2025-08-19
C00111,Olga Popova,Saint Petersburg,Regular,2025-02-04
C00112,Ivan Popova,Moscow,Regular,2024-07-19
C00113,Maria Petrova,Saint Petersburg,Regular,2024-02-11
C00114,Pavel Petrova,Yekaterinburg,Regular,2025-02-04
C00115,Maria Morozov,Moscow,New,2025-05-28
C00116,Irina Petrova,Perm,Regular,2025-02-05
C00117,Sofia Sokolova,Tomsk,New,2025-12-15
C00118,Sofia Smirnova,Kazan,Regular,2025-03-15
C00119,Daria Volkov,Saint Petersburg,Regular,2025-01-06
C00120,Elena Morozova,Yekaterinburg,VIP,2024-02-10
C00121,Maria Smirnova,Yekaterinburg,Regular,2025-02-11
C00122,Roman Smirnov,Yekaterinburg,VIP,2024-05-03
C00123,Alex Popova,Moscow,New,2025-06-13
C00124,Pavel Morozova,Saint Petersburg,VIP,2024-04-27
C00125,Alex Volkov,Moscow,Regular,2025-10-23
C00126,Olga Petrov,Novosibirsk,New,2024-08-08
C00127,Kirill Smirnov,Saint Petersburg,Regular,2024-11-12
C00128,Sofia Ivanova,Moscow,New,2024-04-15
C00129,Kirill Kuznetsova,Moscow,New,2024-06-02
C00130,Sofia Popova,Yekaterinburg,New,2025-11-04
C00131,Alex Volkova,Moscow,New,2024-07-26
C00132,Nikita Smirnova,Ufa,Regular,2025-01-09
C00133,Daria Kuznetsov,Yekaterinburg,Regular,2025-12-17
C00134,Ivan Sokolova,Saint Petersburg,Regular,2025-03-31
C00135,Kirill Petrov,Yekaterinburg,Regular,2024-01-31
C00136,Anna Petrov,Moscow,New,2024-09-17
C00137,Elena Volkova,Samara,New,2024-10-09
C00138,Alex Kuznetsova,Novosibirsk,New,2024-07-20
C00139,Elena Volkova,Omsk,Regular,2024-06-25
C00140,Alex Petrov,Moscow,New,2025-01-02
C00141,Alina Smirnov,Novosibirsk,Regular,2024-10-02
C00142,Alina Ivanov,Novosibirsk,Regular,2024-08-02
C00143,Artem Ivanov,Ufa,Regular,2024-10-28
C00144,Maria Smirnova,Yekaterinburg,Regular,2024-09-07
C00145,Roman Ivanov,Saint Petersburg,New,2024-06-15
C00146,Maria Ivanova,Moscow,Regular,2024-11-26
C00147,Pavel Volkova,Saint Petersburg,Regular,2025-11-18
C00148,Alex Sokolova,Novosibirsk,Regular,2025-01-04
C00149,Kirill Sokolov,Saint Petersburg,Regular,2025-03-12
C00150,Anna Kuznetsova,Moscow,Regular,2025-12-19
C00151,Sofia Volkova,Omsk,VIP,2025-03-23
C00152,Maria Kuznetsov,Ufa,New,2024-06-12
C00153,Olga Sokolov,Moscow,Regular,2024-10-17
C00154,Olga Petrova,Novosibirsk,Regular,2024-12-22
C00155,Ivan Kuznetsov,Moscow,New,2024-12-12
C00156,Maria Kuznetsov,Kazan,VIP,2024-04-19
C00157,Alina Morozova,Moscow,New,2024-03-18
C00158,Elena Kuznetsov,Kazan,Regular,2024-09-12
C00159,Roman Volkova,Kazan,New,2025-10-29
C00160,Daria Sokolova,Tomsk,New,2025-06-07
C00161,Irina Sokolov,Moscow,Regular,2025-09-06
C00162,Anna Sokolova,Ufa,New,2024-05-07
C00163,Pavel Sokolov,Moscow,New,2024-10-29
C00164,Daria Ivanov,Moscow,New,2025-02-28
C00165,Irina Kuznetsova,Novosibirsk,Regular,2024-11-13
C00166,Maxim Petrova,Saint Petersburg,Regular,2024-10-31
C00167,Artem Morozova,Omsk,Regular,2024-09-19
C00168,Alina Popov,Omsk,New,2024-02-07
C00169,Nikita Petrov,Saint Petersburg,Regular,2025-09-17
C00170,Daria Morozova,Samara,New,2025-11-12
C00171,Anna Popova,Moscow,Regular,2024-02-29
C00172,Maxim Smirnov,Novosibirsk,New,2024-10-28
C00173,Alex Smirnova,Moscow,New,2025-01-13
C00174,Alex Kuznetsov,Ufa,New,2025-07-26
C00175,Maxim Smirnov,Moscow,Regular,2025-12-21
C00176,Anna Kuznetsova,Moscow,Regular,2024-10-30
C00177,Alex Sokolova,Saint Petersburg,New,2025-06-30
C00178,Alex Petrova,Samara,Regular,2025-11-15
C00179,Elena Sokolov,Ufa,Regular,2025-08-29
C00180,Nikita Smirnov,Tomsk,New,2024-07-31
C00181,Roman Kuznetsova,Ufa,Regular,2025-08-19
C00182,Maxim Popova,Ufa,Regular,2024-10-27
C00183,Alex Petrova,Novosibirsk,New,2024-01-13
C00184,Roman Ivanova,Saint Petersburg,Regular,2025-07-07
C00185,Alina Kuznetsov,Tomsk,New,2025-09-01
C00186,Roman Smirnova,Kazan,Regular,2024-09-07
C00187,Pavel Smirnov,Saint Petersburg,New,2024-11-25
C00188,Elena Petrov,Moscow,Regular,2024-09-22
C00189,Ivan Sokolov,Tomsk,New,2024-03-26
C00190,Pavel Volkov,Moscow,Regular,2025-12-27
C00191,Ivan Volkova,Ufa,VIP,2024-01-17
C00192,Alina Sokolov,Moscow,New,2025-02-09
C00193,Maxim Sokolova,Moscow,Regular,2024-01-11
C00194,Ivan Volkov,Perm,VIP,2025-05-18
C00195,Anna Petrov,Moscow,Regular,2025-10-19
C00196,Ivan Popova,Moscow,New,2025-04-14
C00197,Roman Smirnov,Yekaterinburg,Regular,2025-03-18
C00198,Kirill Popov,Perm,New,2025-08-27
C00199,Kirill Popova,Moscow,New,2025-12-12
C00200,Artem Sokolova,Saint Petersburg,Regular,2025-09-21
C00201,Sofia Petrov,Tomsk,Regular,2024-06-17
C00202,Pavel Smirnova,Samara,Regular,2025-02-15
C00203,Daria Petrov,Novosibirsk,New,2025-08-20
C00204,Daria Popova,Moscow,Regular,2024-08-03
C00205,Olga Ivanova,Moscow,Regular,2025-05-07
C00206,Maria Morozova,Moscow,New,2024-01-17
C00207,Artem Smirnova,Moscow,Regular,2025-10-02
C00208,Kirill Sokolov,Kazan,New,2025-03-24
C00209,Alina Volkov,Moscow,New,2025-06-26
C00210,Artem Volkov,Novosibirsk,Regular,2025-08-25
C00211,Daria Volkova,Kazan,VIP,2024-06-08
C00212,Anna Kuznetsova,Yekaterinburg,New,2024-11-24
C00213,Roman Morozova,Moscow,New,2025-09-18
C00214,Irina Popov,Omsk,New,2024-04-30
C00215,Maria Morozova,Kazan,Regular,2025-08-23
C00216,Elena Popov,Tomsk,New,2024-07-29
C00217,Olga Popov,Moscow,Regular,2025-02-24
C00218,Pavel Popov,Moscow,VIP,2025-01-07
C00219,Roman Popov,Ufa,New,2025-05-16
C00220,Irina Morozov,Saint Petersburg,Regular,2025-09-02
C00221,Kirill Ivanov,Saint Petersburg,Regular,2024-09-11
C00222,Daria Ivanov,Novosibirsk,Regular,2024-05-05
C00223,Artem Morozova,Kazan,New,2024-11-04
C00224,Alex Popov,Samara,New,2025-03-22
C00225,Sofia Petrov,Moscow,New,2025-07-01
C00226,Daria Ivanov,Ufa,Regular,2025-07-03
C00227,Pavel Smirnov,Moscow,Regular,2024-09-05
C00228,Sofia Volkova,Novosibirsk,New,2025-11-14
C00229,Olga Morozova,Yekaterinburg,New,2024-03-01
C00230,Maxim Volkova,Moscow,Regular,2024-03-26
C00231,Alina Smirnova,Moscow,New,2024-01-19
C00232,Roman Sokolov,Saint Petersburg,New,2025-11-07
C00233,Pavel Popov,Samara,Regular,2024-05-11
C00234,Roman Petrova,Yekaterinburg,New,2025-03-15
C00235,Alina Sokolov,Ufa,New,2025-08-16
C00236,Maxim Ivanova,Omsk,New,2025-07-13
C00237,Maxim Morozov,Saint Petersburg,New,2025-11-23
C00238,Anna Kuznetsov,Omsk,Regular,2024-02-09
C00239,Ivan Volkov,,Regular,2024-10-24
C00240,Roman Morozova,Moscow,Regular,2025-01-04
C00241,Artem Morozova,Omsk,New,2025-05-23
C00242,Alex Sokolov,Omsk,Regular,2025-03-30
C00243,Artem Ivanova,Moscow,New,2025-02-12
C00244,Maxim Smirnov,Novosibirsk,Regular,2024-08-11
C00245,Maxim Sokolova,Yekaterinburg,New,2024-03-18
C00246,Kirill Volkova,Perm,Regular,2024-11-11
C00247,Anna Volkov,Yekaterinburg,New,2024-07-08
C00248,Anna Smirnova,Saint Petersburg,New,2025-02-08
C00249,Roman Volkova,Saint Petersburg,Regular,2025-08-04
C00250,Kirill Sokolova,Saint Petersburg,New,2025-02-07
C00251,Maria Ivanov,Kazan,New,2025-03-01
C00252,Maxim Smirnov,Perm,Regular,2024-01-31
C00253,Alina Popov,Saint Petersburg,Regular,2025-04-15
C00254,Pavel Smirnov,Moscow,New,2024-11-16
C00255,Maxim Ivanov,Moscow,Regular,2024-03-31
C00256,Roman Ivanov,Tomsk,Regular,2024-06-05
C00257,Sofia Morozov,Omsk,Regular,2025-07-23
C00258,Anna Petrova,Moscow,Regular,2025-10-31
C00259,Nikita Morozova,Moscow,Regular,2025-01-05
C00260,Sofia Petrova,Yekaterinburg,Regular,2025-12-13
C00261,Anna Morozova,Moscow,Regular,2024-05-11
C00262,Alina Ivanova,Omsk,VIP,2024-08-06
C00263,Olga Morozova,Saint Petersburg,New,2025-11-09
C00264,Olga Morozov,Moscow,New,2024-05-07
C00265,Elena Popova,Ufa,New,2025-04-26
C00266,Kirill Ivanov,Moscow,VIP,2024-06-09
C00267,Nikita Sokolova,Moscow,New,2024-08-29
C00268,Elena Sokolova,Moscow,Regular,2024-12-14
C00269,Ivan Kuznetsova,Moscow,Regular,2024-09-19
C00270,Anna Petrov,Moscow,VIP,2025-09-30
C00271,Maxim Volkov,Moscow,New,2025-12-11
C00272,Alina Smirnova,Moscow,Regular,2024-12-31
C00273,Daria Kuznetsova,Moscow,Regular,2025-01-18
C00274,Ivan Kuznetsova,Yekaterinburg,New,2024-02-10
C00275,Maria Kuznetsov,Kazan,Regular,2024-06-19
C00276,Roman Kuznetsov,,New,2024-01-30
C00277,Sofia Smirnov,Saint Petersburg,Regular,2025-09-17
C00278,Anna Sokolov,Novosibirsk,Regular,2024-06-14
C00279,Artem Kuznetsova,Perm,New,2024-09-05
C00280,Roman Kuznetsov,Perm,New,2025-09-07
C00281,Kirill Volkova,Moscow,New,2025-06-04
C00282,Roman Sokolova,Moscow,New,2025-03-29
C00283,Alex Morozov,Moscow,Regular,2024-01-29
C00284,Kirill Sokolov,Moscow,New,2025-02-14
C00285,Alex Smirnov,Yekaterinburg,New,2025-02-13
C00286,Daria Smirnova,Saint Petersburg,Regular,2024-08-20
C00287,Alex Popov,Moscow,Regular,2025-06-27
C00288,Daria Popov,Saint Petersburg,Regular,2025-11-09
C00289,Maxim Smirnov,Novosibirsk,VIP,2024-07-08
C00290,Anna Morozov,Moscow,New,2024-08-29
C00291,Pavel Sokolova,Perm,Regular,2024-08-23
C00292,Artem Popova,Moscow,New,2025-09-01
C00293,Nikita Ivanov,Ufa,Regular,2024-02-26
C00294,Pavel Ivanov,Moscow,VIP,2025-10-16
C00295,Alex Ivanova,Perm,Regular,2025-07-19
C00296,Alina Smirnova,Ufa,Regular,2024-12-18
C00297,Daria Sokolov,Samara,Regular,2025-03-01
C00298,Artem Morozova,Omsk,New,2025-10-14
C00299,Artem Morozov,Tomsk,Regular,2025-07-15
C00300,Kirill Ivanova,Yekaterinburg,Regular,2024-07-21
C00301,Sofia Petrov,Tomsk,VIP,2024-02-06
C00302,Daria Volkov,Moscow,Regular,2025-04-25
C00303,Daria Petrov,Novosibirsk,New,2024-04-16
C00304,Nikita Morozov,Novosibirsk,Regular,2024-03-05
C00305,Nikita Sokolov,Perm,New,2025-12-18
C00306,Pavel Kuznetsov,Saint Petersburg,New,2024-12-11
C00307,Kirill Ivanov,Saint Petersburg,New,2025-04-20
C00308,Ivan Ivanov,Yekaterinburg,Regular,2024-06-07
C00309,Daria Kuznetsova,Moscow,New,2024-03-15
C00310,Alina Smirnov,Moscow,New,2024-02-15
C00311,Elena Sokolova,Saint Petersburg,New,2024-09-15
C00312,Alina Popova,Saint Petersburg,Regular,2024-01-03
C00313,Artem Ivanov,Moscow,Regular,2024-11-02
C00314,Ivan Kuznetsova,Saint Petersburg,New,2024-08-25
C00315,Alina Petrov,Saint Petersburg,New,2025-01-19
C00316,Daria Kuznetsov,Saint Petersburg,Regular,2025-03-06
C00317,Irina Petrov,Saint Petersburg,New,2024-08-13
C00318,Anna Volkova,Kazan,Regular,2024-11-28
C00319,Alex Petrova,Moscow,New,2024-02-27
C00320,Maria Petrov,Samara,VIP,2024-08-08
C00321,Olga Morozov,Ufa,New,2025-12-15
C00322,Elena Ivanova,Novosibirsk,Regular,2025-12-24
C00323,Ivan Morozov,Saint Petersburg,New,2024-12-20
C00324,Artem Popov,Novosibirsk,VIP,2025-11-16
C00325,Pavel Sokolova,Perm,VIP,2024-12-31
C00326,Maria Ivanov,Kazan,Regular,2024-04-01
C00327,Artem Kuznetsova,Omsk,New,2025-09-25
C00328,Sofia Volkov,Novosibirsk,New,2024-10-30
C00329,Artem Smirnova,Yekaterinburg,Regular,2025-03-23
C00330,Maria Volkova,Moscow,Regular,2025-04-18
C00331,Olga Petrov,Tomsk,New,2024-08-12
C00332,Sofia Morozova,Moscow,New,2025-06-19
C00333,Elena Sokolov,Kazan,New,2024-12-31
C00334,Daria Volkov,Perm,Regular,2024-09-24
C00335,Kirill Popov,Moscow,Regular,2024-08-05
C00336,Ivan Sokolov,Yekaterinburg,Regular,2025-06-28
C00337,Ivan Petrova,Moscow,Regular,2024-07-01
C00338,Elena Popova,Kazan,New,2024-03-31
C00339,Alina Ivanov,Moscow,New,2025-10-05
C00340,Sofia Sokolova,Ufa,New,2024-08-30
C00341,Daria Sokolova,Moscow,Regular,2025-04-12
C00342,Sofia Sokolova,Samara,New,2025-06-06
C00343,Anna Sokolov,Omsk,New,2025-09-03
C00344,Kirill Morozov,Yekaterinburg,New,2025-04-01
C00345,Ivan Petrova,Omsk,New,2025-05-31
C00346,Daria Petrov,,Regular,2025-09-03
C00347,Ivan Popov,Samara,New,2025-11-19
C00348,Sofia Morozova,Moscow,New,2024-02-04
C00349,Alex Popova,Yekaterinburg,Regular,2025-06-26
C00350,Roman Kuznetsova,Moscow,New,2024-05-07
C00351,Daria Volkova,Yekaterinburg,New,2025-10-12
C00352,Alex Volkova,Moscow,New,2024-02-05
C00353,Sofia Petrova,Novosibirsk,Regular,2024-06-29
C00354,Irina Petrov,Yekaterinburg,New,2024-05-20
C00355,Ivan Popov,Saint Petersburg,Regular,2025-03-16
C00356,Elena Popov,Novosibirsk,VIP,2024-01-04
C00357,Ivan Volkov,Tomsk,Regular,2024-01-13
C00358,Alex Morozov,Omsk,New,2025-01-03
C00359,Kirill Smirnova,Novosibirsk,Regular,2025-12-10
C00360,Maria Sokolov,Yekaterinburg,New,2025-01-20
C00361,Pavel Ivanov,Ufa,New,2024-11-21
C00362,Anna Smirnova,Moscow,Regular,2025-04-25
C00363,Daria Ivanova,Moscow,New,2025-02-06
C00364,Alex Petrova,Moscow,New,2024-10-07
C00365,Irina Morozov,Kazan,New,2025-03-05
C00366,Kirill Ivanov,Saint Petersburg,New,2024-01-03
C00367,Irina Sokolov,Tomsk,New,2024-06-27
C00368,Artem Smirnova,Kazan,Regular,2025-05-06
C00369,Artem Kuznetsov,Saint Petersburg,VIP,2024-09-06
C00370,Roman Smirnov,Ufa,New,2024-02-09
C00371,Pavel Kuznetsova,Tomsk,Regular,2024-03-31
C00372,Irina Smirnov,Moscow,New,2025-09-24
C00373,Roman Morozov,Saint Petersburg,New,2024-08-28
C00374,Ivan Volkov,Saint Petersburg,New,2024-01-17
C00375,Maria Popov,Moscow,New,2025-06-16
C00376,Sofia Smirnov,Moscow,New,2025-01-22
C00377,Alex Smirnov,Ufa,New,2024-11-25
C00378,Elena Volkov,Saint Petersburg,New,2025-10-15
C00379,Anna Popov,Saint Petersburg,Regular,2024-08-17
C00380,Roman Petrova,Kazan,New,2025-02-21
C00381,Alina Kuznetsov,Novosibirsk,New,2025-06-27
C00382,Artem Popov,Ufa,New,2025-03-20
C00383,Maria Popova,Omsk,Regular,2024-05-31
C00384,Alex Volkova,Saint Petersburg,New,2025-05-12
C00385,Ivan Popov,Saint Petersburg,Regular,2025-06-26
C00386,Artem Kuznetsova,Samara,New,2024-03-30
C00387,Anna Morozova,Kazan,New,2024-04-30
C00388,Irina Petrov,Samara,VIP,2025-05-07
C00389,Anna Sokolov,Moscow,New,2024-03-27
C00390,Sofia Morozova,Perm,New,2025-10-04
C00391,Elena Popov,Yekaterinburg,New,2024-03-20
C00392,Elena Volkova,Moscow,VIP,2025-12-12
C00393,Artem Petrov,Yekaterinburg,Regular,2025-05-05
C00394,Alex Sokolov,Kazan,Regular,2024-11-19
C00395,Artem Morozov,Moscow,VIP,2024-07-14
C00396,Daria Popov,Saint Petersburg,New,2024-09-08
C00397,Olga Volkov,Omsk,VIP,2025-06-30
C00398,Alina Volkova,Moscow,New,2025-07-03
C00399,Sofia Ivanov,Saint Petersburg,Regular,2024-06-01
C00400,Roman Smirnov,Saint Petersburg,New,2025-01-31
C00401,Alex Ivanova,Saint Petersburg,New,2025-12-25
C00402,Ivan Petrov,Ufa,VIP,2024-07-06
C00403,Artem Volkova,Omsk,New,2025-05-21
C00404,Kirill Morozov,Moscow,VIP,2024-05-05
C00405,Nikita Smirnov,Samara,New,2025-08-31
C00406,Maxim Popov,Perm,Regular,2024-05-04
C00407,Pavel Popova,Moscow,VIP,2024-08-05
C00408,Daria Volkov,Perm,New,2024-12-01
C00409,Daria Sokolov,Moscow,VIP,2024-09-27
C00410,Maria Smirnov,Samara,Regular,2024-05-04
C00411,Artem Volkov,Kazan,Regular,2025-04-12
C00412,Maxim Volkova,Kazan,New,2024-01-15
C00413,Artem Petrova,Moscow,Regular,2025-12-18
C00414,Olga Smirnov,Ufa,Regular,2024-02-08
C00415,Elena Popov,Moscow,New,2024-08-31
C00416,Elena Popov,Moscow,New,2025-11-09
C00417,Anna Volkova,Moscow,New,2024-04-23
C00418,Roman Volkova,Tomsk,Regular,2024-02-23
C00419,Sofia Morozov,Moscow,New,2025-06-27
C00420,Alex Smirnov,Ufa,Regular,2024-02-23
C00421,Maxim Smirnova,Kazan,VIP,2025-10-18
C00422,Pavel Volkov,Moscow,New,2024-11-25
C00423,Pavel Morozov,Moscow,New,2025-09-26
C00424,Maria Smirnova,Moscow,Regular,2024-06-27
C00425,Daria Petrov,Yekaterinburg,New,2024-04-13
C00426,Daria Smirnova,Omsk,Regular,2025-12-03
C00427,Roman Kuznetsova,Moscow,Regular,2025-07-10
C00428,Elena Popov,Perm,Regular,2025-10-27
C00429,Irina Petrov,Moscow,New,2024-08-21
C00430,Anna Petrova,Omsk,Regular,2024-10-22
C00431,Pavel Petrova,Ufa,Regular,2025-02-25
C00432,Ivan Kuznetsov,Tomsk,New,2024-11-23
C00433,Nikita Sokolov,,Regular,2024-06-26
C00434,Olga Morozova,Perm,Regular,2024-09-30
C00435,Roman Sokolova,Moscow,Regular,2025-03-20
C00436,Irina Sokolova,Moscow,New,2024-01-28
C00437,Sofia Volkov,Moscow,New,2024-09-02
C00438,Daria Morozov,Novosibirsk,New,2024-08-01
C00439,Olga Morozova,Tomsk,New,2024-02-21
C00440,Kirill Ivanov,Yekaterinburg,New,2024-03-30
C00441,Kirill Ivanov,Perm,VIP,2024-12-27
C00442,Anna Popov,Moscow,New,2024-03-15
C00443,Ivan Sokolova,Tomsk,Regular,2024-09-08
C00444,Sofia Popov,Moscow,New,2025-02-13
C00445,Nikita Petrov,Moscow,New,2025-09-29
C00446,Roman Ivanov,Kazan,New,2024-03-13
C00447,Kirill Petrov,Samara,New,2024-11-13
C00448,Alina Volkov,Yekaterinburg,Regular,2024-03-16
C00449,Artem Kuznetsova,Moscow,VIP,2024-11-08
C00450,Daria Volkov,Yekaterinburg,Regular,2024-12-16
C00451,Nikita Petrov,Moscow,New,2025-08-06
C00452,Ivan Ivanova,Ufa,Regular,2024-11-18
C00453,Maxim Ivanov,Kazan,New,2025-11-13
C00454,Anna Petrova,Moscow,VIP,2024-04-10
C00455,Artem Petrov,Moscow,Regular,2024-02-08
C00456,Daria Kuznetsov,Moscow,New,2024-01-04
C00457,Daria Popova,,New,2024-09-17
C00458,Alex Volkova,Saint Petersburg,New,2024-05-20
C00459,Elena Petrova,Omsk,New,2024-03-07
C00460,Ivan Popov,Yekaterinburg,VIP,2024-06-21
C00461,Maria Kuznetsov,Yekaterinburg,Regular,2025-12-12
C00462,Olga Smirnova,Moscow,VIP,2025-08-07
C00463,Ivan Smirnov,Samara,New,2024-01-14
C00464,Roman Sokolova,Saint Petersburg,Regular,2025-10-30
C00465,Alina Volkova,Yekaterinburg,New,2024-05-29
C00466,Nikita Ivanov,Kazan,Regular,2024-10-23
C00467,Irina Ivanov,Yekaterinburg,New,2024-08-27
C00468,Artem Petrov,Samara,New,2024-10-22
C00469,Pavel Kuznetsova,Moscow,Regular,2025-07-09
C00470,Kirill Smirnova,Novosibirsk,New,2025-06-04
C00471,Olga Morozova,Saint Petersburg,New,2025-03-09
C00472,Maxim Kuznetsov,Saint Petersburg,Regular,2025-04-02
C00473,Sofia Volkov,Moscow,New,2025-06-15
C00474,Anna Ivanov,Moscow,VIP,2024-05-14
C00475,Elena Popov,Moscow,Regular,2024-10-15
C00476,Nikita Ivanov,Saint Petersburg,Regular,2024-03-19
C00477,Maxim Kuznetsov,Saint Petersburg,Regular,2025-05-29
C00478,Elena Morozova,Yekaterinburg,Regular,2024-11-15
C00479,Artem Ivanova,Yekaterinburg,Regular,2025-04-10
C00480,Pavel Morozova,Saint Petersburg,Regular,2025-02-16
C00481,Sofia Popov,Saint Petersburg,Regular,2024-07-18
C00482,Ivan Sokolov,Moscow,New,2024-04-11
C00483,Elena Volkova,Yekaterinburg,New,2025-12-11
C00484,Maria Petrova,Saint Petersburg,Regular,2024-08-02
C00485,Ivan Morozov,Moscow,New,2024-03-20
C00486,Elena Kuznetsova,Saint Petersburg,New,2024-08-11
C00487,Daria Volkova,Saint Petersburg,New,2025-10-20
C00488,Maxim Popov,Moscow,Regular,2024-07-09
C00489,Nikita Sokolov,Yekaterinburg,New,2025-12-21
C00490,Olga Sokolov,Novosibirsk,Regular,2024-12-02
C00491,Elena Morozov,Kazan,Regular,2025-09-21
C00492,Roman Ivanov,Yekaterinburg,Regular,2025-04-21
C00493,Maria Kuznetsov,Kazan,New,2024-02-02
C00494,Alina Popov,Saint Petersburg,Regular,2025-01-06
C00495,Kirill Morozova,Omsk,Regular,2024-10-31
C00496,Nikita Kuznetsova,Novosibirsk,New,2024-05-27
C00497,Nikita Kuznetsov,Saint Petersburg,Regular,2025-02-05
C00498,Maria Volkov,Yekaterinburg,New,2024-03-16
C00499,Alex Popova,Saint Petersburg,VIP,2025-05-24
C00500,Elena Popov,Novosibirsk,New,2025-08-22
C00501,Sofia Popova,Tomsk,Regular,2024-03-08
C00502,Anna Petrova,Ufa,Regular,2024-12-15
C00503,Pavel Morozova,Ufa,New,2025-04-23
C00504,Olga Popova,Novosibirsk,Regular,2024-02-15
C00505,Sofia Popova,Novosibirsk,New,2024-10-11
C00506,Alina Morozova,Omsk,Regular,2024-07-07
C00507,Pavel Volkova,Saint Petersburg,Regular,2024-01-29
C00508,Anna Ivanov,,New,2025-08-09
C00509,Olga Volkova,Novosibirsk,New,2024-11-20
C00510,Alex Sokolova,Moscow,Regular,2025-07-02
C00511,Elena Ivanova,Moscow,New,2025-03-04
C00512,Olga Ivanova,Perm,Regular,2025-10-01
C00513,Nikita Morozova,Moscow,Regular,2025-12-28
C00514,Pavel Ivanova,Moscow,Regular,2025-03-15
C00515,Irina Ivanov,Saint Petersburg,New,2024-09-14
C00516,Maria Volkova,Moscow,Regular,2024-11-04
C00517,Roman Kuznetsova,Saint Petersburg,VIP,2025-08-25
C00518,Sofia Morozov,Tomsk,New,2024-11-07
C00519,Kirill Kuznetsov,Moscow,New,2025-01-14
C00520,Elena Popov,Omsk,New,2024-05-21
C00521,Daria Petrova,Perm,New,2025-12-23
C00522,Ivan Popov,Saint Petersburg,Regular,2025-04-20
C00523,Anna Petrova,Moscow,New,2024-08-29
C00524,Artem Volkov,Yekaterinburg,Regular,2025-03-03
C00525,Roman Kuznetsova,Moscow,New,2024-10-19
C00526,Artem Popov,Saint Petersburg,New,2024-04-23
C00527,Sofia Smirnova,Samara,New,2025-09-30
C00528,Pavel Volkova,Samara,Regular,2025-10-08
C00529,Sofia Volkova,Tomsk,Regular,2025-09-01
C00530,Alex Smirnov,Saint Petersburg,New,2024-09-25
C00531,Maxim Petrov,Kazan,Regular,2024-07-06
C00532,Kirill Sokolov,Kazan,New,2024-02-06
C00533,Elena Kuznetsova,Saint Petersburg,New,2025-06-18
C00534,Alina Sokolov,Yekaterinburg,New,2024-08-27
C00535,Kirill Morozova,Moscow,VIP,2025-10-13
C00536,Roman Smirnov,Moscow,Regular,2025-09-26
C00537,Kirill Volkov,Novosibirsk,Regular,2024-04-03
C00538,Roman Kuznetsova,Moscow,New,2025-10-31
C00539,Pavel Sokolov,Moscow,New,2024-04-12
C00540,Pavel Ivanov,Perm,Regular,2024-12-23
C00541,Nikita Volkova,Samara,New,2024-12-11
C00542,Artem Smirnova,Novosibirsk,VIP,2025-11-29
C00543,Sofia Smirnova,Perm,Regular,2025-04-24
C00544,Sofia Sokolov,Samara,New,2025-09-30
C00545,Elena Kuznetsov,Moscow,Regular,2025-03-10
C00546,Olga Petrova,Saint Petersburg,VIP,2025-08-25
C00547,Pavel Kuznetsova,Saint Petersburg,New,2025-09-14
C00548,Roman Kuznetsov,Moscow,Regular,2025-09-19
C00549,Roman Petrova,Tomsk,VIP,2024-10-27
C00550,Ivan Petrov,Saint Petersburg,New,2024-10-05
C00551,Nikita Kuznetsova,Saint Petersburg,Regular,2025-12-19
C00552,Alina Volkova,Moscow,New,2025-07-06
C00553,Artem Morozova,Moscow,Regular,2025-10-31
C00554,Elena Kuznetsov,Ufa,Regular,2025-02-25
C00555,Nikita Kuznetsova,Moscow,Regular,2025-11-09
C00556,Alex Morozova,Moscow,Regular,2025-06-09
C00557,Roman Ivanova,Moscow,Regular,2025-06-26
C00558,Alex Ivanova,Novosibirsk,New,2024-05-09
C00559,Irina Ivanov,Yekaterinburg,New,2025-02-17
C00560,Ivan Smirnov,Novosibirsk,New,2025-06-17
C00561,Nikita Ivanova,Moscow,Regular,2025-07-09
C00562,Irina Volkova,Moscow,New,2025-11-30
C00563,Maxim Smirnova,Perm,New,2024-08-26
C00564,Olga Ivanova,Yekaterinburg,Regular,2024-08-08
C00565,Sofia Popova,Yekaterinburg,New,2025-12-08
C00566,Maxim Sokolov,Kazan,New,2025-12-20
C00567,Kirill Smirnov,Tomsk,New,2024-05-11
C00568,Irina Kuznetsov,Moscow,New,2024-10-03
C00569,Ivan Smirnov,Saint Petersburg,Regular,2025-11-23
C00570,Sofia Petrova,Novosibirsk,New,2024-05-25
C00571,Olga Sokolova,Saint Petersburg,New,2025-07-25
C00572,Maria Smirnova,Perm,VIP,2024-03-22
C00573,Alex Popov,Novosibirsk,Regular,2024-05-10
C00574,Roman Morozov,Tomsk,Regular,2025-07-27
C00575,Kirill Sokolov,Perm,Regular,2025-03-19
C00576,Alex Popova,Novosibirsk,VIP,2025-02-09
C00577,Elena Kuznetsov,Ufa,New,2025-09-17
C00578,Roman Kuznetsova,Yekaterinburg,Regular,2024-08-12
C00579,Ivan Morozov,Perm,Regular,2025-01-02
C00580,Ivan Petrova,Saint Petersburg,New,2025-03-20
C00581,Daria Volkov,Novosibirsk,New,2025-06-24
C00582,Maria Ivanova,Novosibirsk,New,2024-08-30
C00583,Alina Petrov,Moscow,Regular,2025-04-07
C00584,Alina Volkova,Saint Petersburg,Regular,2024-11-23
C00585,Alex Petrov,Ufa,Regular,2025-01-30
C00586,Pavel Kuznetsova,Yekaterinburg,New,2025-09-21
C00587,Anna Morozov,Moscow,New,2024-10-14
C00588,Roman Sokolova,Saint Petersburg,New,2025-05-02
C00589,Olga Volkov,Moscow,Regular,2025-11-18
C00590,Daria Kuznetsov,Moscow,VIP,2025-07-10
C00591,Sofia Volkov,Ufa,Regular,2025-12-22
C00592,Maria Sokolov,Saint Petersburg,VIP,2025-03-01
C00593,Anna Popov,Saint Petersburg,Regular,2024-07-24
C00594,Sofia Smirnov,Yekaterinburg,VIP,2025-12-24
C00595,Roman Volkov,Moscow,New,2025-04-15
C00596,Roman Petrov,Moscow,New,2024-06-25
C00597,Elena Volkov,Kazan,New,2024-08-19
C00598,Anna Smirnov,Yekaterinburg,New,2024-07-10
C00599,Irina Popov,Samara,New,2025-08-31
C00600,Nikita Smirnova,Yekaterinburg,New,2024-03-08
C00601,Roman Kuznetsova,Saint Petersburg,VIP,2025-06-24
C00602,Daria Sokolov,Tomsk,New,2025-02-08
C00603,Maxim Smirnova,Ufa,VIP,2024-02-23
C00604,Maxim Petrov,Kazan,Regular,2025-03-23
C00605,Pavel Morozova,Samara,Regular,2025-07-03
C00606,Pavel Sokolova,Omsk,Regular,2025-06-13
C00607,Sofia Kuznetsova,Perm,New,2025-01-20
C00608,Alina Kuznetsov,Moscow,Regular,2024-09-01
C00609,Nikita Volkova,Tomsk,New,2024-04-29
C00610,Daria Kuznetsova,Saint Petersburg,VIP,2024-01-09
C00611,Olga Ivanov,Novosibirsk,New,2024-09-19
C00612,Alina Sokolova,Kazan,New,2025-04-06
C00613,Olga Smirnova,,Regular,2024-01-28
C00614,Irina Morozov,Samara,Regular,2025-12-30
C00615,Kirill Popov,Moscow,New,2025-03-03
C00616,Pavel Smirnov,Tomsk,Regular,2024-08-03
C00617,Olga Popov,Tomsk,New,2025-12-03
C00618,Sofia Morozov,Saint Petersburg,Regular,2024-05-14
C00619,Kirill Petrov,Moscow,New,2025-11-30
C00620,Alex Petrova,Moscow,New,2024-07-24
C00621,Nikita Smirnova,Tomsk,New,2024-10-04
C00622,Ivan Popov,Novosibirsk,New,2024-11-06
C00623,Kirill Petrova,Samara,New,2025-12-27
C00624,Maria Kuznetsov,Saint Petersburg,New,2024-07-02
C00625,Ivan Smirnova,Samara,New,2025-12-11
C00626,Sofia Volkov,Saint Petersburg,New,2024-09-10
C00627,Kirill Petrova,Omsk,Regular,2024-07-27
C00628,Kirill Popova,Moscow,New,2025-04-10
C00629,Pavel Morozov,Novosibirsk,Regular,2025-05-21
C00630,Olga Petrova,Omsk,VIP,2024-09-08
C00631,Kirill Kuznetsova,Ufa,New,2024-04-07
C00632,Pavel Smirnova,Omsk,VIP,2024-10-16
C00633,Irina Petrova,Moscow,New,2025-01-29
C00634,Daria Popov,Saint Petersburg,New,2024-01-30
C00635,Kirill Sokolova,Moscow,Regular,2024-02-27
C00636,Nikita Kuznetsov,Moscow,Regular,2025-11-01
C00637,Ivan Volkov,Kazan,Regular,2024-01-27
C00638,Roman Smirnov,Kazan,New,2024-10-24
C00639,Maria Smirnov,Tomsk,Regular,2025-07-11
C00640,Sofia Smirnov,Perm,New,2024-08-27
C00641,Elena Volkov,Tomsk,New,2024-12-27
C00642,Ivan Ivanov,Omsk,New,2024-03-04
C00643,Olga Smirnov,Moscow,VIP,2025-08-02
C00644,Sofia Volkova,Moscow,New,2025-04-07
C00645,Nikita Petrov,Yekaterinburg,Regular,2025-09-13
C00646,Maxim Volkova,Perm,Regular,2025-09-22
C00647,Sofia Petrov,Moscow,Regular,2024-09-13
C00648,Maxim Smirnov,Novosibirsk,Regular,2024-01-31
C00649,Olga Smirnova,Kazan,Regular,2024-09-09
C00650,Roman Kuznetsov,Moscow,New,2024-04-16
C00651,Anna Kuznetsov,Saint Petersburg,New,2025-01-24
C00652,Ivan Sokolova,Ufa,Regular,2024-04-16
C00653,Alina Smirnov,Kazan,New,2025-11-03
C00654,Artem Popova,Moscow,New,2025-03-15
C00655,Daria Volkova,Perm,New,2024-07-03
C00656,Olga Smirnova,Saint Petersburg,New,2025-11-03
C00657,Ivan Kuznetsova,Perm,New,2025-07-15
C00658,Maria Smirnov,Moscow,New,2024-11-15
C00659,Olga Volkov,Yekaterinburg,VIP,2024-04-16
C00660,Olga Sokolova,Saint Petersburg,New,2024-09-07
C00661,Irina Sokolova,Moscow,VIP,2025-03-02
C00662,Kirill Petrova,Ufa,VIP,2025-07-13
C00663,Roman Kuznetsov,Moscow,New,2024-07-10
C00664,Daria Popov,Moscow,Regular,2025-06-26
C00665,Ivan Popov,Saint Petersburg,Regular,2024-07-25
C00666,Daria Morozova,Kazan,Regular,2024-06-29
C00667,Ivan Morozov,Omsk,New,2024-11-22
C00668,Alina Kuznetsov,Samara,New,2024-04-27
C00669,Kirill Popov,Moscow,New,2024-10-22
C00670,Ivan Volkov,Saint Petersburg,Regular,2024-09-18
C00671,Roman Sokolova,Moscow,VIP,2024-07-23
C00672,Alina Volkova,Yekaterinburg,Regular,2025-07-20
C00673,Alex Petrova,Samara,Regular,2024-08-30
C00674,Artem Kuznetsov,Kazan,VIP,2025-05-22
C00675,Elena Kuznetsova,Yekaterinburg,Regular,2025-06-09
C00676,Ivan Smirnova,Saint Petersburg,New,2025-05-01
C00677,Irina Ivanov,Ufa,Regular,2024-07-15
C00678,Kirill Volkova,Novosibirsk,New,2025-08-28
C00679,Roman Smirnova,Moscow,New,2024-06-21
C00680,Daria Popov,Saint Petersburg,Regular,2024-07-21
C00681,Nikita Ivanova,Moscow,VIP,2025-09-30
C00682,Roman Petrova,Moscow,New,2024-09-04
C00683,Maxim Kuznetsov,Moscow,Regular,2025-05-23
C00684,Daria Volkov,Saint Petersburg,New,2024-01-31
C00685,Sofia Kuznetsov,Yekaterinburg,New,2025-03-24
C00686,Daria Ivanova,Saint Petersburg,New,2025-09-26
C00687,Pavel Kuznetsova,Saint Petersburg,Regular,2025-06-01
C00688,Pavel Volkova,Samara,Regular,2025-03-01
C00689,Olga Petrova,Tomsk,New,2025-09-11
C00690,Ivan Morozov,Novosibirsk,New,2024-08-05
C00691,Olga Morozov,Moscow,New,2024-10-02
C00692,Kirill Ivanova,Ufa,New,2024-02-20
C00693,Sofia Ivanova,Moscow,Regular,2025-05-24
C00694,Alex Popova,Saint Petersburg,Regular,2025-06-12
C00695,Olga Sokolov,Ufa,Regular,2025-07-02
C00696,Elena Petrov,Novosibirsk,New,2025-06-30
C00697,Daria Petrov,Tomsk,Regular,2024-04-02
C00698,Elena Petrova,Yekaterinburg,New,2025-05-01
C00699,Daria Sokolov,Kazan,New,2025-07-11
C00700,Kirill Smirnova,Moscow,VIP,2024-05-28
C00701,Elena Morozov,Moscow,Regular,2024-12-13
C00702,Anna Morozova,Saint Petersburg,VIP,2025-10-28
C00703,Olga Petrov,Moscow,VIP,2024-10-29
C00704,Roman Ivanova,Perm,Regular,2025-07-03
C00705,Nikita Morozova,Moscow,VIP,2025-01-22
C00706,Roman Sokolova,Novosibirsk,New,2025-04-25
C00707,Sofia Kuznetsov,Omsk,New,2025-04-02
C00708,Sofia Ivanova,Omsk,New,2025-04-20
C00709,Maxim Morozov,Saint Petersburg,New,2025-07-22
C00710,Maria Volkov,Saint Petersburg,New,2025-10-22
C00711,Nikita Ivanov,Samara,New,2024-08-03
C00712,Anna Kuznetsov,Kazan,Regular,2025-11-08
C00713,Sofia Kuznetsov,Omsk,Regular,2025-04-03
C00714,Daria Kuznetsova,Ufa,Regular,2025-03-10
C00715,Pavel Volkova,Omsk,New,2024-08-27
C00716,Maria Kuznetsov,Moscow,Regular,2024-10-31
C00717,Pavel Sokolova,Novosibirsk,New,2025-04-20
C00718,Kirill Morozov,Moscow,New,2024-09-22
C00719,Irina Volkova,Kazan,New,2024-07-28
C00720,Sofia Popov,Samara,New,2025-08-20
C00721,Maria Petrov,Novosibirsk,New,2024-10-30
C00722,Alina Petrova,Saint Petersburg,Regular,2025-04-15
C00723,Alina Petrova,Moscow,Regular,2024-01-23
C00724,Pavel Petrov,Samara,Regular,2024-02-26
C00725,Maxim Morozov,Moscow,New,2025-09-11
C00726,Alex Petrova,Moscow,Regular,2024-04-13
C00727,Alina Petrov,Moscow,Regular,2025-08-03
C00728,Nikita Petrova,Moscow,New,2025-10-19
C00729,Pavel Ivanov,Saint Petersburg,Regular,2024-12-17
C00730,Elena Kuznetsov,Novosibirsk,Regular,2025-10-07
C00731,Roman Volkov,Saint Petersburg,New,2024-11-07
C00732,Kirill Volkov,Moscow,New,2025-11-25
C00733,Pavel Sokolova,,Regular,2024-06-22
C00734,Artem Morozov,Saint Petersburg,New,2024-11-08
C00735,Nikita Ivanov,Moscow,New,2024-10-10
C00736,Sofia Sokolov,Kazan,New,2025-07-26
C00737,Sofia Sokolov,Moscow,VIP,2024-02-01
C00738,Irina Petrov,Saint Petersburg,New,2025-08-27
C00739,Pavel Kuznetsova,Saint Petersburg,New,2024-01-18
C00740,Sofia Smirnov,Saint Petersburg,New,2024-08-18
C00741,Ivan Petrov,Moscow,Regular,2025-03-11
C00742,Kirill Sokolov,Moscow,Regular,2024-04-16
C00743,Irina Popov,Perm,VIP,2024-12-23
C00744,Nikita Popov,Moscow,New,2025-12-28
C00745,Maria Kuznetsov,Novosibirsk,New,2025-08-23
C00746,Roman Ivanov,Novosibirsk,Regular,2024-01-23
C00747,Maria Smirnova,Saint Petersburg,New,2025-03-07
C00748,Maxim Kuznetsov,Saint Petersburg,Regular,2025-03-12
C00749,Irina Ivanova,Omsk,Regular,2024-02-19
C00750,Olga Popov,Perm,New,2025-04-19
C00751,Maria Volkova,Moscow,VIP,2025-01-15
C00752,Sofia Morozova,Saint Petersburg,Regular,2025-05-12
C00753,Nikita Kuznetsov,Moscow,New,2024-08-05
C00754,Maxim Petrova,Saint Petersburg,Regular,2024-07-05
C00755,Olga Popov,Kazan,New,2025-06-21
C00756,Nikita Kuznetsov,Moscow,Regular,2025-06-10
C00757,Kirill Smirnova,Saint Petersburg,New,2024-04-28
C00758,Olga Kuznetsov,Ufa,New,2024-06-06
C00759,Maxim Smirnov,Moscow,Regular,2025-03-04
C00760,Alex Morozova,Saint Petersburg,New,2025-08-28
C00761,Elena Ivanova,Kazan,New,2024-05-27
C00762,Irina Morozov,Moscow,Regular,2024-06-08
C00763,Maxim Kuznetsova,Moscow,New,2025-08-12
C00764,Alex Ivanov,Moscow,New,2025-05-23
C00765,Kirill Popova,Ufa,New,2025-10-20
C00766,Ivan Morozov,Moscow,New,2025-07-25
C00767,Alina Kuznetsova,Moscow,New,2025-11-26
C00768,Olga Smirnova,Moscow,Regular,2024-05-17
C00769,Kirill Sokolova,Moscow,VIP,2024-07-17
C00770,Kirill Smirnova,Yekaterinburg,New,2024-06-22
C00771,Pavel Kuznetsov,Moscow,VIP,2024-02-10
C00772,Sofia Petrov,Novosibirsk,Regular,2025-07-22
C00773,Ivan Sokolova,Yekaterinburg,Regular,2025-04-28
C00774,Irina Kuznetsov,Perm,Regular,2024-03-03
C00775,Daria Kuznetsova,Moscow,Regular,2024-05-24
C00776,Alina Volkova,Perm,Regular,2024-05-19
C00777,Daria Morozov,Yekaterinburg,Regular,2024-10-21
C00778,Anna Kuznetsov,Moscow,Regular,2024-11-28
C00779,Nikita Popov,,New,2024-07-29
C00780,Olga Smirnova,Perm,New,2025-11-10
C00781,Sofia Petrov,Moscow,Regular,2024-06-04
C00782,Maxim Morozov,Ufa,New,2025-02-14
C00783,Roman Sokolov,Saint Petersburg,New,2024-11-15
C00784,Sofia Volkova,Yekaterinburg,New,2024-10-10
C00785,Pavel Smirnova,Samara,New,2025-08-25
C00786,Kirill Popov,Saint Petersburg,Regular,2025-12-15
C00787,Nikita Volkova,Omsk,Regular,2024-01-05
C00788,Irina Volkova,Saint Petersburg,New,2024-12-04
C00789,Roman Petrova,Omsk,New,2024-03-27
C00790,Elena Volkova,Yekaterinburg,New,2024-11-12
C00791,Ivan Sokolova,Moscow,New,2025-03-26
C00792,Irina Smirnov,Saint Petersburg,Regular,2024-10-27
C00793,Daria Kuznetsov,Saint Petersburg,Regular,2024-08-13
C00794,Ivan Smirnova,Moscow,Regular,2024-08-15
C00795,Alex Popova,Moscow,Regular,2024-08-06
C00796,Alex Volkova,Saint Petersburg,VIP,2024-08-25
C00797,Ivan Smirnova,Moscow,Regular,2024-09-30
C00798,Irina Volkova,Moscow,Regular,2025-05-17
C00799,Irina Smirnov,Kazan,New,2024-03-11
C00800,Maria Ivanova,Kazan,New,2024-01-30
C00801,Sofia Petrova,Tomsk,VIP,2025-01-12
C00802,Alex Popova,Saint Petersburg,New,2025-05-12
C00803,Roman Ivanova,Ufa,New,2024-07-07
C00804,Artem Petrov,Yekaterinburg,VIP,2024-05-26
C00805,Ivan Morozov,Moscow,Regular,2025-04-01
C00806,Daria Volkov,Moscow,New,2024-10-07
C00807,Ivan Popov,Kazan,New,2025-06-21
C00808,Sofia Petrova,Moscow,New,2024-04-16
C00809,Irina Popov,Novosibirsk,Regular,2024-03-29
C00810,Roman Morozov,Samara,New,2025-02-07
C00811,Kirill Popova,Moscow,VIP,2024-10-13
C00812,Pavel Volkova,Moscow,VIP,2025-06-16
C00813,Pavel Smirnov,Samara,Regular,2025-01-04
C00814,Nikita Volkov,Yekaterinburg,Regular,2024-09-15
C00815,Olga Kuznetsov,Moscow,New,2024-04-26
C00816,Elena Smirnov,Ufa,New,2024-04-29
C00817,Daria Popov,Ufa,Regular,2025-07-05
C00818,Elena Ivanov,Novosibirsk,New,2024-06-14
C00819,Kirill Morozova,Yekaterinburg,New,2025-01-01
C00820,Olga Kuznetsova,Moscow,New,2025-08-20
C00821,Maria Petrov,Moscow,New,2025-10-17
C00822,Maxim Sokolov,Yekaterinburg,New,2024-07-14
C00823,Daria Sokolova,Moscow,Regular,2024-03-21
C00824,Pavel Smirnov,Kazan,Regular,2025-07-19
C00825,Alina Sokolova,Perm,Regular,2025-05-16
C00826,Artem Popov,Moscow,Regular,2024-08-29
C00827,Artem Petrov,Yekaterinburg,New,2025-03-09
C00828,Artem Ivanova,Moscow,Regular,2024-05-17
C00829,Sofia Volkov,Perm,Regular,2025-05-26
C00830,Kirill Morozova,Moscow,New,2025-06-14
C00831,Alina Kuznetsov,Yekaterinburg,VIP,2024-08-06
C00832,Maria Petrova,Novosibirsk,New,2024-12-08
C00833,Ivan Morozov,Saint Petersburg,New,2024-08-31
C00834,Artem Petrov,Kazan,New,2024-01-23
C00835,Anna Kuznetsova,Kazan,New,2024-04-02
C00836,Roman Volkova,Novosibirsk,New,2025-12-01
C00837,Alex Kuznetsov,Tomsk,Regular,2024-11-28
C00838,Maxim Kuznetsov,Samara,Regular,2024-04-17
C00839,Maria Volkov,Saint Petersburg,New,2024-02-02
C00840,Maria Popova,Novosibirsk,Regular,2024-09-14
C00841,Nikita Petrov,Moscow,New,2025-12-18
C00842,Sofia Volkov,Omsk,Regular,2024-10-07
C00843,Kirill Ivanov,Novosibirsk,New,2025-12-30
C00844,Elena Volkova,Saint Petersburg,New,2024-12-23
C00845,Elena Volkov,Moscow,Regular,2025-07-11
C00846,Nikita Smirnov,Ufa,Regular,2025-07-27
C00847,Nikita Volkova,Saint Petersburg,Regular,2024-01-21
C00848,Alina Volkov,Kazan,Regular,2024-01-05
C00849,Maria Petrova,Moscow,Regular,2025-11-04
C00850,Maria Volkova,Samara,New,2025-11-11
C00851,Pavel Morozov,Moscow,New,2024-04-06
C00852,Kirill Volkova,Moscow,New,2025-04-16
C00853,Olga Smirnov,Perm,New,2025-11-05
C00854,Pavel Sokolova,Ufa,New,2025-11-24
C00855,Maxim Petrov,Moscow,Regular,2024-08-04
C00856,Pavel Morozov,Saint Petersburg,New,2025-08-19
C00857,Ivan Morozov,Tomsk,Regular,2025-04-16
C00858,Anna Kuznetsov,Perm,Regular,2025-11-08
C00859,Pavel Kuznetsova,Saint Petersburg,Regular,2024-04-17
C00860,Roman Petrov,Novosibirsk,Regular,2025-03-14
C00861,Anna Morozov,Tomsk,New,2024-01-18
C00862,Alex Morozova,Tomsk,New,2024-09-17
C00863,Maria Morozov,Omsk,Regular,2024-01-09
C00864,Irina Volkov,Novosibirsk,Regular,2024-11-19
C00865,Olga Morozova,Moscow,New,2025-08-15
C00866,Maria Kuznetsova,Ufa,New,2025-04-25
C00867,Alina Ivanova,Perm,Regular,2024-08-19
C00868,Kirill Smirnov,Omsk,Regular,2024-11-07
C00869,Roman Volkova,Moscow,New,2024-09-25
C00870,Roman Popova,Moscow,New,2025-06-18
C00871,Roman Morozov,Tomsk,Regular,2024-07-13
C00872,Maria Volkova,Moscow,New,2024-03-08
C00873,Alina Smirnov,Samara,Regular,2025-01-04
C00874,Artem Volkov,Saint Petersburg,New,2025-08-28
C00875,Pavel Sokolova,Kazan,Regular,2024-12-14
C00876,Kirill Smirnov,Ufa,New,2024-05-29
C00877,Nikita Ivanov,Saint Petersburg,New,2024-02-03
C00878,Artem Popova,Saint Petersburg,VIP,2025-11-20
C00879,Daria Ivanov,Yekaterinburg,New,2025-07-09
C00880,Ivan Morozova,Yekaterinburg,VIP,2024-04-23
C00881,Ivan Petrov,Saint Petersburg,New,2024-02-23
C00882,Alina Morozov,Yekaterinburg,Regular,2024-04-04
C00883,Pavel Morozov,Ufa,VIP,2024-10-01
C00884,Nikita Ivanov,Saint Petersburg,Regular,2025-08-15
C00885,Ivan Kuznetsova,Moscow,New,2024-04-26
C00886,Maxim Volkov,Saint Petersburg,Regular,2025-08-20
C00887,Nikita Volkova,,Regular,2024-01-02
C00888,Ivan Petrova,Moscow,VIP,2025-06-23
C00889,Ivan Smirnova,Moscow,New,2024-07-25
C00890,Nikita Popov,Kazan,New,2025-12-02
C00891,Alex Morozov,Saint Petersburg,New,2024-12-13
C00892,Alina Popova,Samara,Regular,2024-07-16
C00893,Alex Ivanov,Moscow,VIP,2024-06-26
C00894,Olga Kuznetsova,Moscow,New,2025-08-26
C00895,Daria Morozova,Tomsk,Regular,2024-10-21
C00896,Maria Morozova,Ufa,VIP,2024-09-13
C00897,Daria Petrova,Moscow,New,2025-06-21
C00898,Elena Sokolov,Moscow,New,2025-01-27
C00899,Pavel Morozov,Moscow,Regular,2025-04-29
C00900,Elena Volkova,Novosibirsk,Regular,2024-11-21
C00901,Anna Sokolova,Saint Petersburg,New,2024-02-16
C00902,Roman Morozov,Moscow,Regular,2024-01-05
C00903,Artem Popova,Moscow,Regular,2024-01-29
C00904,Ivan Smirnov,Novosibirsk,VIP,2025-02-23
C00905,Ivan Petrova,Samara,Regular,2025-01-09
C00906,Sofia Morozova,Kazan,Regular,2025-06-29
C00907,Maria Sokolova,Novosibirsk,Regular,2025-10-15
C00908,Roman Sokolova,Moscow,New,2024-05-07
C00909,Maria Volkov,Moscow,Regular,2025-11-29
C00910,Artem Sokolova,Moscow,New,2025-11-11
C00911,Ivan Petrova,Tomsk,Regular,2025-03-25
C00912,Anna Petrov,Perm,New,2025-01-22
C00913,Elena Smirnov,Ufa,Regular,2024-05-08
C00914,Ivan Popov,Samara,New,2024-05-10
C00915,Artem Volkova,Samara,New,2024-01-14
C00916,Kirill Ivanov,Samara,New,2025-04-16
C00917,Alina Kuznetsova,Moscow,Regular,2024-11-12
C00918,Pavel Sokolova,Moscow,Regular,2024-05-20
C00919,Kirill Ivanov,Saint Petersburg,New,2024-04-07
C00920,Irina Ivanova,Novosibirsk,Regular,2024-02-16
C00921,Pavel Petrov,Moscow,Regular,2025-04-12
C00922,Alina Sokolova,Perm,New,2025-05-15
C00923,Maxim Sokolov,Yekaterinburg,Regular,2025-04-06
C00924,Pavel Smirnova,Novosibirsk,New,2024-03-21
C00925,Maxim Kuznetsova,Moscow,New,2024-01-31
C00926,Irina Volkova,Moscow,Regular,2024-03-18
C00927,Artem Smirnov,Moscow,New,2025-07-02
C00928,Daria Ivanova,Perm,Regular,2025-06-24
C00929,Alex Volkov,Yekaterinburg,VIP,2024-08-03
C00930,Daria Popov,Tomsk,Regular,2024-02-10
C00931,Alex Smirnov,Moscow,Regular,2024-08-21
C00932,Ivan Ivanova,Saint Petersburg,Regular,2025-08-14
C00933,Alex Kuznetsov,Saint Petersburg,VIP,2024-04-14
C00934,Daria Petrova,Tomsk,New,2025-08-04
C00935,Elena Popov,Tomsk,New,2024-12-04
C00936,Ivan Sokolova,Moscow,Regular,2024-04-13
C00937,Maxim Petrov,Samara,New,2025-11-12
C00938,Elena Petrov,Moscow,New,2025-01-13
C00939,Nikita Morozova,Ufa,New,2025-05-05
C00940,Daria Volkova,Moscow,Regular,2024-03-11
C00941,Artem Volkova,Moscow,New,2024-09-28
C00942,Kirill Kuznetsov,Perm,New,2025-04-06
C00943,Roman Morozov,Moscow,New,2025-04-16
C00944,Alina Morozova,Saint Petersburg,New,2024-02-15
C00945,Sofia Popov,Saint Petersburg,Regular,2025-03-17
C00946,Nikita Smirnova,Moscow,New,2025-11-20
C00947,Elena Petrova,Kazan,Regular,2025-07-28
C00948,Alina Volkova,Perm,Regular,2024-05-31
C00949,Irina Smirnov,Perm,New,2025-10-28
C00950,Kirill Kuznetsova,Saint Petersburg,Regular,2025-05-13
C00951,Alina Morozov,Novosibirsk,Regular,2024-02-11
C00952,Sofia Popov,Moscow,Regular,2024-04-03
C00953,Maria Popov,Moscow,New,2025-11-03
C00954,Olga Sokolov,Moscow,New,2024-06-02
C00955,Kirill Petrova,Samara,VIP,2024-03-11
C00956,Kirill Petrov,Ufa,Regular,2024-11-25
C00957,Anna Volkov,Tomsk,VIP,2025-01-18
C00958,Alex Ivanova,Novosibirsk,VIP,2025-02-22
C00959,Alina Smirnova,Novosibirsk,New,2025-04-25
C00960,Maria Sokolov,Novosibirsk,Regular,2025-12-30
C00961,Nikita Smirnova,Novosibirsk,New,2025-07-08
C00962,Maria Smirnova,Saint Petersburg,Regular,2024-01-19
C00963,Artem Petrova,Moscow,New,2024-03-05
C00964,Ivan Sokolov,Moscow,New,2024-01-01
C00965,Irina Volkova,Samara,Regular,2024-10-15
C00966,Roman Kuznetsov,Novosibirsk,Regular,2024-09-12
C00967,Maxim Popov,Samara,Regular,2025-11-12
C00968,Maxim Volkov,Moscow,New,2024-09-24
C00969,Sofia Volkova,Novosibirsk,New,2024-01-23
C00970,Nikita Kuznetsova,Moscow,VIP,2025-10-07
C00971,Irina Volkov,Moscow,New,2024-07-08
C00972,Olga Morozova,Moscow,New,2025-10-28
C00973,Anna Ivanova,Moscow,Regular,2025-07-19
C00974,Ivan Popov,Ufa,New,2025-10-04
C00975,Roman Volkov,Saint Petersburg,Regular,2025-08-21
C00976,Daria Morozova,Yekaterinburg,New,2024-04-14
C00977,Kirill Kuznetsov,Saint Petersburg,Regular,2025-04-02
C00978,Olga Ivanov,Saint Petersburg,VIP,2024-10-27
C00979,Alina Kuznetsova,Novosibirsk,VIP,2025-04-04
C00980,Maria Sokolov,Moscow,Regular,2025-06-28
C00981,Anna Morozova,Samara,New,2024-12-31
C00982,Alina Smirnova,Omsk,Regular,2024-08-16
C00983,Elena Petrova,Tomsk,Regular,2025-10-30
C00984,Kirill Petrova,Saint Petersburg,Regular,2025-04-29
C00985,Daria Petrova,Moscow,Regular,2025-10-08
C00986,Maxim Popov,Ufa,Regular,2024-06-22
C00987,Daria Popova,Saint Petersburg,Regular,2025-09-03
C00988,Maria Volkova,Moscow,Regular,2024-08-24
C00989,Ivan Morozova,Saint Petersburg,New,2024-12-02
C00990,Pavel Smirnov,Omsk,Regular,2025-09-20
C00991,Daria Petrov,Yekaterinburg,Regular,2024-09-15
C00992,Olga Morozova,Tomsk,New,2024-07-01
C00993,Roman Petrov,Omsk,Regular,2025-10-30
C00994,Alex Petrova,Moscow,Regular,2025-12-04
C00995,Irina Sokolov,Ufa,New,2024-08-15
C00996,Artem Petrova,Saint Petersburg,Regular,2024-08-11
C00997,Nikita Volkov,Yekaterinburg,Regular,2024-06-15
C00998,Pavel Sokolov,Moscow,Regular,2024-01-18
C00999,Roman Volkova,Samara,New,2025-02-07
C01000,Ivan Volkov,Moscow,Regular,2024-07-05
C01001,Irina Morozov,Moscow,New,2025-09-11
C01002,Daria Morozova,Saint Petersburg,Regular,2024-05-04
C01003,Ivan Volkova,Moscow,New,2025-04-08
C01004,Kirill Petrova,Moscow,Regular,2025-01-04
C01005,Roman Sokolov,Yekaterinburg,Regular,2025-03-22
C01006,Olga Volkov,Saint Petersburg,Regular,2024-03-23
C01007,Daria Ivanov,Ufa,Regular,2024-12-06
C01008,Alina Smirnov,Saint Petersburg,Regular,2025-04-02
C01009,Sofia Popov,Kazan,Regular,2024-09-05
C01010,Nikita Smirnova,Saint Petersburg,New,2025-09-30
C01011,Alina Petrova,Kazan,VIP,2025-01-21
C01012,Alex Volkov,Yekaterinburg,Regular,2024-09-21
C01013,Maria Smirnova,Saint Petersburg,VIP,2024-01-23
C01014,Alina Popova,Samara,VIP,2024-05-02
C01015,Artem Popova,Saint Petersburg,VIP,2024-12-13
C01016,Pavel Petrov,Moscow,Regular,2024-10-19
C01017,Anna Popova,Kazan,Regular,2025-09-28
C01018,Alina Kuznetsova,Perm,New,2025-07-27
C01019,Artem Morozova,Moscow,Regular,2024-04-26
C01020,Alina Volkov,Saint Petersburg,Regular,2025-03-07
C01021,Daria Smirnov,Ufa,Regular,2024-11-27
C01022,Ivan Volkov,Tomsk,Regular,2024-03-14
C01023,Kirill Kuznetsov,Samara,New,2025-05-01
C01024,Ivan Ivanov,Novosibirsk,New,2025-01-27
C01025,Nikita Morozov,Kazan,Regular,2024-03-04
C01026,Kirill Kuznetsova,Saint Petersburg,New,2024-12-07
C01027,Artem Smirnov,Samara,New,2025-06-18
C01028,Alina Kuznetsov,Saint Petersburg,New,2024-08-26
C01029,Pavel Sokolov,Tomsk,Regular,2024-09-17
C01030,Maria Morozova,Saint Petersburg,Regular,2024-03-21
C01031,Olga Ivanova,Novosibirsk,New,2024-05-29
C01032,Alex Sokolov,Kazan,New,2025-12-17
C01033,Ivan Volkova,Novosibirsk,New,2025-03-29
C01034,Alina Smirnov,Ufa,New,2024-05-08
C01035,Daria Volkov,Saint Petersburg,Regular,2024-12-18
C01036,Daria Morozov,Yekaterinburg,Regular,2024-05-20
C01037,Pavel Ivanov,Saint Petersburg,New,2024-11-19
C01038,Artem Morozov,Saint Petersburg,Regular,2024-04-16
C01039,Kirill Sokolova,Saint Petersburg,New,2025-03-27
C01040,Nikita Sokolova,Moscow,New,2025-02-20
C01041,Olga Morozov,Moscow,Regular,2025-04-07
C01042,Irina Petrova,Kazan,Regular,2024-11-19
C01043,Maria Smirnova,Kazan,Regular,2024-07-27
C01044,Maria Ivanova,Kazan,New,2024-07-01
C01045,Roman Volkova,Moscow,New,2024-06-06
C01046,Daria Smirnova,Saint Petersburg,New,2024-11-09
C01047,Olga Ivanova,Moscow,Regular,2024-11-25
C01048,Alina Popov,Tomsk,VIP,2025-05-06
C01049,Nikita Petrova,Perm,New,2024-02-08
C01050,Artem Morozov,Moscow,Regular,2024-07-24
C01051,Anna Ivanova,Kazan,Regular,2025-09-14
C01052,Roman Ivanova,Moscow,Regular,2025-10-30
C01053,Anna Ivanov,Moscow,New,2025-11-10
C01054,Ivan Ivanova,Moscow,Regular,2024-08-11
C01055,Roman Sokolova,Moscow,New,2024-04-10
C01056,Elena Kuznetsova,Kazan,Regular,2024-05-24
C01057,Olga Morozova,Ufa,Regular,2024-04-06
C01058,Alina Ivanov,Moscow,VIP,2025-11-27
C01059,Nikita Ivanov,Novosibirsk,Regular,2025-10-06
C01060,Maxim Smirnova,Kazan,Regular,2025-08-14
C01061,Nikita Volkov,Samara,Regular,2025-06-16
C01062,Kirill Morozova,Yekaterinburg,Regular,2024-09-07
C01063,Daria Petrov,Moscow,VIP,2024-12-13
C01064,Sofia Petrova,Yekaterinburg,New,2025-09-06
C01065,Sofia Volkov,Saint Petersburg,VIP,2025-08-17
C01066,Maxim Volkov,,Regular,2025-01-13
C01067,Artem Petrova,Saint Petersburg,Regular,2025-09-03
C01068,Anna Sokolova,Kazan,Regular,2024-09-10
C01069,Sofia Morozov,Moscow,Regular,2024-10-28
C01070,Roman Smirnov,Saint Petersburg,New,2025-09-04
C01071,Elena Petrova,Perm,Regular,2024-10-01
C01072,Daria Popova,Yekaterinburg,New,2025-07-03
C01073,Artem Ivanov,Saint Petersburg,New,2024-11-26
C01074,Maria Smirnova,Ufa,New,2024-08-05
C01075,Alex Petrova,Perm,New,2024-06-08
C01076,Irina Smirnov,Saint Petersburg,New,2025-03-18
C01077,Anna Popova,Novosibirsk,Regular,2024-12-16
C01078,Olga Volkov,Novosibirsk,New,2024-09-26
C01079,Sofia Petrov,Yekaterinburg,Regular,2025-06-26
C01080,Irina Morozova,Saint Petersburg,New,2024-01-01
C01081,Maxim Smirnov,Moscow,Regular,2024-03-08
C01082,Maxim Volkova,Ufa,Regular,2025-12-03
C01083,Sofia Kuznetsov,Ufa,New,2025-04-29
C01084,Maria Kuznetsova,Perm,Regular,2025-02-05
C01085,Roman Morozova,Samara,VIP,2024-01-11
C01086,Sofia Smirnov,Tomsk,Regular,2025-03-12
C01087,Maxim Smirnov,Tomsk,New,2024-11-13
C01088,Anna Ivanov,Tomsk,Regular,2025-03-13
C01089,Kirill Morozov,Novosibirsk,Regular,2024-01-30
C01090,Daria Kuznetsov,Saint Petersburg,New,2025-02-05
C01091,Maxim Sokolov,Moscow,Regular,2025-02-25
C01092,Irina Volkov,Yekaterinburg,New,2024-07-30
C01093,Sofia Petrov,Moscow,Regular,2024-02-09
C01094,Daria Smirnova,Moscow,New,2025-12-10
C01095,Sofia Ivanov,Yekaterinburg,New,2025-06-01
C01096,Olga Volkov,Saint Petersburg,VIP,2025-03-29
C01097,Olga Volkov,Moscow,Regular,2025-07-13
C01098,Pavel Kuznetsov,Omsk,Regular,2025-05-04
C01099,Elena Smirnova,Perm,VIP,2024-04-08
C01100,Anna Petrov,Moscow,New,2024-11-27
C01101,Kirill Kuznetsov,Moscow,New,2025-10-10
C01102,Alex Kuznetsova,Saint Petersburg,New,2024-07-29
C01103,Olga Smirnova,Omsk,Regular,2025-12-10
C01104,Irina Sokolov,Perm,New,2024-02-16
C01105,Kirill Sokolov,Moscow,VIP,2024-08-29
C01106,Elena Ivanova,Tomsk,New,2024-09-12
C01107,Sofia Kuznetsov,Moscow,New,2025-03-26
C01108,Sofia Smirnov,Saint Petersburg,New,2024-05-08
C01109,Maxim Ivanova,Samara,New,2024-06-16
C01110,Ivan Sokolov,Moscow,New,2025-04-28
C01111,Maxim Smirnova,Moscow,Regular,2024-07-26
C01112,Daria Sokolova,Saint Petersburg,New,2025-10-03
C01113,Maxim Sokolova,Yekaterinburg,Regular,2025-09-27
C01114,Olga Ivanov,Ufa,Regular,2024-08-09
C01115,Ivan Ivanov,Samara,Regular,2025-02-12
C01116,Artem Volkova,Moscow,Regular,2024-08-31
C01117,Sofia Sokolova,Moscow,New,2024-09-08
C01118,Roman Ivanov,Omsk,New,2025-05-04
C01119,Roman Petrov,Moscow,New,2024-08-01
C01120,Artem Smirnova,Ufa,VIP,2024-04-18
C01121,Nikita Ivanov,Kazan,Regular,2024-07-08
C01122,Daria Morozov,Moscow,New,2025-11-09
C01123,Alina Popov,,New,2024-07-08
C01124,Elena Volkova,Moscow,Regular,2024-09-22
C01125,Ivan Ivanova,Saint Petersburg,Regular,2025-04-04
C01126,Maxim Smirnov,Novosibirsk,Regular,2024-03-14
C01127,Maxim Smirnov,Novosibirsk,Regular,2024-07-14
C01128,Kirill Smirnov,Kazan,Regular,2024-05-07
C01129,Roman Volkova,Kazan,Regular,2025-11-05
C01130,Ivan Smirnov,Samara,New,2025-11-11
C01131,Alina Morozov,Samara,New,2025-07-05
C01132,Pavel Sokolova,Novosibirsk,VIP,2024-06-29
C01133,Maxim Smirnov,Moscow,Regular,2025-03-25
C01134,Ivan Morozov,Kazan,New,2025-04-28
C01135,Daria Smirnov,Samara,Regular,2025-09-26
C01136,Maxim Ivanov,Saint Petersburg,New,2024-04-24
C01137,Maxim Kuznetsov,Saint Petersburg,Regular,2025-06-21
C01138,Elena Popova,Saint Petersburg,New,2024-05-21
C01139,Irina Ivanova,Moscow,Regular,2025-02-19
C01140,Kirill Popova,Kazan,Regular,2025-10-03
C01141,Kirill Petrov,Saint Petersburg,New,2024-02-15
C01142,Sofia Sokolov,Omsk,New,2024-04-18
C01143,Artem Volkova,Perm,Regular,2025-08-16
C01144,Ivan Morozova,Omsk,New,2024-01-14
C01145,Alex Volkova,Saint Petersburg,New,2025-05-15
C01146,Roman Volkov,Saint Petersburg,Regular,2024-12-31
C01147,Sofia Popov,Tomsk,New,2024-09-10
C01148,Artem Volkov,Omsk,New,2025-09-21
C01149,Roman Petrova,Novosibirsk,New,2025-09-11
C01150,Nikita Smirnova,Ufa,Regular,2024-08-25
C01151,Elena Morozova,,New,2024-01-04
C01152,Nikita Sokolova,Perm,New,2024-04-03
C01153,Maria Volkov,Moscow,New,2024-03-19
C01154,Pavel Sokolov,Moscow,New,2025-12-18
C01155,Elena Ivanova,Novosibirsk,New,2025-03-11
C01156,Elena Ivanov,Moscow,New,2025-05-09
C01157,Daria Morozova,Moscow,New,2024-06-17
C01158,Kirill Kuznetsov,Moscow,New,2025-09-13
C01159,Maxim Popov,Saint Petersburg,Regular,2025-06-11
C01160,Olga Kuznetsov,Tomsk,New,2025-07-03
C01161,Anna Morozov,Moscow,New,2024-12-07
C01162,Elena Petrov,Kazan,VIP,2025-05-24
C01163,Roman Smirnova,Omsk,Regular,2025-02-01
C01164,Elena Volkova,Moscow,Regular,2024-10-07
C01165,Nikita Petrov,Moscow,New,2025-03-09
C01166,Pavel Popov,Perm,New,2024-08-24
C01167,Alina Morozov,Omsk,New,2025-11-26
C01168,Nikita Morozov,Novosibirsk,New,2025-06-07
C01169,Elena Popov,Omsk,New,2025-06-23
C01170,Kirill Smirnov,Moscow,Regular,2025-06-07
C01171,Sofia Petrov,Saint Petersburg,New,2024-11-23
C01172,Maria Kuznetsova,Tomsk,Regular,2025-11-24
C01173,Anna Smirnov,Moscow,New,2024-05-31
C01174,Elena Sokolova,Tomsk,New,2025-02-19
C01175,Daria Sokolova,Novosibirsk,Regular,2024-02-20
C01176,Irina Smirnov,Tomsk,Regular,2024-08-03
C01177,Roman Popov,Saint Petersburg,New,2025-02-23
C01178,Daria Volkov,Saint Petersburg,Regular,2024-12-23
C01179,Irina Sokolova,Moscow,New,2025-11-18
C01180,Roman Volkov,Moscow,New,2025-03-24
C01181,Anna Popova,Tomsk,Regular,2024-10-27
C01182,Kirill Sokolov,Moscow,New,2024-11-07
C01183,Maxim Ivanova,Moscow,New,2025-03-22
C01184,Alina Popova,Moscow,Regular,2025-07-31
C01185,Alex Smirnova,Moscow,New,2024-07-20
C01186,Elena Sokolova,Omsk,New,2025-03-02
C01187,Nikita Smirnov,Saint Petersburg,New,2025-02-23
C01188,Alina Popov,Samara,VIP,2024-01-07
C01189,Elena Ivanov,Moscow,Regular,2025-10-28
C01190,Artem Smirnov,Kazan,New,2025-02-19
C01191,Maxim Volkov,Saint Petersburg,New,2024-06-25
C01192,Elena Kuznetsov,Saint Petersburg,Regular,2025-04-07
C01193,Nikita Popov,Perm,New,2025-05-09
C01194,Irina Petrov,Samara,Regular,2025-10-30
C01195,Sofia Volkova,Perm,Regular,2024-01-25
C01196,Pavel Kuznetsova,Moscow,New,2024-10-29
C01197,Daria Petrov,Moscow,New,2024-05-11
C01198,Elena Sokolova,Kazan,New,2025-02-23
C01199,Nikita Volkova,Moscow,New,2025-01-01
C01200,Maxim Sokolov,Tomsk,New,2024-12-12
C01201,Olga Volkov,Novosibirsk,Regular,2025-12-17
C01202,Roman Sokolova,Novosibirsk,New,2025-01-23
C01203,Artem Sokolova,,Regular,2024-10-27
C01204,Irina Morozov,Kazan,Regular,2024-02-19
C01205,Ivan Volkova,Moscow,New,2024-07-30
C01206,Irina Smirnov,Moscow,New,2025-10-17
C01207,Kirill Petrova,Yekaterinburg,New,2024-11-25
C01208,Nikita Ivanova,Novosibirsk,Regular,2025-10-26
C01209,Artem Volkova,Moscow,New,2025-01-23
C01210,Alina Volkov,Saint Petersburg,Regular,2025-02-04
C01211,Artem Sokolov,Tomsk,Regular,2024-11-09
C01212,Artem Sokolov,Omsk,Regular,2025-02-10
C01213,Kirill Morozov,Novosibirsk,VIP,2024-02-18
C01214,Irina Smirnova,Saint Petersburg,Regular,2024-02-12
C01215,Anna Morozova,Moscow,Regular,2024-12-13
C01216,Ivan Petrova,Novosibirsk,Regular,2025-03-12
C01217,Alex Morozova,Saint Petersburg,Regular,2025-02-06
C01218,Ivan Sokolova,Novosibirsk,Regular,2024-11-09
C01219,Kirill Morozov,Kazan,VIP,2024-08-02
C01220,Elena Kuznetsova,Moscow,New,2025-06-01
C01221,Alex Kuznetsov,Moscow,Regular,2025-03-17
C01222,Maria Popov,Moscow,Regular,2024-02-04
C01223,Alina Sokolov,Ufa,Regular,2024-11-26
C01224,Elena Morozova,Yekaterinburg,New,2025-06-02
C01225,Ivan Petrova,Moscow,Regular,2025-07-26
C01226,Kirill Ivanov,Ufa,Regular,2024-07-28
C01227,Nikita Smirnova,Saint Petersburg,VIP,2025-11-06
C01228,Kirill Kuznetsova,Saint Petersburg,New,2025-04-20
C01229,Daria Popova,Ufa,Regular,2024-11-15
C01230,Nikita Sokolov,Moscow,Regular,2025-04-02
C01231,Irina Volkova,Moscow,VIP,2025-09-28
C01232,Alina Popova,Yekaterinburg,VIP,2024-06-14
C01233,Maria Kuznetsov,Moscow,Regular,2024-04-19
C01234,Alex Sokolova,Kazan,Regular,2024-11-17
C01235,Pavel Petrov,Moscow,New,2024-03-02
C01236,Ivan Ivanov,Moscow,VIP,2025-09-02
C01237,Elena Volkova,Moscow,New,2025-12-09
C01238,Roman Petrova,Saint Petersburg,Regular,2025-03-18
C01239,Alex Volkova,Moscow,Regular,2025-12-16
C01240,Olga Morozova,Moscow,New,2024-02-20
C01241,Olga Smirnov,Perm,New,2025-04-06
C01242,Daria Volkov,Saint Petersburg,New,2024-11-19
C01243,Artem Volkova,Saint Petersburg,Regular,2024-07-21
C01244,Alex Sokolov,Moscow,Regular,2024-08-15
C01245,Maxim Popov,Saint Petersburg,New,2025-02-01
C01246,Sofia Smirnova,Moscow,Regular,2025-04-13
C01247,Maxim Ivanov,Yekaterinburg,New,2024-04-29
C01248,Nikita Popov,Moscow,Regular,2025-03-24
C01249,Artem Smirnov,Ufa,New,2025-11-07
C01250,Anna Smirnova,Ufa,New,2024-01-08
C01251,Kirill Kuznetsov,Moscow,New,2025-10-03
C01252,Sofia Volkov,Moscow,Regular,2025-03-19
C01253,Alina Sokolov,Moscow,New,2024-09-06
C01254,Alina Morozov,Yekaterinburg,Regular,2025-06-20
C01255,Alex Smirnov,Moscow,New,2025-03-26
C01256,Ivan Smirnov,Perm,New,2025-07-15
C01257,Olga Morozov,Tomsk,New,2024-02-29
C01258,Pavel Petrova,Omsk,New,2024-02-13
C01259,Maria Kuznetsova,Novosibirsk,VIP,2025-04-13
C01260,Kirill Ivanova,Samara,New,2024-08-09
C01261,Elena Sokolova,Moscow,VIP,2024-06-22
C01262,Kirill Popov,Saint Petersburg,New,2024-11-03
C01263,Anna Sokolov,Saint Petersburg,New,2025-06-13
C01264,Alina Volkova,Samara,New,2024-05-11
C01265,Ivan Sokolova,Yekaterinburg,New,2025-12-11
C01266,Alex Smirnova,Omsk,Regular,2024-11-03
C01267,Nikita Ivanov,Moscow,Regular,2024-04-19
C01268,Sofia Kuznetsov,Samara,New,2024-02-21
C01269,Irina Petrova,Novosibirsk,Regular,2025-09-17
C01270,Maxim Petrov,Novosibirsk,Regular,2024-03-23
C01271,Daria Sokolov,Samara,VIP,2024-11-01
C01272,Sofia Kuznetsova,Saint Petersburg,VIP,2025-05-03
C01273,Anna Popova,Saint Petersburg,Regular,2025-01-09
C01274,Artem Smirnova,Yekaterinburg,Regular,2024-07-10
C01275,Olga Morozova,Moscow,Regular,2024-03-19
C01276,Kirill Ivanova,Saint Petersburg,Regular,2025-06-03
C01277,Anna Smirnov,Moscow,Regular,2024-12-23
C01278,Elena Sokolov,Moscow,New,2024-02-05
C01279,Olga Morozov,Perm,Regular,2024-05-12
C01280,Sofia Morozova,Yekaterinburg,VIP,2025-02-14
C01281,Maxim Smirnova,Saint Petersburg,New,2024-05-02
C01282,Elena Kuznetsova,Saint Petersburg,Regular,2024-10-12
C01283,Pavel Kuznetsov,Saint Petersburg,VIP,2024-03-31
C01284,Ivan Volkova,Yekaterinburg,New,2025-08-04
C01285,Maxim Volkova,Ufa,Regular,2025-04-05
C01286,Olga Smirnova,Ufa,VIP,2025-07-26
C01287,Anna Sokolova,Saint Petersburg,VIP,2024-02-08
C01288,Kirill Kuznetsov,Saint Petersburg,New,2024-10-01
C01289,Alina Volkova,Saint Petersburg,New,2024-07-14
C01290,Roman Popov,Novosibirsk,Regular,2025-03-30
C01291,Alina Smirnova,Saint Petersburg,New,2025-08-22
C01292,Elena Volkova,Kazan,New,2024-06-15
C01293,Elena Volkov,Novosibirsk,New,2025-07-15
C01294,Nikita Sokolov,Saint Petersburg,New,2025-02-27
C01295,Pavel Volkova,Saint Petersburg,Regular,2025-08-24
C01296,Daria Ivanov,Saint Petersburg,Regular,2024-02-29
C01297,Sofia Morozova,Moscow,Regular,2025-12-24
C01298,Ivan Ivanova,Moscow,Regular,2024-11-13
C01299,Ivan Popova,Kazan,New,2024-07-23
C01300,Alina Volkov,Saint Petersburg,New,2024-05-13
C01301,Ivan Petrova,Moscow,New,2025-12-19
C01302,Daria Morozov,Novosibirsk,New,2025-10-06
C01303,Maxim Kuznetsova,Tomsk,New,2024-04-05
C01304,Daria Morozov,Moscow,New,2024-11-20
C01305,Sofia Ivanova,Omsk,New,2025-06-19
C01306,Nikita Smirnov,Ufa,New,2025-03-07
C01307,Olga Volkov,Yekaterinburg,Regular,2024-05-17
C01308,Roman Kuznetsov,Kazan,Regular,2024-09-20
C01309,Irina Morozov,Moscow,VIP,2024-09-25
C01310,Sofia Ivanova,Samara,Regular,2024-07-29
C01311,Sofia Ivanova,Saint Petersburg,Regular,2025-12-02
C01312,Alex Popova,Ufa,New,2024-05-28
C01313,Maria Petrova,Yekaterinburg,Regular,2025-05-30
C01314,Maxim Petrov,Moscow,New,2025-10-27
C01315,Roman Sokolov,Moscow,New,2025-08-03
C01316,Maxim Smirnova,Kazan,New,2025-08-06
C01317,Olga Ivanov,Novosibirsk,New,2024-04-25
C01318,Sofia Petrov,Moscow,New,2024-04-07
C01319,Sofia Popova,Tomsk,Regular,2025-07-25
C01320,Olga Smirnov,Perm,Regular,2025-06-29
C01321,Maxim Smirnova,Novosibirsk,Regular,2025-06-25
C01322,Ivan Sokolov,Saint Petersburg,Regular,2024-11-01
C01323,Daria Petrova,Moscow,Regular,2025-01-17
C01324,Daria Smirnova,Omsk,New,2024-01-12
C01325,Roman Kuznetsova,Saint Petersburg,Regular,2024-07-31
C01326,Kirill Petrova,Perm,Regular,2025-01-20
C01327,Ivan Sokolova,Saint Petersburg,New,2024-04-01
C01328,Elena Ivanova,Novosibirsk,New,2024-04-04
C01329,Olga Ivanova,Moscow,VIP,2024-02-03
C01330,Irina Morozov,Moscow,Regular,2024-06-02
C01331,Nikita Ivanov,Tomsk,New,2025-12-25
C01332,Irina Kuznetsov,Novosibirsk,Regular,2025-05-23
C01333,Olga Ivanov,Novosibirsk,New,2025-11-23
C01334,Elena Ivanova,Samara,New,2024-07-06
C01335,Pavel Sokolov,Samara,New,2025-03-13
C01336,Alex Smirnova,Perm,New,2025-10-13
C01337,Alex Smirnova,Moscow,Regular,2024-09-13
C01338,Artem Popov,Yekaterinburg,New,2025-04-24
C01339,Nikita Petrova,Perm,Regular,2025-05-20
C01340,Artem Sokolova,Saint Petersburg,New,2025-08-30
C01341,Nikita Sokolova,Moscow,Regular,2025-12-08
C01342,Alex Kuznetsova,Omsk,Regular,2025-03-25
C01343,Elena Morozova,Novosibirsk,Regular,2025-03-01
C01344,Anna Petrova,Novosibirsk,Regular,2025-09-26
C01345,Anna Morozova,Samara,VIP,2025-05-14
C01346,Maria Morozov,Yekaterinburg,Regular,2024-09-21
C01347,Nikita Volkov,Saint Petersburg,Regular,2025-04-05
C01348,Olga Sokolova,Saint Petersburg,Regular,2025-02-04
C01349,Maria Sokolov,Saint Petersburg,New,2024-06-15
C01350,Daria Smirnov,Moscow,New,2025-01-11
C01351,Daria Sokolov,Omsk,New,2025-03-31
C01352,Pavel Ivanov,Perm,New,2025-10-21
C01353,Sofia Kuznetsov,Moscow,New,2025-02-27
C01354,Elena Petrova,Saint Petersburg,New,2024-04-30
C01355,Irina Morozova,Perm,Regular,2025-12-21
C01356,Maria Volkov,Moscow,New,2025-02-25
C01357,Sofia Popov,Novosibirsk,Regular,2024-07-28
C01358,Ivan Petrov,Saint Petersburg,New,2025-07-04
C01359,Pavel Smirnova,Kazan,Regular,2024-10-07
C01360,Kirill Ivanova,Moscow,New,2024-09-27
C01361,Nikita Popova,Kazan,New,2025-09-04
C01362,Ivan Petrov,Saint Petersburg,New,2025-09-25
C01363,Daria Popov,Yekaterinburg,Regular,2025-01-17
C01364,Nikita Morozov,Moscow,New,2024-09-29
C01365,Alina Morozova,Saint Petersburg,VIP,2025-09-22
C01366,Olga Ivanova,Novosibirsk,New,2024-05-06
C01367,Roman Ivanova,Moscow,Regular,2025-06-29
C01368,Daria Kuznetsov,Moscow,New,2025-03-02
C01369,Anna Smirnov,Moscow,Regular,2025-09-15
C01370,Anna Volkov,Saint Petersburg,New,2024-11-03
C01371,Ivan Kuznetsova,Moscow,New,2025-08-30
C01372,Alina Morozova,Samara,New,2024-01-12
C01373,Roman Morozov,Saint Petersburg,New,2025-07-07
C01374,Maria Volkova,Omsk,New,2024-02-20
C01375,Alex Smirnova,Samara,VIP,2025-04-13
C01376,Maria Morozova,Moscow,New,2024-05-22
C01377,Roman Kuznetsov,Kazan,New,2025-12-04
C01378,Kirill Smirnova,Perm,VIP,2025-07-15
C01379,Elena Volkova,Yekaterinburg,New,2024-03-17
C01380,Maxim Smirnova,Saint Petersburg,New,2025-10-13
C01381,Maria Sokolov,Saint Petersburg,Regular,2024-07-02
C01382,Olga Morozova,Moscow,VIP,2025-02-02
C01383,Ivan Ivanov,Novosibirsk,Regular,2024-03-03
C01384,Pavel Volkov,Samara,New,2024-03-18
C01385,Pavel Smirnov,Samara,VIP,2024-06-25
C01386,Kirill Ivanov,Moscow,New,2025-01-25
C01387,Daria Smirnova,Kazan,VIP,2025-01-31
C01388,Alina Volkova,Saint Petersburg,Regular,2025-09-16
C01389,Elena Volkova,Ufa,VIP,2024-04-30
C01390,Elena Sokolova,Moscow,New,2025-07-01
C01391,Kirill Popov,Ufa,New,2024-01-05
C01392,Pavel Sokolov,Perm,Regular,2024-07-31
C01393,Elena Kuznetsov,Moscow,Regular,2024-05-07
C01394,Alina Popov,Moscow,Regular,2024-03-31
C01395,Ivan Popov,Perm,VIP,2025-03-02
C01396,Alex Kuznetsova,Moscow,Regular,2025-10-19
C01397,Sofia Sokolova,Novosibirsk,New,2025-05-01
C01398,Ivan Petrova,Ufa,New,2025-09-15
C01399,Alina Smirnov,Novosibirsk,New,2025-03-07
C01400,Olga Smirnova,Saint Petersburg,New,2024-02-09
C01401,Daria Kuznetsov,Saint Petersburg,New,2024-09-09
C01402,Maxim Petrova,Moscow,Regular,2025-08-24
C01403,Ivan Ivanov,Samara,Regular,2024-02-02
C01404,Irina Ivanova,Saint Petersburg,Regular,2024-03-11
C01405,Maxim Popov,Moscow,New,2025-08-31
C01406,Daria Kuznetsova,Moscow,Regular,2024-02-16
C01407,Kirill Kuznetsova,Samara,Regular,2025-12-01
C01408,Olga Kuznetsova,Moscow,Regular,2025-07-07
C01409,Anna Petrova,Perm,Regular,2025-04-30
C01410,Daria Volkova,Kazan,Regular,2025-01-26
C01411,Alina Volkov,Perm,Regular,2024-03-06
C01412,Nikita Smirnova,Samara,New,2024-10-29
C01413,Alex Smirnova,Perm,Regular,2025-08-12
C01414,Anna Smirnova,Samara,New,2025-10-21
C01415,Alina Popov,Moscow,New,2024-11-22
C01416,Olga Smirnova,Omsk,New,2025-09-04
C01417,Pavel Kuznetsova,Novosibirsk,Regular,2025-07-20
C01418,Maria Popov,Novosibirsk,Regular,2024-02-12
C01419,Maria Sokolova,Ufa,Regular,2025-03-28
C01420,Roman Volkov,Samara,New,2025-03-25
C01421,Artem Ivanova,Kazan,New,2025-01-31
C01422,Maxim Sokolov,Novosibirsk,Regular,2025-07-17
C01423,Irina Kuznetsov,Saint Petersburg,New,2025-10-11
C01424,Alina Sokolova,Saint Petersburg,VIP,2025-02-05
C01425,Alex Ivanov,Saint Petersburg,New,2024-08-21
C01426,Kirill Volkova,Saint Petersburg,Regular,2025-12-18
C01427,Maria Morozova,Moscow,Regular,2025-12-04
C01428,Ivan Morozov,Moscow,Regular,2025-05-15
C01429,Roman Morozov,Tomsk,New,2025-04-12
C01430,Maria Smirnova,Saint Petersburg,VIP,2024-03-17
C01431,Alex Volkov,Ufa,Regular,2024-10-20
C01432,Olga Sokolov,Yekaterinburg,Regular,2024-05-24
C01433,Alina Morozova,Moscow,Regular,2025-01-10
C01434,Anna Volkov,Moscow,New,2025-08-26
C01435,Nikita Morozov,Moscow,Regular,2024-06-12
C01436,Artem Kuznetsov,Samara,New,2025-12-28
C01437,Pavel Volkov,Moscow,New,2024-04-04
C01438,Alex Sokolova,Novosibirsk,Regular,2024-03-12
C01439,Anna Smirnov,Ufa,Regular,2025-12-12
C01440,Daria Ivanova,Samara,New,2024-03-14
C01441,Alex Petrova,Moscow,New,2025-06-20
C01442,Artem Kuznetsov,Moscow,New,2025-07-11
C01443,Daria Sokolova,,New,2024-08-28
C01444,Elena Morozova,Moscow,Regular,2024-02-16
C01445,Daria Ivanov,Moscow,New,2024-08-13
C01446,Maria Morozova,Novosibirsk,Regular,2024-02-20
C01447,Maxim Kuznetsov,Ufa,New,2025-05-05
C01448,Irina Sokolova,Novosibirsk,New,2025-10-10
C01449,Daria Smirnov,Yekaterinburg,Regular,2025-12-28
C01450,Nikita Ivanova,Moscow,New,2025-08-07
C01451,Nikita Volkova,Omsk,New,2025-07-19
C01452,Alina Morozov,Yekaterinburg,VIP,2025-10-05
C01453,Ivan Sokolova,Perm,VIP,2025-07-16
C01454,Artem Petrova,Samara,Regular,2025-04-19
C01455,Sofia Petrova,Saint Petersburg,New,2025-12-28
C01456,Daria Morozova,Moscow,Regular,2024-08-23
C01457,Anna Morozov,Moscow,VIP,2024-10-28
C01458,Anna Smirnov,Saint Petersburg,VIP,2025-10-23
C01459,Alina Volkova,Samara,New,2024-08-15
C01460,Pavel Sokolova,Saint Petersburg,New,2024-08-06
C01461,Pavel Petrova,Tomsk,New,2024-04-21
C01462,Anna Volkova,Novosibirsk,New,2024-07-20
C01463,Olga Kuznetsova,Moscow,Regular,2025-03-09
C01464,Nikita Smirnova,Saint Petersburg,New,2025-10-09
C01465,Nikita Volkov,Kazan,New,2024-04-09
C01466,Elena Smirnov,Kazan,New,2025-05-12
C01467,Ivan Smirnov,Saint Petersburg,Regular,2025-07-13
C01468,Olga Sokolova,Moscow,New,2025-10-15
C01469,Roman Morozov,Kazan,New,2025-07-01
C01470,Pavel Sokolova,Moscow,New,2024-04-23
C01471,Nikita Morozova,Ufa,VIP,2024-12-22
C01472,Irina Volkov,Moscow,New,2025-11-26
C01473,Ivan Petrov,Moscow,Regular,2025-10-25
C01474,Olga Sokolova,Novosibirsk,New,2025-03-23
C01475,Anna Volkov,Novosibirsk,New,2025-12-04
C01476,Maria Sokolova,Novosibirsk,New,2025-05-02
C01477,Pavel Morozova,Saint Petersburg,New,2024-02-17
C01478,Elena Morozov,Samara,New,2025-10-29
C01479,Olga Smirnov,Novosibirsk,Regular,2024-05-02
C01480,Sofia Morozova,Saint Petersburg,Regular,2024-10-04
C01481,Nikita Smirnov,Saint Petersburg,New,2024-06-22
C01482,Irina Smirnova,Moscow,New,2025-06-09
C01483,Pavel Popov,Yekaterinburg,Regular,2024-01-22
C01484,Anna Ivanov,Moscow,New,2025-04-12
C01485,Alina Morozova,Yekaterinburg,New,2025-09-22
C01486,Sofia Kuznetsov,Moscow,New,2025-07-29
C01487,Alex Kuznetsova,Samara,New,2024-08-12
C01488,Anna Petrova,Saint Petersburg,New,2025-10-16
C01489,Maxim Popov,Ufa,VIP,2024-09-21
C01490,Roman Sokolova,Saint Petersburg,VIP,2025-05-11
C01491,Roman Morozov,Moscow,VIP,2025-01-04
C01492,Maxim Kuznetsov,Omsk,New,2024-02-19
C01493,Maxim Kuznetsova,Yekaterinburg,New,2024-01-03
C01494,Artem Morozova,Omsk,New,2024-05-13
C01495,Irina Popov,Saint Petersburg,New,2025-11-13
C01496,Sofia Petrova,Yekaterinburg,New,2025-11-27
C01497,Ivan Ivanova,Perm,New,2024-10-26
C01498,Pavel Ivanov,Yekaterinburg,New,2025-12-08
C01499,Elena Smirnova,Saint Petersburg,New,2024-02-06
C01500,Pavel Sokolova,Kazan,New,2025-12-07
C01501,Maxim Sokolova,Kazan,Regular,2024-06-17
C01502,Sofia Smirnova,Samara,New,2024-01-27
C01503,Pavel Morozov,Saint Petersburg,Regular,2025-07-07
C01504,Anna Sokolov,Saint Petersburg,New,2024-10-06
C01505,Irina Sokolov,Omsk,Regular,2024-08-01
C01506,Irina Petrova,Novosibirsk,New,2025-07-08
C01507,Elena Smirnov,Tomsk,Regular,2024-08-31
C01508,Alina Popova,Saint Petersburg,New,2025-07-03
C01509,Roman Ivanov,Moscow,New,2024-05-22
C01510,Ivan Petrov,Tomsk,Regular,2024-03-03
C01511,Daria Kuznetsova,Moscow,New,2024-08-25
C01512,Maria Volkov,Moscow,New,2025-03-20
C01513,Artem Volkova,Yekaterinburg,VIP,2024-06-13
C01514,Maria Kuznetsov,Tomsk,New,2024-04-14
C01515,Anna Sokolov,Ufa,Regular,2025-06-30
C01516,Sofia Petrov,Moscow,Regular,2024-12-26
C01517,Artem Popova,Moscow,New,2024-11-10
C01518,Elena Ivanova,Samara,New,2024-06-23
C01519,Alina Sokolova,Moscow,New,2024-01-13
C01520,Ivan Smirnova,Moscow,Regular,2024-02-08
C01521,Artem Kuznetsova,Moscow,New,2025-05-12
C01522,Ivan Volkov,Novosibirsk,New,2024-02-28
C01523,Artem Morozov,Ufa,New,2024-06-29
C01524,Alex Smirnova,Tomsk,VIP,2025-10-26
C01525,Maxim Sokolova,Kazan,Regular,2024-09-08
C01526,Nikita Volkov,Moscow,VIP,2025-06-27
C01527,Nikita Sokolova,Saint Petersburg,Regular,2024-09-07
C01528,Kirill Petrova,Saint Petersburg,Regular,2025-11-11
C01529,Alex Popov,Moscow,Regular,2025-08-22
C01530,Kirill Ivanov,Moscow,VIP,2024-12-09
C01531,Daria Ivanov,Saint Petersburg,Regular,2025-05-14
C01532,Maria Volkova,Moscow,New,2024-10-28
C01533,Elena Smirnova,Novosibirsk,Regular,2025-11-20
C01534,Nikita Sokolov,Kazan,Regular,2024-09-18
C01535,Daria Petrova,Moscow,New,2025-09-02
C01536,Maxim Sokolov,Novosibirsk,New,2025-03-25
C01537,Artem Morozova,Omsk,New,2025-04-14
C01538,Artem Petrov,Tomsk,Regular,2024-09-13
C01539,Sofia Volkov,Omsk,New,2025-08-30
C01540,Maria Volkova,Saint Petersburg,Regular,2025-06-28
C01541,Elena Popov,Omsk,New,2025-08-18
C01542,Irina Sokolova,Moscow,Regular,2025-08-07
C01543,Alina Popova,Saint Petersburg,New,2024-04-25
C01544,Olga Petrova,Moscow,VIP,2025-10-01
C01545,Roman Smirnova,Saint Petersburg,Regular,2025-09-06
C01546,Roman Popova,Saint Petersburg,New,2024-06-26
C01547,Olga Ivanov,Moscow,New,2025-12-17
C01548,Pavel Smirnova,Tomsk,New,2025-01-19
C01549,Sofia Volkov,Saint Petersburg,New,2024-08-22
C01550,Maxim Smirnov,Moscow,Regular,2024-06-12
C01551,Alex Popov,Moscow,VIP,2024-09-23
C01552,Anna Sokolov,Saint Petersburg,Regular,2024-01-28
C01553,Elena Sokolov,Saint Petersburg,Regular,2025-05-19
C01554,Olga Volkova,Saint Petersburg,New,2025-05-31
C01555,Elena Kuznetsova,Moscow,Regular,2025-05-02
C01556,Elena Petrov,Tomsk,Regular,2025-02-04
C01557,Nikita Sokolov,Ufa,New,2024-09-21
C01558,Alex Volkov,Novosibirsk,VIP,2025-06-12
C01559,Artem Morozov,Yekaterinburg,New,2025-09-28
C01560,Maria Sokolova,Perm,Regular,2024-03-04
C01561,Alex Volkov,Samara,VIP,2024-10-06
C01562,Olga Volkov,Yekaterinburg,Regular,2025-12-27
C01563,Maria Volkov,Ufa,New,2025-09-21
C01564,Pavel Morozova,Ufa,Regular,2025-12-26
C01565,Maria Morozov,Omsk,New,2024-05-13
C01566,Alex Kuznetsov,Saint Petersburg,Regular,2024-12-05
C01567,Anna Smirnov,Moscow,New,2024-04-05
C01568,Ivan Petrov,Moscow,Regular,2025-09-24
C01569,Alex Morozov,Saint Petersburg,VIP,2025-01-13
C01570,Elena Morozova,Novosibirsk,New,2024-06-26
C01571,Olga Petrov,Saint Petersburg,New,2024-03-06
C01572,Kirill Smirnov,Novosibirsk,Regular,2025-06-22
C01573,Alex Sokolov,Novosibirsk,New,2025-08-15
C01574,Sofia Popova,Perm,New,2025-10-03
C01575,Kirill Popova,Moscow,New,2025-12-10
C01576,Roman Morozov,Moscow,New,2025-08-17
C01577,Nikita Petrova,Omsk,Regular,2025-07-28
C01578,Irina Smirnova,Perm,Regular,2025-08-15
C01579,Ivan Volkov,Samara,New,2025-12-30
C01580,Olga Ivanova,Perm,New,2024-12-04
C01581,Irina Popova,Ufa,New,2025-07-07
C01582,Alina Petrova,Saint Petersburg,New,2025-08-21
C01583,Daria Petrova,Saint Petersburg,Regular,2024-03-25
C01584,Kirill Petrova,Moscow,New,2025-05-19
C01585,Nikita Popova,Yekaterinburg,Regular,2024-09-04
C01586,Alex Kuznetsov,Ufa,VIP,2024-04-06
C01587,Kirill Volkov,Saint Petersburg,Regular,2024-05-04
C01588,Elena Ivanova,Novosibirsk,Regular,2024-03-24
C01589,Daria Kuznetsov,Moscow,New,2025-10-17
C01590,Artem Popov,Moscow,New,2025-07-17
C01591,Irina Morozov,Moscow,New,2024-03-15
C01592,Nikita Kuznetsov,Moscow,Regular,2025-04-01
C01593,Irina Ivanov,Samara,Regular,2025-04-27
C01594,Sofia Petrov,Saint Petersburg,New,2025-01-14
C01595,Anna Volkov,Perm,New,2025-03-18
C01596,Maria Sokolova,Kazan,New,2025-10-24
C01597,Alina Morozova,Moscow,Regular,2025-01-13
C01598,Daria Popova,Moscow,Regular,2025-04-26
C01599,Alex Sokolov,Omsk,Regular,2025-02-20
C01600,Anna Ivanova,Moscow,VIP,2024-10-16
C01601,Artem Volkova,Ufa,New,2025-10-12
C01602,Irina Ivanova,Moscow,Regular,2024-10-29
C01603,Daria Ivanov,Kazan,Regular,2025-08-06
C01604,Ivan Ivanov,Omsk,New,2025-03-17
C01605,Roman Volkov,Moscow,VIP,2025-05-15
C01606,Nikita Popov,Moscow,New,2025-07-09
C01607,Alex Popova,Samara,Regular,2025-06-21
C01608,Kirill Petrov,Moscow,Regular,2025-02-15
C01609,Maxim Kuznetsova,Saint Petersburg,VIP,2025-03-25
C01610,Anna Kuznetsov,Saint Petersburg,Regular,2025-01-06
C01611,Ivan Petrov,Moscow,New,2024-09-04
C01612,Elena Morozov,Tomsk,Regular,2025-06-14
C01613,Sofia Smirnov,Tomsk,Regular,2025-10-03
C01614,Alex Smirnov,Saint Petersburg,Regular,2025-05-29
C01615,Alex Ivanov,Perm,Regular,2025-07-17
C01616,Ivan Popova,Moscow,New,2025-08-29
C01617,Olga Morozova,Moscow,Regular,2024-09-25
C01618,Maria Volkov,Yekaterinburg,Regular,2024-02-15
C01619,Pavel Volkova,Samara,New,2024-09-03
C01620,Anna Morozov,Moscow,Regular,2025-07-05
C01621,Ivan Ivanov,,VIP,2025-08-18
C01622,Roman Volkov,Novosibirsk,Regular,2025-01-10
C01623,Maxim Petrova,Omsk,Regular,2025-07-22
C01624,Alina Smirnov,Moscow,New,2024-02-24
C01625,Daria Morozov,Saint Petersburg,VIP,2025-04-15
C01626,Nikita Petrov,Tomsk,New,2025-05-10
C01627,Irina Sokolova,Saint Petersburg,Regular,2025-01-05
C01628,Ivan Kuznetsova,Moscow,New,2025-06-07
C01629,Artem Volkova,Moscow,Regular,2024-12-24
C01630,Alex Sokolova,Saint Petersburg,VIP,2025-01-17
C01631,Pavel Smirnova,Saint Petersburg,Regular,2025-03-16
C01632,Daria Kuznetsov,Perm,Regular,2025-08-02
C01633,Daria Petrov,Yekaterinburg,New,2024-06-30
C01634,Roman Smirnov,Kazan,Regular,2024-08-07
C01635,Nikita Ivanov,Samara,Regular,2024-11-01
C01636,Ivan Popov,Saint Petersburg,New,2024-05-27
C01637,Elena Morozov,Saint Petersburg,Regular,2024-08-31
C01638,Maria Smirnova,Ufa,Regular,2024-09-13
C01639,Artem Popova,Moscow,Regular,2024-08-17
C01640,Elena Volkov,Kazan,Regular,2024-10-26
C01641,Ivan Sokolov,Tomsk,New,2025-01-03
C01642,Maria Volkova,Moscow,Regular,2025-05-23
C01643,Olga Popova,Saint Petersburg,New,2024-08-09
C01644,Pavel Sokolov,Moscow,New,2025-09-09
C01645,Kirill Volkova,Moscow,New,2024-12-15
C01646,Pavel Sokolova,Saint Petersburg,New,2025-06-10
C01647,Sofia Morozov,,New,2024-03-24
C01648,Pavel Sokolova,Omsk,Regular,2024-05-07
C01649,Pavel Petrova,Ufa,New,2024-11-27
C01650,Anna Popov,Omsk,New,2024-09-24
C01651,Alex Popova,Moscow,New,2024-12-28
C01652,Irina Sokolova,Moscow,Regular,2024-04-25
C01653,Artem Smirnova,Moscow,New,2024-12-11
C01654,Olga Sokolov,Moscow,New,2025-05-16
C01655,Roman Volkov,Samara,Regular,2025-06-15
C01656,Roman Morozov,Saint Petersburg,New,2024-06-30
C01657,Maxim Ivanova,Moscow,VIP,2024-09-08
C01658,Maria Popova,Perm,New,2025-01-18
C01659,Nikita Ivanova,Saint Petersburg,New,2025-01-13
C01660,Pavel Popova,Moscow,New,2025-08-01
C01661,Anna Ivanova,Moscow,Regular,2024-10-11
C01662,Daria Morozova,Yekaterinburg,New,2025-05-04
C01663,Nikita Petrov,Omsk,Regular,2025-10-07
C01664,Olga Kuznetsova,Moscow,New,2024-08-05
C01665,Maxim Petrov,Ufa,Regular,2025-08-23
C01666,Irina Smirnova,Perm,New,2024-08-30
C01667,Maria Petrov,Perm,New,2024-09-01
C01668,Ivan Popov,Moscow,New,2025-04-21
C01669,Pavel Sokolov,Moscow,Regular,2025-03-29
C01670,Olga Smirnov,Perm,New,2025-02-05
C01671,Artem Kuznetsov,Saint Petersburg,VIP,2024-06-17
C01672,Alina Sokolova,Yekaterinburg,Regular,2024-03-11
C01673,Maxim Ivanova,Tomsk,VIP,2025-10-25
C01674,Daria Morozova,Moscow,New,2025-09-30
C01675,Olga Popova,Omsk,Regular,2025-10-09
C01676,Anna Sokolova,Ufa,Regular,2025-01-09
C01677,Elena Kuznetsov,Kazan,Regular,2025-10-07
C01678,Maria Volkov,Saint Petersburg,VIP,2024-12-11
C01679,Alex Petrova,Perm,Regular,2024-02-25
C01680,Maria Kuznetsova,Novosibirsk,Regular,2024-05-24
C01681,Anna Petrova,Tomsk,Regular,2024-07-17
C01682,Elena Sokolov,Omsk,New,2024-10-02
C01683,Kirill Volkov,Tomsk,Regular,2025-11-16
C01684,Elena Ivanov,Moscow,Regular,2024-08-30
C01685,Artem Volkova,Moscow,VIP,2025-03-23
C01686,Alina Ivanova,Moscow,Regular,2024-07-16
C01687,Ivan Sokolov,Novosibirsk,New,2025-04-14
C01688,Elena Ivanov,Novosibirsk,New,2025-02-18
C01689,Olga Sokolov,Yekaterinburg,New,2024-04-19
C01690,Elena Kuznetsova,Saint Petersburg,Regular,2024-12-03
C01691,Ivan Kuznetsova,Omsk,New,2024-03-17
C01692,Elena Morozov,Ufa,Regular,2025-10-11
C01693,Alina Popova,Moscow,Regular,2025-05-29
C01694,Alex Popova,Tomsk,Regular,2025-11-18
C01695,Nikita Sokolov,Kazan,New,2025-10-01
C01696,Ivan Sokolova,Novosibirsk,Regular,2024-06-09
C01697,Maria Morozov,Moscow,New,2025-05-31
C01698,Alina Morozov,Omsk,Regular,2024-03-14
C01699,Pavel Morozova,Samara,New,2025-12-02
C01700,Anna Ivanova,Kazan,New,2025-07-27
C01701,Sofia Kuznetsova,Ufa,New,2025-05-11
C01702,Artem Volkova,Samara,Regular,2025-12-27
C01703,Sofia Smirnova,Saint Petersburg,New,2025-09-10
C01704,Elena Ivanov,Yekaterinburg,Regular,2025-09-22
C01705,Daria Popov,Saint Petersburg,Regular,2024-03-14
C01706,Ivan Ivanov,Samara,Regular,2024-01-18
C01707,Kirill Petrova,Moscow,New,2025-12-02
C01708,Elena Sokolova,Saint Petersburg,New,2024-07-02
C01709,Maria Petrov,Perm,New,2024-11-07
C01710,Nikita Smirnov,Moscow,New,2024-02-01
C01711,Roman Kuznetsova,Omsk,Regular,2025-03-30
C01712,Elena Petrova,Saint Petersburg,New,2025-08-22
C01713,Anna Volkova,Samara,New,2025-09-06
C01714,Irina Smirnov,Ufa,New,2025-02-28
C01715,Nikita Popov,Saint Petersburg,Regular,2025-04-27
C01716,Alex Smirnova,Tomsk,New,2025-01-10
C01717,Nikita Smirnov,Saint Petersburg,Regular,2024-11-21
C01718,Irina Kuznetsova,Yekaterinburg,New,2025-02-08
C01719,Maxim Volkov,Kazan,VIP,2025-11-14
C01720,Kirill Ivanov,Omsk,Regular,2024-07-03
C01721,Maxim Morozov,Moscow,New,2024-12-09
C01722,Roman Sokolova,Moscow,New,2025-03-15
C01723,Elena Volkova,Kazan,New,2025-02-20
C01724,Maria Sokolova,Novosibirsk,New,2024-01-23
C01725,Elena Sokolov,Novosibirsk,New,2024-07-28
C01726,Artem Popov,Moscow,Regular,2025-04-16
C01727,Irina Volkov,Saint Petersburg,Regular,2025-05-21
C01728,Nikita Ivanova,Perm,New,2025-06-20
C01729,Olga Morozov,Moscow,Regular,2025-12-24
C01730,Artem Kuznetsova,Saint Petersburg,New,2025-05-06
C01731,Roman Popov,Samara,VIP,2025-02-27
C01732,Maria Smirnova,Moscow,New,2024-08-30
C01733,Alex Smirnov,Tomsk,Regular,2024-09-27
C01734,Anna Morozova,Moscow,Regular,2025-08-26
C01735,Pavel Kuznetsova,Perm,New,2024-12-08
C01736,Roman Morozova,Tomsk,New,2025-06-06
C01737,Artem Kuznetsov,Ufa,New,2024-03-31
C01738,Maxim Volkova,Moscow,Regular,2024-04-03
C01739,Maria Ivanova,Novosibirsk,Regular,2024-06-06
C01740,Irina Morozov,Tomsk,Regular,2024-05-22
C01741,Artem Sokolova,Moscow,Regular,2025-03-19
C01742,Sofia Morozov,Moscow,Regular,2025-04-10
C01743,Pavel Morozova,Moscow,New,2025-02-11
C01744,Pavel Ivanov,Samara,Regular,2024-07-30
C01745,Maria Morozova,Kazan,Regular,2025-02-24
C01746,Maxim Volkov,Yekaterinburg,New,2024-03-28
C01747,Daria Smirnova,Tomsk,Regular,2024-12-11
C01748,Kirill Popov,Novosibirsk,New,2024-04-23
C01749,Kirill Smirnova,Saint Petersburg,New,2024-02-26
C01750,Artem Popov,Saint Petersburg,Regular,2024-04-30
C01751,Pavel Kuznetsova,Yekaterinburg,New,2024-03-22
C01752,Artem Ivanova,Moscow,New,2024-12-14
C01753,Elena Volkov,Ufa,New,2025-02-02
C01754,Roman Petrova,Omsk,Regular,2025-03-19
C01755,Anna Smirnova,Saint Petersburg,Regular,2024-11-16
C01756,Ivan Popova,Yekaterinburg,New,2024-05-08
C01757,Kirill Smirnov,Moscow,New,2024-01-16
C01758,Nikita Petrova,Samara,New,2025-06-04
C01759,Daria Popov,Ufa,VIP,2025-12-18
C01760,Pavel Morozov,Ufa,New,2024-07-24
C01761,Nikita Popov,Saint Petersburg,VIP,2024-05-29
C01762,Elena Kuznetsova,Moscow,Regular,2024-08-15
C01763,Daria Ivanova,Moscow,New,2024-06-05
C01764,Pavel Kuznetsov,Moscow,Regular,2024-06-12
C01765,Ivan Kuznetsov,Moscow,Regular,2024-12-27
C01766,Elena Petrova,Moscow,Regular,2025-07-27
C01767,Irina Morozov,Samara,New,2025-06-03
C01768,Olga Sokolov,Moscow,Regular,2025-12-01
C01769,Elena Ivanov,Moscow,Regular,2024-09-17
C01770,Alina Popova,Omsk,Regular,2024-12-25
C01771,Elena Volkov,Yekaterinburg,VIP,2024-10-04
C01772,Alina Popov,Tomsk,New,2024-01-31
C01773,Alina Smirnov,Yekaterinburg,Regular,2024-10-10
C01774,Elena Sokolov,Ufa,Regular,2024-07-09
C01775,Maria Kuznetsova,Yekaterinburg,New,2024-12-15
C01776,Kirill Popov,Novosibirsk,New,2024-04-25
C01777,Olga Morozov,Kazan,New,2025-06-25
C01778,Anna Petrova,Saint Petersburg,Regular,2025-09-07
C01779,Roman Morozov,Saint Petersburg,New,2025-12-02
C01780,Irina Sokolova,,Regular,2024-03-02
C01781,Olga Kuznetsova,Moscow,New,2024-03-26
C01782,Maxim Smirnov,Omsk,New,2025-12-06
C01783,Maxim Sokolov,Moscow,Regular,2025-09-11
C01784,Daria Ivanov,Moscow,New,2025-03-05
C01785,Maxim Smirnov,Moscow,Regular,2024-08-22
C01786,Ivan Popov,Perm,New,2025-01-12
C01787,Olga Volkova,Saint Petersburg,VIP,2025-01-26
C01788,Roman Petrov,Kazan,New,2025-09-10
C01789,Pavel Popova,Perm,VIP,2025-01-21
C01790,Alina Popova,Moscow,Regular,2024-01-21
C01791,Ivan Kuznetsov,Tomsk,New,2025-05-25
C01792,Olga Sokolova,Saint Petersburg,New,2025-07-21
C01793,Pavel Kuznetsova,Moscow,New,2024-08-05
C01794,Nikita Morozov,Kazan,Regular,2024-03-26
C01795,Roman Petrov,Ufa,Regular,2024-04-13
C01796,Roman Ivanova,Moscow,New,2025-09-05
C01797,Elena Ivanova,Novosibirsk,New,2024-11-22
C01798,Maxim Volkova,Moscow,Regular,2025-01-21
C01799,Maria Petrova,Novosibirsk,Regular,2025-12-02
C01800,Alina Ivanov,Yekaterinburg,Regular,2024-02-14
C01801,Irina Petrov,Yekaterinburg,New,2024-05-30
C01802,Alex Volkova,Yekaterinburg,Regular,2025-08-31
C01803,Maria Petrov,Moscow,VIP,2025-01-29
C01804,Alina Petrova,Kazan,New,2024-01-20
C01805,Nikita Popov,Kazan,New,2025-05-28
C01806,Elena Morozova,Kazan,New,2024-04-11
C01807,Maxim Morozova,Moscow,Regular,2025-07-24
C01808,Ivan Petrova,Saint Petersburg,New,2025-08-05
C01809,Maxim Volkov,Saint Petersburg,VIP,2025-08-24
C01810,Roman Smirnov,Moscow,Regular,2024-12-05
C01811,Maria Ivanova,Moscow,Regular,2024-07-14
C01812,Alex Popova,Saint Petersburg,Regular,2025-10-05
C01813,Kirill Morozova,Tomsk,New,2025-02-11
C01814,Nikita Popova,Moscow,Regular,2025-04-08
C01815,Alina Petrov,Omsk,New,2024-04-09
C01816,Kirill Sokolova,Novosibirsk,Regular,2025-03-31
C01817,Sofia Sokolova,Tomsk,VIP,2025-02-27
C01818,Irina Kuznetsova,Saint Petersburg,Regular,2024-08-01
C01819,Maxim Petrova,Novosibirsk,Regular,2025-07-13
C01820,Roman Ivanov,Yekaterinburg,New,2024-04-07
C01821,Alex Volkova,Ufa,Regular,2025-06-09
C01822,Irina Ivanov,Novosibirsk,Regular,2025-12-02
C01823,Anna Smirnov,Novosibirsk,Regular,2025-02-18
C01824,Kirill Volkova,Yekaterinburg,New,2024-03-17
C01825,Maria Volkova,Tomsk,New,2025-02-07
C01826,Pavel Petrova,Moscow,Regular,2025-01-21
C01827,Ivan Morozov,Novosibirsk,New,2025-02-07
C01828,Nikita Smirnova,Novosibirsk,Regular,2024-07-17
C01829,Pavel Morozova,Ufa,Regular,2025-04-02
C01830,Irina Smirnova,Novosibirsk,VIP,2024-07-11
C01831,Irina Sokolov,Saint Petersburg,New,2025-02-11
C01832,Maxim Smirnova,Samara,VIP,2025-03-10
C01833,Nikita Morozova,Saint Petersburg,New,2025-04-16
C01834,Alina Smirnov,Moscow,New,2025-08-05
C01835,Pavel Kuznetsov,Moscow,Regular,2025-10-06
C01836,Ivan Popova,Moscow,New,2025-07-21
C01837,Artem Ivanova,Moscow,New,2025-08-03
C01838,Elena Kuznetsov,Saint Petersburg,New,2025-09-26
C01839,Kirill Morozova,Tomsk,Regular,2024-06-26
C01840,Daria Petrova,Tomsk,Regular,2024-08-01
C01841,Pavel Volkov,Moscow,New,2025-01-24
C01842,Elena Volkov,Novosibirsk,New,2024-12-05
C01843,Alex Petrov,Moscow,Regular,2025-05-27
C01844,Anna Kuznetsov,Samara,New,2024-01-07
C01845,Kirill Morozov,Moscow,Regular,2024-04-11
C01846,Maria Petrov,Yekaterinburg,VIP,2025-06-29
C01847,Alina Smirnov,Saint Petersburg,Regular,2025-08-23
C01848,Sofia Kuznetsova,Yekaterinburg,Regular,2024-08-08
C01849,Irina Ivanova,Saint Petersburg,Regular,2024-08-14
C01850,Sofia Popova,Tomsk,Regular,2025-02-13
C01851,Alina Sokolov,Moscow,New,2024-12-14
C01852,Elena Popova,Ufa,New,2024-05-03
C01853,Roman Smirnova,Novosibirsk,Regular,2024-12-31
C01854,Olga Ivanova,Tomsk,New,2025-08-21
C01855,Kirill Smirnov,Perm,Regular,2025-06-16
C01856,Maria Smirnova,Samara,Regular,2025-08-19
C01857,Sofia Petrova,Moscow,VIP,2025-04-14
C01858,Irina Ivanov,Moscow,New,2025-10-02
C01859,Sofia Morozova,Moscow,Regular,2024-07-01
C01860,Alex Sokolov,Moscow,Regular,2024-02-03
C01861,Maxim Popov,Yekaterinburg,New,2024-03-24
C01862,Maxim Sokolov,Samara,Regular,2025-12-25
C01863,Pavel Ivanova,Samara,Regular,2025-04-12
C01864,Maxim Kuznetsova,Novosibirsk,VIP,2024-06-29
C01865,Anna Smirnova,Yekaterinburg,Regular,2025-09-15
C01866,Maria Smirnova,Perm,New,2024-08-13
C01867,Nikita Kuznetsova,Ufa,New,2025-03-12
C01868,Ivan Petrov,Moscow,Regular,2024-07-01
C01869,Sofia Petrov,Novosibirsk,New,2024-03-10
C01870,Kirill Volkov,Perm,New,2024-07-14
C01871,Maxim Ivanova,Saint Petersburg,New,2024-06-15
C01872,Artem Sokolova,Saint Petersburg,New,2025-02-07
C01873,Daria Volkova,Samara,Regular,2024-01-16
C01874,Maxim Petrov,Samara,New,2024-06-24
C01875,Olga Petrov,Ufa,Regular,2025-02-18
C01876,Nikita Ivanova,Omsk,New,2024-10-14
C01877,Olga Kuznetsova,Moscow,Regular,2025-04-09
C01878,Maria Ivanova,Saint Petersburg,New,2025-04-23
C01879,Maxim Smirnova,Novosibirsk,Regular,2025-12-05
C01880,Ivan Popova,Novosibirsk,New,2025-09-02
C01881,Nikita Popova,Novosibirsk,Regular,2024-06-15
C01882,Roman Volkova,Yekaterinburg,New,2025-05-20
C01883,Irina Sokolova,Saint Petersburg,New,2025-04-02
C01884,Daria Ivanov,Tomsk,New,2025-03-09
C01885,Alina Kuznetsova,Saint Petersburg,Regular,2025-08-06
C01886,Irina Petrova,Saint Petersburg,VIP,2024-04-17
C01887,Kirill Smirnova,Moscow,New,2024-09-30
C01888,Ivan Smirnova,Moscow,New,2025-08-18
C01889,Alex Kuznetsova,Perm,Regular,2025-10-13
C01890,Alina Morozov,Saint Petersburg,Regular,2024-01-28
C01891,Pavel Kuznetsov,Moscow,New,2024-12-10
C01892,Olga Morozova,Tomsk,Regular,2024-07-11
C01893,Elena Petrov,Novosibirsk,Regular,2024-05-02
C01894,Sofia Popova,Moscow,Regular,2024-02-11
C01895,Pavel Morozov,Saint Petersburg,New,2025-01-27
C01896,Kirill Smirnov,Moscow,New,2025-05-02
C01897,Ivan Volkova,Kazan,New,2025-01-22
C01898,Nikita Smirnov,Moscow,Regular,2024-09-25
C01899,Roman Sokolova,Moscow,New,2025-07-17
C01900,Anna Smirnov,Moscow,Regular,2025-04-20
C01901,Daria Morozova,Yekaterinburg,Regular,2025-10-25
C01902,Roman Ivanov,Moscow,Regular,2024-09-10
C01903,Nikita Volkova,Perm,New,2024-06-23
C01904,Pavel Morozov,Moscow,New,2024-11-28
C01905,Kirill Popov,Yekaterinburg,New,2025-01-05
C01906,Nikita Petrov,Saint Petersburg,Regular,2024-11-30
C01907,Artem Kuznetsova,Saint Petersburg,VIP,2025-08-30
C01908,Irina Smirnova,Moscow,New,2024-02-03
C01909,Alex Volkova,Omsk,Regular,2025-01-20
C01910,Alina Ivanov,Ufa,New,2024-11-10
C01911,Sofia Smirnova,Moscow,New,2024-06-02
C01912,Anna Ivanova,Moscow,New,2025-04-12
C01913,Maxim Popova,Ufa,Regular,2025-08-07
C01914,Maria Ivanov,Novosibirsk,New,2025-02-02
C01915,Artem Volkova,Moscow,New,2024-03-03
C01916,Nikita Volkov,Moscow,Regular,2024-02-24
C01917,Daria Petrov,Kazan,Regular,2024-11-03
C01918,Olga Popov,Kazan,New,2025-05-02
C01919,Sofia Volkov,Yekaterinburg,New,2024-08-16
C01920,Nikita Ivanova,Samara,Regular,2024-08-13
C01921,Daria Sokolova,Novosibirsk,New,2025-09-19
C01922,Olga Popov,Saint Petersburg,New,2024-01-11
C01923,Irina Sokolova,Saint Petersburg,Regular,2024-02-28
C01924,Olga Morozov,Saint Petersburg,New,2024-04-23
C01925,Nikita Petrova,Moscow,Regular,2025-12-19
C01926,Daria Morozov,Moscow,New,2024-12-29
C01927,Daria Smirnova,Saint Petersburg,New,2024-04-25
C01928,Alex Kuznetsov,Kazan,New,2024-08-14
C01929,Daria Petrova,Moscow,New,2025-12-08
C01930,Alina Kuznetsov,Saint Petersburg,New,2025-05-21
C01931,Maxim Morozov,Yekaterinburg,New,2024-06-12
C01932,Kirill Petrova,Yekaterinburg,VIP,2024-06-24
C01933,Maria Smirnov,Tomsk,Regular,2024-02-24
C01934,Elena Ivanov,Omsk,New,2025-07-18
C01935,Alex Sokolova,Kazan,Regular,2024-04-10
C01936,Maxim Volkov,Moscow,Regular,2024-07-28
C01937,Nikita Smirnova,Saint Petersburg,Regular,2024-09-11
C01938,Alex Volkov,Yekaterinburg,New,2025-03-29
C01939,Daria Volkov,Moscow,New,2025-03-18
C01940,Nikita Kuznetsov,Moscow,New,2025-08-06
C01941,Artem Morozov,Moscow,New,2024-08-05
C01942,Anna Volkova,Saint Petersburg,New,2024-10-08
C01943,Kirill Sokolova,Saint Petersburg,Regular,2024-10-10
C01944,Daria Smirnova,Moscow,VIP,2024-02-04
C01945,Alex Popova,Omsk,New,2025-06-22
C01946,Olga Sokolova,Ufa,New,2025-01-25
C01947,Irina Kuznetsov,Moscow,New,2024-12-13
C01948,Elena Morozova,Ufa,Regular,2025-12-27
C01949,Roman Smirnov,Moscow,Regular,2024-05-10
C01950,Elena Morozov,Ufa,New,2025-12-08
C01951,Artem Morozov,Samara,Regular,2025-05-11
C01952,Alina Sokolova,Moscow,VIP,2024-06-10
C01953,Roman Ivanova,Tomsk,Regular,2025-05-10
C01954,Daria Petrova,Samara,Regular,2025-07-05
C01955,Olga Sokolova,Ufa,Regular,2024-09-21
C01956,Olga Petrova,Samara,New,2024-09-08
C01957,Olga Petrova,Novosibirsk,New,2025-09-01
C01958,Irina Ivanov,Moscow,Regular,2024-04-26
C01959,Irina Volkov,Perm,New,2024-01-10
C01960,Anna Petrov,Yekaterinburg,Regular,2025-05-01
C01961,Sofia Popova,Yekaterinburg,New,2025-10-23
C01962,Kirill Morozov,Saint Petersburg,New,2024-12-31
C01963,Artem Sokolova,Yekaterinburg,New,2024-04-08
C01964,Daria Sokolov,Moscow,VIP,2025-01-28
C01965,Olga Sokolova,Tomsk,New,2024-07-02
C01966,Alex Sokolova,Moscow,New,2025-08-26
C01967,Pavel Popov,Kazan,New,2025-03-22
C01968,Sofia Morozova,Perm,Regular,2024-09-02
C01969,Maxim Volkov,Saint Petersburg,VIP,2025-03-31
C01970,Olga Kuznetsova,Novosibirsk,New,2025-05-01
C01971,Anna Popova,Saint Petersburg,VIP,2025-05-10
C01972,Roman Volkova,Samara,New,2024-09-24
C01973,Elena Sokolova,Tomsk,Regular,2025-02-20
C01974,Artem Petrova,Saint Petersburg,New,2024-02-01
C01975,Elena Smirnova,Moscow,Regular,2024-10-21
C01976,Artem Volkova,Moscow,Regular,2024-10-02
C01977,Anna Sokolov,Saint Petersburg,Regular,2025-01-25
C01978,Roman Kuznetsov,Samara,New,2025-11-24
C01979,Maria Sokolov,Tomsk,Regular,2025-11-27
C01980,Daria Morozov,Moscow,VIP,2024-12-18
C01981,Maxim Kuznetsov,Perm,New,2025-04-16
C01982,Elena Sokolov,Saint Petersburg,Regular,2024-03-20
C01983,Olga Ivanov,Perm,Regular,2024-12-18
C01984,Artem Morozova,Moscow,New,2025-05-17
C01985,Sofia Petrov,Yekaterinburg,Regular,2025-05-13
C01986,Roman Ivanov,Ufa,New,2025-12-04
C01987,Alina Ivanova,Moscow,Regular,2024-12-06
C01988,Anna Kuznetsova,Kazan,New,2025-10-24
C01989,Anna Volkov,Samara,New,2025-12-15
C01990,Alina Smirnov,Moscow,Regular,2025-02-21
C01991,Roman Kuznetsov,Moscow,Regular,2024-03-07
C01992,Elena Volkova,Kazan,Regular,2024-10-01
C01993,Roman Ivanov,Saint Petersburg,VIP,2025-07-12
C01994,Alex Sokolov,Moscow,New,2025-02-27
C01995,Nikita Ivanov,Saint Petersburg,New,2025-11-14
C01996,Maxim Popova,Tomsk,New,2025-08-18
C01997,Roman Morozov,Moscow,New,2024-02-16
C01998,Irina Kuznetsov,Saint Petersburg,Regular,2025-09-20
C01999,Artem Ivanov,Perm,Regular,2024-09-17
C02000,Ivan Kuznetsov,Novosibirsk,Regular,2025-08-20
C02001,Maxim Volkova,Perm,New,2025-01-05
C02002,Elena Morozova,Saint Petersburg,New,2024-11-28
C02003,Kirill Sokolova,Samara,Regular,2024-02-22
C02004,Elena Popova,Kazan,New,2024-03-27
C02005,Maxim Smirnov,Moscow,New,2025-03-10
C02006,Maria Sokolova,Ufa,New,2025-02-19
C02007,Maxim Ivanova,Novosibirsk,New,2025-02-09
C02008,Sofia Volkova,Moscow,New,2024-04-24
C02009,Artem Sokolov,Moscow,Regular,2025-01-07
C02010,Sofia Smirnova,Kazan,New,2024-02-14
C02011,Alex Morozova,Moscow,Regular,2024-04-15
C02012,Nikita Smirnova,Moscow,Regular,2024-12-30
C02013,Maria Volkov,Moscow,Regular,2025-03-26
C02014,Maxim Petrov,Saint Petersburg,New,2025-04-23
C02015,Maria Sokolova,Saint Petersburg,New,2025-12-17
C02016,Artem Popov,Novosibirsk,New,2025-09-15
C02017,Anna Popova,Moscow,New,2024-10-04
C02018,Ivan Popova,Moscow,New,2025-07-25
C02019,Maria Morozova,Yekaterinburg,Regular,2024-03-10
C02020,Irina Petrova,Saint Petersburg,New,2025-09-17
C02021,Nikita Morozova,Kazan,New,2024-10-09
C02022,Anna Sokolova,Moscow,New,2025-07-08
C02023,Sofia Ivanov,Moscow,Regular,2025-12-09
C02024,Maxim Kuznetsov,Moscow,Regular,2025-05-28
C02025,Maxim Volkov,Saint Petersburg,Regular,2025-11-02
C02026,Alina Ivanova,Saint Petersburg,Regular,2024-01-08
C02027,Sofia Smirnova,Omsk,Regular,2024-05-04
C02028,Ivan Kuznetsov,Saint Petersburg,Regular,2025-04-02
C02029,Nikita Ivanov,Novosibirsk,New,2025-01-29
C02030,Daria Popova,Yekaterinburg,Regular,2024-03-28
C02031,Kirill Volkov,Moscow,Regular,2025-06-08
C02032,Anna Ivanov,Novosibirsk,New,2024-02-12
C02033,Irina Sokolov,Saint Petersburg,Regular,2025-12-24
C02034,Elena Smirnova,Saint Petersburg,Regular,2024-04-24
C02035,Ivan Smirnov,Moscow,Regular,2024-11-21
C02036,Elena Ivanov,Omsk,New,2025-08-24
C02037,Alex Popov,Samara,Regular,2025-01-10
C02038,Maxim Morozov,Moscow,Regular,2025-06-27
C02039,Daria Smirnov,Yekaterinburg,New,2025-05-28
C02040,Kirill Popov,Tomsk,New,2025-11-23
C02041,Anna Morozov,Moscow,New,2024-12-04
C02042,Elena Ivanov,Omsk,New,2025-12-15
C02043,Sofia Volkov,Yekaterinburg,VIP,2025-01-12
C02044,Daria Morozova,Ufa,Regular,2025-10-14
C02045,Pavel Sokolov,Samara,New,2025-06-18
C02046,Nikita Ivanova,Moscow,New,2024-04-07
C02047,Alex Morozova,Saint Petersburg,VIP,2025-04-14
C02048,Ivan Smirnova,Novosibirsk,New,2025-10-03
C02049,Maxim Smirnov,Moscow,Regular,2024-04-03
C02050,Sofia Sokolova,Saint Petersburg,New,2025-09-04
C02051,Artem Smirnov,Samara,New,2024-03-17
C02052,Nikita Popova,Moscow,Regular,2025-09-27
C02053,Alex Sokolova,Saint Petersburg,New,2025-07-29
C02054,Alina Morozov,Perm,Regular,2024-04-20
C02055,Alina Morozova,Saint Petersburg,New,2025-06-14
C02056,Daria Ivanov,,Regular,2024-03-26
C02057,Alina Morozova,Samara,Regular,2025-02-18
C02058,Alina Morozova,Saint Petersburg,Regular,2025-11-05
C02059,Nikita Volkova,Moscow,New,2024-05-30
C02060,Elena Kuznetsova,Moscow,Regular,2024-05-06
C02061,Sofia Morozov,Samara,VIP,2024-11-04
C02062,Anna Petrova,Moscow,New,2024-09-26
C02063,Artem Kuznetsov,Novosibirsk,New,2024-02-05
C02064,Pavel Morozov,,Regular,2024-11-28
C02065,Alex Morozov,Saint Petersburg,New,2024-07-08
C02066,Irina Ivanov,Ufa,Regular,2024-03-31
C02067,Maxim Morozova,Novosibirsk,Regular,2024-07-20
C02068,Olga Petrova,Samara,New,2024-01-16
C02069,Roman Morozov,Moscow,Regular,2025-10-29
C02070,Maria Kuznetsov,Novosibirsk,Regular,2025-12-26
C02071,Maxim Sokolova,Perm,New,2024-09-25
C02072,Kirill Kuznetsova,Saint Petersburg,Regular,2025-10-01
C02073,Kirill Smirnov,Moscow,New,2024-12-02
C02074,Anna Ivanova,Perm,New,2025-10-28
C02075,Alina Volkov,Saint Petersburg,Regular,2024-05-06
C02076,Elena Smirnov,Novosibirsk,New,2024-07-26
C02077,Nikita Ivanov,Samara,Regular,2025-06-24
C02078,Irina Ivanov,Moscow,New,2024-06-09
C02079,Daria Ivanov,Saint Petersburg,Regular,2025-08-24
C02080,Artem Smirnov,Moscow,New,2024-11-06
C02081,Nikita Sokolova,Saint Petersburg,Regular,2024-10-21
C02082,Artem Sokolov,Moscow,Regular,2024-11-26
C02083,Alina Sokolov,Kazan,Regular,2025-08-05
C02084,Nikita Kuznetsov,Moscow,VIP,2024-01-05
C02085,Maxim Ivanov,Kazan,Regular,2025-07-02
C02086,Kirill Sokolova,Moscow,Regular,2025-07-22
C02087,Olga Morozova,Saint Petersburg,Regular,2025-08-22
C02088,Elena Ivanov,Saint Petersburg,VIP,2025-12-28
C02089,Daria Sokolov,Kazan,Regular,2025-07-25
C02090,Maxim Popova,Saint Petersburg,Regular,2025-01-20
C02091,Olga Volkova,Saint Petersburg,New,2024-12-06
C02092,Artem Ivanova,Perm,Regular,2024-10-10
C02093,Irina Sokolov,Yekaterinburg,Regular,2025-08-26
C02094,Artem Volkova,Moscow,New,2024-10-13
C02095,Pavel Morozov,Ufa,New,2025-02-22
C02096,Ivan Ivanov,Saint Petersburg,VIP,2024-03-11
C02097,Maria Volkov,Moscow,New,2024-08-19
C02098,Elena Sokolova,Novosibirsk,New,2024-07-13
C02099,Maria Popova,Moscow,New,2024-11-13
C02100,Alex Morozov,Moscow,New,2025-01-01
C02101,Elena Popov,Tomsk,Regular,2025-06-07
C02102,Pavel Ivanov,Moscow,VIP,2024-11-11
C02103,Nikita Kuznetsov,Omsk,VIP,2024-04-19
C02104,Alex Kuznetsov,Ufa,Regular,2025-02-01
C02105,Anna Sokolov,Yekaterinburg,Regular,2024-02-09
C02106,Elena Kuznetsov,Kazan,New,2025-09-11
C02107,Alina Sokolova,Kazan,Regular,2025-07-16
C02108,Ivan Kuznetsov,Samara,New,2024-06-13
C02109,Pavel Morozov,Saint Petersburg,New,2024-07-11
C02110,Kirill Smirnova,Moscow,VIP,2024-01-21
C02111,Maxim Petrov,Novosibirsk,Regular,2024-09-23
C02112,Kirill Volkova,Novosibirsk,New,2024-01-28
C02113,Irina Smirnov,Moscow,Regular,2025-11-14
C02114,Roman Volkov,Yekaterinburg,New,2024-04-07
C02115,Sofia Smirnova,Moscow,New,2025-04-26
C02116,Irina Smirnov,Ufa,New,2025-02-20
C02117,Daria Smirnov,Moscow,New,2024-06-21
C02118,Pavel Petrov,Moscow,Regular,2025-08-12
C02119,Alex Volkov,Moscow,New,2024-03-20
C02120,Alex Popov,Moscow,Regular,2025-10-09
C02121,Nikita Popov,Moscow,New,2025-06-24
C02122,Roman Sokolova,Moscow,VIP,2025-04-08
C02123,Irina Ivanova,Moscow,Regular,2025-10-04
C02124,Olga Morozova,Moscow,Regular,2024-10-21
C02125,Alex Smirnova,Saint Petersburg,New,2024-07-24
C02126,Alina Sokolova,Saint Petersburg,Regular,2024-04-22
C02127,Maxim Kuznetsova,Saint Petersburg,Regular,2025-11-05
C02128,Elena Smirnova,Saint Petersburg,New,2024-10-20
C02129,Artem Petrova,Moscow,New,2025-08-28
C02130,Anna Volkov,Moscow,New,2024-08-30
C02131,Sofia Kuznetsova,Moscow,New,2025-11-28
C02132,Alex Volkova,Tomsk,New,2025-09-27
C02133,Sofia Volkov,Samara,New,2024-08-12
C02134,Ivan Morozova,Ufa,New,2024-12-21
C02135,Daria Petrov,Novosibirsk,Regular,2025-08-02
C02136,Kirill Volkova,Novosibirsk,New,2024-06-14
C02137,Olga Sokolova,Saint Petersburg,New,2024-01-18
C02138,Anna Petrova,Tomsk,Regular,2024-07-29
C02139,Nikita Smirnov,Tomsk,New,2025-03-07
C02140,Artem Popov,Perm,New,2024-04-09
C02141,Alex Popov,Ufa,New,2024-08-31
C02142,Olga Sokolova,Saint Petersburg,New,2025-11-01
C02143,Kirill Sokolov,Tomsk,New,2024-02-24
C02144,Ivan Kuznetsov,Omsk,New,2024-02-06
C02145,Artem Morozova,Saint Petersburg,New,2024-11-05
C02146,Sofia Popov,Ufa,VIP,2024-01-10
C02147,Ivan Kuznetsov,Moscow,VIP,2024-01-21
C02148,Roman Ivanov,Samara,New,2024-05-13
C02149,Olga Petrov,Tomsk,New,2024-03-15
C02150,Anna Ivanova,Moscow,New,2025-08-14
C02151,Olga Kuznetsov,Kazan,Regular,2024-03-30
C02152,Ivan Morozov,Moscow,Regular,2025-01-17
C02153,Anna Morozov,Tomsk,New,2025-05-29
C02154,Artem Petrov,Omsk,New,2025-04-01
C02155,Anna Sokolov,Yekaterinburg,New,2025-04-22
C02156,Ivan Morozova,Perm,Regular,2024-09-18
C02157,Anna Kuznetsov,Moscow,Regular,2025-10-10
C02158,Alina Sokolov,Moscow,New,2024-02-20
C02159,Roman Volkov,Saint Petersburg,Regular,2024-03-19
C02160,Daria Sokolova,Moscow,New,2025-09-16
C02161,Maxim Volkov,Saint Petersburg,Regular,2024-02-19
C02162,Daria Ivanov,Moscow,VIP,2024-05-20
C02163,Sofia Sokolov,Saint Petersburg,New,2024-05-06
C02164,Daria Ivanov,Saint Petersburg,New,2024-01-25
C02165,Ivan Ivanov,Perm,Regular,2024-03-26
C02166,Roman Popova,Moscow,New,2025-02-22
C02167,Sofia Sokolova,Ufa,Regular,2025-04-27
C02168,Olga Petrov,Saint Petersburg,New,2024-03-01
C02169,Elena Popov,Saint Petersburg,Regular,2025-11-18
C02170,Kirill Ivanov,Novosibirsk,New,2024-03-10
C02171,Artem Popova,Saint Petersburg,New,2025-05-16
C02172,Pavel Ivanova,Moscow,New,2025-08-07
C02173,Olga Petrova,Novosibirsk,New,2025-01-15
C02174,Anna Sokolova,Moscow,New,2024-12-24
C02175,Elena Petrov,Saint Petersburg,Regular,2024-03-20
C02176,Alex Volkova,Novosibirsk,New,2024-06-25
C02177,Kirill Ivanova,Saint Petersburg,New,2025-09-12
C02178,Daria Smirnova,Omsk,New,2024-09-11
C02179,Olga Ivanova,Moscow,New,2024-01-26
C02180,Artem Popova,Samara,Regular,2025-06-16
C02181,Pavel Sokolov,Omsk,VIP,2025-05-14
C02182,Ivan Morozov,Samara,New,2024-02-18
C02183,Nikita Popov,Perm,Regular,2024-02-07
C02184,Maria Smirnov,Moscow,Regular,2024-03-26
C02185,Sofia Volkova,Novosibirsk,VIP,2024-02-07
C02186,Maria Ivanov,Moscow,New,2025-03-25
C02187,Maxim Smirnova,Omsk,New,2024-04-06
C02188,Artem Sokolova,Yekaterinburg,New,2025-03-19
C02189,Alina Ivanov,Moscow,Regular,2024-05-08
C02190,Maxim Ivanova,Ufa,Regular,2025-12-10
C02191,Elena Morozova,Moscow,New,2025-06-13
C02192,Maxim Popov,Novosibirsk,New,2024-09-30
C02193,Daria Petrova,Kazan,Regular,2024-11-08
C02194,Alina Popov,Moscow,Regular,2024-02-17
C02195,Elena Popova,Yekaterinburg,New,2024-02-10
C02196,Artem Volkov,Omsk,Regular,2025-01-27
C02197,Ivan Smirnov,Moscow,New,2024-01-17
C02198,Irina Petrova,Novosibirsk,New,2025-04-10
C02199,Elena Ivanov,Moscow,Regular,2024-10-06
C02200,Artem Petrov,Kazan,Regular,2024-04-11
C02201,Alina Kuznetsov,Moscow,VIP,2025-01-26
C02202,Maria Popova,Ufa,New,2025-02-07
C02203,Elena Morozova,Ufa,New,2025-06-28
C02204,Roman Smirnov,Moscow,New,2024-05-24
C02205,Anna Sokolova,Saint Petersburg,New,2025-02-03
C02206,Alex Kuznetsova,Yekaterinburg,New,2025-09-08
C02207,Maxim Morozova,Kazan,New,2024-07-16
C02208,Anna Petrova,Saint Petersburg,New,2025-09-01
C02209,Artem Volkova,Moscow,New,2025-06-12
C02210,Nikita Smirnova,,New,2024-11-09
C02211,Daria Sokolova,Samara,Regular,2025-10-06
C02212,Artem Smirnova,Saint Petersburg,New,2025-12-06
C02213,Pavel Petrova,Perm,Regular,2024-06-21
C02214,Maria Kuznetsov,Novosibirsk,VIP,2025-12-16
C02215,Olga Kuznetsova,Ufa,Regular,2024-01-02
C02216,Olga Morozov,Moscow,New,2024-04-04
C02217,Daria Smirnov,Moscow,New,2024-02-01
C02218,Nikita Popov,Ufa,Regular,2024-09-25
C02219,Alina Ivanova,Samara,Regular,2025-11-14
C02220,Maxim Kuznetsov,Saint Petersburg,New,2025-03-14
C02221,Olga Ivanov,Saint Petersburg,New,2025-03-26
C02222,Maria Morozov,Saint Petersburg,Regular,2024-03-02
C02223,Kirill Petrov,Saint Petersburg,New,2025-01-11
C02224,Artem Popova,Moscow,Regular,2024-10-06
C02225,Irina Kuznetsov,Ufa,New,2024-12-15
C02226,Pavel Popov,Moscow,New,2024-07-09
C02227,Alex Sokolova,Kazan,Regular,2024-05-27
C02228,Sofia Volkova,Moscow,New,2025-11-25
C02229,Kirill Petrov,Moscow,Regular,2025-02-11
C02230,Alex Kuznetsov,Kazan,New,2024-10-27
C02231,Kirill Ivanova,Saint Petersburg,New,2024-02-23
C02232,Maxim Sokolova,Kazan,VIP,2025-07-10
C02233,Anna Kuznetsov,Moscow,New,2024-12-10
C02234,Daria Smirnov,Samara,New,2024-10-09
C02235,Sofia Volkov,Tomsk,VIP,2025-05-01
C02236,Alina Morozov,Perm,Regular,2024-04-06
C02237,Olga Petrov,Moscow,Regular,2025-01-24
C02238,Pavel Sokolov,Saint Petersburg,New,2025-09-22
C02239,Pavel Kuznetsova,Saint Petersburg,New,2024-12-04
C02240,Elena Smirnova,Novosibirsk,Regular,2024-01-01
C02241,Maria Volkova,Moscow,New,2024-06-16
C02242,Irina Petrova,Moscow,New,2024-02-10
C02243,Alina Kuznetsova,Saint Petersburg,Regular,2024-12-31
C02244,Artem Popova,Moscow,New,2024-09-23
C02245,Elena Petrova,Saint Petersburg,New,2024-04-06
C02246,Maxim Morozov,Moscow,New,2025-05-16
C02247,Alex Petrova,Moscow,New,2024-05-08
C02248,Nikita Morozova,Yekaterinburg,Regular,2024-09-06
C02249,Sofia Ivanova,Saint Petersburg,Regular,2025-12-22
C02250,Alina Morozov,Saint Petersburg,New,2024-02-18
C02251,Sofia Popov,Novosibirsk,New,2024-06-29
C02252,Maria Kuznetsov,Tomsk,Regular,2024-08-20
C02253,Roman Kuznetsov,Saint Petersburg,New,2025-01-06
C02254,Maria Ivanov,Yekaterinburg,Regular,2024-06-27
C02255,Maria Smirnova,Samara,VIP,2025-12-09
C02256,Ivan Smirnova,Novosibirsk,Regular,2024-01-04
C02257,Alina Kuznetsova,Ufa,New,2025-11-23
C02258,Elena Morozova,Omsk,VIP,2025-01-25
C02259,Maxim Popova,Moscow,New,2024-01-28
C02260,Alina Morozova,Saint Petersburg,VIP,2024-03-26
C02261,Irina Sokolov,Kazan,Regular,2024-03-16
C02262,Elena Kuznetsov,Samara,Regular,2024-07-28
C02263,Kirill Sokolov,Saint Petersburg,VIP,2024-08-31
C02264,Elena Sokolova,Moscow,Regular,2025-04-13
C02265,Irina Volkov,Novosibirsk,New,2024-08-15
C02266,Pavel Sokolova,Moscow,New,2025-06-13
C02267,Kirill Kuznetsov,Tomsk,Regular,2024-08-02
C02268,Pavel Smirnov,Novosibirsk,Regular,2024-07-11
C02269,Nikita Sokolov,,New,2024-07-20
C02270,Roman Smirnov,Perm,Regular,2024-08-28
C02271,Daria Popova,Yekaterinburg,Regular,2025-09-03
C02272,Maxim Ivanov,Yekaterinburg,New,2024-06-29
C02273,Nikita Popov,Tomsk,New,2024-07-18
C02274,Kirill Volkov,Perm,New,2025-11-29
C02275,Anna Petrova,Perm,New,2025-04-22
C02276,Ivan Ivanova,Moscow,New,2024-05-19
C02277,Olga Petrov,Novosibirsk,New,2025-09-25
C02278,Anna Petrov,Moscow,New,2024-05-13
C02279,Daria Popova,Perm,New,2024-04-28
C02280,Pavel Ivanova,Yekaterinburg,Regular,2024-11-20
C02281,Alex Volkova,Saint Petersburg,New,2025-05-19
C02282,Elena Petrova,Moscow,VIP,2024-05-18
C02283,Kirill Kuznetsov,Saint Petersburg,VIP,2025-07-03
C02284,Olga Volkova,Kazan,Regular,2024-04-24
C02285,Alex Kuznetsov,Moscow,VIP,2025-07-24
C02286,Daria Morozova,Moscow,Regular,2024-03-10
C02287,Alex Petrov,Ufa,New,2024-12-05
C02288,Sofia Volkov,,Regular,2025-04-12
C02289,Alina Smirnova,Moscow,New,2024-07-12
C02290,Pavel Morozov,Moscow,Regular,2025-03-22
C02291,Irina Morozov,Samara,Regular,2025-05-17
C02292,Elena Petrov,Kazan,New,2025-04-19
C02293,Maria Volkov,Yekaterinburg,New,2024-10-16
C02294,Sofia Petrova,Saint Petersburg,VIP,2025-07-18
C02295,Pavel Kuznetsov,Moscow,New,2025-06-18
C02296,Roman Sokolov,Moscow,New,2024-08-26
C02297,Elena Morozova,Kazan,New,2025-06-19
C02298,Anna Volkov,Moscow,New,2025-11-01
C02299,Maria Petrov,Moscow,Regular,2025-08-19
C02300,Maria Smirnov,Kazan,Regular,2025-06-19
C02301,Olga Smirnov,Samara,New,2025-07-13
C02302,Daria Volkova,Tomsk,New,2025-08-10
C02303,Maria Volkov,Saint Petersburg,New,2024-07-30
C02304,Kirill Smirnova,Novosibirsk,New,2025-06-10
C02305,Daria Sokolov,Saint Petersburg,Regular,2024-05-25
C02306,Ivan Volkov,Saint Petersburg,Regular,2024-09-18
C02307,Olga Volkova,Novosibirsk,New,2025-11-13
C02308,Pavel Smirnova,Saint Petersburg,Regular,2024-07-25
C02309,Artem Petrova,Yekaterinburg,New,2025-09-07
C02310,Maxim Ivanov,Ufa,Regular,2024-11-04
C02311,Sofia Volkov,Samara,Regular,2024-06-02
C02312,Roman Volkova,Moscow,Regular,2024-03-11
C02313,Olga Morozov,Saint Petersburg,Regular,2025-02-04
C02314,Alina Morozov,Moscow,VIP,2024-11-25
C02315,Maxim Popova,Saint Petersburg,New,2025-01-08
C02316,Daria Morozova,Moscow,New,2024-02-01
C02317,Sofia Ivanov,Moscow,New,2024-07-14
C02318,Roman Smirnov,Tomsk,Regular,2024-01-03
C02319,Sofia Kuznetsova,Novosibirsk,Regular,2024-08-08
C02320,Roman Sokolov,Ufa,Regular,2025-11-10
C02321,Nikita Kuznetsov,Moscow,Regular,2024-04-21
C02322,Alina Smirnov,Moscow,New,2025-05-18
C02323,Nikita Ivanova,Saint Petersburg,Regular,2024-01-05
C02324,Ivan Sokolova,Moscow,Regular,2025-02-14
C02325,Nikita Popov,Moscow,New,2025-11-03
C02326,Olga Popov,Samara,New,2024-09-06
C02327,Maria Morozova,Moscow,New,2024-05-23
C02328,Alina Kuznetsov,Moscow,New,2025-02-20
C02329,Olga Smirnova,Yekaterinburg,Regular,2024-07-22
C02330,Elena Petrova,Novosibirsk,VIP,2025-10-12
C02331,Daria Volkova,Yekaterinburg,Regular,2025-09-11
C02332,Ivan Ivanova,Saint Petersburg,New,2025-04-21
C02333,Pavel Kuznetsova,Omsk,Regular,2025-04-11
C02334,Ivan Popov,Moscow,Regular,2025-03-15
C02335,Artem Ivanova,Saint Petersburg,New,2025-06-20
C02336,Pavel Popova,Kazan,Regular,2024-12-01
C02337,Alina Popova,Perm,New,2025-12-08
C02338,Alex Morozov,Saint Petersburg,New,2024-09-09
C02339,Olga Ivanova,Novosibirsk,New,2024-01-07
C02340,Maxim Petrova,Moscow,New,2025-05-24
C02341,Alex Sokolova,Moscow,Regular,2025-04-28
C02342,Maria Petrov,Moscow,New,2025-12-17
C02343,Alina Ivanov,Kazan,New,2024-10-15
C02344,Maria Popov,Moscow,New,2024-11-06
C02345,Anna Smirnova,Kazan,New,2025-02-14
C02346,Maxim Ivanov,Moscow,New,2024-10-13
C02347,Nikita Kuznetsova,Perm,New,2025-07-26
C02348,Anna Petrov,Perm,Regular,2024-11-08
C02349,Maxim Morozova,Moscow,New,2025-07-26
C02350,Maxim Kuznetsova,Moscow,Regular,2024-11-06
C02351,Pavel Morozov,Moscow,New,2024-06-13
C02352,Sofia Sokolova,Perm,Regular,2025-12-24
C02353,Alina Popov,Moscow,Regular,2025-01-19
C02354,Anna Petrova,Novosibirsk,New,2025-05-30
C02355,Daria Petrov,Saint Petersburg,New,2025-03-07
C02356,Pavel Morozov,Omsk,VIP,2024-09-19
C02357,Maxim Sokolova,Novosibirsk,New,2025-12-10
C02358,Anna Kuznetsov,Novosibirsk,Regular,2024-09-28
C02359,Nikita Kuznetsov,Samara,New,2025-12-25
C02360,Ivan Morozova,Moscow,New,2024-11-10
C02361,Alex Petrova,Perm,Regular,2024-01-17
C02362,Alex Volkov,Moscow,Regular,2024-01-27
C02363,Anna Ivanov,Saint Petersburg,New,2025-12-11
C02364,Daria Volkova,Ufa,Regular,2025-01-20
C02365,Pavel Volkov,Kazan,Regular,2024-10-09
C02366,Olga Smirnova,,New,2025-08-15
C02367,Maxim Morozova,Moscow,New,2025-03-26
C02368,Roman Morozova,Saint Petersburg,New,2025-04-27
C02369,Olga Sokolov,Saint Petersburg,New,2025-05-15
C02370,Ivan Smirnov,Novosibirsk,Regular,2024-05-24
C02371,Kirill Volkova,Saint Petersburg,New,2024-03-05
C02372,Alina Volkova,Saint Petersburg,New,2025-06-15
C02373,Alina Volkova,Saint Petersburg,Regular,2024-01-16
C02374,Ivan Volkova,Moscow,Regular,2025-06-09
C02375,Roman Volkova,Saint Petersburg,Regular,2024-04-04
C02376,Irina Smirnov,Moscow,Regular,2024-07-10
C02377,Sofia Kuznetsova,Perm,New,2025-05-31
C02378,Irina Smirnov,Yekaterinburg,Regular,2025-03-30
C02379,Olga Ivanova,Moscow,New,2025-07-24
C02380,Pavel Sokolov,Kazan,New,2025-03-21
C02381,Roman Petrov,Perm,New,2024-02-04
C02382,Kirill Ivanov,Moscow,Regular,2025-09-05
C02383,Olga Popova,Moscow,Regular,2024-06-06
C02384,Elena Volkova,Moscow,New,2024-04-09
C02385,Irina Ivanova,Moscow,Regular,2025-10-03
C02386,Alex Morozova,Tomsk,Regular,2024-05-22
C02387,Daria Morozova,Samara,New,2025-01-26
C02388,Anna Kuznetsov,Moscow,Regular,2024-12-20
C02389,Sofia Morozov,Tomsk,New,2025-07-15
C02390,Olga Morozov,Moscow,VIP,2024-02-02
C02391,Nikita Sokolova,Yekaterinburg,New,2024-03-18
C02392,Maxim Morozov,Tomsk,New,2024-10-30
C02393,Artem Volkova,Saint Petersburg,New,2024-12-11
C02394,Irina Popova,Moscow,New,2025-07-29
C02395,Daria Petrova,Yekaterinburg,Regular,2025-03-18
C02396,Roman Ivanova,Samara,Regular,2024-04-18
C02397,Alex Sokolov,Moscow,New,2025-12-15
C02398,Daria Popova,Moscow,Regular,2024-12-01
C02399,Alina Smirnova,Moscow,Regular,2025-12-05
C02400,Irina Popov,Novosibirsk,Regular,2025-12-23
C02401,Artem Smirnov,Yekaterinburg,Regular,2024-02-07
C02402,Kirill Morozova,Omsk,New,2025-01-04
C02403,Roman Volkov,Tomsk,New,2024-11-04
C02404,Maria Volkov,Ufa,Regular,2024-12-29
C02405,Pavel Volkov,Omsk,Regular,2024-08-14
C02406,Maria Kuznetsova,Moscow,Regular,2025-02-11
C02407,Kirill Popov,Novosibirsk,Regular,2024-12-25
C02408,Maria Morozova,Moscow,New,2024-05-15
C02409,Maxim Petrova,Saint Petersburg,Regular,2024-07-29
C02410,Maxim Petrova,Ufa,New,2024-04-17
C02411,Alina Petrov,Kazan,New,2025-09-07
C02412,Kirill Volkov,Samara,New,2025-05-09
C02413,Ivan Petrov,Saint Petersburg,New,2024-10-09
C02414,Kirill Sokolova,Novosibirsk,VIP,2024-10-15
C02415,Roman Petrov,Novosibirsk,New,2024-02-27
C02416,Maria Volkova,Moscow,Regular,2024-07-30
C02417,Kirill Popov,Moscow,Regular,2025-11-05
C02418,Sofia Kuznetsova,Novosibirsk,Regular,2024-01-23
C02419,Irina Volkova,Moscow,VIP,2024-04-16
C02420,Maxim Sokolov,Ufa,New,2025-09-09
C02421,Pavel Popov,Moscow,New,2025-01-14
C02422,Anna Sokolova,Moscow,New,2024-01-24
C02423,Kirill Popova,Tomsk,New,2024-12-23
C02424,Kirill Smirnova,Moscow,Regular,2025-07-01
C02425,Alex Smirnov,Ufa,New,2024-09-08
C02426,Irina Kuznetsova,Kazan,New,2024-10-05
C02427,Sofia Kuznetsova,Moscow,New,2025-04-05
C02428,Kirill Kuznetsov,Kazan,Regular,2025-03-13
C02429,Sofia Volkov,Yekaterinburg,Regular,2025-10-21
C02430,Irina Volkov,Tomsk,New,2024-06-29
C02431,Maxim Petrova,Omsk,Regular,2024-07-20
C02432,Irina Smirnov,Kazan,Regular,2024-04-23
C02433,Olga Sokolova,Yekaterinburg,Regular,2025-04-30
C02434,Olga Sokolova,Saint Petersburg,New,2025-01-24
C02435,Maria Sokolov,Kazan,Regular,2024-09-10
C02436,Ivan Petrov,Samara,New,2025-05-22
C02437,Kirill Petrov,Yekaterinburg,New,2024-10-01
C02438,Irina Kuznetsova,Kazan,Regular,2024-05-22
C02439,Olga Popova,Saint Petersburg,Regular,2025-01-29
C02440,Anna Ivanov,Tomsk,New,2024-11-14
C02441,Anna Popov,Samara,Regular,2024-10-22
C02442,Artem Morozov,Moscow,New,2024-11-20
C02443,Anna Morozov,Moscow,Regular,2025-10-29
C02444,Daria Popova,Novosibirsk,VIP,2024-06-06
C02445,Artem Popov,Novosibirsk,Regular,2024-07-20
C02446,Roman Popov,Yekaterinburg,Regular,2025-02-16
C02447,Sofia Ivanova,Moscow,Regular,2024-02-04
C02448,Daria Ivanov,Saint Petersburg,Regular,2024-04-16
C02449,Alina Petrova,Yekaterinburg,Regular,2025-02-17
C02450,Irina Volkova,Yekaterinburg,Regular,2025-01-07
C02451,Maria Kuznetsov,Kazan,New,2025-04-21
C02452,Maria Volkova,Kazan,Regular,2024-03-23
C02453,Maria Petrov,Yekaterinburg,New,2025-09-15
C02454,Pavel Smirnova,Omsk,VIP,2024-12-20
C02455,Maria Kuznetsova,Yekaterinburg,New,2024-04-23
C02456,Roman Sokolova,,New,2024-08-15
C02457,Irina Petrov,Yekaterinburg,Regular,2024-06-15
C02458,Irina Popov,Moscow,New,2024-11-26
C02459,Nikita Petrova,Moscow,New,2024-12-08
C02460,Sofia Petrov,Novosibirsk,Regular,2024-11-12
C02461,Pavel Kuznetsov,Perm,New,2024-12-02
C02462,Maxim Smirnova,Kazan,New,2025-10-24
C02463,Roman Smirnova,Moscow,Regular,2025-12-01
C02464,Ivan Morozov,Yekaterinburg,New,2024-12-23
C02465,Olga Kuznetsova,Moscow,New,2025-12-04
C02466,Alex Smirnov,Tomsk,New,2025-08-20
C02467,Roman Popova,Omsk,New,2025-08-21
C02468,Alina Petrova,Yekaterinburg,New,2024-06-13
C02469,Elena Smirnova,Yekaterinburg,New,2024-11-16
C02470,Artem Petrov,Saint Petersburg,Regular,2024-09-14
C02471,Roman Smirnov,Saint Petersburg,Regular,2024-03-11
C02472,Alex Kuznetsov,Perm,New,2024-02-24
C02473,Olga Morozov,Kazan,New,2025-03-30
C02474,Artem Morozov,Novosibirsk,Regular,2024-11-03
C02475,Irina Morozova,Saint Petersburg,Regular,2025-08-25
C02476,Ivan Popova,Moscow,New,2025-05-03
C02477,Anna Kuznetsova,Moscow,New,2024-03-03
C02478,Anna Popov,Moscow,New,2025-09-03
C02479,Elena Popova,Saint Petersburg,Regular,2024-12-28
C02480,Roman Sokolov,Samara,VIP,2025-02-17
C02481,Maria Smirnov,Novosibirsk,VIP,2025-12-05
C02482,Nikita Popova,Moscow,New,2025-04-12
C02483,Anna Popova,Moscow,New,2024-01-17
C02484,Ivan Ivanov,Saint Petersburg,New,2024-05-09
C02485,Sofia Petrov,Omsk,New,2024-11-07
C02486,Ivan Smirnov,Saint Petersburg,New,2024-01-28
C02487,Anna Kuznetsova,Tomsk,Regular,2024-05-02
C02488,Pavel Smirnov,Omsk,New,2025-07-31
C02489,Maxim Ivanova,Moscow,VIP,2024-04-14
C02490,Irina Popova,Yekaterinburg,New,2024-05-01
C02491,Pavel Smirnov,Samara,New,2025-01-03
C02492,Artem Morozov,Saint Petersburg,Regular,2024-03-07
C02493,Maria Volkova,Moscow,Regular,2024-07-05
C02494,Artem Volkova,Ufa,New,2025-11-15
C02495,Kirill Smirnov,Ufa,Regular,2025-04-05
C02496,Kirill Sokolov,Novosibirsk,New,2025-12-04
C02497,Maria Petrov,Novosibirsk,New,2024-09-15
C02498,Pavel Ivanova,Moscow,New,2025-03-25
C02499,Alina Smirnov,Omsk,New,2024-06-23
C02500,Nikita Smirnova,Novosibirsk,Regular,2024-10-03
C00171,Anna Popova,Moscow,Regular,2024-02-29
C02226,Pavel Popov,Moscow,New,2024-07-09
C02451,Maria Kuznetsov,Kazan,New,2025-04-21
C00998,Pavel Sokolov,Moscow,Regular,2024-01-18
C00241,Artem Morozova,Omsk,New,2025-05-23
C00433,Nikita Sokolov,,Regular,2024-06-26
C00475,Elena Popov,Moscow,Regular,2024-10-15
C00922,Alina Sokolova,Perm,New,2025-05-15
C00064,Nikita Petrov,Tomsk,Regular,2025-09-13
C02219,Alina Ivanova,Samara,Regular,2025-11-14
C01969,Maxim Volkov,Saint Petersburg,VIP,2025-03-31
C01043,Maria Smirnova,Kazan,Regular,2024-07-27
