line_id,order_id,product_id,quantity,unit_price,discount_pct
L0000001,O000001,P0180,2,52.22,0.0
L0000002,O000001,P0170,2,254.85,0.0
L0000003,O000001,P0021,3,71.03,0.0
L0000004,O000001,P0087,2,97.26,0.0
L0000005,O000002,P0016,2,60.22,0.0
L0000006,O000002,P0153,3,136.91,0.0
L0000007,O000002,P0180,2,52.22,0.0
L0000008,O000002,P0012,3,50.68,0.2
L0000009,O000003,P0057,2,58.77,0.05
L0000010,O000003,P0086,3,15.03,0.0
L0000011,O000003,P0001,3,256.68,0.0
L0000012,O000003,P0127,2,94.92,0.0
L0000013,O000004,P0177,3,295.0,0.0
L0000014,O000004,P0068,2,285.98,0.0
L0000015,O000004,P0163,3,233.9,0.0
L0000016,O000004,P0131,2,11.87,0.15
L0000017,O000005,P0091,3,304.84,0.05
L0000018,O000005,P0138,3,91.75,0.0
L0000019,O000005,P0084,3,259.34,0.0
L0000020,O000006,P0049,3,267.57,0.0
L0000021,O000006,P0019,1,86.97,0.0
L0000022,O000007,P0038,2,187.4,0.05
L0000023,O000007,P0105,3,66.7,0.0
L0000024,O000007,P0094,3,209.36,0.0
L0000025,O000007,P0014,3,127.49,0.0
L0000026,O000008,P0165,2,122.23,0.05
L0000027,O000008,P0046,3,341.88,0.0
L0000028,O000008,P0062,2,150.85,0.1
L0000029,O000008,P0066,2,300.18,0.0
L0000030,O000009,P0017,1,180.99,0.0
L0000031,O000009,P0102,2,183.42,0.0
L0000032,O000010,P0005,2,199.77,0.0
L0000033,O000010,P0012,2,53.85,0.15
L0000034,O000010,P0100,1,66.48,0.2
L0000035,O000011,P0109,2,252.67,0.15
L0000036,O000011,P0053,1,242.91,0.05
L0000037,O000011,P0051,3,56.78,0.1
L0000038,O000012,P0017,3,180.99,0.0
L0000039,O000012,P0131,1,13.96,0.0
L0000040,O000012,P0024,3,168.57,0.0
L0000041,O000013,P0130,1,35.93,0.1
L0000042,O000014,P0092,1,308.09,0.0
L0000043,O000014,P0023,1,133.79,0.15
L0000044,O000014,P0116,2,314.4,0.05
L0000045,O000015,P0139,1,284.51,0.0
L0000046,O000015,P0137,2,45.79,0.1
L0000047,O000015,P0105,3,63.37,0.05
L0000048,O000015,P0012,2,57.02,0.1
L0000049,O000016,P0002,2,238.02,0.1
L0000050,O000016,P0082,1,92.41,0.0
L0000051,O000016,P0050,1,198.45,0.0
L0000052,O000017,P0116,3,330.95,0.0
L0000053,O000017,P0079,1,145.32,0.0
L0000054,O000017,P0010,3,103.37,0.0
L0000055,O000017,P0084,1,259.34,0.0
L0000056,O000018,P0025,1,110.1,0.2
L0000057,O000018,P0062,3,150.85,0.1
L0000058,O000018,P0169,2,103.57,0.0
L0000059,O000019,P0111,2,272.98,0.1
L0000060,O000020,P0145,1,88.13,0.1
L0000061,O000020,P0118,3,218.87,0.0
L0000062,O000020,P0025,3,130.75,0.05
L0000063,O000021,P0141,2,303.19,0.05
L0000064,O000021,P0041,2,66.24,0.15
L0000065,O000022,P0047,1,46.52,0.15
L0000066,O000022,P0050,3,198.45,0.0
L0000067,O000022,P0178,1,188.55,0.15
L0000068,O000023,P0050,3,198.45,0.0
L0000069,O000023,P0175,2,57.87,0.05
L0000070,O000024,P0036,1,52.13,0.0
L0000071,O000025,P0108,1,185.15,0.0
L0000072,O000025,P0131,2,13.96,0.0
L0000073,O000025,P0128,2,268.61,0.05
L0000074,O000026,P0177,3,295.0,0.0
L0000075,O000026,P0066,3,270.16,0.1
L0000076,O000026,P0023,1,141.66,0.1
L0000077,O000026,P0176,1,223.57,0.0
L0000078,O000027,P0041,1,77.93,0.0
L0000079,O000028,P0077,2,240.42,0.2
L0000080,O000028,P0177,2,265.5,0.1
L0000081,O000029,P0032,2,156.15,0.0
L0000082,O000029,P0123,2,288.69,0.0
L0000083,O000029,P0099,2,339.39,0.0
L0000084,O000030,P0082,2,92.41,0.0
L0000085,O000030,P0057,3,61.86,0.0
L0000086,O000030,P0153,3,136.91,0.0
L0000087,O000031,P0034,1,181.72,0.0
L0000088,O000032,P0052,3,178.05,0.05
L0000089,O000032,P0053,1,255.69,0.0
L0000090,O000032,P0177,3,250.75,0.15
L0000091,O000033,P0102,3,183.42,0.0
L0000092,O000034,P0098,2,80.03,0.0
L0000093,O000035,P0066,1,285.17,0.05
L0000094,O000035,P0003,1,257.7,0.05
L0000095,O000035,P0167,3,162.27,0.0
L0000096,O000035,P0021,1,56.82,0.2
L0000097,O000036,P0046,3,341.88,0.0
L0000098,O000036,P0126,1,288.27,0.05
L0000099,O000036,P0029,1,203.55,0.1
L0000100,O000036,P0173,2,168.15,0.05
L0000101,O000037,P0145,1,97.92,0.0
L0000102,O000037,P0122,3,305.43,0.1
L0000103,O000038,P0120,3,215.39,0.0
L0000104,O000038,P0127,1,94.92,0.0
L0000105,O000039,P0164,2,275.47,0.05
L0000106,O000040,P0170,1,242.11,0.05
L0000107,O000040,P0083,1,240.32,0.1
L0000108,O000040,P0178,1,177.46,0.2
L0000109,O000041,P0176,3,223.57,0.0
L0000110,O000041,P0109,2,237.81,0.2
L0000111,O000041,P0140,1,123.48,0.2
L0000112,O000041,P0093,1,21.93,0.0
L0000113,O000042,P0021,3,71.03,0.0
L0000114,O000042,P0156,1,298.56,0.0
L0000115,O000042,P0149,2,40.07,0.05
L0000116,O000043,P0137,1,50.88,0.0
L0000117,O000044,P0075,3,84.94,0.0
L0000118,O000044,P0054,3,206.99,0.1
L0000119,O000044,P0014,1,114.74,0.1
L0000120,O000044,P0013,1,38.39,0.0
L0000121,O000045,P0168,2,287.81,0.0
L0000122,O000045,P0059,1,124.7,0.0
L0000123,O000045,P0177,1,295.0,0.0
L0000124,O000046,P0168,2,259.03,0.1
L0000125,O000046,P0049,1,254.19,0.05
L0000126,O000046,P0131,3,13.96,0.0
L0000127,O000046,P0009,3,280.24,0.0
L0000128,O000047,P0121,3,199.5,0.1
L0000129,O000047,P0022,2,145.84,0.0
L0000130,O000047,P0130,3,39.92,0.0
L0000131,O000047,P0135,3,252.6,0.0
L0000132,O000048,P0037,3,117.7,0.1
L0000133,O000048,P0061,2,15.7,0.0
L0000134,O000049,P0033,1,178.96,0.0
L0000135,O000049,P0054,3,229.99,0.0
L0000136,O000049,P0015,3,61.62,0.0
L0000137,O000049,P0126,1,303.44,0.0
L0000138,O000050,P0158,1,73.76,0.0
L0000139,O000050,P0004,3,37.63,0.0
L0000140,O000050,P0017,3,180.99,0.0
L0000141,O000051,P0068,3,285.98,0.0
L0000142,O000052,P0180,2,52.22,0.0
L0000143,O000052,P0082,3,92.41,0.0
L0000144,O000053,P0011,1,77.91,0.0
L0000145,O000053,P0180,2,47.0,0.1
L0000146,O000054,P0139,1,241.83,0.15
L0000147,O000054,P0084,1,220.44,0.15
L0000148,O000054,P0041,2,77.93,0.0
L0000149,O000055,P0021,2,60.38,0.15
L0000150,O000055,P0013,3,38.39,0.0
L0000151,O000055,P0019,1,86.97,0.0
L0000152,O000056,P0054,1,183.99,0.2
L0000153,O000057,P0121,1,221.67,0.0
L0000154,O000057,P0035,1,127.08,0.0
L0000155,O000058,P0180,1,52.22,0.0
L0000156,O000058,P0036,3,46.92,0.1
L0000157,O000058,P0167,3,162.27,0.0
L0000158,O000059,P0060,2,248.17,0.1
L0000159,O000059,P0103,2,101.73,0.0
L0000160,O000059,P0062,3,167.61,0.0
L0000161,O000060,P0129,2,127.39,0.0
L0000162,O000061,P0136,1,41.55,0.1
L0000163,O000062,P0045,3,308.07,0.0
L0000164,O000063,P0092,2,292.69,0.05
L0000165,O000064,P0159,3,133.69,0.0
L0000166,O000064,P0073,3,263.38,0.0
L0000167,O000065,P0138,1,91.75,0.0
L0000168,O000065,P0015,3,61.62,0.0
L0000169,O000065,P0028,3,162.51,0.0
L0000170,O000065,P0160,3,141.12,0.1
L0000171,O000066,P0175,3,54.83,0.1
L0000172,O000066,P0145,3,97.92,0.0
L0000173,O000066,P0040,1,236.27,0.05
L0000174,O000067,P0067,1,177.25,0.0
L0000175,O000067,P0061,3,15.7,0.0
L0000176,O000067,P0023,1,157.4,0.0
L0000177,O000068,P0078,1,334.26,0.0
L0000178,O000068,P0053,1,255.69,0.0
L0000179,O000068,P0174,2,215.24,0.0
L0000180,O000069,P0070,1,241.83,0.0
L0000181,O000069,P0063,1,148.61,0.0
L0000182,O000070,P0117,2,244.09,0.0
L0000183,O000070,P0058,1,308.29,0.0
L0000184,O000070,P0166,2,188.88,0.05
L0000185,O000070,P0089,1,12.19,0.0
L0000186,O000071,P0145,1,88.13,0.1
L0000187,O000072,P0030,3,177.24,0.0
L0000188,O000072,P0148,1,123.95,0.0
L0000189,O000072,P0007,2,228.72,0.1
L0000190,O000073,P0115,3,162.76,0.0
L0000191,O000073,P0054,3,229.99,0.0
L0000192,O000073,P0111,2,288.14,0.05
L0000193,O000074,P0131,1,13.96,0.0
L0000194,O000074,P0166,2,198.82,0.0
L0000195,O000074,P0031,2,231.38,0.15
L0000196,O000075,P0127,2,90.17,0.05
L0000197,O000075,P0079,3,138.05,0.05
L0000198,O000076,P0105,1,60.03,0.1
L0000199,O000077,P0019,2,86.97,0.0
L0000200,O000077,P0042,3,107.66,0.0
L0000201,O000077,P0128,1,268.61,0.05
L0000202,O000078,P0056,2,331.8,0.0
L0000203,O000078,P0028,1,130.01,0.2
L0000204,O000079,P0062,1,167.61,0.0
L0000205,O000079,P0105,3,53.36,0.2
L0000206,O000080,P0168,2,287.81,0.0
L0000207,O000080,P0125,3,96.0,0.0
L0000208,O000080,P0119,3,247.16,0.0
L0000209,O000081,P0024,1,143.28,0.15
L0000210,O000082,P0028,2,146.26,0.1
L0000211,O000082,P0001,3,243.85,0.05
L0000212,O000082,P0076,3,89.26,0.1
L0000213,O000082,P0048,3,53.61,0.0
L0000214,O000083,P0045,2,277.26,0.1
L0000215,O000083,P0081,3,23.54,0.0
L0000216,O000083,P0153,1,123.22,0.1
L0000217,O000084,P0151,3,198.86,0.15
L0000218,O000085,P0128,2,282.75,0.0
L0000219,O000085,P0135,1,252.6,0.0
L0000220,O000086,P0102,1,155.91,0.15
L0000221,O000087,P0055,2,12.74,0.1
L0000222,O000087,P0102,2,155.91,0.15
L0000223,O000087,P0066,3,300.18,0.0
L0000224,O000087,P0137,3,40.7,0.2
L0000225,O000088,P0179,1,142.6,0.0
L0000226,O000088,P0121,2,221.67,0.0
L0000227,O000088,P0137,1,45.79,0.1
L0000228,O000089,P0085,1,265.09,0.15
L0000229,O000089,P0034,2,181.72,0.0
L0000230,O000090,P0007,2,254.13,0.0
L0000231,O000091,P0060,2,275.74,0.0
L0000232,O000091,P0001,1,256.68,0.0
L0000233,O000091,P0043,3,249.36,0.0
L0000234,O000092,P0085,3,311.87,0.0
L0000235,O000092,P0083,1,267.02,0.0
L0000236,O000093,P0107,3,313.17,0.0
L0000237,O000093,P0151,2,233.95,0.0
L0000238,O000093,P0010,3,103.37,0.0
L0000239,O000093,P0093,1,19.74,0.1
L0000240,O000094,P0006,3,110.16,0.1
L0000241,O000094,P0062,3,167.61,0.0
L0000242,O000094,P0011,3,62.33,0.2
L0000243,O000094,P0169,1,93.21,0.1
L0000244,O000095,P0051,2,63.09,0.0
L0000245,O000095,P0166,2,198.82,0.0
L0000246,O000096,P0135,3,252.6,0.0
L0000247,O000096,P0157,3,202.2,0.2
L0000248,O000096,P0017,1,144.79,0.2
L0000249,O000097,P0085,1,280.68,0.1
L0000250,O000097,P0122,2,339.37,0.0
L0000251,O000098,P0102,3,174.25,0.05
L0000252,O000098,P0034,1,181.72,0.0
L0000253,O000098,P0012,1,63.35,0.0
L0000254,O000099,P0108,1,185.15,0.0
L0000255,O000099,P0102,3,183.42,0.0
L0000256,O000099,P0072,1,101.55,0.0
L0000257,O000099,P0078,2,334.26,0.0
L0000258,O000100,P0008,3,312.24,0.1
L0000259,O000100,P0067,2,177.25,0.0
L0000260,O000100,P0010,1,98.2,0.05
L0000261,O000101,P0148,2,105.36,0.15
L0000262,O000101,P0089,3,12.19,0.0
L0000263,O000101,P0160,1,156.8,0.0
L0000264,O000102,P0174,2,215.24,0.0
L0000265,O000103,P0154,3,277.51,0.0
L0000266,O000104,P0009,3,280.24,0.0
L0000267,O000104,P0027,2,291.25,0.05
L0000268,O000104,P0101,2,349.83,0.0
L0000269,O000105,P0092,2,246.47,0.2
L0000270,O000105,P0009,1,280.24,0.0
L0000271,O000105,P0141,3,303.19,0.05
L0000272,O000106,P0036,1,52.13,0.0
L0000273,O000106,P0127,3,90.17,0.05
L0000274,O000106,P0147,2,16.1,0.0
L0000275,O000106,P0083,3,253.67,0.05
L0000276,O000107,P0123,3,288.69,0.0
L0000277,O000107,P0167,1,162.27,0.0
L0000278,O000107,P0105,1,66.7,0.0
L0000279,O000107,P0015,2,61.62,0.0
L0000280,O000108,P0137,2,45.79,0.1
L0000281,O000108,P0033,2,152.12,0.15
L0000282,O000108,P0048,2,53.61,0.0
L0000283,O000108,P0114,3,307.4,0.0
L0000284,O000109,P0138,3,91.75,0.0
L0000285,O000109,P0028,1,162.51,0.0
L0000286,O000109,P0014,3,127.49,0.0
L0000287,O000109,P0112,2,34.86,0.0
L0000288,O000110,P0021,1,67.48,0.05
L0000289,O000111,P0006,2,122.4,0.0
L0000290,O000111,P0098,3,80.03,0.0
L0000291,O000111,P0162,2,16.26,0.2
L0000292,O000112,P0170,1,229.37,0.1
L0000293,O000112,P0160,1,156.8,0.0
L0000294,O000112,P0082,1,83.17,0.1
L0000295,O000112,P0070,1,241.83,0.0
L0000296,O000113,P0007,3,203.3,0.2
L0000297,O000114,P0133,2,39.71,0.1
L0000298,O000114,P0008,1,346.93,0.0
L0000299,O000114,P0068,2,285.98,0.0
L0000300,O000114,P0112,1,33.12,0.05
L0000301,O000115,P0103,2,91.56,0.1
L0000302,O000115,P0174,2,182.95,0.15
L0000303,O000115,P0105,1,66.7,0.0
L0000304,O000116,P0143,3,239.62,0.0
L0000305,O000117,P0175,2,60.92,0.0
L0000306,O000117,P0162,2,20.33,0.0
L0000307,O000118,P0024,3,168.57,0.0
L0000308,O000118,P0127,1,90.17,0.05
L0000309,O000118,P0088,1,62.88,0.0
L0000310,O000118,P0151,3,222.25,0.05
L0000311,O000119,P0026,3,53.65,0.1
L0000312,O000119,P0078,2,334.26,0.0
L0000313,O000120,P0153,2,109.53,0.2
L0000314,O000120,P0105,1,66.7,0.0
L0000315,O000121,P0040,2,248.71,0.0
L0000316,O000122,P0034,1,181.72,0.0
L0000317,O000122,P0064,1,321.5,0.0
L0000318,O000122,P0094,3,209.36,0.0
L0000319,O000123,P0143,3,239.62,0.0
L0000320,O000124,P0172,1,42.38,0.15
L0000321,O000124,P0001,3,231.01,0.1
L0000322,O000124,P0057,1,58.77,0.05
L0000323,O000124,P0071,2,87.2,0.2
L0000324,O000125,P0053,1,255.69,0.0
L0000325,O000125,P0145,3,97.92,0.0
L0000326,O000125,P0155,3,109.53,0.1
L0000327,O000125,P0083,3,240.32,0.1
L0000328,O000126,P0175,3,60.92,0.0
L0000329,O000126,P0018,2,175.15,0.0
L0000330,O000126,P0099,1,322.42,0.05
L0000331,O000127,P0064,3,321.5,0.0
L0000332,O000127,P0083,2,253.67,0.05
L0000333,O000127,P0108,1,175.89,0.05
L0000334,O000128,P0075,1,84.94,0.0
L0000335,O000128,P0049,2,227.43,0.15
L0000336,O000128,P0144,1,185.54,0.1
L0000337,O000128,P0099,1,322.42,0.05
L0000338,O000129,P0124,1,58.56,0.15
L0000339,O000129,P0134,1,45.14,0.0
L0000340,O000129,P0155,2,121.7,0.0
L0000341,O000129,P0074,3,182.57,0.0
L0000342,O000130,P0018,2,175.15,0.0
L0000343,O000130,P0045,1,308.07,0.0
L0000344,O000130,P0094,3,209.36,0.0
L0000345,O000131,P0108,3,175.89,0.05
L0000346,O000131,P0132,1,62.67,0.0
L0000347,O000131,P0065,3,126.79,0.1
L0000348,O000132,P0018,1,175.15,0.0
L0000349,O000133,P0131,3,13.96,0.0
L0000350,O000133,P0014,2,114.74,0.1
L0000351,O000133,P0062,2,167.61,0.0
L0000352,O000134,P0122,2,271.5,0.2
L0000353,O000134,P0031,3,272.21,0.0
L0000354,O000134,P0145,2,83.23,0.15
L0000355,O000134,P0131,3,13.26,0.05
L0000356,O000135,P0134,2,45.14,0.0
L0000357,O000135,P0169,2,103.57,0.0
L0000358,O000135,P0091,3,320.88,0.0
L0000359,O000136,P0117,2,244.09,0.0
L0000360,O000137,P0018,3,175.15,0.0
L0000361,O000138,P0103,1,101.73,0.0
L0000362,O000138,P0104,3,24.06,0.05
L0000363,O000138,P0062,2,150.85,0.1
L0000364,O000138,P0113,3,138.3,0.0
L0000365,O000139,P0150,1,289.34,0.1
L0000366,O000140,P0059,2,118.47,0.05
L0000367,O000141,P0118,1,218.87,0.0
L0000368,O000142,P0043,1,249.36,0.0
L0000369,O000142,P0111,2,303.31,0.0
L0000370,O000143,P0180,3,52.22,0.0
L0000371,O000144,P0158,3,73.76,0.0
L0000372,O000145,P0178,2,221.82,0.0
L0000373,O000145,P0124,2,58.56,0.15
L0000374,O000145,P0148,3,123.95,0.0
L0000375,O000146,P0065,1,140.88,0.0
L0000376,O000146,P0147,1,13.69,0.15
L0000377,O000146,P0038,1,187.4,0.05
L0000378,O000147,P0059,2,124.7,0.0
L0000379,O000147,P0049,3,214.06,0.2
L0000380,O000147,P0016,3,60.22,0.0
L0000381,O000148,P0055,3,12.04,0.15
L0000382,O000148,P0024,3,168.57,0.0
L0000383,O000149,P0082,1,78.55,0.15
L0000384,O000149,P0140,3,154.35,0.0
L0000385,O000149,P0059,3,99.76,0.2
L0000386,O000150,P0032,3,156.15,0.0
L0000387,O000151,P0128,3,282.75,0.0
L0000388,O000152,P0015,1,55.46,0.1
L0000389,O000152,P0169,2,88.03,0.15
L0000390,O000152,P0062,1,167.61,0.0
L0000391,O000153,P0179,3,128.34,0.1
L0000392,O000153,P0027,1,306.58,0.0
L0000393,O000153,P0064,1,321.5,0.0
L0000394,O000154,P0079,3,145.32,0.0
L0000395,O000154,P0066,1,255.15,0.15
L0000396,O000154,P0084,1,233.41,0.1
L0000397,O000154,P0018,2,175.15,0.0
L0000398,O000155,P0102,2,174.25,0.05
L0000399,O000155,P0112,3,34.86,0.0
L0000400,O000156,P0139,3,284.51,0.0
L0000401,O000157,P0095,1,263.1,0.05
L0000402,O000158,P0112,3,34.86,0.0
L0000403,O000158,P0148,3,123.95,0.0
L0000404,O000158,P0100,1,70.63,0.15
L0000405,O000158,P0054,3,229.99,0.0
L0000406,O000159,P0018,3,175.15,0.0
L0000407,O000159,P0011,1,77.91,0.0
L0000408,O000159,P0141,2,319.15,0.0
L0000409,O000159,P0098,1,80.03,0.0
L0000410,O000160,P0011,3,77.91,0.0
L0000411,O000160,P0165,2,122.23,0.05
L0000412,O000160,P0093,1,21.93,0.0
L0000413,O000161,P0035,3,120.73,0.05
L0000414,O000161,P0115,2,162.76,0.0
L0000415,O000161,P0123,1,288.69,0.0
L0000416,O000162,P0164,2,246.47,0.15
L0000417,O000162,P0149,3,42.18,0.0
L0000418,O000162,P0083,1,267.02,0.0
L0000419,O000163,P0155,3,109.53,0.1
L0000420,O000163,P0039,2,309.36,0.0
L0000421,O000163,P0180,3,52.22,0.0
L0000422,O000164,P0166,2,169.0,0.15
L0000423,O000164,P0130,1,35.93,0.1
L0000424,O000164,P0115,3,162.76,0.0
L0000425,O000164,P0109,2,297.26,0.0
L0000426,O000165,P0023,1,157.4,0.0
L0000427,O000165,P0071,1,98.1,0.1
L0000428,O000165,P0143,2,239.62,0.0
L0000429,O000165,P0077,2,240.42,0.2
L0000430,O000166,P0057,2,61.86,0.0
L0000431,O000166,P0086,1,12.02,0.2
L0000432,O000166,P0157,2,252.75,0.0
L0000433,O000167,P0079,1,138.05,0.05
L0000434,O000167,P0042,3,102.28,0.05
L0000435,O000167,P0151,1,233.95,0.0
L0000436,O000167,P0068,1,285.98,0.0
L0000437,O000168,P0144,1,206.16,0.0
L0000438,O000168,P0091,1,320.88,0.0
L0000439,O000168,P0128,1,282.75,0.0
L0000440,O000169,P0073,3,250.21,0.05
L0000441,O000169,P0088,1,56.59,0.1
L0000442,O000169,P0097,1,168.55,0.0
L0000443,O000170,P0129,3,127.39,0.0
L0000444,O000171,P0031,1,272.21,0.0
L0000445,O000171,P0046,3,341.88,0.0
L0000446,O000172,P0054,1,206.99,0.1
L0000447,O000172,P0047,2,46.52,0.15
L0000448,O000172,P0091,1,320.88,0.0
L0000449,O000172,P0072,1,101.55,0.0
L0000450,O000173,P0027,3,306.58,0.0
L0000451,O000173,P0128,2,282.75,0.0
L0000452,O000174,P0074,1,164.31,0.1
L0000453,O000175,P0079,3,123.52,0.15
L0000454,O000176,P0174,3,193.72,0.1
L0000455,O000176,P0052,3,187.42,0.0
L0000456,O000176,P0083,2,267.02,0.0
L0000457,O000176,P0127,3,85.43,0.1
L0000458,O000177,P0148,3,123.95,0.0
L0000459,O000177,P0072,2,91.39,0.1
L0000460,O000177,P0155,1,97.36,0.2
L0000461,O000177,P0127,2,80.68,0.15
L0000462,O000178,P0081,1,23.54,0.0
L0000463,O000178,P0002,1,264.47,0.0
L0000464,O000178,P0049,3,267.57,0.0
L0000465,O000178,P0022,2,145.84,0.0
L0000466,O000179,P0112,3,27.89,0.2
L0000467,O000179,P0033,2,152.12,0.15
L0000468,O000179,P0130,2,35.93,0.1
L0000469,O000180,P0117,1,219.68,0.1
L0000470,O000181,P0027,2,260.59,0.15
L0000471,O000181,P0081,2,23.54,0.0
L0000472,O000181,P0031,1,272.21,0.0
L0000473,O000181,P0053,1,230.12,0.1
L0000474,O000182,P0073,2,263.38,0.0
L0000475,O000182,P0110,2,254.79,0.0
L0000476,O000182,P0118,2,196.98,0.1
L0000477,O000182,P0085,3,311.87,0.0
L0000478,O000183,P0059,1,118.47,0.05
L0000479,O000183,P0151,1,233.95,0.0
L0000480,O000184,P0080,3,161.93,0.2
L0000481,O000185,P0169,1,103.57,0.0
L0000482,O000186,P0070,2,241.83,0.0
L0000483,O000186,P0121,3,221.67,0.0
L0000484,O000187,P0101,2,349.83,0.0
L0000485,O000187,P0082,1,87.79,0.05
L0000486,O000188,P0118,2,196.98,0.1
L0000487,O000188,P0134,2,36.11,0.2
L0000488,O000189,P0050,2,168.68,0.15
L0000489,O000189,P0082,2,87.79,0.05
L0000490,O000189,P0169,2,103.57,0.0
L0000491,O000190,P0144,1,195.85,0.05
L0000492,O000190,P0151,1,233.95,0.0
L0000493,O000190,P0039,1,293.89,0.05
L0000494,O000190,P0135,2,252.6,0.0
L0000495,O000191,P0097,3,151.7,0.1
L0000496,O000191,P0023,2,141.66,0.1
L0000497,O000192,P0156,2,298.56,0.0
L0000498,O000192,P0031,2,258.6,0.05
L0000499,O000193,P0105,3,66.7,0.0
L0000500,O000194,P0090,2,135.94,0.0
L0000501,O000195,P0082,3,83.17,0.1
L0000502,O000196,P0088,2,56.59,0.1
L0000503,O000196,P0114,3,245.92,0.2
L0000504,O000196,P0173,1,177.0,0.0
L0000505,O000197,P0148,1,105.36,0.15
L0000506,O000198,P0010,3,103.37,0.0
L0000507,O000199,P0135,1,239.97,0.05
L0000508,O000199,P0068,2,285.98,0.0
L0000509,O000199,P0124,3,68.89,0.0
L0000510,O000199,P0136,2,46.17,0.0
L0000511,O000200,P0159,1,106.95,0.2
L0000512,O000200,P0063,2,148.61,0.0
L0000513,O000200,P0076,3,99.18,0.0
L0000514,O000200,P0002,1,251.25,0.05
L0000515,O000201,P0028,2,162.51,0.0
L0000516,O000201,P0076,2,99.18,0.0
L0000517,O000201,P0066,3,300.18,0.0
L0000518,O000201,P0105,2,60.03,0.1
L0000519,O000202,P0066,2,300.18,0.0
L0000520,O000203,P0093,3,21.93,0.0
L0000521,O000203,P0129,2,108.28,0.15
L0000522,O000203,P0106,1,171.88,0.05
L0000523,O000204,P0126,3,257.92,0.15
L0000524,O000204,P0029,1,226.17,0.0
L0000525,O000205,P0168,1,287.81,0.0
L0000526,O000205,P0005,1,189.78,0.05
L0000527,O000206,P0041,1,62.34,0.2
L0000528,O000206,P0047,2,43.78,0.2
L0000529,O000207,P0117,1,231.89,0.05
L0000530,O000207,P0103,2,91.56,0.1
L0000531,O000208,P0117,1,244.09,0.0
L0000532,O000208,P0018,2,166.39,0.05
L0000533,O000208,P0055,3,12.74,0.1
L0000534,O000208,P0155,3,121.7,0.0
L0000535,O000209,P0027,2,306.58,0.0
L0000536,O000209,P0144,3,206.16,0.0
L0000537,O000209,P0061,1,15.7,0.0
L0000538,O000210,P0037,2,111.16,0.15
L0000539,O000210,P0160,3,148.96,0.05
L0000540,O000210,P0145,1,97.92,0.0
L0000541,O000211,P0004,3,33.87,0.1
L0000542,O000211,P0149,1,42.18,0.0
L0000543,O000212,P0031,1,231.38,0.15
L0000544,O000212,P0076,1,79.34,0.2
L0000545,O000212,P0114,1,307.4,0.0
L0000546,O000213,P0134,1,42.88,0.05
L0000547,O000213,P0023,2,157.4,0.0
L0000548,O000213,P0079,1,145.32,0.0
L0000549,O000214,P0138,3,87.16,0.05
L0000550,O000214,P0049,2,240.81,0.1
L0000551,O000215,P0117,1,219.68,0.1
L0000552,O000216,P0093,1,21.93,0.0
L0000553,O000217,P0025,1,137.63,0.0
L0000554,O000217,P0133,1,44.12,0.0
L0000555,O000217,P0129,3,121.02,0.05
L0000556,O000218,P0166,2,198.82,0.0
L0000557,O000218,P0002,1,238.02,0.1
L0000558,O000218,P0165,3,128.66,0.0
L0000559,O000218,P0033,2,170.01,0.05
L0000560,O000219,P0179,2,142.6,0.0
L0000561,O000219,P0067,1,150.66,0.15
L0000562,O000220,P0166,3,198.82,0.0
L0000563,O000220,P0131,3,12.56,0.1
L0000564,O000220,P0148,2,123.95,0.0
L0000565,O000220,P0024,3,160.14,0.05
L0000566,O000221,P0055,3,14.16,0.0
L0000567,O000222,P0160,2,148.96,0.05
L0000568,O000222,P0126,3,303.44,0.0
L0000569,O000222,P0005,2,199.77,0.0
L0000570,O000222,P0063,1,148.61,0.0
L0000571,O000223,P0170,3,242.11,0.05
L0000572,O000223,P0074,3,155.18,0.15
L0000573,O000224,P0010,1,82.7,0.2
L0000574,O000225,P0170,2,254.85,0.0
L0000575,O000225,P0069,1,57.35,0.05
L0000576,O000226,P0075,3,84.94,0.0
L0000577,O000226,P0068,1,271.68,0.05
L0000578,O000226,P0153,2,123.22,0.1
L0000579,O000226,P0070,1,217.65,0.1
L0000580,O000227,P0159,1,133.69,0.0
L0000581,O000228,P0156,1,268.7,0.1
L0000582,O000228,P0127,3,94.92,0.0
L0000583,O000228,P0102,1,183.42,0.0
L0000584,O000228,P0089,2,12.19,0.0
L0000585,O000229,P0052,3,178.05,0.05
L0000586,O000230,P0133,2,44.12,0.0
L0000587,O000231,P0176,1,201.21,0.1
L0000588,O000231,P0019,3,86.97,0.0
L0000589,O000231,P0076,1,94.22,0.05
L0000590,O000231,P0037,2,111.16,0.15
L0000591,O000232,P0050,3,198.45,0.0
L0000592,O000232,P0117,3,244.09,0.0
L0000593,O000232,P0079,3,145.32,0.0
L0000594,O000232,P0043,3,224.42,0.1
L0000595,O000233,P0134,2,40.63,0.1
L0000596,O000233,P0065,1,140.88,0.0
L0000597,O000234,P0128,1,240.34,0.15
L0000598,O000234,P0152,2,168.82,0.1
L0000599,O000235,P0102,2,183.42,0.0
L0000600,O000235,P0146,1,251.56,0.1
L0000601,O000235,P0143,2,239.62,0.0
L0000602,O000235,P0094,3,198.89,0.05
L0000603,O000236,P0160,3,148.96,0.05
L0000604,O000237,P0087,2,97.26,0.0
L0000605,O000237,P0169,3,103.57,0.0
L0000606,O000237,P0100,2,74.79,0.1
L0000607,O000238,P0165,3,109.36,0.15
L0000608,O000238,P0052,2,187.42,0.0
L0000609,O000239,P0083,1,267.02,0.0
L0000610,O000239,P0005,1,189.78,0.05
L0000611,O000239,P0077,2,285.49,0.05
L0000612,O000240,P0078,3,334.26,0.0
L0000613,O000240,P0109,3,297.26,0.0
L0000614,O000240,P0030,1,177.24,0.0
L0000615,O000240,P0077,1,285.49,0.05
L0000616,O000241,P0120,1,193.85,0.1
L0000617,O000241,P0039,3,309.36,0.0
L0000618,O000242,P0115,1,154.62,0.05
L0000619,O000243,P0174,2,193.72,0.1
L0000620,O000243,P0077,2,270.47,0.1
L0000621,O000243,P0091,2,320.88,0.0
L0000622,O000244,P0001,2,243.85,0.05
L0000623,O000244,P0141,1,271.28,0.15
L0000624,O000244,P0090,2,135.94,0.0
L0000625,O000245,P0155,1,121.7,0.0
L0000626,O000245,P0025,1,137.63,0.0
L0000627,O000245,P0147,1,14.49,0.1
L0000628,O000245,P0073,3,237.04,0.1
L0000629,O000246,P0172,1,49.86,0.0
L0000630,O000247,P0108,2,185.15,0.0
L0000631,O000248,P0143,3,203.68,0.15
L0000632,O000248,P0129,1,101.91,0.2
L0000633,O000248,P0058,2,292.88,0.05
L0000634,O000249,P0019,1,69.58,0.2
L0000635,O000249,P0088,2,62.88,0.0
L0000636,O000249,P0179,2,128.34,0.1
L0000637,O000250,P0179,2,142.6,0.0
L0000638,O000250,P0147,2,15.29,0.05
L0000639,O000250,P0074,3,182.57,0.0
L0000640,O000250,P0134,3,45.14,0.0
L0000641,O000251,P0083,1,213.62,0.2
L0000642,O000251,P0023,3,125.92,0.2
L0000643,O000252,P0095,3,249.25,0.1
L0000644,O000252,P0135,3,214.71,0.15
L0000645,O000252,P0032,1,156.15,0.0
L0000646,O000253,P0047,1,54.73,0.0
L0000647,O000253,P0149,2,42.18,0.0
L0000648,O000253,P0132,3,62.67,0.0
L0000649,O000254,P0014,3,108.37,0.15
L0000650,O000254,P0079,2,130.79,0.1
L0000651,O000255,P0093,1,21.93,0.0
L0000652,O000255,P0027,1,291.25,0.05
L0000653,O000255,P0106,1,144.74,0.2
L0000654,O000255,P0037,1,124.24,0.05
L0000655,O000256,P0116,3,330.95,0.0
L0000656,O000256,P0065,1,119.75,0.15
L0000657,O000257,P0119,1,210.09,0.15
L0000658,O000257,P0147,2,16.1,0.0
L0000659,O000257,P0169,3,103.57,0.0
L0000660,O000258,P0034,2,181.72,0.0
L0000661,O000259,P0043,1,199.49,0.2
L0000662,O000259,P0132,3,62.67,0.0
L0000663,O000259,P0061,2,12.56,0.2
L0000664,O000260,P0022,1,145.84,0.0
L0000665,O000261,P0046,2,341.88,0.0
L0000666,O000262,P0109,3,282.4,0.05
L0000667,O000262,P0170,1,203.88,0.2
L0000668,O000262,P0179,2,142.6,0.0
L0000669,O000263,P0053,3,255.69,0.0
L0000670,O000263,P0042,3,107.66,0.0
L0000671,O000264,P0139,2,284.51,0.0
L0000672,O000264,P0043,2,249.36,0.0
L0000673,O000264,P0108,1,166.64,0.1
L0000674,O000265,P0023,2,141.66,0.1
L0000675,O000265,P0129,1,127.39,0.0
L0000676,O000265,P0002,3,251.25,0.05
L0000677,O000265,P0140,3,131.2,0.15
L0000678,O000266,P0113,1,138.3,0.0
L0000679,O000266,P0007,1,203.3,0.2
L0000680,O000266,P0157,1,227.47,0.1
L0000681,O000266,P0132,1,62.67,0.0
L0000682,O000267,P0018,3,166.39,0.05
L0000683,O000267,P0001,3,256.68,0.0
L0000684,O000267,P0114,2,245.92,0.2
L0000685,O000267,P0007,1,254.13,0.0
L0000686,O000268,P0050,3,198.45,0.0
L0000687,O000268,P0048,2,50.93,0.05
L0000688,O000268,P0137,3,43.25,0.15
L0000689,O000268,P0151,1,222.25,0.05
L0000690,O000269,P0001,1,218.18,0.15
L0000691,O000269,P0165,2,128.66,0.0
L0000692,O000270,P0061,3,15.7,0.0
L0000693,O000271,P0178,2,221.82,0.0
L0000694,O000271,P0139,3,241.83,0.15
L0000695,O000271,P0131,2,13.26,0.05
L0000696,O000271,P0056,3,298.62,0.1
L0000697,O000272,P0174,3,215.24,0.0
L0000698,O000272,P0157,2,252.75,0.0
L0000699,O000272,P0055,2,13.45,0.05
L0000700,O000273,P0005,2,179.79,0.1
L0000701,O000273,P0100,1,78.94,0.05
L0000702,O000273,P0154,3,235.88,0.15
L0000703,O000273,P0114,2,307.4,0.0
L0000704,O000274,P0005,1,199.77,0.0
L0000705,O000275,P0176,1,223.57,0.0
L0000706,O000275,P0015,3,61.62,0.0
L0000707,O000275,P0134,2,38.37,0.15
L0000708,O000276,P0049,1,267.57,0.0
L0000709,O000276,P0051,3,63.09,0.0
L0000710,O000277,P0008,3,312.24,0.1
L0000711,O000277,P0176,1,223.57,0.0
L0000712,O000277,P0095,3,276.95,0.0
L0000713,O000277,P0026,3,59.61,0.0
L0000714,O000278,P0045,2,308.07,0.0
L0000715,O000279,P0045,1,261.86,0.15
L0000716,O000279,P0066,1,300.18,0.0
L0000717,O000279,P0046,1,341.88,0.0
L0000718,O000279,P0151,3,210.56,0.1
L0000719,O000280,P0092,3,292.69,0.05
L0000720,O000281,P0144,2,164.93,0.2
L0000721,O000281,P0005,2,179.79,0.1
L0000722,O000281,P0104,3,25.33,0.0
L0000723,O000281,P0152,2,168.82,0.1
L0000724,O000282,P0123,2,288.69,0.0
L0000725,O000282,P0075,3,80.69,0.05
L0000726,O000283,P0072,1,91.39,0.1
L0000727,O000283,P0076,3,99.18,0.0
L0000728,O000283,P0113,3,138.3,0.0
L0000729,O000284,P0032,3,148.34,0.05
L0000730,O000285,P0077,2,270.47,0.1
L0000731,O000285,P0090,2,135.94,0.0
L0000732,O000285,P0057,1,55.67,0.1
L0000733,O000285,P0114,1,307.4,0.0
L0000734,O000286,P0126,3,303.44,0.0
L0000735,O000286,P0167,3,162.27,0.0
L0000736,O000286,P0087,1,87.53,0.1
L0000737,O000287,P0081,3,23.54,0.0
L0000738,O000288,P0166,3,178.94,0.1
L0000739,O000288,P0034,3,163.55,0.1
L0000740,O000289,P0157,2,240.11,0.05
L0000741,O000289,P0168,1,287.81,0.0
L0000742,O000289,P0131,1,11.87,0.15
L0000743,O000289,P0035,2,120.73,0.05
L0000744,O000290,P0042,3,107.66,0.0
L0000745,O000290,P0064,3,273.27,0.15
L0000746,O000290,P0168,1,287.81,0.0
L0000747,O000290,P0131,2,12.56,0.1
L0000748,O000291,P0112,2,34.86,0.0
L0000749,O000292,P0084,1,259.34,0.0
L0000750,O000292,P0127,1,94.92,0.0
L0000751,O000292,P0171,1,79.25,0.1
L0000752,O000293,P0121,2,210.59,0.05
L0000753,O000294,P0091,1,320.88,0.0
L0000754,O000294,P0120,1,172.31,0.2
L0000755,O000294,P0105,2,66.7,0.0
L0000756,O000294,P0180,2,49.61,0.05
L0000757,O000295,P0046,2,341.88,0.0
L0000758,O000296,P0107,2,313.17,0.0
L0000759,O000296,P0108,2,166.64,0.1
L0000760,O000296,P0097,2,160.12,0.05
L0000761,O000297,P0077,1,270.47,0.1
L0000762,O000297,P0100,1,83.1,0.0
L0000763,O000298,P0162,3,18.3,0.1
L0000764,O000298,P0169,1,98.39,0.05
L0000765,O000299,P0065,2,126.79,0.1
L0000766,O000299,P0016,2,51.19,0.15
L0000767,O000299,P0076,2,99.18,0.0
L0000768,O000300,P0068,1,285.98,0.0
L0000769,O000300,P0102,1,165.08,0.1
L0000770,O000300,P0077,2,300.52,0.0
L0000771,O000301,P0118,2,196.98,0.1
L0000772,O000301,P0102,3,183.42,0.0
L0000773,O000301,P0111,1,303.31,0.0
L0000774,O000302,P0020,3,45.59,0.0
L0000775,O000302,P0178,3,221.82,0.0
L0000776,O000303,P0044,2,239.0,0.1
L0000777,O000303,P0133,3,35.3,0.2
L0000778,O000303,P0025,2,123.87,0.1
L0000779,O000303,P0093,1,21.93,0.0
L0000780,O000304,P0093,1,21.93,0.0
L0000781,O000304,P0092,3,308.09,0.0
L0000782,O000305,P0034,2,181.72,0.0
L0000783,O000305,P0059,2,124.7,0.0
L0000784,O000305,P0081,2,23.54,0.0
L0000785,O000305,P0055,1,14.16,0.0
L0000786,O000306,P0024,3,168.57,0.0
L0000787,O000307,P0126,2,273.1,0.1
L0000788,O000308,P0080,2,161.93,0.2
L0000789,O000308,P0151,2,210.56,0.1
L0000790,O000308,P0051,3,63.09,0.0
L0000791,O000309,P0089,1,10.97,0.1
L0000792,O000309,P0023,3,125.92,0.2
L0000793,O000309,P0041,3,77.93,0.0
L0000794,O000310,P0171,3,88.06,0.0
L0000795,O000311,P0050,2,178.6,0.1
L0000796,O000311,P0165,3,122.23,0.05
L0000797,O000311,P0118,3,218.87,0.0
L0000798,O000312,P0025,1,137.63,0.0
L0000799,O000312,P0035,1,127.08,0.0
L0000800,O000313,P0007,2,216.01,0.15
L0000801,O000313,P0072,1,101.55,0.0
L0000802,O000314,P0159,1,133.69,0.0
L0000803,O000314,P0173,2,141.6,0.2
L0000804,O000314,P0009,3,238.2,0.15
L0000805,O000315,P0177,3,265.5,0.1
L0000806,O000315,P0121,2,177.34,0.2
L0000807,O000315,P0153,2,130.06,0.05
L0000808,O000316,P0071,1,109.0,0.0
L0000809,O000316,P0029,3,226.17,0.0
L0000810,O000316,P0027,2,291.25,0.05
L0000811,O000317,P0124,2,58.56,0.15
L0000812,O000318,P0101,3,279.86,0.2
L0000813,O000318,P0005,1,199.77,0.0
L0000814,O000319,P0145,1,88.13,0.1
L0000815,O000319,P0054,2,229.99,0.0
L0000816,O000319,P0004,1,35.75,0.05
L0000817,O000319,P0044,2,265.56,0.0
L0000818,O000320,P0052,1,168.68,0.1
L0000819,O000321,P0150,2,321.49,0.0
L0000820,O000322,P0031,3,231.38,0.15
L0000821,O000322,P0006,1,122.4,0.0
L0000822,O000322,P0101,2,349.83,0.0
L0000823,O000322,P0093,2,19.74,0.1
L0000824,O000323,P0030,3,159.52,0.1
L0000825,O000323,P0048,3,53.61,0.0
L0000826,O000323,P0153,1,136.91,0.0
L0000827,O000324,P0015,3,61.62,0.0
L0000828,O000324,P0153,3,136.91,0.0
L0000829,O000324,P0083,1,253.67,0.05
L0000830,O000325,P0109,2,297.26,0.0
L0000831,O000325,P0048,2,53.61,0.0
L0000832,O000325,P0135,1,227.34,0.1
L0000833,O000325,P0013,3,38.39,0.0
L0000834,O000326,P0048,1,48.25,0.1
L0000835,O000326,P0173,3,159.3,0.1
L0000836,O000326,P0123,3,288.69,0.0
L0000837,O000327,P0037,3,117.7,0.1
L0000838,O000328,P0147,3,16.1,0.0
L0000839,O000328,P0108,3,185.15,0.0
L0000840,O000329,P0146,3,279.51,0.0
L0000841,O000329,P0043,2,236.89,0.05
L0000842,O000329,P0019,1,86.97,0.0
L0000843,O000330,P0092,1,277.28,0.1
L0000844,O000330,P0014,1,127.49,0.0
L0000845,O000331,P0074,3,146.06,0.2
L0000846,O000331,P0106,3,180.93,0.0
L0000847,O000331,P0144,1,175.24,0.15
L0000848,O000332,P0127,1,94.92,0.0
L0000849,O000332,P0120,3,193.85,0.1
L0000850,O000332,P0057,1,61.86,0.0
L0000851,O000333,P0167,2,154.16,0.05
L0000852,O000333,P0123,3,288.69,0.0
L0000853,O000333,P0173,2,177.0,0.0
L0000854,O000333,P0060,2,275.74,0.0
L0000855,O000334,P0095,3,235.41,0.15
L0000856,O000335,P0067,3,177.25,0.0
L0000857,O000335,P0086,2,13.53,0.1
L0000858,O000336,P0028,2,162.51,0.0
L0000859,O000337,P0112,3,27.89,0.2
L0000860,O000338,P0113,2,138.3,0.0
L0000861,O000338,P0150,2,321.49,0.0
L0000862,O000338,P0105,3,53.36,0.2
L0000863,O000339,P0150,3,289.34,0.1
L0000864,O000340,P0152,1,178.2,0.05
L0000865,O000341,P0145,1,93.02,0.05
L0000866,O000341,P0142,3,73.09,0.05
L0000867,O000341,P0007,1,228.72,0.1
L0000868,O000342,P0134,3,36.11,0.2
L0000869,O000342,P0150,1,273.27,0.15
L0000870,O000343,P0057,1,52.58,0.15
L0000871,O000344,P0021,3,67.48,0.05
L0000872,O000344,P0066,3,255.15,0.15
L0000873,O000344,P0129,3,127.39,0.0
L0000874,O000344,P0061,2,13.34,0.15
L0000875,O000345,P0005,1,169.8,0.15
L0000876,O000345,P0021,3,71.03,0.0
L0000877,O000346,P0033,1,152.12,0.15
L0000878,O000346,P0043,1,249.36,0.0
L0000879,O000346,P0150,3,305.42,0.05
L0000880,O000346,P0057,3,61.86,0.0
L0000881,O000347,P0178,2,210.73,0.05
L0000882,O000347,P0132,2,62.67,0.0
L0000883,O000348,P0052,2,178.05,0.05
L0000884,O000348,P0037,1,117.7,0.1
L0000885,O000349,P0146,2,237.58,0.15
L0000886,O000349,P0009,2,280.24,0.0
L0000887,O000349,P0003,3,244.13,0.1
L0000888,O000349,P0097,3,168.55,0.0
L0000889,O000350,P0031,1,272.21,0.0
L0000890,O000351,P0131,3,13.96,0.0
L0000891,O000351,P0091,2,320.88,0.0
L0000892,O000351,P0004,1,37.63,0.0
L0000893,O000351,P0072,2,101.55,0.0
L0000894,O000352,P0136,3,41.55,0.1
L0000895,O000352,P0082,1,92.41,0.0
L0000896,O000352,P0050,1,198.45,0.0
L0000897,O000353,P0178,1,221.82,0.0
L0000898,O000353,P0035,1,127.08,0.0
L0000899,O000353,P0042,1,107.66,0.0
L0000900,O000353,P0161,1,54.92,0.0
L0000901,O000354,P0004,3,33.87,0.1
L0000902,O000354,P0113,1,124.47,0.1
L0000903,O000354,P0175,1,60.92,0.0
L0000904,O000355,P0146,1,279.51,0.0
L0000905,O000355,P0158,2,70.07,0.05
L0000906,O000355,P0080,3,161.93,0.2
L0000907,O000356,P0148,2,117.75,0.05
L0000908,O000356,P0180,2,52.22,0.0
L0000909,O000356,P0040,3,223.84,0.1
L0000910,O000357,P0114,1,307.4,0.0
L0000911,O000358,P0033,3,161.06,0.1
L0000912,O000359,P0056,1,331.8,0.0
L0000913,O000360,P0028,2,154.38,0.05
L0000914,O000361,P0034,1,181.72,0.0
L0000915,O000362,P0137,3,45.79,0.1
L0000916,O000362,P0145,2,97.92,0.0
L0000917,O000362,P0167,3,137.93,0.15
L0000918,O000362,P0095,3,276.95,0.0
L0000919,O000363,P0180,3,52.22,0.0
L0000920,O000363,P0072,3,81.24,0.2
L0000921,O000364,P0099,2,339.39,0.0
L0000922,O000364,P0027,2,306.58,0.0
L0000923,O000365,P0129,2,121.02,0.05
L0000924,O000365,P0109,1,267.53,0.1
L0000925,O000366,P0076,1,94.22,0.05
L0000926,O000367,P0099,2,339.39,0.0
L0000927,O000367,P0139,3,284.51,0.0
L0000928,O000367,P0148,3,123.95,0.0
L0000929,O000368,P0080,3,192.29,0.05
L0000930,O000368,P0175,1,60.92,0.0
L0000931,O000368,P0092,2,308.09,0.0
L0000932,O000368,P0169,3,93.21,0.1
L0000933,O000369,P0009,3,280.24,0.0
L0000934,O000369,P0016,2,60.22,0.0
L0000935,O000369,P0126,2,288.27,0.05
L0000936,O000369,P0067,2,177.25,0.0
L0000937,O000370,P0160,3,156.8,0.0
L0000938,O000371,P0091,2,304.84,0.05
L0000939,O000372,P0048,1,45.57,0.15
L0000940,O000373,P0172,1,49.86,0.0
L0000941,O000373,P0137,1,43.25,0.15
L0000942,O000373,P0051,3,59.94,0.05
L0000943,O000373,P0057,1,55.67,0.1
L0000944,O000374,P0075,3,72.2,0.15
L0000945,O000374,P0074,2,164.31,0.1
L0000946,O000374,P0019,1,82.62,0.05
L0000947,O000375,P0159,3,113.64,0.15
L0000948,O000375,P0002,2,264.47,0.0
L0000949,O000375,P0117,1,244.09,0.0
L0000950,O000375,P0001,2,256.68,0.0
L0000951,O000376,P0043,2,249.36,0.0
L0000952,O000376,P0110,1,254.79,0.0
L0000953,O000376,P0019,1,86.97,0.0
L0000954,O000377,P0041,2,77.93,0.0
L0000955,O000377,P0019,1,78.27,0.1
L0000956,O000377,P0073,3,263.38,0.0
L0000957,O000377,P0012,1,57.02,0.1
L0000958,O000378,P0173,3,150.45,0.15
L0000959,O000378,P0001,3,218.18,0.15
L0000960,O000378,P0041,2,74.03,0.05
L0000961,O000379,P0161,2,54.92,0.0
L0000962,O000380,P0138,1,87.16,0.05
L0000963,O000380,P0075,1,84.94,0.0
L0000964,O000380,P0064,3,321.5,0.0
L0000965,O000380,P0125,2,86.4,0.1
L0000966,O000381,P0035,2,120.73,0.05
L0000967,O000382,P0066,3,300.18,0.0
L0000968,O000382,P0106,1,180.93,0.0
L0000969,O000382,P0077,3,270.47,0.1
L0000970,O000383,P0134,1,45.14,0.0
L0000971,O000383,P0162,2,19.31,0.05
L0000972,O000383,P0117,3,219.68,0.1
L0000973,O000383,P0155,3,121.7,0.0
L0000974,O000384,P0148,2,123.95,0.0
L0000975,O000384,P0127,1,90.17,0.05
L0000976,O000385,P0082,3,92.41,0.0
L0000977,O000385,P0063,1,148.61,0.0
L0000978,O000386,P0062,2,167.61,0.0
L0000979,O000386,P0172,2,49.86,0.0
L0000980,O000386,P0009,1,280.24,0.0
L0000981,O000387,P0131,3,12.56,0.1
L0000982,O000387,P0107,3,313.17,0.0
L0000983,O000388,P0018,2,157.64,0.1
L0000984,O000389,P0035,3,101.66,0.2
L0000985,O000389,P0024,1,160.14,0.05
L0000986,O000389,P0144,2,206.16,0.0
L0000987,O000390,P0155,1,121.7,0.0
L0000988,O000390,P0169,3,103.57,0.0
L0000989,O000391,P0036,3,52.13,0.0
L0000990,O000392,P0130,1,35.93,0.1
L0000991,O000392,P0025,1,137.63,0.0
L0000992,O000392,P0107,1,281.85,0.1
L0000993,O000392,P0052,2,168.68,0.1
L0000994,O000393,P0010,1,87.86,0.15
L0000995,O000394,P0154,2,277.51,0.0
L0000996,O000394,P0129,3,101.91,0.2
L0000997,O000395,P0103,3,101.73,0.0
L0000998,O000395,P0020,2,45.59,0.0
L0000999,O000396,P0002,3,238.02,0.1
L0001000,O000396,P0082,2,73.93,0.2
L0001001,O000396,P0114,2,307.4,0.0
L0001002,O000397,P0154,1,277.51,0.0
L0001003,O000398,P0166,2,159.06,0.2
L0001004,O000399,P0099,3,305.45,0.1
L0001005,O000399,P0126,3,273.1,0.1
L0001006,O000400,P0058,2,292.88,0.05
L0001007,O000400,P0071,1,109.0,0.0
L0001008,O000400,P0162,2,18.3,0.1
L0001009,O000400,P0098,2,80.03,0.0
L0001010,O000401,P0079,2,145.32,0.0
L0001011,O000402,P0065,1,140.88,0.0
L0001012,O000403,P0076,1,99.18,0.0
L0001013,O000403,P0074,1,164.31,0.1
L0001014,O000403,P0134,3,42.88,0.05
L0001015,O000404,P0059,3,118.47,0.05
L0001016,O000405,P0099,2,288.48,0.15
L0001017,O000405,P0052,3,168.68,0.1
L0001018,O000406,P0034,3,145.38,0.2
L0001019,O000406,P0078,1,267.41,0.2
L0001020,O000406,P0040,3,248.71,0.0
L0001021,O000407,P0017,2,180.99,0.0
L0001022,O000408,P0124,3,68.89,0.0
L0001023,O000408,P0079,1,145.32,0.0
L0001024,O000408,P0116,2,330.95,0.0
L0001025,O000408,P0035,3,114.37,0.1
L0001026,O000409,P0056,1,331.8,0.0
L0001027,O000409,P0033,1,178.96,0.0
L0001028,O000410,P0136,2,46.17,0.0
L0001029,O000411,P0029,2,214.86,0.05
L0001030,O000412,P0021,1,71.03,0.0
L0001031,O000412,P0014,3,127.49,0.0
L0001032,O000413,P0048,2,42.89,0.2
L0001033,O000414,P0047,2,54.73,0.0
L0001034,O000414,P0132,3,62.67,0.0
L0001035,O000414,P0024,3,151.71,0.1
L0001036,O000415,P0047,3,46.52,0.15
L0001037,O000415,P0139,3,241.83,0.15
L0001038,O000416,P0149,3,42.18,0.0
L0001039,O000417,P0094,1,209.36,0.0
L0001040,O000417,P0133,3,37.5,0.15
L0001041,O000418,P0179,3,142.6,0.0
L0001042,O000419,P0119,3,210.09,0.15
L0001043,O000420,P0059,3,106.0,0.15
L0001044,O000420,P0016,1,60.22,0.0
L0001045,O000420,P0114,1,307.4,0.0
L0001046,O000420,P0055,1,14.16,0.0
L0001047,O000421,P0141,2,319.15,0.0
L0001048,O000421,P0114,3,276.66,0.1
L0001049,O000422,P0057,2,61.86,0.0
L0001050,O000422,P0169,3,93.21,0.1
L0001051,O000422,P0009,1,280.24,0.0
L0001052,O000423,P0021,3,63.93,0.1
L0001053,O000423,P0076,3,99.18,0.0
L0001054,O000423,P0104,2,25.33,0.0
L0001055,O000424,P0169,3,82.86,0.2
L0001056,O000424,P0103,2,101.73,0.0
L0001057,O000424,P0175,1,57.87,0.05
L0001058,O000424,P0007,1,254.13,0.0
L0001059,O000425,P0081,1,23.54,0.0
L0001060,O000426,P0035,3,101.66,0.2
L0001061,O000426,P0130,2,39.92,0.0
L0001062,O000426,P0107,2,250.54,0.2
L0001063,O000427,P0127,2,94.92,0.0
L0001064,O000427,P0097,1,134.84,0.2
L0001065,O000427,P0123,2,288.69,0.0
L0001066,O000427,P0007,2,228.72,0.1
L0001067,O000428,P0169,2,103.57,0.0
L0001068,O000428,P0078,1,334.26,0.0
L0001069,O000429,P0132,1,62.67,0.0
L0001070,O000429,P0110,3,242.05,0.05
L0001071,O000429,P0098,2,76.03,0.05
L0001072,O000430,P0140,2,154.35,0.0
L0001073,O000430,P0072,2,91.39,0.1
L0001074,O000430,P0122,2,339.37,0.0
L0001075,O000430,P0087,3,97.26,0.0
L0001076,O000431,P0023,3,149.53,0.05
L0001077,O000431,P0037,3,130.78,0.0
L0001078,O000432,P0007,2,216.01,0.15
L0001079,O000432,P0013,2,38.39,0.0
L0001080,O000433,P0073,1,263.38,0.0
L0001081,O000433,P0176,2,223.57,0.0
L0001082,O000433,P0067,1,177.25,0.0
L0001083,O000434,P0003,1,217.01,0.2
L0001084,O000435,P0081,2,22.36,0.05
L0001085,O000435,P0130,1,39.92,0.0
L0001086,O000435,P0149,1,42.18,0.0
L0001087,O000436,P0101,2,349.83,0.0
L0001088,O000436,P0007,2,254.13,0.0
L0001089,O000437,P0158,3,73.76,0.0
L0001090,O000437,P0130,1,39.92,0.0
L0001091,O000437,P0044,3,265.56,0.0
L0001092,O000438,P0173,3,177.0,0.0
L0001093,O000438,P0108,2,185.15,0.0
L0001094,O000439,P0054,1,229.99,0.0
L0001095,O000439,P0031,3,217.77,0.2
L0001096,O000439,P0053,3,217.34,0.15
L0001097,O000439,P0022,1,116.67,0.2
L0001098,O000440,P0104,3,21.53,0.15
L0001099,O000441,P0068,2,285.98,0.0
L0001100,O000442,P0158,1,73.76,0.0
L0001101,O000442,P0122,3,288.46,0.15
L0001102,O000442,P0077,2,285.49,0.05
L0001103,O000442,P0103,1,101.73,0.0
L0001104,O000443,P0116,1,330.95,0.0
L0001105,O000443,P0039,3,278.42,0.1
L0001106,O000443,P0126,2,273.1,0.1
L0001107,O000443,P0058,3,277.46,0.1
L0001108,O000444,P0156,3,268.7,0.1
L0001109,O000444,P0170,3,229.37,0.1
L0001110,O000444,P0102,1,183.42,0.0
L0001111,O000444,P0022,1,123.96,0.15
L0001112,O000445,P0176,1,223.57,0.0
L0001113,O000446,P0060,3,275.74,0.0
L0001114,O000446,P0002,2,264.47,0.0
L0001115,O000447,P0007,2,228.72,0.1
L0001116,O000447,P0133,1,44.12,0.0
L0001117,O000447,P0049,2,267.57,0.0
L0001118,O000447,P0144,2,206.16,0.0
L0001119,O000448,P0026,2,53.65,0.1
L0001120,O000449,P0022,1,145.84,0.0
L0001121,O000450,P0077,2,300.52,0.0
L0001122,O000450,P0008,2,346.93,0.0
L0001123,O000450,P0060,3,275.74,0.0
L0001124,O000451,P0026,2,53.65,0.1
L0001125,O000451,P0178,2,221.82,0.0
L0001126,O000452,P0011,3,77.91,0.0
L0001127,O000452,P0120,1,215.39,0.0
L0001128,O000453,P0008,2,294.89,0.15
L0001129,O000454,P0156,2,283.63,0.05
L0001130,O000454,P0170,1,229.37,0.1
L0001131,O000454,P0118,3,218.87,0.0
L0001132,O000454,P0033,1,170.01,0.05
L0001133,O000455,P0002,2,251.25,0.05
L0001134,O000455,P0133,3,39.71,0.1
L0001135,O000455,P0160,3,148.96,0.05
L0001136,O000456,P0051,3,53.63,0.15
L0001137,O000456,P0091,2,320.88,0.0
L0001138,O000456,P0111,3,303.31,0.0
L0001139,O000456,P0109,3,297.26,0.0
L0001140,O000457,P0157,1,252.75,0.0
L0001141,O000457,P0101,1,349.83,0.0
L0001142,O000458,P0176,3,223.57,0.0
L0001143,O000458,P0070,1,241.83,0.0
L0001144,O000459,P0047,1,51.99,0.05
L0001145,O000459,P0107,1,313.17,0.0
L0001146,O000460,P0082,3,92.41,0.0
L0001147,O000460,P0059,2,124.7,0.0
L0001148,O000460,P0014,1,114.74,0.1
L0001149,O000460,P0112,3,34.86,0.0
L0001150,O000461,P0134,1,45.14,0.0
L0001151,O000461,P0177,3,250.75,0.15
L0001152,O000462,P0143,3,239.62,0.0
L0001153,O000462,P0061,1,15.7,0.0
L0001154,O000462,P0030,2,168.38,0.05
L0001155,O000463,P0140,1,146.63,0.05
L0001156,O000463,P0034,2,181.72,0.0
L0001157,O000463,P0110,2,203.83,0.2
L0001158,O000464,P0105,2,63.37,0.05
L0001159,O000465,P0121,3,221.67,0.0
L0001160,O000465,P0025,1,137.63,0.0
L0001161,O000465,P0124,1,55.11,0.2
L0001162,O000466,P0069,1,51.31,0.15
L0001163,O000466,P0064,2,289.35,0.1
L0001164,O000466,P0057,2,55.67,0.1
L0001165,O000467,P0015,3,55.46,0.1
L0001166,O000468,P0121,3,210.59,0.05
L0001167,O000468,P0013,3,38.39,0.0
L0001168,O000468,P0106,3,180.93,0.0
L0001169,O000469,P0167,1,146.04,0.1
L0001170,O000470,P0179,3,142.6,0.0
L0001171,O000471,P0152,3,187.58,0.0
L0001172,O000472,P0079,3,138.05,0.05
L0001173,O000472,P0097,1,160.12,0.05
L0001174,O000473,P0074,1,182.57,0.0
L0001175,O000473,P0125,1,96.0,0.0
L0001176,O000473,P0044,2,265.56,0.0
L0001177,O000474,P0150,2,321.49,0.0
L0001178,O000474,P0049,3,240.81,0.1
L0001179,O000474,P0080,1,202.41,0.0
L0001180,O000475,P0061,1,15.7,0.0
L0001181,O000475,P0056,1,331.8,0.0
L0001182,O000476,P0048,2,53.61,0.0
L0001183,O000476,P0031,3,272.21,0.0
L0001184,O000476,P0049,3,267.57,0.0
L0001185,O000476,P0142,2,69.25,0.1
L0001186,O000477,P0094,2,209.36,0.0
L0001187,O000478,P0129,1,114.65,0.1
L0001188,O000478,P0128,3,282.75,0.0
L0001189,O000479,P0088,3,62.88,0.0
L0001190,O000480,P0004,3,35.75,0.05
L0001191,O000480,P0083,1,240.32,0.1
L0001192,O000481,P0034,1,163.55,0.1
L0001193,O000481,P0167,1,146.04,0.1
L0001194,O000482,P0163,1,198.81,0.15
L0001195,O000482,P0022,3,131.26,0.1
L0001196,O000482,P0147,3,14.49,0.1
L0001197,O000483,P0146,2,223.61,0.2
L0001198,O000484,P0172,1,49.86,0.0
L0001199,O000484,P0129,1,127.39,0.0
L0001200,O000485,P0106,3,180.93,0.0
L0001201,O000485,P0039,3,309.36,0.0
L0001202,O000485,P0059,3,124.7,0.0
L0001203,O000485,P0116,2,297.86,0.1
L0001204,O000486,P0152,1,159.44,0.15
L0001205,O000487,P0018,3,175.15,0.0
L0001206,O000488,P0042,1,107.66,0.0
L0001207,O000489,P0096,2,225.44,0.15
L0001208,O000490,P0041,3,77.93,0.0
L0001209,O000490,P0180,2,47.0,0.1
L0001210,O000491,P0146,3,279.51,0.0
L0001211,O000492,P0110,1,229.31,0.1
L0001212,O000492,P0071,2,98.1,0.1
L0001213,O000492,P0033,1,161.06,0.1
L0001214,O000492,P0066,3,300.18,0.0
L0001215,O000493,P0123,1,288.69,0.0
L0001216,O000493,P0162,3,20.33,0.0
L0001217,O000494,P0022,2,145.84,0.0
L0001218,O000495,P0068,1,285.98,0.0
L0001219,O000495,P0040,2,248.71,0.0
L0001220,O000496,P0023,3,157.4,0.0
L0001221,O000496,P0088,3,53.45,0.15
L0001222,O000496,P0005,1,199.77,0.0
L0001223,O000497,P0007,3,228.72,0.1
L0001224,O000498,P0015,2,61.62,0.0
L0001225,O000498,P0127,3,94.92,0.0
L0001226,O000498,P0092,3,277.28,0.1
L0001227,O000499,P0084,1,220.44,0.15
L0001228,O000499,P0091,3,304.84,0.05
L0001229,O000500,P0102,3,183.42,0.0
L0001230,O000500,P0042,3,91.51,0.15
L0001231,O000500,P0014,1,127.49,0.0
L0001232,O000500,P0097,3,168.55,0.0
L0001233,O000501,P0110,3,229.31,0.1
L0001234,O000501,P0007,3,254.13,0.0
L0001235,O000501,P0135,2,252.6,0.0
L0001236,O000501,P0023,1,157.4,0.0
L0001237,O000502,P0055,2,11.33,0.2
L0001238,O000502,P0008,2,277.54,0.2
L0001239,O000502,P0069,3,60.37,0.0
L0001240,O000502,P0074,1,146.06,0.2
L0001241,O000503,P0011,3,77.91,0.0
L0001242,O000503,P0015,3,55.46,0.1
L0001243,O000504,P0118,2,218.87,0.0
L0001244,O000504,P0018,3,175.15,0.0
L0001245,O000504,P0141,3,319.15,0.0
L0001246,O000504,P0168,3,244.64,0.15
L0001247,O000505,P0161,3,54.92,0.0
L0001248,O000505,P0176,1,223.57,0.0
L0001249,O000506,P0132,1,62.67,0.0
L0001250,O000506,P0108,1,185.15,0.0
L0001251,O000506,P0076,1,99.18,0.0
L0001252,O000507,P0035,2,120.73,0.05
L0001253,O000507,P0061,2,13.34,0.15
L0001254,O000507,P0050,1,188.53,0.05
L0001255,O000508,P0088,2,56.59,0.1
L0001256,O000508,P0174,3,193.72,0.1
L0001257,O000509,P0015,3,55.46,0.1
L0001258,O000509,P0027,3,306.58,0.0
L0001259,O000509,P0035,1,127.08,0.0
L0001260,O000509,P0157,2,252.75,0.0
L0001261,O000510,P0051,1,59.94,0.05
L0001262,O000510,P0149,3,42.18,0.0
L0001263,O000510,P0043,2,224.42,0.1
L0001264,O000511,P0038,1,177.53,0.1
L0001265,O000511,P0128,1,282.75,0.0
L0001266,O000511,P0033,1,161.06,0.1
L0001267,O000511,P0086,2,15.03,0.0
L0001268,O000512,P0116,1,314.4,0.05
L0001269,O000512,P0159,3,113.64,0.15
L0001270,O000512,P0109,2,297.26,0.0
L0001271,O000512,P0061,1,14.13,0.1
L0001272,O000513,P0043,3,236.89,0.05
L0001273,O000514,P0162,2,16.26,0.2
L0001274,O000514,P0019,3,78.27,0.1
L0001275,O000514,P0160,1,148.96,0.05
L0001276,O000514,P0059,2,99.76,0.2
L0001277,O000515,P0144,2,195.85,0.05
L0001278,O000515,P0038,3,177.53,0.1
L0001279,O000515,P0046,1,341.88,0.0
L0001280,O000515,P0173,2,177.0,0.0
L0001281,O000516,P0110,3,229.31,0.1
L0001282,O000516,P0111,2,288.14,0.05
L0001283,O000516,P0019,1,78.27,0.1
L0001284,O000516,P0169,3,103.57,0.0
L0001285,O000517,P0095,2,276.95,0.0
L0001286,O000517,P0150,2,321.49,0.0
L0001287,O000517,P0131,2,13.96,0.0
L0001288,O000518,P0175,2,54.83,0.1
L0001289,O000518,P0046,3,341.88,0.0
L0001290,O000519,P0043,1,249.36,0.0
L0001291,O000519,P0113,2,138.3,0.0
L0001292,O000520,P0026,2,53.65,0.1
L0001293,O000521,P0084,3,259.34,0.0
L0001294,O000522,P0020,3,41.03,0.1
L0001295,O000523,P0180,2,49.61,0.05
L0001296,O000524,P0038,3,187.4,0.05
L0001297,O000525,P0039,1,293.89,0.05
L0001298,O000525,P0170,1,216.62,0.15
L0001299,O000525,P0040,2,248.71,0.0
L0001300,O000525,P0168,3,259.03,0.1
L0001301,O000526,P0100,3,78.94,0.05
L0001302,O000526,P0122,3,339.37,0.0
L0001303,O000526,P0034,3,172.63,0.05
L0001304,O000526,P0078,3,300.83,0.1
L0001305,O000527,P0051,2,63.09,0.0
L0001306,O000527,P0150,3,273.27,0.15
L0001307,O000527,P0005,3,169.8,0.15
L0001308,O000527,P0065,2,126.79,0.1
L0001309,O000528,P0168,2,259.03,0.1
L0001310,O000528,P0047,2,54.73,0.0
L0001311,O000529,P0097,2,151.7,0.1
L0001312,O000530,P0122,1,305.43,0.1
L0001313,O000530,P0028,1,154.38,0.05
L0001314,O000530,P0069,3,60.37,0.0
L0001315,O000531,P0070,3,241.83,0.0
L0001316,O000531,P0110,3,254.79,0.0
L0001317,O000532,P0018,3,175.15,0.0
L0001318,O000533,P0018,1,157.64,0.1
L0001319,O000533,P0117,1,244.09,0.0
L0001320,O000534,P0046,1,341.88,0.0
L0001321,O000534,P0145,3,88.13,0.1
L0001322,O000534,P0061,1,15.7,0.0
L0001323,O000535,P0049,3,240.81,0.1
L0001324,O000535,P0092,2,277.28,0.1
L0001325,O000535,P0158,3,66.38,0.1
L0001326,O000535,P0091,2,256.7,0.2
L0001327,O000536,P0157,1,240.11,0.05
L0001328,O000536,P0108,1,185.15,0.0
L0001329,O000536,P0150,3,321.49,0.0
L0001330,O000536,P0129,3,127.39,0.0
L0001331,O000537,P0072,2,101.55,0.0
L0001332,O000538,P0139,2,284.51,0.0
L0001333,O000538,P0052,1,187.42,0.0
L0001334,O000539,P0011,1,62.33,0.2
L0001335,O000539,P0072,2,86.32,0.15
L0001336,O000539,P0092,3,308.09,0.0
L0001337,O000539,P0137,3,50.88,0.0
L0001338,O000540,P0083,2,240.32,0.1
L0001339,O000541,P0013,3,34.55,0.1
L0001340,O000541,P0047,3,46.52,0.15
L0001341,O000542,P0120,1,215.39,0.0
L0001342,O000542,P0077,2,300.52,0.0
L0001343,O000542,P0088,1,59.74,0.05
L0001344,O000542,P0055,2,14.16,0.0
L0001345,O000543,P0117,3,244.09,0.0
L0001346,O000543,P0151,3,198.86,0.15
L0001347,O000544,P0136,3,39.24,0.15
L0001348,O000544,P0073,2,223.87,0.15
L0001349,O000544,P0112,1,34.86,0.0
L0001350,O000544,P0100,2,83.1,0.0
L0001351,O000545,P0097,1,151.7,0.1
L0001352,O000545,P0058,1,262.05,0.15
L0001353,O000545,P0170,1,254.85,0.0
L0001354,O000545,P0066,2,300.18,0.0
L0001355,O000546,P0102,2,183.42,0.0
L0001356,O000546,P0103,2,101.73,0.0
L0001357,O000547,P0060,3,248.17,0.1
L0001358,O000547,P0141,1,319.15,0.0
L0001359,O000547,P0105,3,56.7,0.15
L0001360,O000548,P0125,1,96.0,0.0
L0001361,O000549,P0113,2,138.3,0.0
L0001362,O000549,P0074,1,182.57,0.0
L0001363,O000549,P0038,3,177.53,0.1
L0001364,O000549,P0141,2,255.32,0.2
L0001365,O000550,P0011,1,70.12,0.1
L0001366,O000550,P0095,3,276.95,0.0
L0001367,O000551,P0162,3,20.33,0.0
L0001368,O000552,P0027,2,275.92,0.1
L0001369,O000552,P0032,3,132.73,0.15
L0001370,O000552,P0106,2,153.79,0.15
L0001371,O000553,P0122,3,271.5,0.2
L0001372,O000553,P0061,3,15.7,0.0
L0001373,O000553,P0149,3,42.18,0.0
L0001374,O000553,P0161,1,46.68,0.15
L0001375,O000554,P0104,2,25.33,0.0
L0001376,O000554,P0169,1,103.57,0.0
L0001377,O000555,P0092,3,308.09,0.0
L0001378,O000555,P0096,2,238.7,0.1
L0001379,O000556,P0005,1,199.77,0.0
L0001380,O000556,P0149,1,42.18,0.0
L0001381,O000556,P0095,1,276.95,0.0
L0001382,O000557,P0132,2,62.67,0.0
L0001383,O000557,P0157,1,252.75,0.0
L0001384,O000557,P0011,2,74.01,0.05
L0001385,O000557,P0047,2,54.73,0.0
L0001386,O000558,P0083,3,240.32,0.1
L0001387,O000558,P0091,3,304.84,0.05
L0001388,O000558,P0049,2,267.57,0.0
L0001389,O000558,P0023,1,149.53,0.05
L0001390,O000559,P0132,1,56.4,0.1
L0001391,O000560,P0118,3,218.87,0.0
L0001392,O000560,P0037,3,124.24,0.05
L0001393,O000560,P0149,1,42.18,0.0
L0001394,O000560,P0122,2,305.43,0.1
L0001395,O000561,P0142,2,76.94,0.0
L0001396,O000561,P0097,3,160.12,0.05
L0001397,O000562,P0051,1,59.94,0.05
L0001398,O000562,P0164,1,289.97,0.0
L0001399,O000563,P0047,3,54.73,0.0
L0001400,O000563,P0056,2,282.03,0.15
L0001401,O000563,P0046,2,341.88,0.0
L0001402,O000563,P0011,1,66.22,0.15
L0001403,O000564,P0092,1,261.88,0.15
L0001404,O000564,P0155,1,121.7,0.0
L0001405,O000564,P0085,3,296.28,0.05
L0001406,O000565,P0030,3,177.24,0.0
L0001407,O000565,P0042,2,107.66,0.0
L0001408,O000565,P0099,3,305.45,0.1
L0001409,O000566,P0147,3,15.29,0.05
L0001410,O000566,P0084,2,220.44,0.15
L0001411,O000566,P0046,2,341.88,0.0
L0001412,O000566,P0118,2,186.04,0.15
L0001413,O000567,P0177,2,280.25,0.05
L0001414,O000567,P0111,1,303.31,0.0
L0001415,O000568,P0180,1,52.22,0.0
L0001416,O000568,P0012,1,63.35,0.0
L0001417,O000568,P0067,3,177.25,0.0
L0001418,O000568,P0073,1,263.38,0.0
L0001419,O000569,P0085,3,311.87,0.0
L0001420,O000569,P0167,1,162.27,0.0
L0001421,O000569,P0102,3,146.74,0.2
L0001422,O000570,P0085,3,311.87,0.0
L0001423,O000571,P0023,3,157.4,0.0
L0001424,O000571,P0080,3,202.41,0.0
L0001425,O000571,P0058,2,308.29,0.0
L0001426,O000572,P0080,2,192.29,0.05
L0001427,O000572,P0017,1,180.99,0.0
L0001428,O000572,P0121,2,210.59,0.05
L0001429,O000572,P0115,3,146.48,0.1
L0001430,O000573,P0164,3,289.97,0.0
L0001431,O000573,P0135,1,239.97,0.05
L0001432,O000574,P0047,2,51.99,0.05
L0001433,O000574,P0096,2,265.22,0.0
L0001434,O000575,P0167,1,162.27,0.0
L0001435,O000576,P0143,2,239.62,0.0
L0001436,O000576,P0163,2,198.81,0.15
L0001437,O000576,P0073,3,250.21,0.05
L0001438,O000576,P0017,3,162.89,0.1
L0001439,O000577,P0102,2,165.08,0.1
L0001440,O000577,P0007,2,254.13,0.0
L0001441,O000577,P0089,2,12.19,0.0
L0001442,O000578,P0075,2,84.94,0.0
L0001443,O000578,P0015,2,52.38,0.15
L0001444,O000579,P0155,2,115.61,0.05
L0001445,O000579,P0086,2,15.03,0.0
L0001446,O000579,P0154,3,263.63,0.05
L0001447,O000580,P0080,3,202.41,0.0
L0001448,O000580,P0060,2,234.38,0.15
L0001449,O000581,P0069,2,60.37,0.0
L0001450,O000582,P0086,2,13.53,0.1
L0001451,O000583,P0091,1,256.7,0.2
L0001452,O000584,P0174,1,215.24,0.0
L0001453,O000584,P0049,1,267.57,0.0
L0001454,O000584,P0015,3,52.38,0.15
L0001455,O000584,P0065,3,140.88,0.0
L0001456,O000585,P0055,1,14.16,0.0
L0001457,O000585,P0169,3,103.57,0.0
L0001458,O000585,P0110,2,254.79,0.0
L0001459,O000585,P0092,1,261.88,0.15
L0001460,O000586,P0064,1,321.5,0.0
L0001461,O000587,P0152,2,187.58,0.0
L0001462,O000587,P0116,3,330.95,0.0
L0001463,O000588,P0125,3,96.0,0.0
L0001464,O000589,P0055,1,11.33,0.2
L0001465,O000589,P0013,1,38.39,0.0
L0001466,O000589,P0163,2,233.9,0.0
L0001467,O000589,P0025,1,123.87,0.1
L0001468,O000590,P0067,1,159.53,0.1
L0001469,O000591,P0122,1,339.37,0.0
L0001470,O000591,P0153,1,136.91,0.0
L0001471,O000592,P0120,3,215.39,0.0
L0001472,O000592,P0057,3,61.86,0.0
L0001473,O000592,P0054,2,229.99,0.0
L0001474,O000593,P0108,3,175.89,0.05
L0001475,O000593,P0094,3,209.36,0.0
L0001476,O000594,P0003,2,271.26,0.0
L0001477,O000594,P0122,2,322.4,0.05
L0001478,O000594,P0144,3,206.16,0.0
L0001479,O000595,P0032,1,156.15,0.0
L0001480,O000595,P0034,1,163.55,0.1
L0001481,O000595,P0080,1,202.41,0.0
L0001482,O000595,P0114,3,307.4,0.0
L0001483,O000596,P0079,2,145.32,0.0
L0001484,O000596,P0083,1,253.67,0.05
L0001485,O000596,P0039,3,309.36,0.0
L0001486,O000597,P0049,2,267.57,0.0
L0001487,O000597,P0010,1,103.37,0.0
L0001488,O000597,P0087,3,97.26,0.0
L0001489,O000598,P0173,3,141.6,0.2
L0001490,O000598,P0022,3,116.67,0.2
L0001491,O000599,P0013,3,38.39,0.0
L0001492,O000599,P0102,1,174.25,0.05
L0001493,O000599,P0034,1,145.38,0.2
L0001494,O000600,P0124,3,62.0,0.1
L0001495,O000600,P0094,1,209.36,0.0
L0001496,O000600,P0045,1,261.86,0.15
L0001497,O000601,P0046,2,307.69,0.1
L0001498,O000602,P0146,1,237.58,0.15
L0001499,O000602,P0032,3,156.15,0.0
L0001500,O000603,P0175,1,57.87,0.05
L0001501,O000603,P0061,3,15.7,0.0
L0001502,O000603,P0168,3,244.64,0.15
L0001503,O000603,P0171,1,74.85,0.15
L0001504,O000604,P0164,2,289.97,0.0
L0001505,O000604,P0141,1,287.24,0.1
L0001506,O000604,P0144,3,206.16,0.0
L0001507,O000604,P0163,1,198.81,0.15
L0001508,O000605,P0108,2,185.15,0.0
L0001509,O000605,P0142,1,73.09,0.05
L0001510,O000606,P0081,3,23.54,0.0
L0001511,O000606,P0096,3,238.7,0.1
L0001512,O000606,P0153,2,136.91,0.0
L0001513,O000607,P0033,2,170.01,0.05
L0001514,O000608,P0157,1,252.75,0.0
L0001515,O000608,P0065,3,140.88,0.0
L0001516,O000609,P0019,3,86.97,0.0
L0001517,O000610,P0035,1,101.66,0.2
L0001518,O000610,P0050,2,178.6,0.1
L0001519,O000611,P0133,1,44.12,0.0
L0001520,O000611,P0080,3,202.41,0.0
L0001521,O000612,P0153,1,136.91,0.0
L0001522,O000612,P0021,2,71.03,0.0
L0001523,O000612,P0095,1,276.95,0.0
L0001524,O000613,P0139,1,270.28,0.05
L0001525,O000614,P0060,3,275.74,0.0
L0001526,O000615,P0042,3,102.28,0.05
L0001527,O000615,P0055,2,14.16,0.0
L0001528,O000615,P0057,1,52.58,0.15
L0001529,O000615,P0140,3,154.35,0.0
L0001530,O000616,P0131,2,13.96,0.0
L0001531,O000616,P0158,3,73.76,0.0
L0001532,O000616,P0021,1,71.03,0.0
L0001533,O000617,P0103,2,101.73,0.0
L0001534,O000617,P0069,3,57.35,0.05
L0001535,O000617,P0143,2,239.62,0.0
L0001536,O000618,P0005,1,199.77,0.0
L0001537,O000618,P0122,1,339.37,0.0
L0001538,O000619,P0156,3,298.56,0.0
L0001539,O000619,P0123,3,259.82,0.1
L0001540,O000619,P0151,3,210.56,0.1
L0001541,O000620,P0143,1,215.66,0.1
L0001542,O000620,P0127,3,94.92,0.0
L0001543,O000620,P0019,1,69.58,0.2
L0001544,O000621,P0114,3,307.4,0.0
L0001545,O000621,P0174,1,215.24,0.0
L0001546,O000622,P0108,1,175.89,0.05
L0001547,O000622,P0026,1,59.61,0.0
L0001548,O000622,P0041,3,77.93,0.0
L0001549,O000622,P0167,3,162.27,0.0
L0001550,O000623,P0072,1,101.55,0.0
L0001551,O000624,P0150,3,273.27,0.15
L0001552,O000625,P0122,1,305.43,0.1
L0001553,O000625,P0164,3,289.97,0.0
L0001554,O000625,P0149,2,40.07,0.05
L0001555,O000626,P0121,3,199.5,0.1
L0001556,O000626,P0112,1,33.12,0.05
L0001557,O000626,P0030,3,177.24,0.0
L0001558,O000627,P0100,2,83.1,0.0
L0001559,O000627,P0161,2,49.43,0.1
L0001560,O000627,P0128,2,282.75,0.0
L0001561,O000627,P0119,3,222.44,0.1
L0001562,O000628,P0104,1,25.33,0.0
L0001563,O000628,P0053,3,230.12,0.1
L0001564,O000628,P0031,2,272.21,0.0
L0001565,O000629,P0068,2,285.98,0.0
L0001566,O000629,P0069,3,60.37,0.0
L0001567,O000629,P0042,2,107.66,0.0
L0001568,O000629,P0140,1,131.2,0.15
L0001569,O000630,P0028,2,146.26,0.1
L0001570,O000630,P0110,1,254.79,0.0
L0001571,O000631,P0169,2,103.57,0.0
L0001572,O000632,P0027,1,260.59,0.15
L0001573,O000633,P0134,3,40.63,0.1
L0001574,O000633,P0049,3,240.81,0.1
L0001575,O000633,P0052,1,149.94,0.2
L0001576,O000634,P0016,2,54.2,0.1
L0001577,O000635,P0081,1,23.54,0.0
L0001578,O000636,P0152,1,178.2,0.05
L0001579,O000636,P0134,2,45.14,0.0
L0001580,O000637,P0138,3,91.75,0.0
L0001581,O000637,P0073,3,237.04,0.1
L0001582,O000638,P0047,2,54.73,0.0
L0001583,O000638,P0134,2,45.14,0.0
L0001584,O000638,P0082,1,92.41,0.0
L0001585,O000638,P0128,1,268.61,0.05
L0001586,O000639,P0024,3,151.71,0.1
L0001587,O000639,P0107,3,281.85,0.1
L0001588,O000639,P0124,2,68.89,0.0
L0001589,O000639,P0110,3,242.05,0.05
L0001590,O000640,P0024,3,143.28,0.15
L0001591,O000640,P0018,2,157.64,0.1
L0001592,O000640,P0029,3,226.17,0.0
L0001593,O000640,P0138,1,82.58,0.1
L0001594,O000641,P0121,3,221.67,0.0
L0001595,O000642,P0135,1,252.6,0.0
L0001596,O000642,P0064,1,305.43,0.05
L0001597,O000642,P0164,3,289.97,0.0
L0001598,O000643,P0170,3,254.85,0.0
L0001599,O000643,P0095,1,235.41,0.15
L0001600,O000643,P0102,1,183.42,0.0
L0001601,O000643,P0015,1,61.62,0.0
L0001602,O000644,P0156,1,298.56,0.0
L0001603,O000644,P0033,3,178.96,0.0
L0001604,O000645,P0079,3,116.26,0.2
L0001605,O000645,P0143,3,239.62,0.0
L0001606,O000646,P0142,3,73.09,0.05
L0001607,O000646,P0116,3,330.95,0.0
L0001608,O000646,P0134,2,42.88,0.05
L0001609,O000646,P0125,1,96.0,0.0
L0001610,O000647,P0029,3,226.17,0.0
L0001611,O000647,P0133,1,44.12,0.0
L0001612,O000648,P0014,1,127.49,0.0
L0001613,O000648,P0051,3,59.94,0.05
L0001614,O000648,P0008,3,346.93,0.0
L0001615,O000649,P0093,3,17.54,0.2
L0001616,O000650,P0049,1,240.81,0.1
L0001617,O000650,P0139,2,270.28,0.05
L0001618,O000651,P0098,3,64.02,0.2
L0001619,O000651,P0167,3,162.27,0.0
L0001620,O000652,P0170,3,242.11,0.05
L0001621,O000652,P0149,3,42.18,0.0
L0001622,O000652,P0089,1,12.19,0.0
L0001623,O000652,P0086,1,15.03,0.0
L0001624,O000653,P0024,2,168.57,0.0
L0001625,O000654,P0024,1,160.14,0.05
L0001626,O000654,P0017,2,153.84,0.15
L0001627,O000654,P0132,2,59.54,0.05
L0001628,O000655,P0136,1,43.86,0.05
L0001629,O000655,P0016,3,51.19,0.15
L0001630,O000655,P0060,3,234.38,0.15
L0001631,O000655,P0173,3,168.15,0.05
L0001632,O000656,P0105,3,66.7,0.0
L0001633,O000656,P0173,3,159.3,0.1
L0001634,O000656,P0040,1,223.84,0.1
L0001635,O000656,P0030,2,177.24,0.0
L0001636,O000657,P0020,3,45.59,0.0
L0001637,O000657,P0054,3,206.99,0.1
L0001638,O000657,P0080,1,202.41,0.0
L0001639,O000657,P0135,1,252.6,0.0
L0001640,O000658,P0037,3,124.24,0.05
L0001641,O000658,P0165,3,115.79,0.1
L0001642,O000659,P0119,1,210.09,0.15
L0001643,O000659,P0113,1,138.3,0.0
L0001644,O000659,P0149,1,35.85,0.15
L0001645,O000660,P0072,2,91.39,0.1
L0001646,O000660,P0179,2,142.6,0.0
L0001647,O000660,P0168,3,287.81,0.0
L0001648,O000660,P0119,3,247.16,0.0
L0001649,O000661,P0125,2,96.0,0.0
L0001650,O000662,P0115,1,162.76,0.0
L0001651,O000663,P0009,3,280.24,0.0
L0001652,O000663,P0041,1,77.93,0.0
L0001653,O000663,P0039,2,309.36,0.0
L0001654,O000664,P0049,3,227.43,0.15
L0001655,O000664,P0147,2,16.1,0.0
L0001656,O000664,P0023,1,133.79,0.15
L0001657,O000665,P0136,1,43.86,0.05
L0001658,O000665,P0072,2,91.39,0.1
L0001659,O000665,P0160,3,125.44,0.2
L0001660,O000666,P0057,2,61.86,0.0
L0001661,O000666,P0104,3,24.06,0.05
L0001662,O000666,P0004,2,37.63,0.0
L0001663,O000667,P0007,2,216.01,0.15
L0001664,O000667,P0103,2,91.56,0.1
L0001665,O000668,P0134,1,45.14,0.0
L0001666,O000668,P0017,3,171.94,0.05
L0001667,O000669,P0090,2,135.94,0.0
L0001668,O000670,P0155,1,109.53,0.1
L0001669,O000670,P0152,3,178.2,0.05
L0001670,O000671,P0083,3,267.02,0.0
L0001671,O000672,P0179,3,142.6,0.0
L0001672,O000672,P0061,1,14.13,0.1
L0001673,O000672,P0013,1,32.63,0.15
L0001674,O000672,P0097,2,160.12,0.05
L0001675,O000673,P0063,1,126.32,0.15
L0001676,O000673,P0082,2,92.41,0.0
L0001677,O000673,P0092,3,308.09,0.0
L0001678,O000673,P0021,1,71.03,0.0
L0001679,O000674,P0001,2,231.01,0.1
L0001680,O000674,P0037,2,130.78,0.0
L0001681,O000674,P0059,2,124.7,0.0
L0001682,O000674,P0091,3,320.88,0.0
L0001683,O000675,P0017,2,180.99,0.0
L0001684,O000675,P0090,1,135.94,0.0
L0001685,O000676,P0164,1,289.97,0.0
L0001686,O000676,P0158,3,73.76,0.0
L0001687,O000676,P0115,3,162.76,0.0
L0001688,O000676,P0135,3,252.6,0.0
L0001689,O000677,P0013,2,34.55,0.1
L0001690,O000678,P0085,1,265.09,0.15
L0001691,O000678,P0070,3,241.83,0.0
L0001692,O000679,P0135,2,252.6,0.0
L0001693,O000680,P0029,1,203.55,0.1
L0001694,O000680,P0160,3,148.96,0.05
L0001695,O000680,P0067,3,150.66,0.15
L0001696,O000680,P0043,2,224.42,0.1
L0001697,O000681,P0163,3,187.12,0.2
L0001698,O000681,P0161,3,52.17,0.05
L0001699,O000681,P0166,1,198.82,0.0
L0001700,O000681,P0048,3,50.93,0.05
L0001701,O000682,P0125,2,96.0,0.0
L0001702,O000682,P0007,1,228.72,0.1
L0001703,O000683,P0142,3,76.94,0.0
L0001704,O000684,P0177,3,295.0,0.0
L0001705,O000684,P0079,1,145.32,0.0
L0001706,O000685,P0034,3,181.72,0.0
L0001707,O000685,P0117,3,207.48,0.15
L0001708,O000686,P0010,3,103.37,0.0
L0001709,O000686,P0099,3,339.39,0.0
L0001710,O000686,P0119,3,247.16,0.0
L0001711,O000686,P0071,3,98.1,0.1
L0001712,O000687,P0040,1,248.71,0.0
L0001713,O000687,P0074,3,182.57,0.0
L0001714,O000688,P0130,1,39.92,0.0
L0001715,O000688,P0096,2,265.22,0.0
L0001716,O000689,P0025,3,137.63,0.0
L0001717,O000689,P0129,2,127.39,0.0
L0001718,O000690,P0037,1,111.16,0.15
L0001719,O000690,P0149,2,40.07,0.05
L0001720,O000691,P0156,1,298.56,0.0
L0001721,O000691,P0018,1,175.15,0.0
L0001722,O000691,P0143,2,239.62,0.0
L0001723,O000692,P0129,1,127.39,0.0
L0001724,O000693,P0045,2,292.67,0.05
L0001725,O000693,P0024,3,143.28,0.15
L0001726,O000693,P0025,3,123.87,0.1
L0001727,O000693,P0071,1,109.0,0.0
L0001728,O000694,P0088,1,62.88,0.0
L0001729,O000694,P0120,1,193.85,0.1
L0001730,O000694,P0113,2,138.3,0.0
L0001731,O000695,P0008,2,346.93,0.0
L0001732,O000695,P0170,1,229.37,0.1
L0001733,O000695,P0047,1,49.26,0.1
L0001734,O000696,P0034,1,154.46,0.15
L0001735,O000697,P0013,3,30.71,0.2
L0001736,O000698,P0088,1,62.88,0.0
L0001737,O000698,P0167,1,162.27,0.0
L0001738,O000698,P0086,1,15.03,0.0
L0001739,O000698,P0122,2,339.37,0.0
L0001740,O000699,P0161,1,54.92,0.0
L0001741,O000700,P0013,2,38.39,0.0
L0001742,O000700,P0078,1,284.12,0.15
L0001743,O000700,P0045,3,308.07,0.0
L0001744,O000701,P0082,3,92.41,0.0
L0001745,O000701,P0001,3,256.68,0.0
L0001746,O000701,P0016,3,60.22,0.0
L0001747,O000701,P0140,3,138.91,0.1
L0001748,O000702,P0017,3,153.84,0.15
L0001749,O000703,P0100,2,83.1,0.0
L0001750,O000703,P0004,3,37.63,0.0
L0001751,O000703,P0030,2,159.52,0.1
L0001752,O000704,P0133,2,39.71,0.1
L0001753,O000704,P0102,3,183.42,0.0
L0001754,O000705,P0045,2,308.07,0.0
L0001755,O000705,P0005,1,199.77,0.0
L0001756,O000705,P0109,1,297.26,0.0
L0001757,O000705,P0128,2,282.75,0.0
L0001758,O000706,P0054,3,206.99,0.1
L0001759,O000706,P0173,2,177.0,0.0
L0001760,O000707,P0176,3,223.57,0.0
L0001761,O000707,P0088,1,56.59,0.1
L0001762,O000707,P0012,3,50.68,0.2
L0001763,O000707,P0016,2,54.2,0.1
L0001764,O000708,P0054,1,206.99,0.1
L0001765,O000708,P0166,3,198.82,0.0
L0001766,O000708,P0115,2,162.76,0.0
L0001767,O000709,P0059,2,99.76,0.2
L0001768,O000709,P0170,2,254.85,0.0
L0001769,O000709,P0078,2,334.26,0.0
L0001770,O000710,P0171,1,88.06,0.0
L0001771,O000710,P0024,3,168.57,0.0
L0001772,O000710,P0036,3,52.13,0.0
L0001773,O000710,P0027,1,275.92,0.1
L0001774,O000711,P0175,3,60.92,0.0
L0001775,O000711,P0010,2,103.37,0.0
L0001776,O000711,P0035,1,114.37,0.1
L0001777,O000711,P0170,3,254.85,0.0
L0001778,O000712,P0105,2,66.7,0.0
L0001779,O000713,P0114,2,307.4,0.0
L0001780,O000713,P0022,2,145.84,0.0
L0001781,O000713,P0153,3,123.22,0.1
L0001782,O000714,P0057,2,52.58,0.15
L0001783,O000715,P0011,3,66.22,0.15
L0001784,O000715,P0014,1,121.12,0.05
L0001785,O000715,P0079,2,130.79,0.1
L0001786,O000716,P0124,3,68.89,0.0
L0001787,O000716,P0139,1,270.28,0.05
L0001788,O000716,P0161,1,49.43,0.1
L0001789,O000716,P0176,1,223.57,0.0
L0001790,O000717,P0086,3,14.28,0.05
L0001791,O000717,P0147,1,14.49,0.1
L0001792,O000718,P0111,2,303.31,0.0
L0001793,O000718,P0047,3,54.73,0.0
L0001794,O000719,P0040,1,248.71,0.0
L0001795,O000719,P0041,1,77.93,0.0
L0001796,O000719,P0176,1,178.86,0.2
L0001797,O000720,P0124,2,68.89,0.0
L0001798,O000720,P0005,2,189.78,0.05
L0001799,O000720,P0121,2,177.34,0.2
L0001800,O000721,P0044,1,265.56,0.0
L0001801,O000721,P0031,3,272.21,0.0
L0001802,O000721,P0056,1,315.21,0.05
L0001803,O000721,P0048,1,53.61,0.0
L0001804,O000722,P0133,3,44.12,0.0
L0001805,O000722,P0003,1,271.26,0.0
L0001806,O000722,P0124,3,68.89,0.0
L0001807,O000723,P0085,2,311.87,0.0
L0001808,O000723,P0133,3,44.12,0.0
L0001809,O000723,P0121,3,199.5,0.1
L0001810,O000724,P0090,2,108.75,0.2
L0001811,O000724,P0133,2,37.5,0.15
L0001812,O000724,P0105,2,60.03,0.1
L0001813,O000724,P0144,1,206.16,0.0
L0001814,O000725,P0157,2,252.75,0.0
L0001815,O000725,P0164,2,246.47,0.15
L0001816,O000726,P0012,3,50.68,0.2
L0001817,O000726,P0171,1,88.06,0.0
L0001818,O000726,P0085,3,311.87,0.0
L0001819,O000726,P0168,2,230.25,0.2
L0001820,O000727,P0102,1,165.08,0.1
L0001821,O000727,P0029,1,226.17,0.0
L0001822,O000727,P0175,3,54.83,0.1
L0001823,O000727,P0008,2,346.93,0.0
L0001824,O000728,P0140,2,154.35,0.0
L0001825,O000728,P0146,2,279.51,0.0
L0001826,O000728,P0169,1,103.57,0.0
L0001827,O000729,P0176,2,223.57,0.0
L0001828,O000729,P0034,2,163.55,0.1
L0001829,O000729,P0088,3,59.74,0.05
L0001830,O000729,P0124,1,68.89,0.0
L0001831,O000730,P0139,1,256.06,0.1
L0001832,O000730,P0060,2,261.95,0.05
L0001833,O000730,P0068,1,243.08,0.15
L0001834,O000730,P0064,3,289.35,0.1
L0001835,O000731,P0156,1,298.56,0.0
L0001836,O000731,P0091,3,320.88,0.0
L0001837,O000732,P0002,2,238.02,0.1
L0001838,O000732,P0067,2,177.25,0.0
L0001839,O000732,P0166,2,169.0,0.15
L0001840,O000732,P0056,3,331.8,0.0
L0001841,O000733,P0092,2,308.09,0.0
L0001842,O000733,P0171,1,88.06,0.0
L0001843,O000734,P0095,3,276.95,0.0
L0001844,O000734,P0044,1,265.56,0.0
L0001845,O000734,P0156,3,298.56,0.0
L0001846,O000734,P0174,1,215.24,0.0
L0001847,O000735,P0031,3,272.21,0.0
L0001848,O000735,P0023,1,157.4,0.0
L0001849,O000735,P0127,3,90.17,0.05
L0001850,O000736,P0134,2,45.14,0.0
L0001851,O000736,P0006,1,122.4,0.0
L0001852,O000736,P0096,1,265.22,0.0
L0001853,O000737,P0061,1,15.7,0.0
L0001854,O000737,P0075,1,84.94,0.0
L0001855,O000737,P0092,3,308.09,0.0
L0001856,O000738,P0110,2,254.79,0.0
L0001857,O000738,P0004,2,31.99,0.15
L0001858,O000738,P0068,1,257.38,0.1
L0001859,O000739,P0039,3,309.36,0.0
L0001860,O000739,P0072,3,101.55,0.0
L0001861,O000739,P0068,1,257.38,0.1
L0001862,O000740,P0030,3,168.38,0.05
L0001863,O000740,P0049,2,267.57,0.0
L0001864,O000741,P0081,1,23.54,0.0
L0001865,O000742,P0027,3,245.26,0.2
L0001866,O000742,P0094,1,209.36,0.0
L0001867,O000743,P0174,3,193.72,0.1
L0001868,O000743,P0092,2,261.88,0.15
L0001869,O000743,P0065,3,140.88,0.0
L0001870,O000743,P0032,1,140.53,0.1
L0001871,O000744,P0102,3,183.42,0.0
L0001872,O000744,P0106,1,180.93,0.0
L0001873,O000745,P0012,1,63.35,0.0
L0001874,O000745,P0175,1,60.92,0.0
L0001875,O000745,P0033,2,161.06,0.1
L0001876,O000746,P0005,3,199.77,0.0
L0001877,O000746,P0132,3,56.4,0.1
L0001878,O000746,P0034,2,181.72,0.0
L0001879,O000747,P0090,2,135.94,0.0
L0001880,O000747,P0117,3,231.89,0.05
L0001881,O000747,P0119,3,210.09,0.15
L0001882,O000748,P0054,3,229.99,0.0
L0001883,O000748,P0029,3,226.17,0.0
L0001884,O000748,P0001,1,256.68,0.0
L0001885,O000749,P0068,1,285.98,0.0
L0001886,O000749,P0043,2,249.36,0.0
L0001887,O000749,P0092,2,308.09,0.0
L0001888,O000749,P0028,1,138.13,0.15
L0001889,O000750,P0053,1,230.12,0.1
L0001890,O000750,P0006,3,116.28,0.05
L0001891,O000751,P0093,2,21.93,0.0
L0001892,O000751,P0151,3,233.95,0.0
L0001893,O000751,P0013,1,38.39,0.0
L0001894,O000751,P0062,1,142.47,0.15
L0001895,O000752,P0070,3,241.83,0.0
L0001896,O000753,P0003,1,271.26,0.0
L0001897,O000754,P0144,2,206.16,0.0
L0001898,O000754,P0006,3,122.4,0.0
L0001899,O000754,P0064,3,321.5,0.0
L0001900,O000755,P0127,2,94.92,0.0
L0001901,O000756,P0134,1,45.14,0.0
L0001902,O000756,P0075,2,84.94,0.0
L0001903,O000757,P0114,3,245.92,0.2
L0001904,O000757,P0143,2,203.68,0.15
L0001905,O000758,P0022,1,145.84,0.0
L0001906,O000759,P0149,1,37.96,0.1
L0001907,O000759,P0016,2,60.22,0.0
L0001908,O000759,P0076,1,99.18,0.0
L0001909,O000760,P0101,1,314.85,0.1
L0001910,O000760,P0027,3,275.92,0.1
L0001911,O000760,P0083,1,267.02,0.0
L0001912,O000760,P0139,1,284.51,0.0
L0001913,O000761,P0084,1,259.34,0.0
L0001914,O000761,P0085,2,311.87,0.0
L0001915,O000762,P0025,3,137.63,0.0
L0001916,O000762,P0180,1,52.22,0.0
L0001917,O000763,P0111,2,303.31,0.0
L0001918,O000763,P0180,1,41.78,0.2
L0001919,O000764,P0125,3,96.0,0.0
L0001920,O000764,P0024,2,168.57,0.0
L0001921,O000764,P0082,3,87.79,0.05
L0001922,O000764,P0134,1,40.63,0.1
L0001923,O000765,P0164,1,275.47,0.05
L0001924,O000765,P0066,2,285.17,0.05
L0001925,O000765,P0133,2,39.71,0.1
L0001926,O000766,P0126,3,303.44,0.0
L0001927,O000767,P0025,2,137.63,0.0
L0001928,O000767,P0157,3,252.75,0.0
L0001929,O000767,P0006,3,110.16,0.1
L0001930,O000767,P0008,3,346.93,0.0
L0001931,O000768,P0061,2,15.7,0.0
L0001932,O000769,P0081,1,23.54,0.0
L0001933,O000769,P0175,2,57.87,0.05
L0001934,O000769,P0176,1,223.57,0.0
L0001935,O000769,P0093,3,19.74,0.1
L0001936,O000770,P0171,2,83.66,0.05
L0001937,O000770,P0011,2,74.01,0.05
L0001938,O000770,P0018,3,175.15,0.0
L0001939,O000770,P0174,1,215.24,0.0
L0001940,O000771,P0012,1,60.18,0.05
L0001941,O000771,P0035,2,120.73,0.05
L0001942,O000771,P0083,2,267.02,0.0
L0001943,O000772,P0022,1,123.96,0.15
L0001944,O000773,P0155,1,121.7,0.0
L0001945,O000774,P0125,1,91.2,0.05
L0001946,O000774,P0173,2,141.6,0.2
L0001947,O000774,P0093,2,19.74,0.1
L0001948,O000775,P0169,2,88.03,0.15
L0001949,O000776,P0095,2,235.41,0.15
L0001950,O000776,P0041,1,74.03,0.05
L0001951,O000776,P0123,1,288.69,0.0
L0001952,O000777,P0120,1,215.39,0.0
L0001953,O000778,P0105,1,63.37,0.05
L0001954,O000778,P0101,2,314.85,0.1
L0001955,O000778,P0124,1,58.56,0.15
L0001956,O000779,P0015,1,61.62,0.0
L0001957,O000780,P0020,1,45.59,0.0
L0001958,O000780,P0139,3,256.06,0.1
L0001959,O000781,P0180,2,52.22,0.0
L0001960,O000781,P0116,3,330.95,0.0
L0001961,O000782,P0005,2,189.78,0.05
L0001962,O000782,P0075,1,67.95,0.2
L0001963,O000782,P0055,3,14.16,0.0
L0001964,O000782,P0034,1,163.55,0.1
L0001965,O000783,P0043,2,249.36,0.0
L0001966,O000783,P0032,3,156.15,0.0
L0001967,O000783,P0056,1,331.8,0.0
L0001968,O000784,P0165,2,128.66,0.0
L0001969,O000785,P0093,2,17.54,0.2
L0001970,O000786,P0011,2,77.91,0.0
L0001971,O000787,P0025,3,130.75,0.05
L0001972,O000787,P0016,1,57.21,0.05
L0001973,O000787,P0177,1,295.0,0.0
L0001974,O000788,P0071,2,98.1,0.1
L0001975,O000788,P0177,2,295.0,0.0
L0001976,O000789,P0136,1,46.17,0.0
L0001977,O000789,P0163,1,233.9,0.0
L0001978,O000789,P0173,2,150.45,0.15
L0001979,O000790,P0017,1,144.79,0.2
L0001980,O000790,P0038,3,167.67,0.15
L0001981,O000790,P0067,1,150.66,0.15
L0001982,O000791,P0139,3,241.83,0.15
L0001983,O000791,P0009,2,280.24,0.0
L0001984,O000791,P0090,2,135.94,0.0
L0001985,O000791,P0176,1,223.57,0.0
L0001986,O000792,P0004,3,37.63,0.0
L0001987,O000793,P0103,2,96.64,0.05
L0001988,O000794,P0038,1,197.26,0.0
L0001989,O000794,P0153,2,116.37,0.15
L0001990,O000794,P0128,3,268.61,0.05
L0001991,O000795,P0008,2,294.89,0.15
L0001992,O000795,P0038,1,197.26,0.0
L0001993,O000795,P0134,2,42.88,0.05
L0001994,O000796,P0063,2,133.75,0.1
L0001995,O000797,P0016,2,54.2,0.1
L0001996,O000798,P0159,3,120.32,0.1
L0001997,O000798,P0169,2,98.39,0.05
L0001998,O000798,P0030,2,177.24,0.0
L0001999,O000798,P0021,3,71.03,0.0
L0002000,O000799,P0107,1,250.54,0.2
L0002001,O000799,P0093,1,19.74,0.1
L0002002,O000799,P0055,2,14.16,0.0
L0002003,O000799,P0157,2,240.11,0.05
L0002004,O000800,P0148,3,123.95,0.0
L0002005,O000800,P0016,2,60.22,0.0
L0002006,O000800,P0167,2,162.27,0.0
L0002007,O000800,P0091,3,320.88,0.0
L0002008,O000801,P0097,2,168.55,0.0
L0002009,O000801,P0087,1,97.26,0.0
L0002010,O000801,P0136,1,46.17,0.0
L0002011,O000802,P0114,2,307.4,0.0
L0002012,O000803,P0001,1,256.68,0.0
L0002013,O000803,P0141,1,287.24,0.1
L0002014,O000804,P0177,1,295.0,0.0
L0002015,O000804,P0096,2,238.7,0.1
L0002016,O000805,P0116,3,330.95,0.0
L0002017,O000805,P0159,1,127.01,0.05
L0002018,O000805,P0017,3,180.99,0.0
L0002019,O000805,P0177,3,295.0,0.0
L0002020,O000806,P0096,2,265.22,0.0
L0002021,O000806,P0071,1,109.0,0.0
L0002022,O000806,P0023,1,157.4,0.0
L0002023,O000806,P0062,3,142.47,0.15
L0002024,O000807,P0108,1,185.15,0.0
L0002025,O000808,P0141,2,319.15,0.0
L0002026,O000809,P0028,1,162.51,0.0
L0002027,O000809,P0081,1,21.19,0.1
L0002028,O000810,P0052,3,187.42,0.0
L0002029,O000810,P0025,3,137.63,0.0
L0002030,O000810,P0108,1,185.15,0.0
L0002031,O000811,P0016,3,54.2,0.1
L0002032,O000811,P0029,2,192.24,0.15
L0002033,O000812,P0140,3,146.63,0.05
L0002034,O000812,P0034,1,163.55,0.1
L0002035,O000812,P0054,3,229.99,0.0
L0002036,O000813,P0060,3,261.95,0.05
L0002037,O000814,P0177,1,295.0,0.0
L0002038,O000814,P0069,1,60.37,0.0
L0002039,O000814,P0061,2,15.7,0.0
L0002040,O000815,P0173,2,177.0,0.0
L0002041,O000815,P0082,1,83.17,0.1
L0002042,O000815,P0045,1,277.26,0.1
L0002043,O000816,P0009,3,280.24,0.0
L0002044,O000816,P0161,1,54.92,0.0
L0002045,O000816,P0001,1,231.01,0.1
L0002046,O000816,P0013,1,38.39,0.0
L0002047,O000817,P0077,1,300.52,0.0
L0002048,O000818,P0072,3,96.47,0.05
L0002049,O000819,P0112,1,31.37,0.1
L0002050,O000820,P0063,3,148.61,0.0
L0002051,O000820,P0083,2,267.02,0.0
L0002052,O000820,P0093,2,21.93,0.0
L0002053,O000821,P0130,1,39.92,0.0
L0002054,O000821,P0139,2,284.51,0.0
L0002055,O000821,P0132,1,62.67,0.0
L0002056,O000822,P0157,3,227.47,0.1
L0002057,O000822,P0098,2,80.03,0.0
L0002058,O000822,P0049,3,267.57,0.0
L0002059,O000822,P0028,1,162.51,0.0
L0002060,O000823,P0112,1,34.86,0.0
L0002061,O000823,P0144,1,185.54,0.1
L0002062,O000824,P0001,3,256.68,0.0
L0002063,O000824,P0144,3,206.16,0.0
L0002064,O000824,P0027,1,306.58,0.0
L0002065,O000825,P0102,2,183.42,0.0
L0002066,O000825,P0068,1,285.98,0.0
L0002067,O000825,P0152,2,187.58,0.0
L0002068,O000826,P0049,3,267.57,0.0
L0002069,O000826,P0084,3,259.34,0.0
L0002070,O000827,P0122,3,339.37,0.0
L0002071,O000828,P0179,2,142.6,0.0
L0002072,O000828,P0052,1,178.05,0.05
L0002073,O000828,P0113,1,138.3,0.0
L0002074,O000829,P0104,3,25.33,0.0
L0002075,O000830,P0046,3,290.6,0.15
L0002076,O000830,P0030,2,159.52,0.1
L0002077,O000830,P0101,3,332.34,0.05
L0002078,O000831,P0041,1,77.93,0.0
L0002079,O000831,P0155,3,115.61,0.05
L0002080,O000832,P0090,3,129.14,0.05
L0002081,O000832,P0031,2,231.38,0.15
L0002082,O000832,P0068,1,285.98,0.0
L0002083,O000833,P0081,3,23.54,0.0
L0002084,O000833,P0048,1,53.61,0.0
L0002085,O000833,P0099,3,288.48,0.15
L0002086,O000833,P0131,1,13.96,0.0
L0002087,O000834,P0014,1,114.74,0.1
L0002088,O000834,P0016,1,60.22,0.0
L0002089,O000834,P0061,2,15.7,0.0
L0002090,O000835,P0056,2,298.62,0.1
L0002091,O000835,P0076,1,89.26,0.1
L0002092,O000836,P0044,3,265.56,0.0
L0002093,O000836,P0059,3,124.7,0.0
L0002094,O000836,P0119,2,247.16,0.0
L0002095,O000837,P0131,1,13.26,0.05
L0002096,O000837,P0009,1,238.2,0.15
L0002097,O000837,P0052,3,187.42,0.0
L0002098,O000838,P0066,1,285.17,0.05
L0002099,O000838,P0053,1,255.69,0.0
L0002100,O000839,P0031,3,217.77,0.2
L0002101,O000839,P0057,3,55.67,0.1
L0002102,O000839,P0004,1,37.63,0.0
L0002103,O000840,P0154,2,235.88,0.15
L0002104,O000841,P0137,2,40.7,0.2
L0002105,O000841,P0133,2,37.5,0.15
L0002106,O000841,P0127,1,85.43,0.1
L0002107,O000841,P0027,1,306.58,0.0
L0002108,O000842,P0002,2,238.02,0.1
L0002109,O000842,P0015,1,61.62,0.0
L0002110,O000842,P0154,2,222.01,0.2
L0002111,O000843,P0043,2,224.42,0.1
L0002112,O000843,P0108,2,185.15,0.0
L0002113,O000843,P0142,3,76.94,0.0
L0002114,O000844,P0094,1,209.36,0.0
L0002115,O000844,P0068,2,228.78,0.2
L0002116,O000844,P0008,3,312.24,0.1
L0002117,O000845,P0174,2,215.24,0.0
L0002118,O000845,P0024,1,168.57,0.0
L0002119,O000846,P0137,2,45.79,0.1
L0002120,O000846,P0009,2,266.23,0.05
L0002121,O000846,P0097,3,168.55,0.0
L0002122,O000846,P0019,3,86.97,0.0
L0002123,O000847,P0033,1,178.96,0.0
L0002124,O000847,P0018,1,175.15,0.0
L0002125,O000847,P0027,1,275.92,0.1
L0002126,O000848,P0063,2,148.61,0.0
L0002127,O000848,P0163,3,233.9,0.0
L0002128,O000848,P0138,1,91.75,0.0
L0002129,O000849,P0161,1,52.17,0.05
L0002130,O000849,P0015,3,61.62,0.0
L0002131,O000850,P0103,2,91.56,0.1
L0002132,O000850,P0153,2,130.06,0.05
L0002133,O000850,P0054,3,229.99,0.0
L0002134,O000851,P0007,3,241.42,0.05
L0002135,O000851,P0089,2,12.19,0.0
L0002136,O000851,P0062,1,167.61,0.0
L0002137,O000851,P0024,2,168.57,0.0
L0002138,O000852,P0153,1,136.91,0.0
L0002139,O000852,P0105,1,66.7,0.0
L0002140,O000853,P0108,1,185.15,0.0
L0002141,O000853,P0125,2,86.4,0.1
L0002142,O000853,P0063,2,133.75,0.1
L0002143,O000853,P0062,3,159.23,0.05
L0002144,O000854,P0020,3,45.59,0.0
L0002145,O000854,P0131,2,13.96,0.0
L0002146,O000855,P0142,1,76.94,0.0
L0002147,O000856,P0077,2,270.47,0.1
L0002148,O000856,P0141,1,287.24,0.1
L0002149,O000856,P0098,3,80.03,0.0
L0002150,O000856,P0167,3,162.27,0.0
L0002151,O000857,P0123,3,288.69,0.0
L0002152,O000857,P0118,2,218.87,0.0
L0002153,O000857,P0095,2,276.95,0.0
L0002154,O000858,P0058,3,308.29,0.0
L0002155,O000858,P0178,3,210.73,0.05
L0002156,O000859,P0167,2,154.16,0.05
L0002157,O000860,P0173,2,177.0,0.0
L0002158,O000860,P0007,1,254.13,0.0
L0002159,O000860,P0019,2,86.97,0.0
L0002160,O000861,P0012,3,63.35,0.0
L0002161,O000861,P0142,1,65.4,0.15
L0002162,O000861,P0152,3,159.44,0.15
L0002163,O000861,P0180,2,44.39,0.15
L0002164,O000862,P0045,1,308.07,0.0
L0002165,O000863,P0109,3,297.26,0.0
L0002166,O000863,P0088,3,62.88,0.0
L0002167,O000864,P0176,3,223.57,0.0
L0002168,O000864,P0037,3,117.7,0.1
L0002169,O000864,P0132,3,62.67,0.0
L0002170,O000864,P0047,2,54.73,0.0
L0002171,O000865,P0054,1,229.99,0.0
L0002172,O000865,P0144,2,164.93,0.2
L0002173,O000866,P0143,2,239.62,0.0
L0002174,O000866,P0029,2,226.17,0.0
L0002175,O000866,P0154,1,249.76,0.1
L0002176,O000866,P0109,1,267.53,0.1
L0002177,O000867,P0018,2,175.15,0.0
L0002178,O000867,P0058,1,308.29,0.0
L0002179,O000868,P0107,1,281.85,0.1
L0002180,O000869,P0087,1,97.26,0.0
L0002181,O000869,P0116,2,330.95,0.0
L0002182,O000869,P0180,1,44.39,0.15
L0002183,O000869,P0090,1,135.94,0.0
L0002184,O000870,P0046,1,341.88,0.0
L0002185,O000870,P0009,3,280.24,0.0
L0002186,O000871,P0175,2,60.92,0.0
L0002187,O000871,P0066,1,255.15,0.15
L0002188,O000871,P0154,1,277.51,0.0
L0002189,O000872,P0135,3,239.97,0.05
L0002190,O000872,P0005,1,189.78,0.05
L0002191,O000872,P0163,2,210.51,0.1
L0002192,O000873,P0115,1,162.76,0.0
L0002193,O000873,P0116,3,314.4,0.05
L0002194,O000874,P0158,2,73.76,0.0
L0002195,O000874,P0040,2,248.71,0.0
L0002196,O000874,P0094,2,209.36,0.0
L0002197,O000874,P0127,1,75.94,0.2
L0002198,O000875,P0100,2,78.94,0.05
L0002199,O000875,P0034,3,163.55,0.1
L0002200,O000875,P0083,3,267.02,0.0
L0002201,O000876,P0016,3,54.2,0.1
L0002202,O000876,P0172,2,47.37,0.05
L0002203,O000876,P0068,2,271.68,0.05
L0002204,O000877,P0176,3,190.03,0.15
L0002205,O000877,P0097,1,151.7,0.1
L0002206,O000877,P0158,3,70.07,0.05
L0002207,O000877,P0145,3,88.13,0.1
L0002208,O000878,P0018,1,175.15,0.0
L0002209,O000878,P0094,2,209.36,0.0
L0002210,O000879,P0156,2,298.56,0.0
L0002211,O000879,P0051,3,63.09,0.0
L0002212,O000879,P0143,1,239.62,0.0
L0002213,O000879,P0147,2,13.69,0.15
L0002214,O000880,P0122,3,322.4,0.05
L0002215,O000881,P0153,3,136.91,0.0
L0002216,O000881,P0096,1,265.22,0.0
L0002217,O000881,P0068,2,285.98,0.0
L0002218,O000882,P0008,2,312.24,0.1
L0002219,O000882,P0034,2,181.72,0.0
L0002220,O000883,P0081,3,23.54,0.0
L0002221,O000884,P0169,3,103.57,0.0
L0002222,O000884,P0176,2,223.57,0.0
L0002223,O000884,P0048,2,53.61,0.0
L0002224,O000885,P0063,1,133.75,0.1
L0002225,O000886,P0091,1,320.88,0.0
L0002226,O000886,P0111,1,303.31,0.0
L0002227,O000887,P0050,2,158.76,0.2
L0002228,O000887,P0039,3,309.36,0.0
L0002229,O000887,P0116,2,314.4,0.05
L0002230,O000887,P0106,2,153.79,0.15
L0002231,O000888,P0049,2,227.43,0.15
L0002232,O000889,P0111,2,242.65,0.2
L0002233,O000889,P0145,3,88.13,0.1
L0002234,O000890,P0081,2,20.01,0.15
L0002235,O000890,P0077,1,300.52,0.0
L0002236,O000891,P0130,3,31.94,0.2
L0002237,O000892,P0148,2,123.95,0.0
L0002238,O000892,P0147,2,16.1,0.0
L0002239,O000892,P0155,3,109.53,0.1
L0002240,O000892,P0158,3,73.76,0.0
L0002241,O000893,P0114,3,307.4,0.0
L0002242,O000893,P0084,2,259.34,0.0
L0002243,O000894,P0021,1,63.93,0.1
L0002244,O000894,P0131,2,12.56,0.1
L0002245,O000894,P0089,3,10.97,0.1
L0002246,O000895,P0026,3,53.65,0.1
L0002247,O000895,P0178,3,199.64,0.1
L0002248,O000896,P0112,1,31.37,0.1
L0002249,O000896,P0131,1,13.26,0.05
L0002250,O000896,P0085,3,311.87,0.0
L0002251,O000896,P0013,3,38.39,0.0
L0002252,O000897,P0093,2,21.93,0.0
L0002253,O000897,P0139,2,270.28,0.05
L0002254,O000897,P0009,2,280.24,0.0
L0002255,O000898,P0040,3,236.27,0.05
L0002256,O000899,P0089,2,12.19,0.0
L0002257,O000899,P0171,1,88.06,0.0
L0002258,O000899,P0173,3,141.6,0.2
L0002259,O000900,P0117,2,231.89,0.05
L0002260,O000901,P0011,3,74.01,0.05
L0002261,O000901,P0094,3,209.36,0.0
L0002262,O000902,P0037,1,104.62,0.2
L0002263,O000902,P0021,3,71.03,0.0
L0002264,O000902,P0082,1,78.55,0.15
L0002265,O000902,P0001,1,256.68,0.0
L0002266,O000903,P0103,3,81.38,0.2
L0002267,O000903,P0084,2,246.37,0.05
L0002268,O000903,P0112,2,34.86,0.0
L0002269,O000904,P0174,2,204.48,0.05
L0002270,O000904,P0172,2,42.38,0.15
L0002271,O000905,P0172,2,39.89,0.2
L0002272,O000906,P0031,3,272.21,0.0
L0002273,O000907,P0069,3,60.37,0.0
L0002274,O000907,P0124,1,62.0,0.1
L0002275,O000908,P0054,2,229.99,0.0
L0002276,O000908,P0105,1,63.37,0.05
L0002277,O000908,P0015,3,49.3,0.2
L0002278,O000908,P0039,1,309.36,0.0
L0002279,O000909,P0007,3,254.13,0.0
L0002280,O000909,P0079,1,145.32,0.0
L0002281,O000909,P0122,1,339.37,0.0
L0002282,O000910,P0077,3,240.42,0.2
L0002283,O000910,P0061,2,15.7,0.0
L0002284,O000910,P0097,2,168.55,0.0
L0002285,O000911,P0124,1,62.0,0.1
L0002286,O000911,P0116,2,330.95,0.0
L0002287,O000911,P0003,1,271.26,0.0
L0002288,O000912,P0069,1,60.37,0.0
L0002289,O000912,P0063,3,148.61,0.0
L0002290,O000912,P0005,2,189.78,0.05
L0002291,O000912,P0056,2,282.03,0.15
L0002292,O000913,P0147,1,12.88,0.2
L0002293,O000914,P0054,2,229.99,0.0
L0002294,O000914,P0089,2,11.58,0.05
L0002295,O000914,P0135,2,252.6,0.0
L0002296,O000915,P0141,1,303.19,0.05
L0002297,O000915,P0009,2,224.19,0.2
L0002298,O000916,P0093,3,19.74,0.1
L0002299,O000916,P0161,3,49.43,0.1
L0002300,O000916,P0171,1,88.06,0.0
L0002301,O000917,P0133,1,41.91,0.05
L0002302,O000917,P0122,3,339.37,0.0
L0002303,O000917,P0156,1,283.63,0.05
L0002304,O000918,P0116,1,264.76,0.2
L0002305,O000919,P0033,3,178.96,0.0
L0002306,O000919,P0073,1,250.21,0.05
L0002307,O000919,P0066,2,300.18,0.0
L0002308,O000919,P0086,1,12.78,0.15
L0002309,O000920,P0141,1,319.15,0.0
L0002310,O000920,P0175,1,60.92,0.0
L0002311,O000920,P0130,1,39.92,0.0
L0002312,O000921,P0179,2,142.6,0.0
L0002313,O000921,P0104,2,25.33,0.0
L0002314,O000922,P0129,2,127.39,0.0
L0002315,O000923,P0040,2,236.27,0.05
L0002316,O000924,P0165,2,109.36,0.15
L0002317,O000924,P0141,3,287.24,0.1
L0002318,O000924,P0094,2,177.96,0.15
L0002319,O000925,P0130,1,39.92,0.0
L0002320,O000925,P0059,1,112.23,0.1
L0002321,O000925,P0024,1,168.57,0.0
L0002322,O000926,P0131,3,13.26,0.05
L0002323,O000926,P0092,2,261.88,0.15
L0002324,O000926,P0031,2,272.21,0.0
L0002325,O000926,P0011,1,77.91,0.0
L0002326,O000927,P0098,1,80.03,0.0
L0002327,O000927,P0172,1,44.87,0.1
L0002328,O000928,P0095,2,276.95,0.0
L0002329,O000928,P0127,1,94.92,0.0
L0002330,O000928,P0073,1,223.87,0.15
L0002331,O000929,P0097,1,151.7,0.1
L0002332,O000929,P0049,3,240.81,0.1
L0002333,O000929,P0006,2,122.4,0.0
L0002334,O000930,P0013,3,38.39,0.0
L0002335,O000930,P0003,2,257.7,0.05
L0002336,O000931,P0087,2,87.53,0.1
L0002337,O000931,P0041,2,70.14,0.1
L0002338,O000931,P0133,1,44.12,0.0
L0002339,O000932,P0035,1,127.08,0.0
L0002340,O000932,P0093,3,18.64,0.15
L0002341,O000932,P0055,3,11.33,0.2
L0002342,O000933,P0090,1,135.94,0.0
L0002343,O000934,P0170,3,229.37,0.1
L0002344,O000935,P0077,3,300.52,0.0
L0002345,O000935,P0180,1,41.78,0.2
L0002346,O000935,P0087,3,87.53,0.1
L0002347,O000936,P0140,2,146.63,0.05
L0002348,O000936,P0171,3,74.85,0.15
L0002349,O000936,P0098,2,80.03,0.0
L0002350,O000937,P0125,1,86.4,0.1
L0002351,O000937,P0079,2,145.32,0.0
L0002352,O000938,P0016,1,57.21,0.05
L0002353,O000938,P0005,1,199.77,0.0
L0002354,O000938,P0167,1,162.27,0.0
L0002355,O000939,P0117,3,244.09,0.0
L0002356,O000940,P0147,2,14.49,0.1
L0002357,O000940,P0071,3,103.55,0.05
L0002358,O000940,P0130,1,39.92,0.0
L0002359,O000941,P0072,3,91.39,0.1
L0002360,O000941,P0176,2,212.39,0.05
L0002361,O000942,P0051,2,56.78,0.1
L0002362,O000942,P0017,2,180.99,0.0
L0002363,O000942,P0100,2,83.1,0.0
L0002364,O000943,P0172,2,47.37,0.05
L0002365,O000943,P0141,2,319.15,0.0
L0002366,O000943,P0152,3,187.58,0.0
L0002367,O000943,P0016,2,54.2,0.1
L0002368,O000944,P0128,3,268.61,0.05
L0002369,O000944,P0081,2,20.01,0.15
L0002370,O000944,P0028,3,154.38,0.05
L0002371,O000945,P0083,2,240.32,0.1
L0002372,O000946,P0086,1,13.53,0.1
L0002373,O000946,P0155,3,121.7,0.0
L0002374,O000946,P0044,2,265.56,0.0
L0002375,O000946,P0179,3,114.08,0.2
L0002376,O000947,P0055,3,14.16,0.0
L0002377,O000947,P0160,2,141.12,0.1
L0002378,O000948,P0134,2,36.11,0.2
L0002379,O000949,P0166,1,169.0,0.15
L0002380,O000949,P0051,3,59.94,0.05
L0002381,O000949,P0164,1,231.98,0.2
L0002382,O000950,P0098,2,80.03,0.0
L0002383,O000950,P0041,1,70.14,0.1
L0002384,O000950,P0036,1,52.13,0.0
L0002385,O000950,P0016,2,51.19,0.15
L0002386,O000951,P0114,3,307.4,0.0
L0002387,O000951,P0135,3,202.08,0.2
L0002388,O000951,P0070,3,217.65,0.1
L0002389,O000952,P0064,1,321.5,0.0
L0002390,O000952,P0165,3,128.66,0.0
L0002391,O000953,P0093,2,21.93,0.0
L0002392,O000954,P0117,1,244.09,0.0
L0002393,O000954,P0076,3,99.18,0.0
L0002394,O000954,P0027,1,306.58,0.0
L0002395,O000955,P0142,1,76.94,0.0
L0002396,O000956,P0038,1,197.26,0.0
L0002397,O000957,P0066,3,270.16,0.1
L0002398,O000957,P0113,3,138.3,0.0
L0002399,O000958,P0120,3,204.62,0.05
L0002400,O000959,P0031,1,272.21,0.0
L0002401,O000959,P0159,1,120.32,0.1
L0002402,O000960,P0174,1,215.24,0.0
L0002403,O000960,P0101,3,349.83,0.0
L0002404,O000961,P0076,1,99.18,0.0
L0002405,O000961,P0030,3,177.24,0.0
L0002406,O000962,P0108,2,157.38,0.15
L0002407,O000962,P0166,1,198.82,0.0
L0002408,O000963,P0150,1,321.49,0.0
L0002409,O000964,P0130,1,39.92,0.0
L0002410,O000964,P0034,3,181.72,0.0
L0002411,O000965,P0073,3,263.38,0.0
L0002412,O000965,P0006,2,97.92,0.2
L0002413,O000965,P0167,1,129.82,0.2
L0002414,O000966,P0039,3,293.89,0.05
L0002415,O000967,P0054,2,195.49,0.15
L0002416,O000968,P0025,2,137.63,0.0
L0002417,O000968,P0120,1,204.62,0.05
L0002418,O000968,P0076,3,99.18,0.0
L0002419,O000969,P0116,1,330.95,0.0
L0002420,O000969,P0126,1,273.1,0.1
L0002421,O000969,P0007,1,254.13,0.0
L0002422,O000969,P0001,2,256.68,0.0
L0002423,O000970,P0073,1,250.21,0.05
L0002424,O000970,P0128,3,282.75,0.0
L0002425,O000970,P0153,2,136.91,0.0
L0002426,O000971,P0143,3,239.62,0.0
L0002427,O000971,P0037,1,124.24,0.05
L0002428,O000971,P0029,3,192.24,0.15
L0002429,O000972,P0056,2,331.8,0.0
L0002430,O000972,P0002,1,264.47,0.0
L0002431,O000972,P0135,3,252.6,0.0
L0002432,O000972,P0168,3,287.81,0.0
L0002433,O000973,P0078,3,334.26,0.0
L0002434,O000973,P0131,1,13.96,0.0
L0002435,O000973,P0147,3,16.1,0.0
L0002436,O000973,P0152,3,168.82,0.1
L0002437,O000974,P0155,3,115.61,0.05
L0002438,O000974,P0098,1,80.03,0.0
L0002439,O000974,P0126,3,242.75,0.2
L0002440,O000975,P0162,2,20.33,0.0
L0002441,O000975,P0157,3,252.75,0.0
L0002442,O000975,P0140,3,131.2,0.15
L0002443,O000976,P0175,2,54.83,0.1
L0002444,O000976,P0153,3,136.91,0.0
L0002445,O000977,P0117,2,244.09,0.0
L0002446,O000977,P0082,2,83.17,0.1
L0002447,O000977,P0034,1,181.72,0.0
L0002448,O000978,P0123,2,288.69,0.0
L0002449,O000978,P0148,3,111.56,0.1
L0002450,O000978,P0088,1,62.88,0.0
L0002451,O000979,P0061,3,15.7,0.0
L0002452,O000979,P0095,1,263.1,0.05
L0002453,O000980,P0125,2,96.0,0.0
L0002454,O000980,P0124,2,62.0,0.1
L0002455,O000980,P0111,3,272.98,0.1
L0002456,O000980,P0045,3,308.07,0.0
L0002457,O000981,P0088,2,62.88,0.0
L0002458,O000981,P0120,3,215.39,0.0
L0002459,O000981,P0070,3,217.65,0.1
L0002460,O000981,P0097,3,143.27,0.15
L0002461,O000982,P0131,2,13.96,0.0
L0002462,O000983,P0008,3,346.93,0.0
L0002463,O000984,P0020,3,45.59,0.0
L0002464,O000984,P0143,1,239.62,0.0
L0002465,O000984,P0144,1,206.16,0.0
L0002466,O000985,P0122,2,339.37,0.0
L0002467,O000986,P0099,3,339.39,0.0
L0002468,O000986,P0069,1,60.37,0.0
L0002469,O000986,P0087,1,97.26,0.0
L0002470,O000987,P0109,1,297.26,0.0
L0002471,O000987,P0178,1,221.82,0.0
L0002472,O000987,P0019,2,86.97,0.0
L0002473,O000987,P0151,2,233.95,0.0
L0002474,O000988,P0062,1,167.61,0.0
L0002475,O000988,P0012,2,57.02,0.1
L0002476,O000988,P0160,3,141.12,0.1
L0002477,O000988,P0056,2,282.03,0.15
L0002478,O000989,P0071,1,109.0,0.0
L0002479,O000989,P0106,2,171.88,0.05
L0002480,O000989,P0174,2,182.95,0.15
L0002481,O000989,P0156,3,298.56,0.0
L0002482,O000990,P0088,1,62.88,0.0
L0002483,O000990,P0146,2,223.61,0.2
L0002484,O000991,P0050,2,198.45,0.0
L0002485,O000991,P0087,1,97.26,0.0
L0002486,O000992,P0105,3,66.7,0.0
L0002487,O000992,P0164,3,289.97,0.0
L0002488,O000992,P0143,3,239.62,0.0
L0002489,O000993,P0081,3,21.19,0.1
L0002490,O000993,P0138,3,77.99,0.15
L0002491,O000993,P0057,2,61.86,0.0
L0002492,O000994,P0032,3,156.15,0.0
L0002493,O000995,P0031,1,272.21,0.0
L0002494,O000996,P0016,1,57.21,0.05
L0002495,O000996,P0029,2,226.17,0.0
L0002496,O000996,P0040,3,198.97,0.2
L0002497,O000996,P0098,3,80.03,0.0
L0002498,O000997,P0172,1,47.37,0.05
L0002499,O000997,P0114,1,307.4,0.0
L0002500,O000997,P0145,1,97.92,0.0
L0002501,O000997,P0137,3,50.88,0.0
L0002502,O000998,P0142,1,69.25,0.1
L0002503,O000998,P0166,2,169.0,0.15
L0002504,O000998,P0066,1,300.18,0.0
L0002505,O000998,P0085,3,265.09,0.15
L0002506,O000999,P0060,2,275.74,0.0
L0002507,O000999,P0096,1,265.22,0.0
L0002508,O000999,P0014,1,121.12,0.05
L0002509,O000999,P0168,2,287.81,0.0
L0002510,O001000,P0126,1,303.44,0.0
L0002511,O001000,P0004,1,37.63,0.0
L0002512,O001001,P0101,3,297.36,0.15
L0002513,O001001,P0145,2,93.02,0.05
L0002514,O001001,P0178,2,188.55,0.15
L0002515,O001002,P0164,2,246.47,0.15
L0002516,O001002,P0031,3,231.38,0.15
L0002517,O001002,P0062,1,159.23,0.05
L0002518,O001002,P0003,3,244.13,0.1
L0002519,O001003,P0092,3,292.69,0.05
L0002520,O001003,P0015,3,61.62,0.0
L0002521,O001003,P0109,1,282.4,0.05
L0002522,O001004,P0030,3,177.24,0.0
L0002523,O001004,P0157,1,227.47,0.1
L0002524,O001005,P0087,2,92.4,0.05
L0002525,O001005,P0121,2,221.67,0.0
L0002526,O001005,P0055,1,14.16,0.0
L0002527,O001006,P0001,1,256.68,0.0
L0002528,O001006,P0013,3,36.47,0.05
L0002529,O001006,P0095,2,249.25,0.1
L0002530,O001007,P0053,3,230.12,0.1
L0002531,O001007,P0057,1,61.86,0.0
L0002532,O001007,P0051,1,59.94,0.05
L0002533,O001007,P0146,2,279.51,0.0
L0002534,O001008,P0019,3,82.62,0.05
L0002535,O001008,P0102,1,165.08,0.1
L0002536,O001009,P0099,2,271.51,0.2
L0002537,O001010,P0071,2,109.0,0.0
L0002538,O001010,P0073,1,263.38,0.0
L0002539,O001011,P0030,2,177.24,0.0
L0002540,O001011,P0025,1,137.63,0.0
L0002541,O001011,P0011,2,77.91,0.0
L0002542,O001011,P0158,2,73.76,0.0
L0002543,O001012,P0118,2,207.93,0.05
L0002544,O001013,P0017,1,153.84,0.15
L0002545,O001013,P0023,3,157.4,0.0
L0002546,O001013,P0104,3,25.33,0.0
L0002547,O001014,P0022,3,145.84,0.0
L0002548,O001014,P0071,2,109.0,0.0
L0002549,O001014,P0180,3,52.22,0.0
L0002550,O001014,P0117,2,244.09,0.0
L0002551,O001015,P0090,1,135.94,0.0
L0002552,O001015,P0033,1,170.01,0.05
L0002553,O001016,P0064,2,321.5,0.0
L0002554,O001016,P0050,2,198.45,0.0
L0002555,O001016,P0093,1,21.93,0.0
L0002556,O001017,P0058,3,292.88,0.05
L0002557,O001018,P0114,2,261.29,0.15
L0002558,O001018,P0169,2,98.39,0.05
L0002559,O001018,P0129,3,127.39,0.0
L0002560,O001018,P0177,3,295.0,0.0
L0002561,O001019,P0121,1,221.67,0.0
L0002562,O001019,P0011,2,74.01,0.05
L0002563,O001019,P0153,3,123.22,0.1
L0002564,O001020,P0144,3,206.16,0.0
L0002565,O001020,P0064,3,321.5,0.0
L0002566,O001020,P0044,3,239.0,0.1
L0002567,O001021,P0077,2,255.44,0.15
L0002568,O001021,P0124,2,68.89,0.0
L0002569,O001021,P0065,3,133.84,0.05
L0002570,O001022,P0173,1,159.3,0.1
L0002571,O001023,P0077,2,285.49,0.05
L0002572,O001023,P0098,3,80.03,0.0
L0002573,O001024,P0099,2,288.48,0.15
L0002574,O001024,P0138,3,82.58,0.1
L0002575,O001025,P0139,1,256.06,0.1
L0002576,O001026,P0141,1,319.15,0.0
L0002577,O001026,P0064,3,321.5,0.0
L0002578,O001026,P0155,1,109.53,0.1
L0002579,O001026,P0179,1,128.34,0.1
L0002580,O001027,P0101,1,332.34,0.05
L0002581,O001027,P0165,3,128.66,0.0
L0002582,O001027,P0143,3,191.7,0.2
L0002583,O001028,P0004,3,37.63,0.0
L0002584,O001028,P0102,1,165.08,0.1
L0002585,O001028,P0076,3,89.26,0.1
L0002586,O001028,P0112,3,34.86,0.0
L0002587,O001029,P0063,1,148.61,0.0
L0002588,O001029,P0049,2,267.57,0.0
L0002589,O001030,P0067,3,159.53,0.1
L0002590,O001030,P0106,3,180.93,0.0
L0002591,O001030,P0109,2,297.26,0.0
L0002592,O001031,P0140,2,138.91,0.1
L0002593,O001031,P0132,3,62.67,0.0
L0002594,O001031,P0118,3,218.87,0.0
L0002595,O001032,P0086,1,15.03,0.0
L0002596,O001032,P0052,2,187.42,0.0
L0002597,O001033,P0136,3,46.17,0.0
L0002598,O001034,P0043,1,249.36,0.0
L0002599,O001034,P0024,3,143.28,0.15
L0002600,O001034,P0070,2,217.65,0.1
L0002601,O001035,P0106,3,144.74,0.2
L0002602,O001035,P0108,1,185.15,0.0
L0002603,O001035,P0055,3,14.16,0.0
L0002604,O001035,P0027,2,245.26,0.2
L0002605,O001036,P0016,1,57.21,0.05
L0002606,O001036,P0072,2,101.55,0.0
L0002607,O001037,P0093,1,21.93,0.0
L0002608,O001038,P0008,2,312.24,0.1
L0002609,O001038,P0052,2,178.05,0.05
L0002610,O001039,P0165,2,115.79,0.1
L0002611,O001039,P0099,1,339.39,0.0
L0002612,O001039,P0122,2,339.37,0.0
L0002613,O001039,P0147,1,13.69,0.15
L0002614,O001040,P0011,1,77.91,0.0
L0002615,O001040,P0150,1,321.49,0.0
L0002616,O001040,P0138,3,82.58,0.1
L0002617,O001041,P0175,1,60.92,0.0
L0002618,O001041,P0030,2,177.24,0.0
L0002619,O001042,P0035,2,127.08,0.0
L0002620,O001042,P0132,3,56.4,0.1
L0002621,O001042,P0166,1,198.82,0.0
L0002622,O001043,P0089,1,12.19,0.0
L0002623,O001043,P0167,3,162.27,0.0
L0002624,O001043,P0021,3,56.82,0.2
L0002625,O001043,P0159,1,106.95,0.2
L0002626,O001044,P0098,2,80.03,0.0
L0002627,O001044,P0124,1,68.89,0.0
L0002628,O001045,P0109,3,297.26,0.0
L0002629,O001045,P0168,3,287.81,0.0
L0002630,O001045,P0008,3,346.93,0.0
L0002631,O001046,P0119,1,247.16,0.0
L0002632,O001047,P0167,3,162.27,0.0
L0002633,O001048,P0031,1,272.21,0.0
L0002634,O001048,P0177,3,265.5,0.1
L0002635,O001048,P0140,2,138.91,0.1
L0002636,O001048,P0037,1,130.78,0.0
L0002637,O001049,P0109,3,297.26,0.0
L0002638,O001049,P0104,1,21.53,0.15
L0002639,O001050,P0099,3,339.39,0.0
L0002640,O001050,P0044,2,225.73,0.15
L0002641,O001051,P0001,1,256.68,0.0
L0002642,O001051,P0098,1,80.03,0.0
L0002643,O001051,P0080,2,172.05,0.15
L0002644,O001051,P0006,2,122.4,0.0
L0002645,O001052,P0091,2,304.84,0.05
L0002646,O001053,P0058,3,308.29,0.0
L0002647,O001054,P0023,3,157.4,0.0
L0002648,O001055,P0024,1,168.57,0.0
L0002649,O001055,P0169,3,82.86,0.2
L0002650,O001055,P0043,3,211.96,0.15
L0002651,O001055,P0088,1,62.88,0.0
L0002652,O001056,P0022,1,145.84,0.0
L0002653,O001056,P0063,1,148.61,0.0
L0002654,O001056,P0083,1,240.32,0.1
L0002655,O001056,P0001,1,243.85,0.05
L0002656,O001057,P0142,3,69.25,0.1
L0002657,O001057,P0119,1,247.16,0.0
L0002658,O001057,P0122,3,339.37,0.0
L0002659,O001058,P0024,3,143.28,0.15
L0002660,O001058,P0120,1,193.85,0.1
L0002661,O001058,P0070,2,229.74,0.05
L0002662,O001059,P0100,3,70.63,0.15
L0002663,O001059,P0146,1,265.53,0.05
L0002664,O001059,P0162,3,18.3,0.1
L0002665,O001060,P0117,3,244.09,0.0
L0002666,O001060,P0051,1,59.94,0.05
L0002667,O001061,P0174,3,215.24,0.0
L0002668,O001061,P0001,3,231.01,0.1
L0002669,O001061,P0047,2,49.26,0.1
L0002670,O001061,P0158,1,66.38,0.1
L0002671,O001062,P0058,3,262.05,0.15
L0002672,O001062,P0109,2,267.53,0.1
L0002673,O001062,P0117,3,231.89,0.05
L0002674,O001062,P0156,2,268.7,0.1
L0002675,O001063,P0041,2,77.93,0.0
L0002676,O001063,P0076,1,89.26,0.1
L0002677,O001064,P0001,2,256.68,0.0
L0002678,O001065,P0088,3,62.88,0.0
L0002679,O001065,P0090,2,108.75,0.2
L0002680,O001065,P0125,2,81.6,0.15
L0002681,O001066,P0145,1,97.92,0.0
L0002682,O001067,P0163,1,222.2,0.05
L0002683,O001067,P0117,1,244.09,0.0
L0002684,O001068,P0180,1,52.22,0.0
L0002685,O001068,P0012,1,63.35,0.0
L0002686,O001069,P0179,1,114.08,0.2
L0002687,O001069,P0157,1,252.75,0.0
L0002688,O001069,P0069,1,48.3,0.2
L0002689,O001070,P0167,2,146.04,0.1
L0002690,O001070,P0082,3,92.41,0.0
L0002691,O001071,P0071,2,87.2,0.2
L0002692,O001072,P0174,2,204.48,0.05
L0002693,O001072,P0123,2,245.39,0.15
L0002694,O001073,P0027,2,291.25,0.05
L0002695,O001073,P0120,1,183.08,0.15
L0002696,O001073,P0119,1,210.09,0.15
L0002697,O001073,P0108,1,185.15,0.0
L0002698,O001074,P0170,3,216.62,0.15
L0002699,O001074,P0104,1,22.8,0.1
L0002700,O001074,P0064,3,321.5,0.0
L0002701,O001075,P0135,2,252.6,0.0
L0002702,O001075,P0175,2,60.92,0.0
L0002703,O001075,P0138,1,77.99,0.15
L0002704,O001075,P0063,3,141.18,0.05
L0002705,O001076,P0126,2,273.1,0.1
L0002706,O001076,P0061,2,15.7,0.0
L0002707,O001076,P0059,1,124.7,0.0
L0002708,O001077,P0005,3,179.79,0.1
L0002709,O001078,P0074,3,164.31,0.1
L0002710,O001078,P0007,1,254.13,0.0
L0002711,O001078,P0104,3,24.06,0.05
L0002712,O001079,P0095,2,276.95,0.0
L0002713,O001079,P0052,1,187.42,0.0
L0002714,O001080,P0084,2,259.34,0.0
L0002715,O001080,P0062,2,167.61,0.0
L0002716,O001081,P0093,2,21.93,0.0
L0002717,O001081,P0089,2,12.19,0.0
L0002718,O001082,P0116,1,330.95,0.0
L0002719,O001082,P0139,1,284.51,0.0
L0002720,O001082,P0084,1,259.34,0.0
L0002721,O001083,P0071,2,109.0,0.0
L0002722,O001083,P0093,3,19.74,0.1
L0002723,O001083,P0077,2,300.52,0.0
L0002724,O001083,P0080,1,202.41,0.0
L0002725,O001084,P0164,2,275.47,0.05
L0002726,O001085,P0165,2,128.66,0.0
L0002727,O001086,P0007,2,241.42,0.05
L0002728,O001086,P0057,1,49.49,0.2
L0002729,O001086,P0095,2,276.95,0.0
L0002730,O001087,P0154,1,277.51,0.0
L0002731,O001087,P0003,1,271.26,0.0
L0002732,O001087,P0170,2,242.11,0.05
L0002733,O001087,P0135,1,252.6,0.0
L0002734,O001088,P0030,2,177.24,0.0
L0002735,O001088,P0098,2,72.03,0.1
L0002736,O001089,P0178,2,177.46,0.2
L0002737,O001090,P0099,2,288.48,0.15
L0002738,O001090,P0180,1,47.0,0.1
L0002739,O001091,P0054,3,229.99,0.0
L0002740,O001091,P0022,1,123.96,0.15
L0002741,O001091,P0005,3,199.77,0.0
L0002742,O001091,P0141,2,319.15,0.0
L0002743,O001092,P0064,3,289.35,0.1
L0002744,O001092,P0043,2,224.42,0.1
L0002745,O001093,P0080,1,182.17,0.1
L0002746,O001093,P0166,1,198.82,0.0
L0002747,O001093,P0104,3,25.33,0.0
L0002748,O001093,P0171,2,83.66,0.05
L0002749,O001094,P0133,3,39.71,0.1
L0002750,O001094,P0117,1,231.89,0.05
L0002751,O001094,P0092,1,308.09,0.0
L0002752,O001095,P0160,3,148.96,0.05
L0002753,O001096,P0072,2,101.55,0.0
L0002754,O001096,P0099,1,288.48,0.15
L0002755,O001096,P0064,1,321.5,0.0
L0002756,O001096,P0169,2,93.21,0.1
L0002757,O001097,P0024,3,168.57,0.0
L0002758,O001097,P0115,1,146.48,0.1
L0002759,O001097,P0020,1,41.03,0.1
L0002760,O001097,P0119,3,247.16,0.0
L0002761,O001098,P0058,2,246.63,0.2
L0002762,O001098,P0090,3,129.14,0.05
L0002763,O001098,P0008,3,329.58,0.05
L0002764,O001099,P0127,3,90.17,0.05
L0002765,O001099,P0022,3,145.84,0.0
L0002766,O001100,P0058,3,277.46,0.1
L0002767,O001100,P0101,2,314.85,0.1
L0002768,O001101,P0102,1,174.25,0.05
L0002769,O001101,P0131,1,11.87,0.15
L0002770,O001101,P0154,3,249.76,0.1
L0002771,O001101,P0048,1,48.25,0.1
L0002772,O001102,P0006,3,110.16,0.1
L0002773,O001102,P0175,1,60.92,0.0
L0002774,O001102,P0135,1,227.34,0.1
L0002775,O001103,P0008,3,346.93,0.0
L0002776,O001103,P0030,3,159.52,0.1
L0002777,O001103,P0131,2,13.96,0.0
L0002778,O001103,P0072,2,101.55,0.0
L0002779,O001104,P0032,3,132.73,0.15
L0002780,O001104,P0103,2,101.73,0.0
L0002781,O001104,P0014,1,127.49,0.0
L0002782,O001104,P0175,1,60.92,0.0
L0002783,O001105,P0033,3,161.06,0.1
L0002784,O001105,P0167,2,146.04,0.1
L0002785,O001105,P0101,1,349.83,0.0
L0002786,O001106,P0084,3,233.41,0.1
L0002787,O001107,P0129,3,127.39,0.0
L0002788,O001108,P0006,1,110.16,0.1
L0002789,O001108,P0002,3,264.47,0.0
L0002790,O001109,P0156,3,298.56,0.0
L0002791,O001109,P0029,1,214.86,0.05
L0002792,O001109,P0097,1,151.7,0.1
L0002793,O001110,P0042,2,107.66,0.0
L0002794,O001110,P0091,2,288.79,0.1
L0002795,O001110,P0168,1,287.81,0.0
L0002796,O001110,P0127,1,80.68,0.15
L0002797,O001111,P0044,2,252.28,0.05
L0002798,O001111,P0019,1,73.92,0.15
L0002799,O001111,P0151,1,233.95,0.0
L0002800,O001111,P0022,3,116.67,0.2
L0002801,O001112,P0036,3,41.7,0.2
L0002802,O001112,P0139,2,256.06,0.1
L0002803,O001112,P0035,3,127.08,0.0
L0002804,O001113,P0158,2,70.07,0.05
L0002805,O001114,P0162,1,19.31,0.05
L0002806,O001114,P0011,2,77.91,0.0
L0002807,O001114,P0116,2,281.31,0.15
L0002808,O001114,P0113,1,110.64,0.2
L0002809,O001115,P0097,2,134.84,0.2
L0002810,O001116,P0148,1,123.95,0.0
L0002811,O001116,P0036,2,46.92,0.1
L0002812,O001117,P0109,3,252.67,0.15
L0002813,O001118,P0099,3,339.39,0.0
L0002814,O001118,P0058,2,292.88,0.05
L0002815,O001118,P0024,2,168.57,0.0
L0002816,O001119,P0155,3,121.7,0.0
L0002817,O001119,P0064,1,321.5,0.0
L0002818,O001120,P0148,3,117.75,0.05
L0002819,O001120,P0063,1,148.61,0.0
L0002820,O001121,P0160,1,141.12,0.1
L0002821,O001121,P0023,3,141.66,0.1
L0002822,O001121,P0002,3,264.47,0.0
L0002823,O001121,P0005,3,189.78,0.05
L0002824,O001122,P0038,3,197.26,0.0
L0002825,O001123,P0048,1,53.61,0.0
L0002826,O001123,P0022,3,145.84,0.0
L0002827,O001123,P0169,3,103.57,0.0
L0002828,O001124,P0094,1,188.42,0.1
L0002829,O001124,P0071,3,109.0,0.0
L0002830,O001124,P0005,1,179.79,0.1
L0002831,O001125,P0148,1,123.95,0.0
L0002832,O001125,P0169,3,93.21,0.1
L0002833,O001125,P0159,3,120.32,0.1
L0002834,O001125,P0044,2,265.56,0.0
L0002835,O001126,P0178,1,221.82,0.0
L0002836,O001126,P0113,3,124.47,0.1
L0002837,O001127,P0095,1,263.1,0.05
L0002838,O001127,P0026,3,56.63,0.05
L0002839,O001128,P0115,2,162.76,0.0
L0002840,O001128,P0031,1,231.38,0.15
L0002841,O001128,P0110,1,216.57,0.15
L0002842,O001129,P0102,2,174.25,0.05
L0002843,O001129,P0026,2,59.61,0.0
L0002844,O001129,P0009,3,280.24,0.0
L0002845,O001130,P0128,2,282.75,0.0
L0002846,O001130,P0117,3,244.09,0.0
L0002847,O001131,P0071,1,103.55,0.05
L0002848,O001131,P0026,3,56.63,0.05
L0002849,O001132,P0066,3,300.18,0.0
L0002850,O001132,P0177,1,250.75,0.15
L0002851,O001132,P0124,2,65.45,0.05
L0002852,O001133,P0103,3,96.64,0.05
L0002853,O001133,P0091,3,320.88,0.0
L0002854,O001133,P0132,3,50.14,0.2
L0002855,O001133,P0036,1,46.92,0.1
L0002856,O001134,P0095,1,276.95,0.0
L0002857,O001134,P0070,2,241.83,0.0
L0002858,O001135,P0134,3,45.14,0.0
L0002859,O001135,P0101,2,279.86,0.2
L0002860,O001135,P0176,1,212.39,0.05
L0002861,O001136,P0080,3,182.17,0.1
L0002862,O001136,P0133,1,44.12,0.0
L0002863,O001136,P0139,1,284.51,0.0
L0002864,O001136,P0041,2,77.93,0.0
L0002865,O001137,P0065,3,140.88,0.0
L0002866,O001137,P0131,3,13.96,0.0
L0002867,O001137,P0093,1,18.64,0.15
L0002868,O001137,P0144,2,206.16,0.0
L0002869,O001138,P0009,1,252.22,0.1
L0002870,O001138,P0094,2,167.49,0.2
L0002871,O001139,P0114,2,307.4,0.0
L0002872,O001139,P0052,3,187.42,0.0
L0002873,O001140,P0162,3,16.26,0.2
L0002874,O001141,P0039,3,247.49,0.2
L0002875,O001141,P0157,3,240.11,0.05
L0002876,O001141,P0099,2,305.45,0.1
L0002877,O001141,P0178,2,221.82,0.0
L0002878,O001142,P0083,3,253.67,0.05
L0002879,O001142,P0149,1,42.18,0.0
L0002880,O001142,P0110,2,229.31,0.1
L0002881,O001142,P0069,3,60.37,0.0
L0002882,O001143,P0091,1,320.88,0.0
L0002883,O001143,P0059,1,124.7,0.0
L0002884,O001144,P0093,1,21.93,0.0
L0002885,O001144,P0053,3,242.91,0.05
L0002886,O001144,P0076,1,89.26,0.1
L0002887,O001144,P0120,1,193.85,0.1
L0002888,O001145,P0119,2,247.16,0.0
L0002889,O001145,P0140,3,138.91,0.1
L0002890,O001146,P0035,2,127.08,0.0
L0002891,O001146,P0022,2,145.84,0.0
L0002892,O001147,P0141,1,271.28,0.15
L0002893,O001147,P0176,1,223.57,0.0
L0002894,O001147,P0055,1,14.16,0.0
L0002895,O001147,P0012,2,57.02,0.1
L0002896,O001148,P0060,1,275.74,0.0
L0002897,O001148,P0161,1,54.92,0.0
L0002898,O001149,P0161,2,46.68,0.15
L0002899,O001150,P0138,1,82.58,0.1
L0002900,O001150,P0017,1,180.99,0.0
L0002901,O001151,P0015,1,61.62,0.0
L0002902,O001151,P0177,3,295.0,0.0
L0002903,O001151,P0052,3,187.42,0.0
L0002904,O001151,P0050,1,198.45,0.0
L0002905,O001152,P0029,1,226.17,0.0
L0002906,O001152,P0096,1,265.22,0.0
L0002907,O001152,P0133,2,39.71,0.1
L0002908,O001152,P0132,1,62.67,0.0
L0002909,O001153,P0100,2,66.48,0.2
L0002910,O001153,P0147,1,13.69,0.15
L0002911,O001154,P0103,2,101.73,0.0
L0002912,O001154,P0131,1,13.96,0.0
L0002913,O001154,P0158,2,73.76,0.0
L0002914,O001155,P0109,2,237.81,0.2
L0002915,O001155,P0156,3,298.56,0.0
L0002916,O001155,P0033,2,170.01,0.05
L0002917,O001156,P0179,3,142.6,0.0
L0002918,O001156,P0045,1,308.07,0.0
L0002919,O001157,P0061,1,14.13,0.1
L0002920,O001157,P0092,3,308.09,0.0
L0002921,O001157,P0117,1,195.27,0.2
L0002922,O001157,P0027,1,306.58,0.0
L0002923,O001158,P0168,1,287.81,0.0
L0002924,O001158,P0018,1,175.15,0.0
L0002925,O001158,P0131,3,13.96,0.0
L0002926,O001159,P0134,1,45.14,0.0
L0002927,O001160,P0073,3,263.38,0.0
L0002928,O001160,P0088,2,62.88,0.0
L0002929,O001161,P0084,2,259.34,0.0
L0002930,O001162,P0142,3,76.94,0.0
L0002931,O001162,P0103,1,91.56,0.1
L0002932,O001162,P0139,1,284.51,0.0
L0002933,O001162,P0179,2,135.47,0.05
L0002934,O001163,P0136,1,46.17,0.0
L0002935,O001163,P0062,1,167.61,0.0
L0002936,O001163,P0060,3,275.74,0.0
L0002937,O001163,P0155,2,109.53,0.1
L0002938,O001164,P0017,3,171.94,0.05
L0002939,O001164,P0057,2,61.86,0.0
L0002940,O001164,P0130,1,33.93,0.15
L0002941,O001164,P0086,1,15.03,0.0
L0002942,O001165,P0110,3,229.31,0.1
L0002943,O001165,P0077,1,285.49,0.05
L0002944,O001166,P0049,2,214.06,0.2
L0002945,O001166,P0142,2,76.94,0.0
L0002946,O001166,P0030,2,177.24,0.0
L0002947,O001167,P0100,2,78.94,0.05
L0002948,O001167,P0058,2,308.29,0.0
L0002949,O001167,P0134,1,42.88,0.05
L0002950,O001167,P0045,3,277.26,0.1
L0002951,O001168,P0016,2,60.22,0.0
L0002952,O001168,P0084,2,259.34,0.0
L0002953,O001169,P0025,1,116.99,0.15
L0002954,O001169,P0091,1,320.88,0.0
L0002955,O001169,P0077,3,300.52,0.0
L0002956,O001170,P0138,3,91.75,0.0
L0002957,O001171,P0158,3,73.76,0.0
L0002958,O001171,P0072,1,101.55,0.0
L0002959,O001171,P0163,3,233.9,0.0
L0002960,O001171,P0038,3,197.26,0.0
L0002961,O001172,P0125,3,76.8,0.2
L0002962,O001172,P0118,2,207.93,0.05
L0002963,O001172,P0166,1,198.82,0.0
L0002964,O001172,P0016,2,54.2,0.1
L0002965,O001173,P0015,2,58.54,0.05
L0002966,O001173,P0044,3,265.56,0.0
L0002967,O001173,P0159,2,120.32,0.1
L0002968,O001174,P0096,2,225.44,0.15
L0002969,O001174,P0170,3,254.85,0.0
L0002970,O001174,P0153,3,136.91,0.0
L0002971,O001174,P0038,2,197.26,0.0
L0002972,O001175,P0154,1,277.51,0.0
L0002973,O001175,P0131,3,11.87,0.15
L0002974,O001175,P0120,1,215.39,0.0
L0002975,O001176,P0098,1,68.03,0.15
L0002976,O001177,P0083,3,267.02,0.0
L0002977,O001177,P0158,2,73.76,0.0
L0002978,O001178,P0098,3,80.03,0.0
L0002979,O001178,P0003,2,271.26,0.0
L0002980,O001178,P0019,3,86.97,0.0
L0002981,O001179,P0088,3,62.88,0.0
L0002982,O001179,P0024,2,168.57,0.0
L0002983,O001179,P0065,1,140.88,0.0
L0002984,O001179,P0119,3,247.16,0.0
L0002985,O001180,P0014,1,127.49,0.0
L0002986,O001181,P0033,2,152.12,0.15
L0002987,O001181,P0068,2,285.98,0.0
L0002988,O001182,P0112,1,33.12,0.05
L0002989,O001182,P0051,1,63.09,0.0
L0002990,O001182,P0165,1,115.79,0.1
L0002991,O001183,P0102,2,183.42,0.0
L0002992,O001183,P0046,3,341.88,0.0
L0002993,O001183,P0092,2,277.28,0.1
L0002994,O001184,P0123,1,288.69,0.0
L0002995,O001184,P0122,3,305.43,0.1
L0002996,O001184,P0056,2,315.21,0.05
L0002997,O001184,P0012,2,57.02,0.1
L0002998,O001185,P0107,1,266.19,0.15
L0002999,O001186,P0022,3,145.84,0.0
L0003000,O001186,P0048,1,53.61,0.0
L0003001,O001186,P0034,1,181.72,0.0
L0003002,O001187,P0120,3,215.39,0.0
L0003003,O001188,P0086,3,13.53,0.1
L0003004,O001188,P0088,3,62.88,0.0
L0003005,O001188,P0156,1,253.78,0.15
L0003006,O001189,P0131,3,11.87,0.15
L0003007,O001189,P0099,3,339.39,0.0
L0003008,O001189,P0021,3,63.93,0.1
L0003009,O001189,P0064,3,321.5,0.0
L0003010,O001190,P0138,3,82.58,0.1
L0003011,O001190,P0156,3,298.56,0.0
L0003012,O001190,P0076,3,94.22,0.05
L0003013,O001191,P0128,2,240.34,0.15
L0003014,O001191,P0173,2,177.0,0.0
L0003015,O001191,P0085,3,249.5,0.2
L0003016,O001192,P0003,1,271.26,0.0
L0003017,O001193,P0168,1,259.03,0.1
L0003018,O001193,P0122,3,339.37,0.0
L0003019,O001193,P0155,1,103.44,0.15
L0003020,O001193,P0002,3,251.25,0.05
L0003021,O001194,P0046,1,341.88,0.0
L0003022,O001194,P0042,2,102.28,0.05
L0003023,O001194,P0024,3,168.57,0.0
L0003024,O001195,P0052,2,187.42,0.0
L0003025,O001195,P0084,3,259.34,0.0
L0003026,O001195,P0162,2,18.3,0.1
L0003027,O001196,P0180,1,52.22,0.0
L0003028,O001197,P0163,2,233.9,0.0
L0003029,O001198,P0004,3,37.63,0.0
L0003030,O001198,P0011,1,77.91,0.0
L0003031,O001198,P0154,1,277.51,0.0
L0003032,O001199,P0070,1,241.83,0.0
L0003033,O001200,P0097,2,168.55,0.0
L0003034,O001200,P0077,2,255.44,0.15
L0003035,O001201,P0141,2,319.15,0.0
L0003036,O001201,P0178,3,221.82,0.0
L0003037,O001201,P0175,2,51.78,0.15
L0003038,O001202,P0059,3,118.47,0.05
L0003039,O001202,P0167,2,146.04,0.1
L0003040,O001202,P0093,2,21.93,0.0
L0003041,O001203,P0133,3,44.12,0.0
L0003042,O001204,P0069,3,60.37,0.0
L0003043,O001204,P0054,3,229.99,0.0
L0003044,O001204,P0171,3,74.85,0.15
L0003045,O001204,P0120,1,215.39,0.0
L0003046,O001205,P0153,3,109.53,0.2
L0003047,O001205,P0009,1,280.24,0.0
L0003048,O001206,P0106,3,180.93,0.0
L0003049,O001206,P0165,1,128.66,0.0
L0003050,O001206,P0124,3,65.45,0.05
L0003051,O001206,P0073,1,237.04,0.1
L0003052,O001207,P0002,3,251.25,0.05
L0003053,O001207,P0157,2,252.75,0.0
L0003054,O001207,P0046,2,307.69,0.1
L0003055,O001208,P0096,1,265.22,0.0
L0003056,O001208,P0163,2,222.2,0.05
L0003057,O001208,P0009,2,266.23,0.05
L0003058,O001209,P0056,2,331.8,0.0
L0003059,O001209,P0085,1,265.09,0.15
L0003060,O001209,P0091,3,320.88,0.0
L0003061,O001209,P0177,1,295.0,0.0
L0003062,O001210,P0158,2,66.38,0.1
L0003063,O001210,P0132,1,53.27,0.15
L0003064,O001210,P0114,2,261.29,0.15
L0003065,O001210,P0140,3,154.35,0.0
L0003066,O001211,P0028,3,154.38,0.05
L0003067,O001211,P0121,1,177.34,0.2
L0003068,O001211,P0150,2,321.49,0.0
L0003069,O001212,P0052,2,187.42,0.0
L0003070,O001213,P0142,2,76.94,0.0
L0003071,O001214,P0133,2,39.71,0.1
L0003072,O001214,P0083,2,267.02,0.0
L0003073,O001214,P0154,3,263.63,0.05
L0003074,O001215,P0121,3,199.5,0.1
L0003075,O001216,P0014,1,127.49,0.0
L0003076,O001216,P0045,1,308.07,0.0
L0003077,O001216,P0163,3,233.9,0.0
L0003078,O001216,P0136,3,46.17,0.0
L0003079,O001217,P0109,3,297.26,0.0
L0003080,O001217,P0018,3,175.15,0.0
L0003081,O001217,P0028,2,162.51,0.0
L0003082,O001218,P0099,2,305.45,0.1
L0003083,O001219,P0072,3,101.55,0.0
L0003084,O001220,P0047,3,49.26,0.1
L0003085,O001220,P0119,3,247.16,0.0
L0003086,O001220,P0035,3,120.73,0.05
L0003087,O001221,P0078,2,334.26,0.0
L0003088,O001221,P0125,1,91.2,0.05
L0003089,O001221,P0054,2,229.99,0.0
L0003090,O001221,P0121,1,199.5,0.1
L0003091,O001222,P0093,2,21.93,0.0
L0003092,O001223,P0043,2,249.36,0.0
L0003093,O001223,P0084,1,259.34,0.0
L0003094,O001223,P0162,1,17.28,0.15
L0003095,O001224,P0053,3,217.34,0.15
L0003096,O001224,P0074,1,155.18,0.15
L0003097,O001224,P0033,2,178.96,0.0
L0003098,O001224,P0047,2,54.73,0.0
L0003099,O001225,P0139,2,256.06,0.1
L0003100,O001225,P0024,1,168.57,0.0
L0003101,O001225,P0101,1,314.85,0.1
L0003102,O001226,P0109,3,282.4,0.05
L0003103,O001226,P0105,2,66.7,0.0
L0003104,O001226,P0170,3,254.85,0.0
L0003105,O001226,P0164,2,289.97,0.0
L0003106,O001227,P0148,3,111.56,0.1
L0003107,O001227,P0099,3,305.45,0.1
L0003108,O001227,P0012,3,63.35,0.0
L0003109,O001228,P0172,3,49.86,0.0
L0003110,O001229,P0068,3,257.38,0.1
L0003111,O001230,P0104,3,22.8,0.1
L0003112,O001230,P0130,2,35.93,0.1
L0003113,O001230,P0107,1,297.51,0.05
L0003114,O001230,P0019,1,78.27,0.1
L0003115,O001231,P0095,3,235.41,0.15
L0003116,O001231,P0157,3,252.75,0.0
L0003117,O001232,P0103,1,101.73,0.0
L0003118,O001233,P0040,1,223.84,0.1
L0003119,O001233,P0084,1,259.34,0.0
L0003120,O001234,P0148,2,123.95,0.0
L0003121,O001234,P0049,3,227.43,0.15
L0003122,O001234,P0032,2,156.15,0.0
L0003123,O001234,P0160,1,141.12,0.1
L0003124,O001235,P0084,2,259.34,0.0
L0003125,O001236,P0117,3,244.09,0.0
L0003126,O001237,P0074,1,173.44,0.05
L0003127,O001238,P0138,2,91.75,0.0
L0003128,O001238,P0085,1,265.09,0.15
L0003129,O001238,P0010,2,103.37,0.0
L0003130,O001238,P0057,2,61.86,0.0
L0003131,O001239,P0124,2,68.89,0.0
L0003132,O001239,P0074,3,182.57,0.0
L0003133,O001240,P0002,1,238.02,0.1
L0003134,O001241,P0157,1,252.75,0.0
L0003135,O001241,P0071,2,98.1,0.1
L0003136,O001242,P0141,1,319.15,0.0
L0003137,O001242,P0073,1,250.21,0.05
L0003138,O001242,P0137,2,50.88,0.0
L0003139,O001242,P0119,1,247.16,0.0
L0003140,O001243,P0038,1,197.26,0.0
L0003141,O001243,P0108,2,166.64,0.1
L0003142,O001243,P0090,1,135.94,0.0
L0003143,O001243,P0034,3,163.55,0.1
L0003144,O001244,P0025,3,137.63,0.0
L0003145,O001244,P0090,3,122.35,0.1
L0003146,O001244,P0137,1,50.88,0.0
L0003147,O001244,P0177,2,295.0,0.0
L0003148,O001245,P0009,3,280.24,0.0
L0003149,O001246,P0109,3,297.26,0.0
L0003150,O001247,P0029,1,226.17,0.0
L0003151,O001248,P0148,3,123.95,0.0
L0003152,O001248,P0021,1,71.03,0.0
L0003153,O001248,P0018,2,175.15,0.0
L0003154,O001248,P0128,1,254.47,0.1
L0003155,O001249,P0132,1,56.4,0.1
L0003156,O001249,P0092,2,308.09,0.0
L0003157,O001250,P0158,2,73.76,0.0
L0003158,O001250,P0036,2,52.13,0.0
L0003159,O001251,P0115,3,154.62,0.05
L0003160,O001252,P0050,2,198.45,0.0
L0003161,O001252,P0007,1,254.13,0.0
L0003162,O001252,P0166,1,178.94,0.1
L0003163,O001252,P0173,1,159.3,0.1
L0003164,O001253,P0110,2,254.79,0.0
L0003165,O001253,P0170,1,254.85,0.0
L0003166,O001253,P0144,1,206.16,0.0
L0003167,O001253,P0052,1,159.31,0.15
L0003168,O001254,P0154,2,277.51,0.0
L0003169,O001255,P0038,1,177.53,0.1
L0003170,O001255,P0156,3,298.56,0.0
L0003171,O001255,P0001,3,205.34,0.2
L0003172,O001255,P0102,1,183.42,0.0
L0003173,O001256,P0125,1,91.2,0.05
L0003174,O001257,P0091,3,288.79,0.1
L0003175,O001257,P0013,2,38.39,0.0
L0003176,O001257,P0019,1,69.58,0.2
L0003177,O001258,P0160,1,156.8,0.0
L0003178,O001258,P0157,1,214.84,0.15
L0003179,O001258,P0141,3,319.15,0.0
L0003180,O001259,P0178,3,199.64,0.1
L0003181,O001260,P0094,1,209.36,0.0
L0003182,O001260,P0110,3,242.05,0.05
L0003183,O001261,P0094,2,209.36,0.0
L0003184,O001262,P0092,1,308.09,0.0
L0003185,O001262,P0112,1,34.86,0.0
L0003186,O001262,P0023,1,125.92,0.2
L0003187,O001263,P0096,1,265.22,0.0
L0003188,O001263,P0048,3,45.57,0.15
L0003189,O001263,P0088,3,53.45,0.15
L0003190,O001263,P0115,3,162.76,0.0
L0003191,O001264,P0142,3,76.94,0.0
L0003192,O001265,P0137,2,50.88,0.0
L0003193,O001265,P0062,2,142.47,0.15
L0003194,O001265,P0071,3,109.0,0.0
L0003195,O001266,P0010,2,103.37,0.0
L0003196,O001266,P0003,3,257.7,0.05
L0003197,O001266,P0173,3,168.15,0.05
L0003198,O001267,P0180,1,47.0,0.1
L0003199,O001267,P0168,3,287.81,0.0
L0003200,O001268,P0150,1,321.49,0.0
L0003201,O001268,P0015,1,61.62,0.0
L0003202,O001268,P0129,2,121.02,0.05
L0003203,O001269,P0116,2,330.95,0.0
L0003204,O001269,P0103,2,86.47,0.15
L0003205,O001270,P0049,1,214.06,0.2
L0003206,O001270,P0148,2,99.16,0.2
L0003207,O001270,P0035,3,120.73,0.05
L0003208,O001271,P0062,1,142.47,0.15
L0003209,O001271,P0059,2,124.7,0.0
L0003210,O001271,P0081,3,22.36,0.05
L0003211,O001271,P0098,2,80.03,0.0
L0003212,O001272,P0002,2,264.47,0.0
L0003213,O001273,P0034,1,181.72,0.0
L0003214,O001273,P0118,1,175.1,0.2
L0003215,O001273,P0043,2,249.36,0.0
L0003216,O001274,P0085,3,280.68,0.1
L0003217,O001275,P0056,3,331.8,0.0
L0003218,O001275,P0094,1,209.36,0.0
L0003219,O001275,P0155,3,109.53,0.1
L0003220,O001276,P0114,3,307.4,0.0
L0003221,O001276,P0036,2,52.13,0.0
L0003222,O001277,P0110,1,254.79,0.0
L0003223,O001277,P0089,2,10.97,0.1
L0003224,O001277,P0117,1,231.89,0.05
L0003225,O001278,P0175,1,60.92,0.0
L0003226,O001278,P0048,2,48.25,0.1
L0003227,O001279,P0123,3,288.69,0.0
L0003228,O001279,P0080,3,202.41,0.0
L0003229,O001279,P0017,3,180.99,0.0
L0003230,O001279,P0068,2,285.98,0.0
L0003231,O001280,P0032,3,156.15,0.0
L0003232,O001281,P0057,3,61.86,0.0
L0003233,O001281,P0109,1,237.81,0.2
L0003234,O001281,P0043,2,249.36,0.0
L0003235,O001282,P0092,1,292.69,0.05
L0003236,O001283,P0034,3,172.63,0.05
L0003237,O001283,P0001,3,256.68,0.0
L0003238,O001284,P0084,2,220.44,0.15
L0003239,O001284,P0083,3,267.02,0.0
L0003240,O001284,P0129,1,127.39,0.0
L0003241,O001284,P0145,3,93.02,0.05
L0003242,O001285,P0112,3,34.86,0.0
L0003243,O001286,P0079,1,145.32,0.0
L0003244,O001286,P0050,2,198.45,0.0
L0003245,O001287,P0178,2,221.82,0.0
L0003246,O001288,P0113,2,131.38,0.05
L0003247,O001289,P0160,3,156.8,0.0
L0003248,O001289,P0077,1,300.52,0.0
L0003249,O001290,P0113,1,138.3,0.0
L0003250,O001290,P0071,3,109.0,0.0
L0003251,O001291,P0062,1,167.61,0.0
L0003252,O001291,P0112,3,29.63,0.15
L0003253,O001291,P0072,2,91.39,0.1
L0003254,O001291,P0030,3,168.38,0.05
L0003255,O001292,P0104,3,25.33,0.0
L0003256,O001292,P0091,3,320.88,0.0
L0003257,O001292,P0036,2,52.13,0.0
L0003258,O001292,P0153,2,123.22,0.1
L0003259,O001293,P0155,3,109.53,0.1
L0003260,O001293,P0013,2,34.55,0.1
L0003261,O001293,P0126,3,303.44,0.0
L0003262,O001294,P0173,1,177.0,0.0
L0003263,O001295,P0066,3,300.18,0.0
L0003264,O001295,P0082,1,83.17,0.1
L0003265,O001295,P0003,2,244.13,0.1
L0003266,O001296,P0034,3,181.72,0.0
L0003267,O001296,P0134,1,45.14,0.0
L0003268,O001296,P0117,3,195.27,0.2
L0003269,O001297,P0176,2,223.57,0.0
L0003270,O001297,P0179,1,142.6,0.0
L0003271,O001297,P0100,2,74.79,0.1
L0003272,O001298,P0174,3,215.24,0.0
L0003273,O001299,P0068,2,285.98,0.0
L0003274,O001300,P0016,1,48.18,0.2
L0003275,O001300,P0108,2,185.15,0.0
L0003276,O001300,P0032,1,140.53,0.1
L0003277,O001301,P0112,1,34.86,0.0
L0003278,O001302,P0173,2,168.15,0.05
L0003279,O001302,P0031,1,272.21,0.0
L0003280,O001303,P0094,2,209.36,0.0
L0003281,O001303,P0158,1,70.07,0.05
L0003282,O001303,P0141,3,319.15,0.0
L0003283,O001303,P0101,2,349.83,0.0
L0003284,O001304,P0019,3,73.92,0.15
L0003285,O001304,P0159,2,127.01,0.05
L0003286,O001304,P0081,3,22.36,0.05
L0003287,O001304,P0084,2,259.34,0.0
L0003288,O001305,P0040,2,248.71,0.0
L0003289,O001306,P0017,2,180.99,0.0
L0003290,O001306,P0145,3,97.92,0.0
L0003291,O001306,P0153,1,136.91,0.0
L0003292,O001307,P0104,2,22.8,0.1
L0003293,O001307,P0034,3,181.72,0.0
L0003294,O001307,P0065,1,112.7,0.2
L0003295,O001307,P0019,3,86.97,0.0
L0003296,O001308,P0056,1,282.03,0.15
L0003297,O001308,P0163,2,233.9,0.0
L0003298,O001308,P0141,2,319.15,0.0
L0003299,O001309,P0070,1,241.83,0.0
L0003300,O001310,P0077,1,300.52,0.0
L0003301,O001311,P0090,3,129.14,0.05
L0003302,O001311,P0111,2,303.31,0.0
L0003303,O001311,P0178,1,221.82,0.0
L0003304,O001311,P0152,3,187.58,0.0
L0003305,O001312,P0102,3,183.42,0.0
L0003306,O001312,P0066,3,300.18,0.0
L0003307,O001312,P0146,1,279.51,0.0
L0003308,O001312,P0012,1,60.18,0.05
L0003309,O001313,P0112,1,34.86,0.0
L0003310,O001313,P0008,2,312.24,0.1
L0003311,O001313,P0168,3,259.03,0.1
L0003312,O001313,P0076,3,99.18,0.0
L0003313,O001314,P0118,1,218.87,0.0
L0003314,O001314,P0161,3,46.68,0.15
L0003315,O001314,P0043,3,249.36,0.0
L0003316,O001314,P0129,1,127.39,0.0
L0003317,O001315,P0019,1,69.58,0.2
L0003318,O001315,P0002,2,264.47,0.0
L0003319,O001315,P0025,1,116.99,0.15
L0003320,O001316,P0100,2,83.1,0.0
L0003321,O001316,P0005,1,179.79,0.1
L0003322,O001316,P0067,3,177.25,0.0
L0003323,O001317,P0074,3,164.31,0.1
L0003324,O001317,P0152,1,168.82,0.1
L0003325,O001318,P0013,2,38.39,0.0
L0003326,O001318,P0053,1,255.69,0.0
L0003327,O001318,P0031,3,217.77,0.2
L0003328,O001318,P0074,1,164.31,0.1
L0003329,O001319,P0109,3,237.81,0.2
L0003330,O001319,P0074,2,182.57,0.0
L0003331,O001320,P0160,3,133.28,0.15
L0003332,O001321,P0113,3,131.38,0.05
L0003333,O001321,P0039,1,309.36,0.0
L0003334,O001321,P0093,3,21.93,0.0
L0003335,O001321,P0042,1,96.89,0.1
L0003336,O001322,P0155,1,121.7,0.0
L0003337,O001322,P0012,3,63.35,0.0
L0003338,O001323,P0099,1,305.45,0.1
L0003339,O001323,P0102,1,183.42,0.0
L0003340,O001323,P0174,1,182.95,0.15
L0003341,O001323,P0148,1,111.56,0.1
L0003342,O001324,P0045,3,308.07,0.0
L0003343,O001324,P0144,1,206.16,0.0
L0003344,O001324,P0118,1,207.93,0.05
L0003345,O001324,P0148,3,123.95,0.0
L0003346,O001325,P0121,2,188.42,0.15
L0003347,O001325,P0019,3,78.27,0.1
L0003348,O001325,P0126,2,288.27,0.05
L0003349,O001326,P0094,2,177.96,0.15
L0003350,O001327,P0037,1,124.24,0.05
L0003351,O001328,P0114,1,276.66,0.1
L0003352,O001328,P0086,3,15.03,0.0
L0003353,O001328,P0155,1,121.7,0.0
L0003354,O001329,P0060,3,275.74,0.0
L0003355,O001329,P0165,1,128.66,0.0
L0003356,O001330,P0078,1,334.26,0.0
L0003357,O001330,P0016,3,60.22,0.0
L0003358,O001331,P0077,1,255.44,0.15
L0003359,O001331,P0047,2,54.73,0.0
L0003360,O001332,P0049,1,267.57,0.0
L0003361,O001332,P0093,3,19.74,0.1
L0003362,O001333,P0154,1,222.01,0.2
L0003363,O001333,P0108,3,175.89,0.05
L0003364,O001333,P0113,3,110.64,0.2
L0003365,O001333,P0114,1,307.4,0.0
L0003366,O001334,P0088,3,56.59,0.1
L0003367,O001335,P0096,3,265.22,0.0
L0003368,O001335,P0003,2,244.13,0.1
L0003369,O001336,P0171,1,88.06,0.0
L0003370,O001337,P0142,3,73.09,0.05
L0003371,O001337,P0167,3,162.27,0.0
L0003372,O001337,P0175,2,60.92,0.0
L0003373,O001337,P0100,2,83.1,0.0
L0003374,O001338,P0097,2,143.27,0.15
L0003375,O001339,P0047,3,54.73,0.0
L0003376,O001340,P0168,3,259.03,0.1
L0003377,O001340,P0165,2,128.66,0.0
L0003378,O001340,P0139,1,270.28,0.05
L0003379,O001340,P0113,3,124.47,0.1
L0003380,O001341,P0056,2,331.8,0.0
L0003381,O001342,P0078,1,334.26,0.0
L0003382,O001343,P0052,2,178.05,0.05
L0003383,O001343,P0082,3,78.55,0.15
L0003384,O001343,P0170,1,229.37,0.1
L0003385,O001343,P0068,3,285.98,0.0
L0003386,O001344,P0084,3,207.47,0.2
L0003387,O001344,P0088,3,59.74,0.05
L0003388,O001344,P0139,1,284.51,0.0
L0003389,O001344,P0141,1,319.15,0.0
L0003390,O001345,P0148,2,123.95,0.0
L0003391,O001346,P0032,2,140.53,0.1
L0003392,O001347,P0053,2,242.91,0.05
L0003393,O001347,P0162,1,20.33,0.0
L0003394,O001347,P0076,2,99.18,0.0
L0003395,O001348,P0107,3,281.85,0.1
L0003396,O001348,P0075,2,84.94,0.0
L0003397,O001348,P0144,2,206.16,0.0
L0003398,O001349,P0072,2,101.55,0.0
L0003399,O001350,P0151,1,233.95,0.0
L0003400,O001350,P0167,3,154.16,0.05
L0003401,O001350,P0001,2,218.18,0.15
L0003402,O001350,P0124,2,68.89,0.0
L0003403,O001351,P0028,1,162.51,0.0
L0003404,O001352,P0029,1,203.55,0.1
L0003405,O001352,P0104,1,24.06,0.05
L0003406,O001352,P0141,1,271.28,0.15
L0003407,O001353,P0109,2,267.53,0.1
L0003408,O001353,P0127,3,90.17,0.05
L0003409,O001353,P0121,1,188.42,0.15
L0003410,O001354,P0147,1,13.69,0.15
L0003411,O001354,P0116,3,330.95,0.0
L0003412,O001354,P0172,1,49.86,0.0
L0003413,O001354,P0076,1,84.3,0.15
L0003414,O001355,P0088,1,62.88,0.0
L0003415,O001355,P0174,3,172.19,0.2
L0003416,O001355,P0165,1,122.23,0.05
L0003417,O001356,P0056,3,331.8,0.0
L0003418,O001356,P0171,1,88.06,0.0
L0003419,O001356,P0040,2,248.71,0.0
L0003420,O001356,P0026,3,59.61,0.0
L0003421,O001357,P0116,2,297.86,0.1
L0003422,O001357,P0165,2,128.66,0.0
L0003423,O001357,P0003,2,244.13,0.1
L0003424,O001357,P0124,1,62.0,0.1
L0003425,O001358,P0076,3,99.18,0.0
L0003426,O001359,P0016,2,60.22,0.0
L0003427,O001359,P0141,2,287.24,0.1
L0003428,O001359,P0011,3,74.01,0.05
L0003429,O001360,P0013,3,38.39,0.0
L0003430,O001360,P0080,2,202.41,0.0
L0003431,O001360,P0153,2,123.22,0.1
L0003432,O001361,P0112,2,29.63,0.15
L0003433,O001361,P0044,2,265.56,0.0
L0003434,O001362,P0071,3,109.0,0.0
L0003435,O001362,P0131,2,13.96,0.0
L0003436,O001362,P0174,2,172.19,0.2
L0003437,O001363,P0161,3,54.92,0.0
L0003438,O001363,P0111,3,303.31,0.0
L0003439,O001364,P0122,3,271.5,0.2
L0003440,O001365,P0105,1,63.37,0.05
L0003441,O001365,P0045,3,292.67,0.05
L0003442,O001365,P0143,1,239.62,0.0
L0003443,O001365,P0072,2,101.55,0.0
L0003444,O001366,P0148,1,123.95,0.0
L0003445,O001367,P0093,1,21.93,0.0
L0003446,O001367,P0084,3,259.34,0.0
L0003447,O001367,P0053,3,204.55,0.2
L0003448,O001368,P0061,2,14.13,0.1
L0003449,O001369,P0041,3,74.03,0.05
L0003450,O001369,P0176,3,178.86,0.2
L0003451,O001370,P0173,1,177.0,0.0
L0003452,O001371,P0160,3,133.28,0.15
L0003453,O001371,P0059,1,124.7,0.0
L0003454,O001371,P0164,3,231.98,0.2
L0003455,O001372,P0063,3,133.75,0.1
L0003456,O001373,P0124,2,68.89,0.0
L0003457,O001373,P0037,2,130.78,0.0
L0003458,O001373,P0089,3,12.19,0.0
L0003459,O001373,P0068,3,285.98,0.0
L0003460,O001374,P0042,1,107.66,0.0
L0003461,O001374,P0118,2,218.87,0.0
L0003462,O001375,P0123,2,288.69,0.0
L0003463,O001375,P0144,2,206.16,0.0
L0003464,O001375,P0097,1,151.7,0.1
L0003465,O001375,P0013,2,38.39,0.0
L0003466,O001376,P0011,2,77.91,0.0
L0003467,O001376,P0065,1,112.7,0.2
L0003468,O001377,P0033,1,178.96,0.0
L0003469,O001377,P0048,3,53.61,0.0
L0003470,O001378,P0060,2,220.59,0.2
L0003471,O001378,P0100,1,83.1,0.0
L0003472,O001379,P0080,2,202.41,0.0
L0003473,O001379,P0144,2,206.16,0.0
L0003474,O001379,P0044,1,225.73,0.15
L0003475,O001379,P0096,3,265.22,0.0
L0003476,O001380,P0146,2,279.51,0.0
L0003477,O001380,P0139,1,284.51,0.0
L0003478,O001380,P0040,1,223.84,0.1
L0003479,O001380,P0025,1,137.63,0.0
L0003480,O001381,P0171,2,79.25,0.1
L0003481,O001382,P0123,1,245.39,0.15
L0003482,O001382,P0133,2,41.91,0.05
L0003483,O001383,P0024,2,168.57,0.0
L0003484,O001383,P0072,2,81.24,0.2
L0003485,O001384,P0074,3,164.31,0.1
L0003486,O001384,P0150,3,273.27,0.15
L0003487,O001385,P0064,2,305.43,0.05
L0003488,O001385,P0097,2,168.55,0.0
L0003489,O001385,P0132,2,62.67,0.0
L0003490,O001386,P0108,2,157.38,0.15
L0003491,O001386,P0166,3,178.94,0.1
L0003492,O001386,P0038,1,197.26,0.0
L0003493,O001387,P0130,1,39.92,0.0
L0003494,O001387,P0156,3,268.7,0.1
L0003495,O001388,P0010,2,87.86,0.15
L0003496,O001389,P0178,3,210.73,0.05
L0003497,O001389,P0143,2,191.7,0.2
L0003498,O001389,P0179,2,142.6,0.0
L0003499,O001390,P0113,2,138.3,0.0
L0003500,O001390,P0117,1,244.09,0.0
L0003501,O001391,P0084,1,246.37,0.05
L0003502,O001391,P0076,1,99.18,0.0
L0003503,O001392,P0039,2,309.36,0.0
L0003504,O001393,P0107,1,313.17,0.0
L0003505,O001393,P0171,1,83.66,0.05
L0003506,O001393,P0119,2,247.16,0.0
L0003507,O001394,P0113,3,138.3,0.0
L0003508,O001395,P0080,2,172.05,0.15
L0003509,O001395,P0089,1,10.97,0.1
L0003510,O001396,P0034,3,181.72,0.0
L0003511,O001397,P0045,2,292.67,0.05
L0003512,O001398,P0052,1,168.68,0.1
L0003513,O001399,P0145,1,97.92,0.0
L0003514,O001399,P0116,3,330.95,0.0
L0003515,O001399,P0155,1,103.44,0.15
L0003516,O001399,P0164,3,289.97,0.0
L0003517,O001400,P0118,2,207.93,0.05
L0003518,O001400,P0043,3,236.89,0.05
L0003519,O001400,P0007,3,216.01,0.15
L0003520,O001400,P0081,1,23.54,0.0
L0003521,O001401,P0164,1,246.47,0.15
L0003522,O001402,P0072,3,101.55,0.0
L0003523,O001402,P0081,2,23.54,0.0
L0003524,O001402,P0096,3,225.44,0.15
L0003525,O001402,P0121,3,221.67,0.0
L0003526,O001403,P0002,3,264.47,0.0
L0003527,O001403,P0168,1,287.81,0.0
L0003528,O001403,P0124,2,68.89,0.0
L0003529,O001404,P0052,2,149.94,0.2
L0003530,O001404,P0169,2,103.57,0.0
L0003531,O001404,P0090,1,135.94,0.0
L0003532,O001404,P0031,1,272.21,0.0
L0003533,O001405,P0079,1,145.32,0.0
L0003534,O001405,P0064,2,321.5,0.0
L0003535,O001406,P0114,2,292.03,0.05
L0003536,O001406,P0074,2,164.31,0.1
L0003537,O001406,P0140,1,154.35,0.0
L0003538,O001407,P0039,1,309.36,0.0
L0003539,O001407,P0135,1,252.6,0.0
L0003540,O001407,P0075,3,84.94,0.0
L0003541,O001408,P0148,1,111.56,0.1
L0003542,O001409,P0106,2,180.93,0.0
L0003543,O001409,P0015,1,61.62,0.0
L0003544,O001409,P0037,3,130.78,0.0
L0003545,O001410,P0155,1,109.53,0.1
L0003546,O001411,P0038,2,197.26,0.0
L0003547,O001411,P0053,2,255.69,0.0
L0003548,O001411,P0012,1,57.02,0.1
L0003549,O001411,P0151,2,233.95,0.0
L0003550,O001412,P0001,3,256.68,0.0
L0003551,O001412,P0131,2,13.96,0.0
L0003552,O001412,P0119,2,210.09,0.15
L0003553,O001412,P0052,1,187.42,0.0
L0003554,O001413,P0158,2,62.7,0.15
L0003555,O001413,P0056,2,331.8,0.0
L0003556,O001414,P0023,2,141.66,0.1
L0003557,O001415,P0175,2,60.92,0.0
L0003558,O001415,P0041,1,77.93,0.0
L0003559,O001416,P0127,3,90.17,0.05
L0003560,O001417,P0158,3,73.76,0.0
L0003561,O001418,P0070,2,217.65,0.1
L0003562,O001418,P0026,3,59.61,0.0
L0003563,O001419,P0109,2,267.53,0.1
L0003564,O001419,P0034,2,181.72,0.0
L0003565,O001419,P0022,1,145.84,0.0
L0003566,O001420,P0080,1,202.41,0.0
L0003567,O001420,P0096,2,265.22,0.0
L0003568,O001421,P0008,2,277.54,0.2
L0003569,O001421,P0001,1,205.34,0.2
L0003570,O001421,P0125,1,86.4,0.1
L0003571,O001422,P0098,1,80.03,0.0
L0003572,O001422,P0024,3,143.28,0.15
L0003573,O001422,P0072,1,81.24,0.2
L0003574,O001423,P0095,1,276.95,0.0
L0003575,O001423,P0102,3,146.74,0.2
L0003576,O001423,P0114,1,307.4,0.0
L0003577,O001424,P0036,1,44.31,0.15
L0003578,O001424,P0011,2,77.91,0.0
L0003579,O001424,P0115,3,162.76,0.0
L0003580,O001425,P0110,2,203.83,0.2
L0003581,O001425,P0091,2,304.84,0.05
L0003582,O001426,P0088,3,62.88,0.0
L0003583,O001426,P0010,1,98.2,0.05
L0003584,O001426,P0156,3,298.56,0.0
L0003585,O001426,P0175,1,54.83,0.1
L0003586,O001427,P0169,1,88.03,0.15
L0003587,O001428,P0087,2,97.26,0.0
L0003588,O001428,P0091,3,288.79,0.1
L0003589,O001429,P0051,2,56.78,0.1
L0003590,O001430,P0020,3,43.31,0.05
L0003591,O001430,P0021,1,67.48,0.05
L0003592,O001431,P0006,1,122.4,0.0
L0003593,O001431,P0077,1,300.52,0.0
L0003594,O001432,P0031,1,258.6,0.05
L0003595,O001432,P0141,3,319.15,0.0
L0003596,O001432,P0168,2,287.81,0.0
L0003597,O001432,P0132,2,62.67,0.0
L0003598,O001433,P0128,3,254.47,0.1
L0003599,O001433,P0021,1,67.48,0.05
L0003600,O001434,P0092,1,246.47,0.2
L0003601,O001435,P0045,1,308.07,0.0
L0003602,O001435,P0036,1,44.31,0.15
L0003603,O001436,P0025,3,130.75,0.05
L0003604,O001436,P0087,2,87.53,0.1
L0003605,O001436,P0106,3,162.84,0.1
L0003606,O001437,P0029,3,226.17,0.0
L0003607,O001437,P0044,2,265.56,0.0
L0003608,O001437,P0082,3,92.41,0.0
L0003609,O001437,P0043,2,224.42,0.1
L0003610,O001438,P0174,2,215.24,0.0
L0003611,O001438,P0101,1,349.83,0.0
L0003612,O001438,P0011,3,77.91,0.0
L0003613,O001439,P0177,2,295.0,0.0
L0003614,O001439,P0154,1,277.51,0.0
L0003615,O001439,P0009,1,280.24,0.0
L0003616,O001439,P0148,1,99.16,0.2
L0003617,O001440,P0031,3,217.77,0.2
L0003618,O001440,P0180,1,47.0,0.1
L0003619,O001441,P0150,3,321.49,0.0
L0003620,O001442,P0090,3,122.35,0.1
L0003621,O001442,P0054,3,229.99,0.0
L0003622,O001443,P0122,1,339.37,0.0
L0003623,O001443,P0022,2,145.84,0.0
L0003624,O001443,P0132,1,59.54,0.05
L0003625,O001444,P0112,3,34.86,0.0
L0003626,O001444,P0137,3,45.79,0.1
L0003627,O001444,P0084,2,220.44,0.15
L0003628,O001444,P0175,1,54.83,0.1
L0003629,O001445,P0150,2,273.27,0.15
L0003630,O001445,P0061,1,14.13,0.1
L0003631,O001446,P0035,3,120.73,0.05
L0003632,O001446,P0150,3,257.19,0.2
L0003633,O001446,P0090,2,135.94,0.0
L0003634,O001447,P0014,2,108.37,0.15
L0003635,O001447,P0042,3,96.89,0.1
L0003636,O001447,P0152,1,159.44,0.15
L0003637,O001448,P0088,3,56.59,0.1
L0003638,O001448,P0110,2,254.79,0.0
L0003639,O001448,P0104,3,25.33,0.0
L0003640,O001449,P0019,1,78.27,0.1
L0003641,O001450,P0148,1,123.95,0.0
L0003642,O001450,P0094,2,209.36,0.0
L0003643,O001451,P0022,3,138.55,0.05
L0003644,O001451,P0152,3,187.58,0.0
L0003645,O001452,P0092,2,308.09,0.0
L0003646,O001452,P0031,3,244.99,0.1
L0003647,O001453,P0119,2,234.8,0.05
L0003648,O001453,P0094,1,209.36,0.0
L0003649,O001454,P0157,1,240.11,0.05
L0003650,O001454,P0156,2,283.63,0.05
L0003651,O001454,P0176,2,190.03,0.15
L0003652,O001455,P0010,3,93.03,0.1
L0003653,O001455,P0028,1,162.51,0.0
L0003654,O001455,P0051,1,56.78,0.1
L0003655,O001456,P0035,3,127.08,0.0
L0003656,O001456,P0140,3,154.35,0.0
L0003657,O001457,P0114,2,292.03,0.05
L0003658,O001457,P0155,1,115.61,0.05
L0003659,O001457,P0095,2,276.95,0.0
L0003660,O001458,P0132,1,62.67,0.0
L0003661,O001458,P0176,1,212.39,0.05
L0003662,O001458,P0031,3,272.21,0.0
L0003663,O001459,P0073,1,263.38,0.0
L0003664,O001460,P0016,2,60.22,0.0
L0003665,O001460,P0129,1,127.39,0.0
L0003666,O001460,P0066,3,240.14,0.2
L0003667,O001461,P0160,1,156.8,0.0
L0003668,O001461,P0115,2,162.76,0.0
L0003669,O001461,P0040,3,248.71,0.0
L0003670,O001462,P0082,1,92.41,0.0
L0003671,O001463,P0006,1,122.4,0.0
L0003672,O001463,P0162,3,20.33,0.0
L0003673,O001463,P0106,1,180.93,0.0
L0003674,O001463,P0146,2,279.51,0.0
L0003675,O001464,P0173,3,159.3,0.1
L0003676,O001464,P0106,3,171.88,0.05
L0003677,O001464,P0174,3,215.24,0.0
L0003678,O001465,P0134,3,45.14,0.0
L0003679,O001465,P0153,3,109.53,0.2
L0003680,O001465,P0093,3,18.64,0.15
L0003681,O001466,P0153,2,116.37,0.15
L0003682,O001466,P0023,2,133.79,0.15
L0003683,O001466,P0114,1,307.4,0.0
L0003684,O001466,P0092,1,308.09,0.0
L0003685,O001467,P0096,1,238.7,0.1
L0003686,O001467,P0115,2,146.48,0.1
L0003687,O001468,P0029,1,226.17,0.0
L0003688,O001468,P0062,2,150.85,0.1
L0003689,O001469,P0027,2,275.92,0.1
L0003690,O001470,P0133,2,44.12,0.0
L0003691,O001470,P0045,3,292.67,0.05
L0003692,O001470,P0106,1,180.93,0.0
L0003693,O001471,P0067,2,177.25,0.0
L0003694,O001471,P0130,3,39.92,0.0
L0003695,O001472,P0087,1,97.26,0.0
L0003696,O001472,P0132,3,62.67,0.0
L0003697,O001473,P0102,2,183.42,0.0
L0003698,O001473,P0001,3,256.68,0.0
L0003699,O001474,P0114,2,292.03,0.05
L0003700,O001474,P0129,1,127.39,0.0
L0003701,O001474,P0089,3,9.75,0.2
L0003702,O001475,P0077,3,300.52,0.0
L0003703,O001475,P0170,3,203.88,0.2
L0003704,O001476,P0167,3,162.27,0.0
L0003705,O001477,P0124,2,65.45,0.05
L0003706,O001477,P0019,1,86.97,0.0
L0003707,O001478,P0069,3,57.35,0.05
L0003708,O001478,P0060,2,248.17,0.1
L0003709,O001479,P0117,1,244.09,0.0
L0003710,O001479,P0134,2,45.14,0.0
L0003711,O001479,P0143,2,215.66,0.1
L0003712,O001480,P0041,2,70.14,0.1
L0003713,O001480,P0019,2,73.92,0.15
L0003714,O001480,P0022,2,123.96,0.15
L0003715,O001480,P0061,1,15.7,0.0
L0003716,O001481,P0081,3,21.19,0.1
L0003717,O001482,P0074,2,173.44,0.05
L0003718,O001482,P0122,2,288.46,0.15
L0003719,O001482,P0017,2,180.99,0.0
L0003720,O001482,P0178,2,210.73,0.05
L0003721,O001483,P0131,3,13.96,0.0
L0003722,O001483,P0023,3,125.92,0.2
L0003723,O001483,P0116,3,330.95,0.0
L0003724,O001484,P0108,2,166.64,0.1
L0003725,O001484,P0154,3,277.51,0.0
L0003726,O001484,P0107,3,313.17,0.0
L0003727,O001485,P0017,3,180.99,0.0
L0003728,O001486,P0117,1,244.09,0.0
L0003729,O001487,P0030,2,177.24,0.0
L0003730,O001487,P0042,3,107.66,0.0
L0003731,O001487,P0043,2,249.36,0.0
L0003732,O001488,P0112,1,34.86,0.0
L0003733,O001488,P0054,1,206.99,0.1
L0003734,O001488,P0062,1,142.47,0.15
L0003735,O001488,P0048,2,48.25,0.1
L0003736,O001489,P0067,2,177.25,0.0
L0003737,O001489,P0158,3,73.76,0.0
L0003738,O001490,P0079,1,138.05,0.05
L0003739,O001490,P0169,2,103.57,0.0
L0003740,O001490,P0055,3,14.16,0.0
L0003741,O001490,P0029,2,203.55,0.1
L0003742,O001491,P0133,3,41.91,0.05
L0003743,O001491,P0135,2,252.6,0.0
L0003744,O001492,P0163,3,233.9,0.0
L0003745,O001492,P0148,3,123.95,0.0
L0003746,O001493,P0071,3,109.0,0.0
L0003747,O001494,P0105,1,66.7,0.0
L0003748,O001494,P0138,2,77.99,0.15
L0003749,O001494,P0090,3,135.94,0.0
L0003750,O001495,P0082,1,83.17,0.1
L0003751,O001495,P0179,3,128.34,0.1
L0003752,O001495,P0042,3,107.66,0.0
L0003753,O001496,P0155,1,121.7,0.0
L0003754,O001496,P0063,1,133.75,0.1
L0003755,O001496,P0145,3,97.92,0.0
L0003756,O001497,P0075,1,76.45,0.1
L0003757,O001497,P0008,1,346.93,0.0
L0003758,O001497,P0095,2,276.95,0.0
L0003759,O001498,P0088,3,62.88,0.0
L0003760,O001498,P0001,2,256.68,0.0
L0003761,O001498,P0070,2,241.83,0.0
L0003762,O001498,P0054,3,229.99,0.0
L0003763,O001499,P0090,3,129.14,0.05
L0003764,O001500,P0160,2,156.8,0.0
L0003765,O001500,P0107,2,313.17,0.0
L0003766,O001500,P0151,3,233.95,0.0
L0003767,O001501,P0034,1,163.55,0.1
L0003768,O001502,P0070,2,241.83,0.0
L0003769,O001502,P0041,2,77.93,0.0
L0003770,O001503,P0097,3,168.55,0.0
L0003771,O001503,P0022,3,123.96,0.15
L0003772,O001503,P0156,2,238.85,0.2
L0003773,O001504,P0052,2,187.42,0.0
L0003774,O001504,P0122,3,339.37,0.0
L0003775,O001504,P0015,2,52.38,0.15
L0003776,O001505,P0170,1,254.85,0.0
L0003777,O001506,P0166,3,198.82,0.0
L0003778,O001506,P0092,3,308.09,0.0
L0003779,O001506,P0076,2,99.18,0.0
L0003780,O001507,P0045,3,292.67,0.05
L0003781,O001507,P0012,3,60.18,0.05
L0003782,O001508,P0004,1,37.63,0.0
L0003783,O001508,P0143,1,227.64,0.05
L0003784,O001509,P0024,1,168.57,0.0
L0003785,O001509,P0086,2,15.03,0.0
L0003786,O001509,P0144,3,206.16,0.0
L0003787,O001510,P0071,2,109.0,0.0
L0003788,O001510,P0145,2,97.92,0.0
L0003789,O001510,P0008,2,277.54,0.2
L0003790,O001511,P0113,1,138.3,0.0
L0003791,O001511,P0121,1,221.67,0.0
L0003792,O001512,P0023,3,149.53,0.05
L0003793,O001512,P0121,1,188.42,0.15
L0003794,O001512,P0120,2,183.08,0.15
L0003795,O001512,P0173,2,150.45,0.15
L0003796,O001513,P0152,1,168.82,0.1
L0003797,O001513,P0007,3,254.13,0.0
L0003798,O001513,P0076,3,99.18,0.0
L0003799,O001513,P0123,1,288.69,0.0
L0003800,O001514,P0116,2,330.95,0.0
L0003801,O001514,P0105,2,56.7,0.15
L0003802,O001514,P0160,3,156.8,0.0
L0003803,O001515,P0171,3,88.06,0.0
L0003804,O001515,P0045,2,292.67,0.05
L0003805,O001515,P0067,2,177.25,0.0
L0003806,O001515,P0057,2,49.49,0.2
L0003807,O001516,P0084,3,259.34,0.0
L0003808,O001516,P0092,3,308.09,0.0
L0003809,O001516,P0106,2,180.93,0.0
L0003810,O001516,P0075,3,72.2,0.15
L0003811,O001517,P0028,1,162.51,0.0
L0003812,O001517,P0151,3,233.95,0.0
L0003813,O001517,P0086,2,12.78,0.15
L0003814,O001517,P0115,1,162.76,0.0
L0003815,O001518,P0009,3,238.2,0.15
L0003816,O001518,P0007,1,228.72,0.1
L0003817,O001518,P0004,1,33.87,0.1
L0003818,O001518,P0050,2,198.45,0.0
L0003819,O001519,P0123,2,245.39,0.15
L0003820,O001519,P0006,3,110.16,0.1
L0003821,O001520,P0091,1,288.79,0.1
L0003822,O001520,P0112,1,29.63,0.15
L0003823,O001520,P0099,2,339.39,0.0
L0003824,O001521,P0050,3,178.6,0.1
L0003825,O001521,P0075,2,84.94,0.0
L0003826,O001522,P0152,1,178.2,0.05
L0003827,O001522,P0177,2,295.0,0.0
L0003828,O001522,P0015,1,52.38,0.15
L0003829,O001522,P0103,1,101.73,0.0
L0003830,O001523,P0050,3,198.45,0.0
L0003831,O001524,P0154,3,277.51,0.0
L0003832,O001525,P0129,2,127.39,0.0
L0003833,O001525,P0007,2,254.13,0.0
L0003834,O001525,P0038,1,197.26,0.0
L0003835,O001526,P0116,1,330.95,0.0
L0003836,O001526,P0003,1,271.26,0.0
L0003837,O001526,P0108,1,185.15,0.0
L0003838,O001526,P0099,1,339.39,0.0
L0003839,O001527,P0006,3,116.28,0.05
L0003840,O001527,P0026,1,59.61,0.0
L0003841,O001528,P0103,2,91.56,0.1
L0003842,O001528,P0049,3,267.57,0.0
L0003843,O001528,P0109,3,297.26,0.0
L0003844,O001529,P0033,1,170.01,0.05
L0003845,O001529,P0142,3,76.94,0.0
L0003846,O001530,P0074,2,173.44,0.05
L0003847,O001530,P0013,2,36.47,0.05
L0003848,O001531,P0131,3,12.56,0.1
L0003849,O001531,P0102,3,183.42,0.0
L0003850,O001531,P0177,2,250.75,0.15
L0003851,O001531,P0112,3,34.86,0.0
L0003852,O001532,P0145,3,97.92,0.0
L0003853,O001533,P0136,3,46.17,0.0
L0003854,O001533,P0053,2,230.12,0.1
L0003855,O001533,P0071,3,98.1,0.1
L0003856,O001533,P0075,3,80.69,0.05
L0003857,O001534,P0166,2,198.82,0.0
L0003858,O001534,P0051,2,53.63,0.15
L0003859,O001534,P0148,2,123.95,0.0
L0003860,O001535,P0109,1,252.67,0.15
L0003861,O001535,P0022,1,145.84,0.0
L0003862,O001535,P0117,3,244.09,0.0
L0003863,O001535,P0094,1,177.96,0.15
L0003864,O001536,P0074,2,182.57,0.0
L0003865,O001536,P0169,2,93.21,0.1
L0003866,O001536,P0016,2,60.22,0.0
L0003867,O001537,P0073,3,263.38,0.0
L0003868,O001537,P0157,2,252.75,0.0
L0003869,O001537,P0127,2,80.68,0.15
L0003870,O001537,P0051,3,63.09,0.0
L0003871,O001538,P0004,1,35.75,0.05
L0003872,O001538,P0132,3,56.4,0.1
L0003873,O001539,P0144,3,175.24,0.15
L0003874,O001539,P0099,3,322.42,0.05
L0003875,O001539,P0106,2,171.88,0.05
L0003876,O001540,P0074,3,182.57,0.0
L0003877,O001540,P0096,2,238.7,0.1
L0003878,O001541,P0144,1,206.16,0.0
L0003879,O001541,P0152,3,187.58,0.0
L0003880,O001542,P0164,2,289.97,0.0
L0003881,O001542,P0003,3,230.57,0.15
L0003882,O001543,P0076,1,99.18,0.0
L0003883,O001544,P0020,2,45.59,0.0
L0003884,O001545,P0080,1,182.17,0.1
L0003885,O001546,P0077,2,240.42,0.2
L0003886,O001547,P0091,3,288.79,0.1
L0003887,O001547,P0071,1,109.0,0.0
L0003888,O001547,P0040,2,248.71,0.0
L0003889,O001547,P0132,2,56.4,0.1
L0003890,O001548,P0133,1,39.71,0.1
L0003891,O001548,P0111,1,257.81,0.15
L0003892,O001548,P0102,2,174.25,0.05
L0003893,O001548,P0088,2,62.88,0.0
L0003894,O001549,P0023,1,157.4,0.0
L0003895,O001550,P0023,2,141.66,0.1
L0003896,O001550,P0096,2,238.7,0.1
L0003897,O001550,P0063,3,118.89,0.2
L0003898,O001551,P0028,2,146.26,0.1
L0003899,O001551,P0179,3,142.6,0.0
L0003900,O001551,P0120,3,215.39,0.0
L0003901,O001551,P0053,3,255.69,0.0
L0003902,O001552,P0125,1,96.0,0.0
L0003903,O001553,P0063,1,148.61,0.0
L0003904,O001553,P0128,1,282.75,0.0
L0003905,O001553,P0163,1,233.9,0.0
L0003906,O001554,P0085,2,311.87,0.0
L0003907,O001555,P0091,2,272.75,0.15
L0003908,O001556,P0041,1,77.93,0.0
L0003909,O001556,P0053,3,230.12,0.1
L0003910,O001556,P0009,2,280.24,0.0
L0003911,O001557,P0098,3,68.03,0.15
L0003912,O001557,P0090,1,108.75,0.2
L0003913,O001558,P0151,2,233.95,0.0
L0003914,O001559,P0153,1,136.91,0.0
L0003915,O001559,P0074,2,182.57,0.0
L0003916,O001559,P0026,3,50.67,0.15
L0003917,O001560,P0122,1,322.4,0.05
L0003918,O001560,P0106,2,180.93,0.0
L0003919,O001560,P0176,2,201.21,0.1
L0003920,O001560,P0020,3,45.59,0.0
L0003921,O001561,P0141,3,287.24,0.1
L0003922,O001562,P0089,1,11.58,0.05
L0003923,O001563,P0006,1,110.16,0.1
L0003924,O001563,P0024,1,168.57,0.0
L0003925,O001564,P0023,2,125.92,0.2
L0003926,O001565,P0127,3,90.17,0.05
L0003927,O001566,P0049,2,267.57,0.0
L0003928,O001566,P0023,2,157.4,0.0
L0003929,O001566,P0066,3,300.18,0.0
L0003930,O001566,P0155,1,121.7,0.0
L0003931,O001567,P0141,3,319.15,0.0
L0003932,O001567,P0030,3,159.52,0.1
L0003933,O001568,P0149,2,35.85,0.15
L0003934,O001568,P0044,3,265.56,0.0
L0003935,O001568,P0113,3,138.3,0.0
L0003936,O001569,P0110,1,254.79,0.0
L0003937,O001570,P0076,3,84.3,0.15
L0003938,O001570,P0117,1,195.27,0.2
L0003939,O001571,P0071,2,103.55,0.05
L0003940,O001571,P0163,1,198.81,0.15
L0003941,O001571,P0141,3,319.15,0.0
L0003942,O001572,P0082,3,83.17,0.1
L0003943,O001572,P0067,2,168.39,0.05
L0003944,O001573,P0036,2,52.13,0.0
L0003945,O001574,P0094,1,177.96,0.15
L0003946,O001574,P0110,3,229.31,0.1
L0003947,O001575,P0031,1,272.21,0.0
L0003948,O001575,P0081,1,20.01,0.15
L0003949,O001575,P0069,1,51.31,0.15
L0003950,O001575,P0021,3,71.03,0.0
L0003951,O001576,P0004,2,37.63,0.0
L0003952,O001576,P0055,3,14.16,0.0
L0003953,O001576,P0093,1,21.93,0.0
L0003954,O001576,P0143,2,239.62,0.0
L0003955,O001577,P0074,3,182.57,0.0
L0003956,O001578,P0040,1,211.4,0.15
L0003957,O001579,P0145,2,83.23,0.15
L0003958,O001579,P0064,1,321.5,0.0
L0003959,O001579,P0098,2,76.03,0.05
L0003960,O001579,P0154,1,235.88,0.15
L0003961,O001580,P0133,3,44.12,0.0
L0003962,O001580,P0068,1,285.98,0.0
L0003963,O001580,P0132,1,62.67,0.0
L0003964,O001581,P0079,3,145.32,0.0
L0003965,O001581,P0115,1,154.62,0.05
L0003966,O001582,P0099,3,288.48,0.15
L0003967,O001583,P0100,2,74.79,0.1
L0003968,O001583,P0038,3,177.53,0.1
L0003969,O001583,P0164,2,260.97,0.1
L0003970,O001583,P0001,2,256.68,0.0
L0003971,O001584,P0056,1,331.8,0.0
L0003972,O001584,P0132,3,62.67,0.0
L0003973,O001584,P0003,3,257.7,0.05
L0003974,O001584,P0028,3,154.38,0.05
L0003975,O001585,P0153,3,136.91,0.0
L0003976,O001585,P0043,2,249.36,0.0
L0003977,O001586,P0154,2,277.51,0.0
L0003978,O001586,P0169,3,82.86,0.2
L0003979,O001586,P0008,1,346.93,0.0
L0003980,O001587,P0033,1,178.96,0.0
L0003981,O001587,P0129,3,127.39,0.0
L0003982,O001587,P0082,3,87.79,0.05
L0003983,O001588,P0009,3,238.2,0.15
L0003984,O001589,P0088,2,59.74,0.05
L0003985,O001589,P0090,3,135.94,0.0
L0003986,O001589,P0069,1,60.37,0.0
L0003987,O001590,P0044,2,212.45,0.2
L0003988,O001591,P0026,1,59.61,0.0
L0003989,O001591,P0134,2,45.14,0.0
L0003990,O001591,P0146,1,279.51,0.0
L0003991,O001592,P0122,3,305.43,0.1
L0003992,O001592,P0159,2,120.32,0.1
L0003993,O001592,P0008,1,329.58,0.05
L0003994,O001593,P0052,2,187.42,0.0
L0003995,O001593,P0010,2,103.37,0.0
L0003996,O001593,P0046,3,341.88,0.0
L0003997,O001594,P0148,3,123.95,0.0
L0003998,O001594,P0065,3,140.88,0.0
L0003999,O001594,P0085,1,311.87,0.0
L0004000,O001594,P0027,1,306.58,0.0
L0004001,O001595,P0037,3,130.78,0.0
L0004002,O001595,P0177,2,295.0,0.0
L0004003,O001595,P0142,1,76.94,0.0
L0004004,O001596,P0092,2,261.88,0.15
L0004005,O001597,P0107,1,266.19,0.15
L0004006,O001597,P0155,3,121.7,0.0
L0004007,O001597,P0132,1,53.27,0.15
L0004008,O001598,P0005,3,199.77,0.0
L0004009,O001599,P0120,3,215.39,0.0
L0004010,O001599,P0101,1,314.85,0.1
L0004011,O001599,P0004,1,35.75,0.05
L0004012,O001600,P0023,3,125.92,0.2
L0004013,O001600,P0076,2,89.26,0.1
L0004014,O001601,P0003,2,230.57,0.15
L0004015,O001601,P0088,2,62.88,0.0
L0004016,O001602,P0062,2,159.23,0.05
L0004017,O001602,P0012,3,57.02,0.1
L0004018,O001602,P0051,3,50.47,0.2
L0004019,O001603,P0098,3,80.03,0.0
L0004020,O001603,P0041,2,70.14,0.1
L0004021,O001603,P0081,2,23.54,0.0
L0004022,O001603,P0016,3,54.2,0.1
L0004023,O001604,P0174,1,215.24,0.0
L0004024,O001604,P0004,3,37.63,0.0
L0004025,O001604,P0157,2,227.47,0.1
L0004026,O001605,P0105,3,60.03,0.1
L0004027,O001605,P0061,3,14.13,0.1
L0004028,O001606,P0053,1,204.55,0.2
L0004029,O001606,P0039,3,262.96,0.15
L0004030,O001606,P0018,2,140.12,0.2
L0004031,O001607,P0167,3,162.27,0.0
L0004032,O001608,P0100,2,66.48,0.2
L0004033,O001608,P0140,2,154.35,0.0
L0004034,O001609,P0138,1,82.58,0.1
L0004035,O001609,P0062,1,167.61,0.0
L0004036,O001610,P0048,1,42.89,0.2
L0004037,O001610,P0168,3,259.03,0.1
L0004038,O001610,P0093,3,21.93,0.0
L0004039,O001610,P0073,2,237.04,0.1
L0004040,O001611,P0112,2,31.37,0.1
L0004041,O001611,P0150,2,273.27,0.15
L0004042,O001611,P0129,3,127.39,0.0
L0004043,O001612,P0049,2,240.81,0.1
L0004044,O001613,P0161,1,54.92,0.0
L0004045,O001614,P0159,1,120.32,0.1
L0004046,O001614,P0110,2,216.57,0.15
L0004047,O001615,P0082,3,92.41,0.0
L0004048,O001615,P0099,3,339.39,0.0
L0004049,O001616,P0053,2,230.12,0.1
L0004050,O001616,P0035,1,114.37,0.1
L0004051,O001617,P0053,1,255.69,0.0
L0004052,O001617,P0018,3,175.15,0.0
L0004053,O001618,P0015,2,61.62,0.0
L0004054,O001618,P0002,3,264.47,0.0
L0004055,O001618,P0027,3,306.58,0.0
L0004056,O001618,P0150,2,321.49,0.0
L0004057,O001619,P0174,1,193.72,0.1
L0004058,O001619,P0005,3,169.8,0.15
L0004059,O001619,P0092,2,308.09,0.0
L0004060,O001620,P0117,3,244.09,0.0
L0004061,O001620,P0150,3,305.42,0.05
L0004062,O001621,P0098,1,80.03,0.0
L0004063,O001622,P0172,3,47.37,0.05
L0004064,O001623,P0110,3,254.79,0.0
L0004065,O001623,P0095,1,263.1,0.05
L0004066,O001624,P0114,1,276.66,0.1
L0004067,O001624,P0128,2,282.75,0.0
L0004068,O001624,P0024,2,168.57,0.0
L0004069,O001625,P0031,2,244.99,0.1
L0004070,O001625,P0143,3,239.62,0.0
L0004071,O001625,P0042,3,96.89,0.1
L0004072,O001626,P0023,3,157.4,0.0
L0004073,O001627,P0025,2,137.63,0.0
L0004074,O001628,P0058,2,308.29,0.0
L0004075,O001628,P0156,3,268.7,0.1
L0004076,O001628,P0039,1,309.36,0.0
L0004077,O001629,P0041,2,77.93,0.0
L0004078,O001629,P0007,2,228.72,0.1
L0004079,O001629,P0119,1,234.8,0.05
L0004080,O001629,P0039,1,309.36,0.0
L0004081,O001630,P0038,3,197.26,0.0
L0004082,O001630,P0170,2,254.85,0.0
L0004083,O001630,P0073,2,237.04,0.1
L0004084,O001630,P0145,2,97.92,0.0
L0004085,O001631,P0017,3,153.84,0.15
L0004086,O001631,P0016,3,51.19,0.15
L0004087,O001632,P0016,3,60.22,0.0
L0004088,O001632,P0160,1,156.8,0.0
L0004089,O001632,P0080,1,161.93,0.2
L0004090,O001632,P0108,2,185.15,0.0
L0004091,O001633,P0126,3,288.27,0.05
L0004092,O001634,P0023,1,157.4,0.0
L0004093,O001635,P0129,3,114.65,0.1
L0004094,O001635,P0132,2,62.67,0.0
L0004095,O001635,P0031,1,272.21,0.0
L0004096,O001636,P0057,1,61.86,0.0
L0004097,O001636,P0004,1,37.63,0.0
L0004098,O001636,P0180,3,52.22,0.0
L0004099,O001637,P0074,2,182.57,0.0
L0004100,O001638,P0118,3,196.98,0.1
L0004101,O001638,P0015,1,61.62,0.0
L0004102,O001639,P0120,3,204.62,0.05
L0004103,O001639,P0129,2,127.39,0.0
L0004104,O001640,P0074,2,182.57,0.0
L0004105,O001641,P0022,2,145.84,0.0
L0004106,O001641,P0063,3,148.61,0.0
L0004107,O001642,P0123,2,274.26,0.05
L0004108,O001642,P0040,3,198.97,0.2
L0004109,O001642,P0115,1,154.62,0.05
L0004110,O001642,P0114,2,276.66,0.1
L0004111,O001643,P0095,1,276.95,0.0
L0004112,O001644,P0089,3,9.75,0.2
L0004113,O001645,P0067,3,177.25,0.0
L0004114,O001645,P0010,1,87.86,0.15
L0004115,O001645,P0037,2,124.24,0.05
L0004116,O001646,P0117,3,244.09,0.0
L0004117,O001646,P0071,1,103.55,0.05
L0004118,O001646,P0086,2,13.53,0.1
L0004119,O001647,P0082,1,92.41,0.0
L0004120,O001648,P0051,3,56.78,0.1
L0004121,O001648,P0041,2,77.93,0.0
L0004122,O001648,P0137,3,40.7,0.2
L0004123,O001649,P0150,1,321.49,0.0
L0004124,O001649,P0108,3,185.15,0.0
L0004125,O001649,P0109,1,297.26,0.0
L0004126,O001650,P0066,1,270.16,0.1
L0004127,O001650,P0131,2,12.56,0.1
L0004128,O001650,P0045,1,308.07,0.0
L0004129,O001650,P0112,1,33.12,0.05
L0004130,O001651,P0134,1,45.14,0.0
L0004131,O001651,P0080,1,202.41,0.0
L0004132,O001652,P0007,3,254.13,0.0
L0004133,O001652,P0072,3,101.55,0.0
L0004134,O001652,P0020,2,38.75,0.15
L0004135,O001653,P0018,1,148.88,0.15
L0004136,O001654,P0116,2,330.95,0.0
L0004137,O001655,P0052,2,168.68,0.1
L0004138,O001655,P0020,2,36.47,0.2
L0004139,O001655,P0109,2,297.26,0.0
L0004140,O001655,P0047,3,54.73,0.0
L0004141,O001656,P0070,1,241.83,0.0
L0004142,O001656,P0020,1,45.59,0.0
L0004143,O001656,P0147,1,14.49,0.1
L0004144,O001657,P0088,1,62.88,0.0
L0004145,O001658,P0152,2,187.58,0.0
L0004146,O001658,P0058,2,262.05,0.15
L0004147,O001658,P0047,3,43.78,0.2
L0004148,O001658,P0012,3,63.35,0.0
L0004149,O001659,P0069,2,60.37,0.0
L0004150,O001659,P0029,3,180.94,0.2
L0004151,O001660,P0132,1,59.54,0.05
L0004152,O001660,P0008,2,277.54,0.2
L0004153,O001661,P0078,2,334.26,0.0
L0004154,O001661,P0046,2,341.88,0.0
L0004155,O001661,P0112,3,34.86,0.0
L0004156,O001661,P0111,1,303.31,0.0
L0004157,O001662,P0084,2,259.34,0.0
L0004158,O001662,P0143,1,227.64,0.05
L0004159,O001663,P0100,3,70.63,0.15
L0004160,O001663,P0134,1,42.88,0.05
L0004161,O001664,P0180,2,52.22,0.0
L0004162,O001664,P0149,2,37.96,0.1
L0004163,O001664,P0102,3,183.42,0.0
L0004164,O001665,P0177,3,295.0,0.0
L0004165,O001666,P0178,3,221.82,0.0
L0004166,O001666,P0095,2,249.25,0.1
L0004167,O001666,P0100,3,83.1,0.0
L0004168,O001666,P0126,3,303.44,0.0
L0004169,O001667,P0179,2,128.34,0.1
L0004170,O001667,P0074,1,182.57,0.0
L0004171,O001668,P0068,1,285.98,0.0
L0004172,O001668,P0139,2,270.28,0.05
L0004173,O001668,P0085,2,311.87,0.0
L0004174,O001668,P0071,3,98.1,0.1
L0004175,O001669,P0075,2,72.2,0.15
L0004176,O001669,P0142,3,69.25,0.1
L0004177,O001670,P0142,1,76.94,0.0
L0004178,O001670,P0137,1,50.88,0.0
L0004179,O001670,P0132,3,62.67,0.0
L0004180,O001670,P0073,1,250.21,0.05
L0004181,O001671,P0131,2,13.96,0.0
L0004182,O001671,P0174,2,215.24,0.0
L0004183,O001672,P0114,2,292.03,0.05
L0004184,O001672,P0153,1,130.06,0.05
L0004185,O001672,P0046,3,273.5,0.2
L0004186,O001672,P0090,2,135.94,0.0
L0004187,O001673,P0080,2,202.41,0.0
L0004188,O001673,P0010,3,98.2,0.05
L0004189,O001674,P0116,2,297.86,0.1
L0004190,O001675,P0082,2,73.93,0.2
L0004191,O001675,P0048,2,53.61,0.0
L0004192,O001676,P0039,3,278.42,0.1
L0004193,O001676,P0017,1,180.99,0.0
L0004194,O001676,P0013,1,38.39,0.0
L0004195,O001677,P0085,2,249.5,0.2
L0004196,O001677,P0007,2,216.01,0.15
L0004197,O001677,P0180,1,52.22,0.0
L0004198,O001677,P0177,3,295.0,0.0
L0004199,O001678,P0023,3,157.4,0.0
L0004200,O001679,P0126,3,303.44,0.0
L0004201,O001679,P0075,1,84.94,0.0
L0004202,O001679,P0066,1,300.18,0.0
L0004203,O001680,P0171,3,70.45,0.2
L0004204,O001680,P0104,3,20.26,0.2
L0004205,O001681,P0071,2,98.1,0.1
L0004206,O001681,P0072,3,81.24,0.2
L0004207,O001681,P0031,2,272.21,0.0
L0004208,O001681,P0045,2,292.67,0.05
L0004209,O001682,P0077,2,300.52,0.0
L0004210,O001682,P0028,3,154.38,0.05
L0004211,O001682,P0066,2,270.16,0.1
L0004212,O001683,P0146,1,279.51,0.0
L0004213,O001683,P0131,1,13.96,0.0
L0004214,O001683,P0075,1,80.69,0.05
L0004215,O001684,P0061,3,12.56,0.2
L0004216,O001685,P0067,3,177.25,0.0
L0004217,O001685,P0133,2,44.12,0.0
L0004218,O001685,P0021,2,60.38,0.15
L0004219,O001686,P0032,1,156.15,0.0
L0004220,O001687,P0134,2,40.63,0.1
L0004221,O001687,P0073,1,263.38,0.0
L0004222,O001688,P0050,2,198.45,0.0
L0004223,O001688,P0179,1,121.21,0.15
L0004224,O001688,P0094,2,209.36,0.0
L0004225,O001689,P0012,1,57.02,0.1
L0004226,O001689,P0026,3,59.61,0.0
L0004227,O001689,P0095,1,249.25,0.1
L0004228,O001689,P0015,1,61.62,0.0
L0004229,O001690,P0069,1,57.35,0.05
L0004230,O001690,P0105,2,66.7,0.0
L0004231,O001691,P0018,2,166.39,0.05
L0004232,O001692,P0159,1,133.69,0.0
L0004233,O001692,P0165,2,128.66,0.0
L0004234,O001692,P0037,2,130.78,0.0
L0004235,O001693,P0134,1,45.14,0.0
L0004236,O001693,P0054,1,229.99,0.0
L0004237,O001693,P0060,3,248.17,0.1
L0004238,O001693,P0103,1,101.73,0.0
L0004239,O001694,P0166,2,188.88,0.05
L0004240,O001694,P0149,1,40.07,0.05
L0004241,O001695,P0059,3,99.76,0.2
L0004242,O001696,P0177,3,295.0,0.0
L0004243,O001696,P0121,3,221.67,0.0
L0004244,O001697,P0132,3,56.4,0.1
L0004245,O001697,P0065,1,126.79,0.1
L0004246,O001697,P0009,2,238.2,0.15
L0004247,O001697,P0130,3,39.92,0.0
L0004248,O001698,P0133,2,35.3,0.2
L0004249,O001698,P0177,3,265.5,0.1
L0004250,O001698,P0066,3,270.16,0.1
L0004251,O001699,P0153,1,136.91,0.0
L0004252,O001700,P0029,2,226.17,0.0
L0004253,O001700,P0090,1,135.94,0.0
L0004254,O001700,P0148,2,123.95,0.0
L0004255,O001701,P0009,3,252.22,0.1
L0004256,O001702,P0096,1,265.22,0.0
L0004257,O001703,P0002,2,264.47,0.0
L0004258,O001703,P0171,3,88.06,0.0
L0004259,O001704,P0178,3,221.82,0.0
L0004260,O001704,P0045,1,308.07,0.0
L0004261,O001705,P0051,1,63.09,0.0
L0004262,O001705,P0140,3,146.63,0.05
L0004263,O001705,P0055,2,12.74,0.1
L0004264,O001706,P0170,1,254.85,0.0
L0004265,O001706,P0148,1,123.95,0.0
L0004266,O001707,P0034,3,181.72,0.0
L0004267,O001707,P0023,2,149.53,0.05
L0004268,O001707,P0006,2,122.4,0.0
L0004269,O001708,P0085,1,296.28,0.05
L0004270,O001708,P0159,2,120.32,0.1
L0004271,O001708,P0115,2,162.76,0.0
L0004272,O001708,P0023,1,157.4,0.0
L0004273,O001709,P0099,3,339.39,0.0
L0004274,O001709,P0009,1,266.23,0.05
L0004275,O001709,P0006,1,122.4,0.0
L0004276,O001709,P0054,3,195.49,0.15
L0004277,O001710,P0013,2,32.63,0.15
L0004278,O001710,P0002,3,238.02,0.1
L0004279,O001710,P0135,3,239.97,0.05
L0004280,O001711,P0142,1,69.25,0.1
L0004281,O001711,P0076,3,84.3,0.15
L0004282,O001711,P0141,1,287.24,0.1
L0004283,O001711,P0041,3,66.24,0.15
L0004284,O001712,P0035,2,108.02,0.15
L0004285,O001713,P0114,1,307.4,0.0
L0004286,O001713,P0047,1,54.73,0.0
L0004287,O001713,P0137,1,48.34,0.05
L0004288,O001714,P0073,3,237.04,0.1
L0004289,O001715,P0072,3,101.55,0.0
L0004290,O001716,P0130,2,37.92,0.05
L0004291,O001716,P0079,3,130.79,0.1
L0004292,O001716,P0152,3,168.82,0.1
L0004293,O001717,P0032,3,156.15,0.0
L0004294,O001717,P0043,1,224.42,0.1
L0004295,O001718,P0061,1,15.7,0.0
L0004296,O001718,P0050,2,198.45,0.0
L0004297,O001719,P0076,2,99.18,0.0
L0004298,O001719,P0107,2,297.51,0.05
L0004299,O001719,P0070,1,241.83,0.0
L0004300,O001719,P0045,3,308.07,0.0
L0004301,O001720,P0028,1,162.51,0.0
L0004302,O001720,P0001,2,256.68,0.0
L0004303,O001720,P0066,1,300.18,0.0
L0004304,O001720,P0009,2,266.23,0.05
L0004305,O001721,P0019,2,69.58,0.2
L0004306,O001721,P0001,1,205.34,0.2
L0004307,O001722,P0017,1,144.79,0.2
L0004308,O001722,P0111,3,288.14,0.05
L0004309,O001722,P0015,3,61.62,0.0
L0004310,O001723,P0097,1,151.7,0.1
L0004311,O001723,P0154,3,277.51,0.0
L0004312,O001723,P0157,1,252.75,0.0
L0004313,O001724,P0056,1,331.8,0.0
L0004314,O001724,P0040,1,223.84,0.1
L0004315,O001724,P0155,3,103.44,0.15
L0004316,O001724,P0151,1,233.95,0.0
L0004317,O001725,P0102,1,183.42,0.0
L0004318,O001725,P0124,1,55.11,0.2
L0004319,O001725,P0031,1,272.21,0.0
L0004320,O001726,P0134,2,42.88,0.05
L0004321,O001727,P0105,3,66.7,0.0
L0004322,O001727,P0110,3,229.31,0.1
L0004323,O001727,P0170,1,254.85,0.0
L0004324,O001728,P0126,2,303.44,0.0
L0004325,O001728,P0015,2,52.38,0.15
L0004326,O001728,P0068,1,285.98,0.0
L0004327,O001729,P0096,1,265.22,0.0
L0004328,O001729,P0177,1,295.0,0.0
L0004329,O001730,P0148,1,123.95,0.0
L0004330,O001730,P0107,3,250.54,0.2
L0004331,O001730,P0082,3,92.41,0.0
L0004332,O001731,P0037,3,111.16,0.15
L0004333,O001731,P0006,1,110.16,0.1
L0004334,O001731,P0177,3,280.25,0.05
L0004335,O001731,P0079,1,145.32,0.0
L0004336,O001732,P0076,1,99.18,0.0
L0004337,O001733,P0007,3,254.13,0.0
L0004338,O001733,P0174,2,182.95,0.15
L0004339,O001733,P0020,3,45.59,0.0
L0004340,O001734,P0115,1,162.76,0.0
L0004341,O001734,P0164,3,260.97,0.1
L0004342,O001734,P0011,3,74.01,0.05
L0004343,O001734,P0037,1,111.16,0.15
L0004344,O001735,P0130,1,37.92,0.05
L0004345,O001735,P0153,2,116.37,0.15
L0004346,O001736,P0058,2,277.46,0.1
L0004347,O001736,P0035,3,127.08,0.0
L0004348,O001737,P0007,2,254.13,0.0
L0004349,O001737,P0088,2,59.74,0.05
L0004350,O001737,P0097,3,160.12,0.05
L0004351,O001737,P0117,2,219.68,0.1
L0004352,O001738,P0108,3,185.15,0.0
L0004353,O001738,P0138,1,82.58,0.1
L0004354,O001738,P0006,3,110.16,0.1
L0004355,O001738,P0097,3,143.27,0.15
L0004356,O001739,P0128,3,282.75,0.0
L0004357,O001739,P0088,3,56.59,0.1
L0004358,O001740,P0028,2,162.51,0.0
L0004359,O001740,P0110,1,254.79,0.0
L0004360,O001740,P0105,2,66.7,0.0
L0004361,O001741,P0011,1,74.01,0.05
L0004362,O001742,P0032,3,124.92,0.2
L0004363,O001742,P0033,2,170.01,0.05
L0004364,O001742,P0144,3,175.24,0.15
L0004365,O001742,P0083,2,253.67,0.05
L0004366,O001743,P0083,1,240.32,0.1
L0004367,O001743,P0002,1,238.02,0.1
L0004368,O001744,P0115,3,162.76,0.0
L0004369,O001745,P0100,3,83.1,0.0
L0004370,O001746,P0009,3,266.23,0.05
L0004371,O001746,P0109,1,237.81,0.2
L0004372,O001746,P0166,3,198.82,0.0
L0004373,O001747,P0099,2,339.39,0.0
L0004374,O001747,P0130,1,35.93,0.1
L0004375,O001747,P0154,2,277.51,0.0
L0004376,O001748,P0164,3,246.47,0.15
L0004377,O001748,P0038,1,157.81,0.2
L0004378,O001749,P0150,2,321.49,0.0
L0004379,O001749,P0101,3,349.83,0.0
L0004380,O001749,P0006,2,122.4,0.0
L0004381,O001750,P0106,1,180.93,0.0
L0004382,O001750,P0117,2,219.68,0.1
L0004383,O001751,P0065,3,133.84,0.05
L0004384,O001751,P0042,2,107.66,0.0
L0004385,O001751,P0066,2,300.18,0.0
L0004386,O001752,P0073,2,250.21,0.05
L0004387,O001752,P0163,3,233.9,0.0
L0004388,O001753,P0123,1,274.26,0.05
L0004389,O001753,P0175,3,54.83,0.1
L0004390,O001754,P0064,1,321.5,0.0
L0004391,O001754,P0004,1,37.63,0.0
L0004392,O001754,P0002,3,264.47,0.0
L0004393,O001754,P0075,3,76.45,0.1
L0004394,O001755,P0048,1,53.61,0.0
L0004395,O001755,P0116,3,330.95,0.0
L0004396,O001755,P0178,1,177.46,0.2
L0004397,O001756,P0076,2,94.22,0.05
L0004398,O001757,P0046,1,341.88,0.0
L0004399,O001757,P0088,1,62.88,0.0
L0004400,O001757,P0055,3,14.16,0.0
L0004401,O001758,P0144,1,206.16,0.0
L0004402,O001758,P0145,2,88.13,0.1
L0004403,O001759,P0062,1,150.85,0.1
L0004404,O001760,P0149,1,42.18,0.0
L0004405,O001760,P0055,2,14.16,0.0
L0004406,O001760,P0058,3,277.46,0.1
L0004407,O001761,P0161,3,54.92,0.0
L0004408,O001761,P0163,2,210.51,0.1
L0004409,O001761,P0157,2,240.11,0.05
L0004410,O001761,P0108,1,185.15,0.0
L0004411,O001762,P0099,1,339.39,0.0
L0004412,O001762,P0174,3,215.24,0.0
L0004413,O001762,P0037,2,111.16,0.15
L0004414,O001763,P0107,2,313.17,0.0
L0004415,O001763,P0068,1,271.68,0.05
L0004416,O001764,P0083,3,240.32,0.1
L0004417,O001764,P0034,3,154.46,0.15
L0004418,O001765,P0100,3,83.1,0.0
L0004419,O001765,P0038,3,197.26,0.0
L0004420,O001765,P0045,1,277.26,0.1
L0004421,O001766,P0152,1,187.58,0.0
L0004422,O001766,P0001,1,256.68,0.0
L0004423,O001767,P0121,2,221.67,0.0
L0004424,O001767,P0094,2,209.36,0.0
L0004425,O001767,P0034,1,181.72,0.0
L0004426,O001767,P0105,3,66.7,0.0
L0004427,O001768,P0115,1,130.21,0.2
L0004428,O001768,P0141,3,319.15,0.0
L0004429,O001769,P0118,3,186.04,0.15
L0004430,O001770,P0021,2,71.03,0.0
L0004431,O001770,P0144,2,206.16,0.0
L0004432,O001770,P0016,3,60.22,0.0
L0004433,O001770,P0129,1,127.39,0.0
L0004434,O001771,P0032,1,140.53,0.1
L0004435,O001771,P0022,3,116.67,0.2
L0004436,O001771,P0105,3,66.7,0.0
L0004437,O001771,P0003,3,271.26,0.0
L0004438,O001772,P0008,3,346.93,0.0
L0004439,O001772,P0100,3,83.1,0.0
L0004440,O001772,P0085,1,280.68,0.1
L0004441,O001773,P0064,1,305.43,0.05
L0004442,O001773,P0155,3,97.36,0.2
L0004443,O001773,P0159,1,133.69,0.0
L0004444,O001774,P0154,1,277.51,0.0
L0004445,O001774,P0070,1,229.74,0.05
L0004446,O001774,P0113,2,138.3,0.0
L0004447,O001774,P0167,3,146.04,0.1
L0004448,O001775,P0065,1,119.75,0.15
L0004449,O001775,P0026,1,50.67,0.15
L0004450,O001775,P0042,3,86.13,0.2
L0004451,O001775,P0169,2,93.21,0.1
L0004452,O001776,P0179,3,142.6,0.0
L0004453,O001776,P0064,3,321.5,0.0
L0004454,O001777,P0092,1,308.09,0.0
L0004455,O001778,P0016,3,54.2,0.1
L0004456,O001778,P0075,1,84.94,0.0
L0004457,O001778,P0059,1,99.76,0.2
L0004458,O001779,P0108,3,175.89,0.05
L0004459,O001779,P0096,1,212.18,0.2
L0004460,O001779,P0071,2,103.55,0.05
L0004461,O001779,P0080,1,182.17,0.1
L0004462,O001780,P0014,2,127.49,0.0
L0004463,O001781,P0088,1,62.88,0.0
L0004464,O001781,P0011,1,62.33,0.2
L0004465,O001782,P0168,3,287.81,0.0
L0004466,O001782,P0078,1,300.83,0.1
L0004467,O001782,P0086,2,12.02,0.2
L0004468,O001783,P0083,3,253.67,0.05
L0004469,O001783,P0135,3,227.34,0.1
L0004470,O001784,P0173,3,141.6,0.2
L0004471,O001784,P0044,1,239.0,0.1
L0004472,O001785,P0177,3,295.0,0.0
L0004473,O001785,P0126,3,257.92,0.15
L0004474,O001785,P0070,3,193.46,0.2
L0004475,O001785,P0047,1,51.99,0.05
L0004476,O001786,P0179,2,128.34,0.1
L0004477,O001786,P0093,2,21.93,0.0
L0004478,O001786,P0135,3,239.97,0.05
L0004479,O001787,P0180,2,52.22,0.0
L0004480,O001788,P0080,1,182.17,0.1
L0004481,O001788,P0070,1,241.83,0.0
L0004482,O001788,P0142,2,76.94,0.0
L0004483,O001788,P0111,3,303.31,0.0
L0004484,O001789,P0145,1,93.02,0.05
L0004485,O001790,P0030,1,141.79,0.2
L0004486,O001791,P0054,1,195.49,0.15
L0004487,O001791,P0039,3,278.42,0.1
L0004488,O001791,P0052,2,178.05,0.05
L0004489,O001791,P0013,1,38.39,0.0
L0004490,O001792,P0032,3,156.15,0.0
L0004491,O001792,P0036,3,52.13,0.0
L0004492,O001792,P0005,2,189.78,0.05
L0004493,O001792,P0084,1,233.41,0.1
L0004494,O001793,P0022,2,116.67,0.2
L0004495,O001793,P0114,3,261.29,0.15
L0004496,O001793,P0038,3,197.26,0.0
L0004497,O001793,P0103,1,91.56,0.1
L0004498,O001794,P0052,2,187.42,0.0
L0004499,O001794,P0069,2,60.37,0.0
L0004500,O001795,P0007,1,254.13,0.0
L0004501,O001795,P0176,2,178.86,0.2
L0004502,O001796,P0114,2,276.66,0.1
L0004503,O001796,P0136,1,41.55,0.1
L0004504,O001797,P0003,2,217.01,0.2
L0004505,O001797,P0055,1,14.16,0.0
L0004506,O001797,P0158,3,66.38,0.1
L0004507,O001798,P0136,2,46.17,0.0
L0004508,O001798,P0008,2,329.58,0.05
L0004509,O001799,P0036,2,52.13,0.0
L0004510,O001799,P0155,1,121.7,0.0
L0004511,O001799,P0093,1,21.93,0.0
L0004512,O001799,P0014,2,127.49,0.0
L0004513,O001800,P0063,2,148.61,0.0
L0004514,O001801,P0103,1,101.73,0.0
L0004515,O001802,P0111,3,303.31,0.0
L0004516,O001802,P0018,2,157.64,0.1
L0004517,O001803,P0052,2,187.42,0.0
L0004518,O001803,P0132,2,62.67,0.0
L0004519,O001803,P0172,3,49.86,0.0
L0004520,O001803,P0097,2,168.55,0.0
L0004521,O001804,P0129,1,114.65,0.1
L0004522,O001804,P0068,2,243.08,0.15
L0004523,O001804,P0015,2,61.62,0.0
L0004524,O001805,P0072,3,91.39,0.1
L0004525,O001806,P0174,2,215.24,0.0
L0004526,O001806,P0028,1,138.13,0.15
L0004527,O001807,P0068,2,285.98,0.0
L0004528,O001807,P0114,3,276.66,0.1
L0004529,O001808,P0166,2,198.82,0.0
L0004530,O001808,P0065,2,133.84,0.05
L0004531,O001808,P0084,3,259.34,0.0
L0004532,O001809,P0166,1,178.94,0.1
L0004533,O001809,P0146,3,265.53,0.05
L0004534,O001810,P0103,2,101.73,0.0
L0004535,O001810,P0096,3,225.44,0.15
L0004536,O001810,P0065,3,140.88,0.0
L0004537,O001811,P0002,2,264.47,0.0
L0004538,O001811,P0164,1,260.97,0.1
L0004539,O001812,P0036,2,52.13,0.0
L0004540,O001813,P0134,1,38.37,0.15
L0004541,O001813,P0057,3,61.86,0.0
L0004542,O001814,P0043,1,236.89,0.05
L0004543,O001814,P0020,1,45.59,0.0
L0004544,O001814,P0040,3,248.71,0.0
L0004545,O001815,P0001,3,231.01,0.1
L0004546,O001815,P0025,1,137.63,0.0
L0004547,O001815,P0090,2,129.14,0.05
L0004548,O001816,P0008,3,312.24,0.1
L0004549,O001816,P0072,1,86.32,0.15
L0004550,O001816,P0109,3,297.26,0.0
L0004551,O001817,P0071,2,109.0,0.0
L0004552,O001817,P0015,2,52.38,0.15
L0004553,O001817,P0012,2,63.35,0.0
L0004554,O001817,P0160,1,141.12,0.1
L0004555,O001818,P0142,3,76.94,0.0
L0004556,O001818,P0044,2,265.56,0.0
L0004557,O001818,P0062,2,134.09,0.2
L0004558,O001819,P0025,1,130.75,0.05
L0004559,O001819,P0011,2,77.91,0.0
L0004560,O001819,P0078,2,300.83,0.1
L0004561,O001820,P0083,1,267.02,0.0
L0004562,O001820,P0098,3,80.03,0.0
L0004563,O001820,P0036,1,52.13,0.0
L0004564,O001821,P0033,1,178.96,0.0
L0004565,O001821,P0090,3,135.94,0.0
L0004566,O001821,P0008,2,312.24,0.1
L0004567,O001821,P0076,1,94.22,0.05
L0004568,O001822,P0023,3,157.4,0.0
L0004569,O001823,P0118,2,218.87,0.0
L0004570,O001824,P0141,3,271.28,0.15
L0004571,O001825,P0074,2,155.18,0.15
L0004572,O001825,P0049,3,227.43,0.15
L0004573,O001826,P0088,1,62.88,0.0
L0004574,O001827,P0158,1,73.76,0.0
L0004575,O001828,P0052,1,187.42,0.0
L0004576,O001829,P0074,1,182.57,0.0
L0004577,O001830,P0114,3,245.92,0.2
L0004578,O001830,P0103,2,101.73,0.0
L0004579,O001830,P0176,3,223.57,0.0
L0004580,O001831,P0157,3,252.75,0.0
L0004581,O001831,P0129,3,127.39,0.0
L0004582,O001831,P0039,1,309.36,0.0
L0004583,O001832,P0016,3,60.22,0.0
L0004584,O001832,P0178,1,221.82,0.0
L0004585,O001833,P0027,1,291.25,0.05
L0004586,O001833,P0176,1,223.57,0.0
L0004587,O001833,P0178,1,210.73,0.05
L0004588,O001834,P0105,1,66.7,0.0
L0004589,O001834,P0027,1,306.58,0.0
L0004590,O001834,P0062,3,167.61,0.0
L0004591,O001834,P0065,1,133.84,0.05
L0004592,O001835,P0080,1,202.41,0.0
L0004593,O001835,P0166,3,198.82,0.0
L0004594,O001835,P0005,3,179.79,0.1
L0004595,O001836,P0105,1,63.37,0.05
L0004596,O001836,P0152,2,187.58,0.0
L0004597,O001836,P0101,2,349.83,0.0
L0004598,O001836,P0141,3,319.15,0.0
L0004599,O001837,P0083,1,267.02,0.0
L0004600,O001837,P0101,1,349.83,0.0
L0004601,O001837,P0175,2,54.83,0.1
L0004602,O001837,P0167,2,162.27,0.0
L0004603,O001838,P0180,2,41.78,0.2
L0004604,O001838,P0114,2,307.4,0.0
L0004605,O001838,P0092,2,308.09,0.0
L0004606,O001839,P0060,1,248.17,0.1
L0004607,O001839,P0096,1,265.22,0.0
L0004608,O001839,P0107,1,250.54,0.2
L0004609,O001840,P0043,2,249.36,0.0
L0004610,O001841,P0035,3,120.73,0.05
L0004611,O001842,P0031,3,272.21,0.0
L0004612,O001842,P0077,3,285.49,0.05
L0004613,O001843,P0099,3,305.45,0.1
L0004614,O001844,P0048,2,53.61,0.0
L0004615,O001845,P0018,2,175.15,0.0
L0004616,O001845,P0001,3,205.34,0.2
L0004617,O001846,P0107,3,313.17,0.0
L0004618,O001846,P0044,2,265.56,0.0
L0004619,O001846,P0147,2,16.1,0.0
L0004620,O001846,P0091,1,320.88,0.0
L0004621,O001847,P0145,2,97.92,0.0
L0004622,O001847,P0140,2,154.35,0.0
L0004623,O001847,P0046,3,341.88,0.0
L0004624,O001848,P0058,3,308.29,0.0
L0004625,O001848,P0051,2,56.78,0.1
L0004626,O001848,P0080,1,182.17,0.1
L0004627,O001849,P0146,1,279.51,0.0
L0004628,O001849,P0020,3,45.59,0.0
L0004629,O001849,P0035,2,108.02,0.15
L0004630,O001849,P0066,1,300.18,0.0
L0004631,O001850,P0025,3,130.75,0.05
L0004632,O001850,P0133,1,39.71,0.1
L0004633,O001851,P0086,2,12.02,0.2
L0004634,O001851,P0004,2,37.63,0.0
L0004635,O001852,P0169,2,103.57,0.0
L0004636,O001852,P0037,3,130.78,0.0
L0004637,O001852,P0164,1,289.97,0.0
L0004638,O001852,P0159,2,120.32,0.1
L0004639,O001853,P0124,3,58.56,0.15
L0004640,O001853,P0113,2,138.3,0.0
L0004641,O001854,P0022,3,131.26,0.1
L0004642,O001854,P0121,3,221.67,0.0
L0004643,O001854,P0112,3,34.86,0.0
L0004644,O001854,P0008,2,312.24,0.1
L0004645,O001855,P0145,2,97.92,0.0
L0004646,O001856,P0045,1,261.86,0.15
L0004647,O001856,P0092,3,308.09,0.0
L0004648,O001856,P0168,2,287.81,0.0
L0004649,O001857,P0156,3,283.63,0.05
L0004650,O001857,P0055,3,13.45,0.05
L0004651,O001858,P0177,3,295.0,0.0
L0004652,O001859,P0049,3,267.57,0.0
L0004653,O001859,P0163,1,233.9,0.0
L0004654,O001860,P0050,2,198.45,0.0
L0004655,O001860,P0031,1,258.6,0.05
L0004656,O001860,P0044,3,252.28,0.05
L0004657,O001860,P0018,2,175.15,0.0
L0004658,O001861,P0055,1,14.16,0.0
L0004659,O001861,P0159,3,113.64,0.15
L0004660,O001862,P0042,1,107.66,0.0
L0004661,O001862,P0125,3,96.0,0.0
L0004662,O001863,P0044,1,265.56,0.0
L0004663,O001864,P0145,2,97.92,0.0
L0004664,O001865,P0060,3,275.74,0.0
L0004665,O001866,P0024,2,168.57,0.0
L0004666,O001866,P0041,2,70.14,0.1
L0004667,O001867,P0177,1,295.0,0.0
L0004668,O001867,P0070,1,229.74,0.05
L0004669,O001867,P0058,3,246.63,0.2
L0004670,O001867,P0134,2,45.14,0.0
L0004671,O001868,P0094,2,209.36,0.0
L0004672,O001868,P0054,3,206.99,0.1
L0004673,O001868,P0108,3,157.38,0.15
L0004674,O001868,P0078,2,300.83,0.1
L0004675,O001869,P0037,2,130.78,0.0
L0004676,O001870,P0090,2,115.55,0.15
L0004677,O001870,P0035,2,101.66,0.2
L0004678,O001870,P0047,3,49.26,0.1
L0004679,O001871,P0086,1,15.03,0.0
L0004680,O001872,P0152,2,187.58,0.0
L0004681,O001872,P0005,3,179.79,0.1
L0004682,O001873,P0147,2,12.88,0.2
L0004683,O001873,P0127,1,94.92,0.0
L0004684,O001873,P0066,3,300.18,0.0
L0004685,O001874,P0169,2,93.21,0.1
L0004686,O001874,P0175,3,60.92,0.0
L0004687,O001874,P0158,1,73.76,0.0
L0004688,O001874,P0149,1,42.18,0.0
L0004689,O001875,P0032,1,156.15,0.0
L0004690,O001876,P0004,1,37.63,0.0
L0004691,O001876,P0060,3,275.74,0.0
L0004692,O001876,P0053,1,204.55,0.2
L0004693,O001876,P0173,2,150.45,0.15
L0004694,O001877,P0047,1,43.78,0.2
L0004695,O001877,P0155,1,109.53,0.1
L0004696,O001877,P0030,1,177.24,0.0
L0004697,O001877,P0083,2,267.02,0.0
L0004698,O001878,P0147,3,14.49,0.1
L0004699,O001879,P0107,1,313.17,0.0
L0004700,O001879,P0155,3,121.7,0.0
L0004701,O001879,P0111,1,288.14,0.05
L0004702,O001880,P0092,2,261.88,0.15
L0004703,O001880,P0179,1,128.34,0.1
L0004704,O001880,P0011,1,66.22,0.15
L0004705,O001881,P0002,1,264.47,0.0
L0004706,O001882,P0120,3,172.31,0.2
L0004707,O001882,P0071,3,98.1,0.1
L0004708,O001883,P0123,1,288.69,0.0
L0004709,O001883,P0066,2,255.15,0.15
L0004710,O001884,P0147,1,15.29,0.05
L0004711,O001884,P0044,3,212.45,0.2
L0004712,O001885,P0177,3,250.75,0.15
L0004713,O001886,P0113,3,117.56,0.15
L0004714,O001886,P0172,1,49.86,0.0
L0004715,O001887,P0154,3,277.51,0.0
L0004716,O001887,P0134,3,40.63,0.1
L0004717,O001887,P0119,2,247.16,0.0
L0004718,O001888,P0141,1,319.15,0.0
L0004719,O001888,P0161,3,49.43,0.1
L0004720,O001888,P0019,3,78.27,0.1
L0004721,O001888,P0133,1,44.12,0.0
L0004722,O001889,P0048,2,53.61,0.0
L0004723,O001890,P0131,3,13.26,0.05
L0004724,O001890,P0147,2,14.49,0.1
L0004725,O001890,P0088,1,62.88,0.0
L0004726,O001890,P0076,1,84.3,0.15
L0004727,O001891,P0061,3,14.13,0.1
L0004728,O001891,P0040,1,211.4,0.15
L0004729,O001891,P0126,3,303.44,0.0
L0004730,O001892,P0089,3,10.97,0.1
L0004731,O001892,P0023,2,157.4,0.0
L0004732,O001892,P0008,3,346.93,0.0
L0004733,O001893,P0074,3,182.57,0.0
L0004734,O001893,P0168,2,287.81,0.0
L0004735,O001893,P0064,3,305.43,0.05
L0004736,O001894,P0069,3,60.37,0.0
L0004737,O001894,P0100,1,74.79,0.1
L0004738,O001894,P0028,3,162.51,0.0
L0004739,O001894,P0064,3,289.35,0.1
L0004740,O001895,P0045,2,292.67,0.05
L0004741,O001895,P0041,2,77.93,0.0
L0004742,O001895,P0061,3,15.7,0.0
L0004743,O001895,P0027,1,306.58,0.0
L0004744,O001896,P0123,2,288.69,0.0
L0004745,O001896,P0012,3,53.85,0.15
L0004746,O001896,P0075,1,84.94,0.0
L0004747,O001896,P0151,2,210.56,0.1
L0004748,O001897,P0147,1,13.69,0.15
L0004749,O001897,P0163,2,233.9,0.0
L0004750,O001897,P0006,1,122.4,0.0
L0004751,O001897,P0170,3,203.88,0.2
L0004752,O001898,P0142,2,76.94,0.0
L0004753,O001898,P0088,1,62.88,0.0
L0004754,O001899,P0062,2,167.61,0.0
L0004755,O001899,P0149,2,37.96,0.1
L0004756,O001900,P0080,3,202.41,0.0
L0004757,O001900,P0134,3,36.11,0.2
L0004758,O001901,P0088,1,59.74,0.05
L0004759,O001901,P0158,2,66.38,0.1
L0004760,O001902,P0175,2,60.92,0.0
L0004761,O001902,P0169,2,103.57,0.0
L0004762,O001903,P0179,1,142.6,0.0
L0004763,O001904,P0093,3,20.83,0.05
L0004764,O001904,P0104,1,25.33,0.0
L0004765,O001904,P0040,2,236.27,0.05
L0004766,O001904,P0180,2,49.61,0.05
L0004767,O001905,P0057,1,61.86,0.0
L0004768,O001905,P0125,3,86.4,0.1
L0004769,O001905,P0027,1,306.58,0.0
L0004770,O001906,P0054,2,218.49,0.05
L0004771,O001906,P0091,3,320.88,0.0
L0004772,O001907,P0057,3,55.67,0.1
L0004773,O001907,P0014,3,127.49,0.0
L0004774,O001907,P0073,1,263.38,0.0
L0004775,O001908,P0077,1,300.52,0.0
L0004776,O001908,P0179,1,135.47,0.05
L0004777,O001908,P0118,3,186.04,0.15
L0004778,O001908,P0095,3,276.95,0.0
L0004779,O001909,P0021,1,71.03,0.0
L0004780,O001909,P0080,3,182.17,0.1
L0004781,O001909,P0118,2,207.93,0.05
L0004782,O001910,P0035,2,127.08,0.0
L0004783,O001910,P0162,3,18.3,0.1
L0004784,O001910,P0053,3,255.69,0.0
L0004785,O001911,P0023,2,157.4,0.0
L0004786,O001911,P0120,2,204.62,0.05
L0004787,O001911,P0173,1,159.3,0.1
L0004788,O001912,P0034,3,154.46,0.15
L0004789,O001912,P0014,3,127.49,0.0
L0004790,O001912,P0040,3,248.71,0.0
L0004791,O001913,P0147,1,12.88,0.2
L0004792,O001913,P0083,1,226.97,0.15
L0004793,O001913,P0073,3,263.38,0.0
L0004794,O001913,P0093,3,21.93,0.0
L0004795,O001914,P0086,1,14.28,0.05
L0004796,O001914,P0076,1,79.34,0.2
L0004797,O001915,P0152,3,187.58,0.0
L0004798,O001915,P0180,2,52.22,0.0
L0004799,O001915,P0078,1,300.83,0.1
L0004800,O001915,P0099,2,271.51,0.2
L0004801,O001916,P0126,3,303.44,0.0
L0004802,O001916,P0177,2,295.0,0.0
L0004803,O001917,P0070,1,241.83,0.0
L0004804,O001917,P0057,1,61.86,0.0
L0004805,O001917,P0086,3,15.03,0.0
L0004806,O001917,P0046,2,307.69,0.1
L0004807,O001918,P0001,1,256.68,0.0
L0004808,O001918,P0087,2,92.4,0.05
L0004809,O001918,P0038,1,197.26,0.0
L0004810,O001918,P0082,3,92.41,0.0
L0004811,O001919,P0043,2,224.42,0.1
L0004812,O001919,P0018,1,175.15,0.0
L0004813,O001920,P0172,2,44.87,0.1
L0004814,O001920,P0030,1,177.24,0.0
L0004815,O001920,P0128,2,282.75,0.0
L0004816,O001920,P0133,3,44.12,0.0
L0004817,O001921,P0004,2,37.63,0.0
L0004818,O001921,P0034,1,181.72,0.0
L0004819,O001922,P0080,1,172.05,0.15
L0004820,O001922,P0031,3,231.38,0.15
L0004821,O001923,P0073,3,263.38,0.0
L0004822,O001924,P0022,1,116.67,0.2
L0004823,O001924,P0028,2,146.26,0.1
L0004824,O001924,P0013,3,32.63,0.15
L0004825,O001924,P0177,2,295.0,0.0
L0004826,O001925,P0075,2,76.45,0.1
L0004827,O001926,P0126,1,303.44,0.0
L0004828,O001926,P0116,1,330.95,0.0
L0004829,O001926,P0064,2,321.5,0.0
L0004830,O001927,P0030,3,150.65,0.15
L0004831,O001928,P0070,3,241.83,0.0
L0004832,O001929,P0118,1,218.87,0.0
L0004833,O001929,P0088,3,62.88,0.0
L0004834,O001929,P0055,2,14.16,0.0
L0004835,O001930,P0145,3,83.23,0.15
L0004836,O001930,P0030,1,177.24,0.0
L0004837,O001930,P0170,3,254.85,0.0
L0004838,O001930,P0165,3,122.23,0.05
L0004839,O001931,P0033,1,178.96,0.0
L0004840,O001931,P0062,2,167.61,0.0
L0004841,O001932,P0050,2,188.53,0.05
L0004842,O001932,P0093,2,21.93,0.0
L0004843,O001933,P0049,1,267.57,0.0
L0004844,O001933,P0072,2,96.47,0.05
L0004845,O001934,P0057,3,52.58,0.15
L0004846,O001934,P0179,1,142.6,0.0
L0004847,O001934,P0146,2,251.56,0.1
L0004848,O001935,P0106,3,180.93,0.0
L0004849,O001936,P0064,2,305.43,0.05
L0004850,O001936,P0024,2,168.57,0.0
L0004851,O001936,P0137,2,48.34,0.05
L0004852,O001937,P0123,3,274.26,0.05
L0004853,O001937,P0026,1,59.61,0.0
L0004854,O001937,P0103,1,101.73,0.0
L0004855,O001938,P0095,3,276.95,0.0
L0004856,O001939,P0083,1,240.32,0.1
L0004857,O001939,P0068,1,285.98,0.0
L0004858,O001939,P0074,1,182.57,0.0
L0004859,O001940,P0178,3,221.82,0.0
L0004860,O001940,P0022,1,145.84,0.0
L0004861,O001940,P0094,1,209.36,0.0
L0004862,O001941,P0103,3,101.73,0.0
L0004863,O001941,P0012,3,60.18,0.05
L0004864,O001941,P0166,1,198.82,0.0
L0004865,O001942,P0075,1,80.69,0.05
L0004866,O001942,P0091,3,304.84,0.05
L0004867,O001942,P0126,1,303.44,0.0
L0004868,O001943,P0163,1,233.9,0.0
L0004869,O001943,P0114,1,276.66,0.1
L0004870,O001943,P0083,3,240.32,0.1
L0004871,O001943,P0173,1,177.0,0.0
L0004872,O001944,P0174,3,193.72,0.1
L0004873,O001944,P0132,2,56.4,0.1
L0004874,O001944,P0079,3,145.32,0.0
L0004875,O001944,P0155,2,115.61,0.05
L0004876,O001945,P0136,3,46.17,0.0
L0004877,O001945,P0044,3,265.56,0.0
L0004878,O001945,P0006,2,122.4,0.0
L0004879,O001946,P0175,3,57.87,0.05
L0004880,O001946,P0014,3,127.49,0.0
L0004881,O001946,P0076,3,89.26,0.1
L0004882,O001946,P0155,1,121.7,0.0
L0004883,O001947,P0080,1,202.41,0.0
L0004884,O001947,P0041,3,77.93,0.0
L0004885,O001947,P0014,3,127.49,0.0
L0004886,O001947,P0088,1,50.3,0.2
L0004887,O001948,P0136,3,41.55,0.1
L0004888,O001949,P0066,2,300.18,0.0
L0004889,O001949,P0091,3,320.88,0.0
L0004890,O001949,P0010,3,93.03,0.1
L0004891,O001950,P0133,2,37.5,0.15
L0004892,O001950,P0104,2,24.06,0.05
L0004893,O001950,P0011,2,77.91,0.0
L0004894,O001951,P0167,1,154.16,0.05
L0004895,O001951,P0100,3,78.94,0.05
L0004896,O001951,P0128,3,254.47,0.1
L0004897,O001951,P0144,2,185.54,0.1
L0004898,O001952,P0163,1,187.12,0.2
L0004899,O001952,P0074,1,164.31,0.1
L0004900,O001952,P0059,2,112.23,0.1
L0004901,O001952,P0011,2,77.91,0.0
L0004902,O001953,P0101,2,297.36,0.15
L0004903,O001954,P0025,1,137.63,0.0
L0004904,O001954,P0016,2,60.22,0.0
L0004905,O001955,P0098,3,80.03,0.0
L0004906,O001955,P0176,2,190.03,0.15
L0004907,O001956,P0105,1,66.7,0.0
L0004908,O001956,P0013,3,36.47,0.05
L0004909,O001956,P0010,2,93.03,0.1
L0004910,O001956,P0157,3,240.11,0.05
L0004911,O001957,P0128,3,254.47,0.1
L0004912,O001957,P0025,2,130.75,0.05
L0004913,O001957,P0019,2,69.58,0.2
L0004914,O001957,P0032,3,156.15,0.0
L0004915,O001958,P0088,3,62.88,0.0
L0004916,O001958,P0175,3,54.83,0.1
L0004917,O001959,P0178,1,221.82,0.0
L0004918,O001959,P0032,3,156.15,0.0
L0004919,O001960,P0047,3,46.52,0.15
L0004920,O001960,P0070,1,241.83,0.0
L0004921,O001960,P0117,3,195.27,0.2
L0004922,O001961,P0148,3,123.95,0.0
L0004923,O001961,P0173,3,177.0,0.0
L0004924,O001962,P0033,3,161.06,0.1
L0004925,O001962,P0102,3,183.42,0.0
L0004926,O001962,P0095,2,276.95,0.0
L0004927,O001962,P0141,3,319.15,0.0
L0004928,O001963,P0075,2,80.69,0.05
L0004929,O001963,P0150,3,321.49,0.0
L0004930,O001964,P0120,1,193.85,0.1
L0004931,O001964,P0094,3,209.36,0.0
L0004932,O001965,P0170,3,254.85,0.0
L0004933,O001966,P0044,1,239.0,0.1
L0004934,O001966,P0151,2,210.56,0.1
L0004935,O001966,P0055,1,14.16,0.0
L0004936,O001966,P0127,2,94.92,0.0
L0004937,O001967,P0168,2,273.42,0.05
L0004938,O001968,P0179,1,142.6,0.0
L0004939,O001968,P0033,2,143.17,0.2
L0004940,O001968,P0086,1,15.03,0.0
L0004941,O001968,P0113,1,138.3,0.0
L0004942,O001969,P0122,1,288.46,0.15
L0004943,O001970,P0100,1,78.94,0.05
L0004944,O001971,P0032,3,156.15,0.0
L0004945,O001971,P0067,2,177.25,0.0
L0004946,O001972,P0056,1,331.8,0.0
L0004947,O001973,P0105,2,66.7,0.0
L0004948,O001973,P0100,1,83.1,0.0
L0004949,O001974,P0093,3,21.93,0.0
L0004950,O001975,P0143,2,239.62,0.0
L0004951,O001976,P0139,3,270.28,0.05
L0004952,O001977,P0120,1,193.85,0.1
L0004953,O001978,P0141,1,319.15,0.0
L0004954,O001978,P0168,3,287.81,0.0
L0004955,O001979,P0153,2,136.91,0.0
L0004956,O001979,P0161,2,54.92,0.0
L0004957,O001979,P0015,1,61.62,0.0
L0004958,O001979,P0064,2,289.35,0.1
L0004959,O001980,P0022,3,138.55,0.05
L0004960,O001980,P0151,2,187.16,0.2
L0004961,O001980,P0013,3,38.39,0.0
L0004962,O001981,P0009,1,280.24,0.0
L0004963,O001981,P0024,3,134.86,0.2
L0004964,O001981,P0016,1,48.18,0.2
L0004965,O001982,P0160,1,141.12,0.1
L0004966,O001982,P0101,2,297.36,0.15
L0004967,O001982,P0170,1,254.85,0.0
L0004968,O001983,P0010,1,93.03,0.1
L0004969,O001983,P0109,2,297.26,0.0
L0004970,O001984,P0170,1,203.88,0.2
L0004971,O001984,P0144,2,185.54,0.1
L0004972,O001985,P0139,3,270.28,0.05
L0004973,O001985,P0030,3,177.24,0.0
L0004974,O001986,P0014,3,127.49,0.0
L0004975,O001986,P0034,1,181.72,0.0
L0004976,O001987,P0007,1,241.42,0.05
L0004977,O001988,P0125,1,86.4,0.1
L0004978,O001988,P0095,2,276.95,0.0
L0004979,O001988,P0120,2,193.85,0.1
L0004980,O001989,P0048,2,45.57,0.15
L0004981,O001989,P0074,2,182.57,0.0
L0004982,O001989,P0173,1,177.0,0.0
L0004983,O001989,P0180,2,41.78,0.2
L0004984,O001990,P0056,1,282.03,0.15
L0004985,O001990,P0148,2,111.56,0.1
L0004986,O001991,P0042,3,107.66,0.0
L0004987,O001991,P0171,1,88.06,0.0
L0004988,O001992,P0127,2,94.92,0.0
L0004989,O001992,P0033,3,178.96,0.0
L0004990,O001992,P0138,1,91.75,0.0
L0004991,O001993,P0044,1,239.0,0.1
L0004992,O001993,P0001,1,218.18,0.15
L0004993,O001993,P0045,1,277.26,0.1
L0004994,O001994,P0178,1,221.82,0.0
L0004995,O001995,P0027,3,291.25,0.05
L0004996,O001995,P0031,2,244.99,0.1
L0004997,O001995,P0071,1,109.0,0.0
L0004998,O001996,P0088,2,59.74,0.05
L0004999,O001996,P0040,3,248.71,0.0
L0005000,O001996,P0056,1,331.8,0.0
L0005001,O001996,P0119,2,247.16,0.0
L0005002,O001997,P0121,3,199.5,0.1
L0005003,O001997,P0037,1,130.78,0.0
L0005004,O001997,P0144,1,206.16,0.0
L0005005,O001998,P0140,3,154.35,0.0
L0005006,O001998,P0054,3,218.49,0.05
L0005007,O001999,P0161,1,54.92,0.0
L0005008,O002000,P0053,3,255.69,0.0
L0005009,O002000,P0042,2,107.66,0.0
L0005010,O002001,P0053,1,217.34,0.15
L0005011,O002002,P0078,3,267.41,0.2
L0005012,O002002,P0083,2,226.97,0.15
L0005013,O002003,P0032,1,148.34,0.05
L0005014,O002003,P0169,1,98.39,0.05
L0005015,O002004,P0144,3,164.93,0.2
L0005016,O002005,P0096,2,265.22,0.0
L0005017,O002005,P0115,2,154.62,0.05
L0005018,O002005,P0133,2,39.71,0.1
L0005019,O002006,P0023,3,157.4,0.0
L0005020,O002006,P0016,1,54.2,0.1
L0005021,O002007,P0128,2,254.47,0.1
L0005022,O002008,P0023,2,133.79,0.15
L0005023,O002009,P0087,2,97.26,0.0
L0005024,O002010,P0093,1,21.93,0.0
L0005025,O002010,P0103,1,101.73,0.0
L0005026,O002010,P0067,2,159.53,0.1
L0005027,O002011,P0117,1,244.09,0.0
L0005028,O002012,P0088,3,53.45,0.15
L0005029,O002013,P0118,1,218.87,0.0
L0005030,O002013,P0180,1,52.22,0.0
L0005031,O002014,P0036,3,52.13,0.0
L0005032,O002014,P0012,1,57.02,0.1
L0005033,O002014,P0008,1,329.58,0.05
L0005034,O002015,P0095,1,235.41,0.15
L0005035,O002015,P0056,3,331.8,0.0
L0005036,O002015,P0172,2,49.86,0.0
L0005037,O002015,P0082,3,83.17,0.1
L0005038,O002016,P0043,1,236.89,0.05
L0005039,O002016,P0077,2,300.52,0.0
L0005040,O002017,P0068,2,228.78,0.2
L0005041,O002018,P0144,2,206.16,0.0
L0005042,O002018,P0114,2,276.66,0.1
L0005043,O002019,P0099,1,339.39,0.0
L0005044,O002019,P0117,3,219.68,0.1
L0005045,O002019,P0180,2,47.0,0.1
L0005046,O002019,P0129,1,127.39,0.0
L0005047,O002020,P0112,1,29.63,0.15
L0005048,O002020,P0180,3,47.0,0.1
L0005049,O002020,P0116,1,330.95,0.0
L0005050,O002020,P0134,1,36.11,0.2
L0005051,O002021,P0064,2,321.5,0.0
L0005052,O002021,P0169,3,103.57,0.0
L0005053,O002022,P0129,2,127.39,0.0
L0005054,O002023,P0162,2,20.33,0.0
L0005055,O002023,P0063,3,126.32,0.15
L0005056,O002024,P0071,3,98.1,0.1
L0005057,O002024,P0169,2,103.57,0.0
L0005058,O002025,P0176,2,223.57,0.0
L0005059,O002025,P0033,1,178.96,0.0
L0005060,O002025,P0148,3,111.56,0.1
L0005061,O002026,P0015,2,58.54,0.05
L0005062,O002027,P0110,1,229.31,0.1
L0005063,O002028,P0039,3,309.36,0.0
L0005064,O002029,P0069,3,51.31,0.15
L0005065,O002029,P0105,2,60.03,0.1
L0005066,O002030,P0040,1,236.27,0.05
L0005067,O002030,P0003,3,271.26,0.0
L0005068,O002031,P0030,3,177.24,0.0
L0005069,O002031,P0151,2,233.95,0.0
L0005070,O002031,P0107,1,297.51,0.05
L0005071,O002032,P0116,3,314.4,0.05
L0005072,O002033,P0057,2,58.77,0.05
L0005073,O002033,P0077,3,285.49,0.05
L0005074,O002034,P0035,2,127.08,0.0
L0005075,O002035,P0143,1,191.7,0.2
L0005076,O002035,P0076,1,99.18,0.0
L0005077,O002035,P0154,2,235.88,0.15
L0005078,O002035,P0146,3,237.58,0.15
L0005079,O002036,P0117,3,244.09,0.0
L0005080,O002036,P0154,1,263.63,0.05
L0005081,O002037,P0073,1,237.04,0.1
L0005082,O002037,P0128,1,282.75,0.0
L0005083,O002037,P0102,2,165.08,0.1
L0005084,O002037,P0138,3,91.75,0.0
L0005085,O002038,P0104,1,25.33,0.0
L0005086,O002038,P0062,3,150.85,0.1
L0005087,O002038,P0053,3,255.69,0.0
L0005088,O002038,P0172,3,49.86,0.0
L0005089,O002039,P0168,1,259.03,0.1
L0005090,O002039,P0044,1,265.56,0.0
L0005091,O002039,P0093,2,18.64,0.15
L0005092,O002039,P0032,3,156.15,0.0
L0005093,O002040,P0141,3,319.15,0.0
L0005094,O002040,P0017,3,162.89,0.1
L0005095,O002040,P0088,2,50.3,0.2
L0005096,O002040,P0085,3,311.87,0.0
L0005097,O002041,P0083,3,213.62,0.2
L0005098,O002042,P0129,1,127.39,0.0
L0005099,O002043,P0134,3,38.37,0.15
L0005100,O002043,P0172,3,49.86,0.0
L0005101,O002043,P0063,3,148.61,0.0
L0005102,O002044,P0041,1,77.93,0.0
L0005103,O002045,P0120,1,172.31,0.2
L0005104,O002045,P0063,3,133.75,0.1
L0005105,O002045,P0116,2,330.95,0.0
L0005106,O002045,P0157,3,252.75,0.0
L0005107,O002046,P0053,3,255.69,0.0
L0005108,O002046,P0049,3,267.57,0.0
L0005109,O002047,P0155,3,103.44,0.15
L0005110,O002047,P0176,1,212.39,0.05
L0005111,O002047,P0070,3,229.74,0.05
L0005112,O002048,P0137,3,40.7,0.2
L0005113,O002048,P0133,3,44.12,0.0
L0005114,O002048,P0099,1,339.39,0.0
L0005115,O002048,P0060,2,275.74,0.0
L0005116,O002049,P0069,3,60.37,0.0
L0005117,O002049,P0118,1,218.87,0.0
L0005118,O002049,P0135,1,252.6,0.0
L0005119,O002049,P0129,3,114.65,0.1
L0005120,O002050,P0096,1,265.22,0.0
L0005121,O002050,P0069,1,51.31,0.15
L0005122,O002051,P0120,2,215.39,0.0
L0005123,O002052,P0150,2,289.34,0.1
L0005124,O002053,P0134,1,45.14,0.0
L0005125,O002053,P0102,2,155.91,0.15
L0005126,O002053,P0086,1,15.03,0.0
L0005127,O002053,P0179,1,128.34,0.1
L0005128,O002054,P0077,2,270.47,0.1
L0005129,O002054,P0073,1,263.38,0.0
L0005130,O002054,P0041,1,70.14,0.1
L0005131,O002055,P0029,2,192.24,0.15
L0005132,O002055,P0143,1,215.66,0.1
L0005133,O002055,P0157,1,202.2,0.2
L0005134,O002056,P0127,1,94.92,0.0
L0005135,O002057,P0053,2,255.69,0.0
L0005136,O002057,P0162,3,18.3,0.1
L0005137,O002057,P0103,3,86.47,0.15
L0005138,O002057,P0125,1,81.6,0.15
L0005139,O002058,P0171,2,83.66,0.05
L0005140,O002058,P0098,3,72.03,0.1
L0005141,O002058,P0066,1,300.18,0.0
L0005142,O002059,P0177,1,295.0,0.0
L0005143,O002059,P0160,2,148.96,0.05
L0005144,O002060,P0137,3,48.34,0.05
L0005145,O002061,P0074,1,182.57,0.0
L0005146,O002061,P0158,2,73.76,0.0
L0005147,O002062,P0175,3,60.92,0.0
L0005148,O002062,P0101,3,349.83,0.0
L0005149,O002062,P0158,2,59.01,0.2
L0005150,O002062,P0032,1,156.15,0.0
L0005151,O002063,P0101,1,332.34,0.05
L0005152,O002064,P0048,2,53.61,0.0
L0005153,O002065,P0020,2,43.31,0.05
L0005154,O002065,P0115,3,138.35,0.15
L0005155,O002066,P0179,2,114.08,0.2
L0005156,O002066,P0121,1,210.59,0.05
L0005157,O002066,P0014,3,127.49,0.0
L0005158,O002067,P0004,2,37.63,0.0
L0005159,O002068,P0091,2,304.84,0.05
L0005160,O002068,P0062,3,167.61,0.0
L0005161,O002068,P0007,1,241.42,0.05
L0005162,O002068,P0065,2,126.79,0.1
L0005163,O002069,P0178,2,221.82,0.0
L0005164,O002069,P0046,1,290.6,0.15
L0005165,O002069,P0032,1,156.15,0.0
L0005166,O002070,P0091,2,320.88,0.0
L0005167,O002071,P0105,3,60.03,0.1
L0005168,O002072,P0167,2,162.27,0.0
L0005169,O002072,P0125,3,96.0,0.0
L0005170,O002072,P0039,2,309.36,0.0
L0005171,O002073,P0156,1,253.78,0.15
L0005172,O002073,P0173,1,159.3,0.1
L0005173,O002073,P0042,2,107.66,0.0
L0005174,O002073,P0083,1,240.32,0.1
L0005175,O002074,P0068,1,285.98,0.0
L0005176,O002074,P0080,3,192.29,0.05
L0005177,O002074,P0065,2,133.84,0.05
L0005178,O002074,P0072,2,101.55,0.0
L0005179,O002075,P0099,1,339.39,0.0
L0005180,O002076,P0015,3,61.62,0.0
L0005181,O002076,P0019,1,69.58,0.2
L0005182,O002076,P0085,2,311.87,0.0
L0005183,O002077,P0119,3,247.16,0.0
L0005184,O002077,P0101,1,297.36,0.15
L0005185,O002077,P0099,2,339.39,0.0
L0005186,O002077,P0023,2,133.79,0.15
L0005187,O002078,P0059,1,112.23,0.1
L0005188,O002078,P0022,3,145.84,0.0
L0005189,O002078,P0078,1,334.26,0.0
L0005190,O002079,P0180,2,44.39,0.15
L0005191,O002079,P0112,3,31.37,0.1
L0005192,O002079,P0024,3,168.57,0.0
L0005193,O002080,P0058,2,308.29,0.0
L0005194,O002080,P0022,2,138.55,0.05
L0005195,O002080,P0010,1,103.37,0.0
L0005196,O002081,P0019,1,86.97,0.0
L0005197,O002081,P0009,1,252.22,0.1
L0005198,O002082,P0068,3,271.68,0.05
L0005199,O002082,P0035,3,127.08,0.0
L0005200,O002082,P0018,3,175.15,0.0
L0005201,O002083,P0059,2,106.0,0.15
L0005202,O002083,P0094,1,209.36,0.0
L0005203,O002083,P0030,2,168.38,0.05
L0005204,O002083,P0113,3,138.3,0.0
L0005205,O002084,P0036,1,49.52,0.05
L0005206,O002084,P0130,2,39.92,0.0
L0005207,O002084,P0038,2,167.67,0.15
L0005208,O002084,P0109,2,297.26,0.0
L0005209,O002085,P0178,1,221.82,0.0
L0005210,O002085,P0059,1,118.47,0.05
L0005211,O002085,P0062,1,167.61,0.0
L0005212,O002085,P0118,2,186.04,0.15
L0005213,O002086,P0002,1,264.47,0.0
L0005214,O002087,P0149,2,42.18,0.0
L0005215,O002087,P0093,3,20.83,0.05
L0005216,O002087,P0062,3,167.61,0.0
L0005217,O002087,P0166,2,178.94,0.1
L0005218,O002088,P0111,2,303.31,0.0
L0005219,O002088,P0098,3,68.03,0.15
L0005220,O002089,P0025,1,137.63,0.0
L0005221,O002089,P0069,1,60.37,0.0
L0005222,O002089,P0006,3,97.92,0.2
L0005223,O002090,P0087,3,97.26,0.0
L0005224,O002090,P0140,3,146.63,0.05
L0005225,O002090,P0155,1,97.36,0.2
L0005226,O002090,P0110,3,254.79,0.0
L0005227,O002091,P0041,3,77.93,0.0
L0005228,O002091,P0067,2,177.25,0.0
L0005229,O002091,P0002,3,211.58,0.2
L0005230,O002091,P0161,3,52.17,0.05
L0005231,O002092,P0053,1,255.69,0.0
L0005232,O002093,P0119,1,210.09,0.15
L0005233,O002093,P0049,1,267.57,0.0
L0005234,O002093,P0003,1,244.13,0.1
L0005235,O002094,P0057,1,61.86,0.0
L0005236,O002094,P0162,1,20.33,0.0
L0005237,O002094,P0147,1,15.29,0.05
L0005238,O002095,P0145,1,88.13,0.1
L0005239,O002095,P0083,1,267.02,0.0
L0005240,O002095,P0141,3,319.15,0.0
L0005241,O002096,P0138,2,77.99,0.15
L0005242,O002096,P0112,3,31.37,0.1
L0005243,O002096,P0115,2,162.76,0.0
L0005244,O002096,P0027,2,306.58,0.0
L0005245,O002097,P0151,1,233.95,0.0
L0005246,O002098,P0023,2,125.92,0.2
L0005247,O002098,P0021,2,71.03,0.0
L0005248,O002098,P0015,3,52.38,0.15
L0005249,O002098,P0141,2,319.15,0.0
L0005250,O002099,P0166,1,198.82,0.0
L0005251,O002100,P0173,1,177.0,0.0
L0005252,O002100,P0178,1,210.73,0.05
L0005253,O002100,P0012,3,53.85,0.15
L0005254,O002100,P0083,3,267.02,0.0
L0005255,O002101,P0033,3,178.96,0.0
L0005256,O002102,P0161,3,54.92,0.0
L0005257,O002103,P0165,1,115.79,0.1
L0005258,O002104,P0127,2,80.68,0.15
L0005259,O002104,P0160,2,133.28,0.15
L0005260,O002104,P0053,2,255.69,0.0
L0005261,O002104,P0179,2,114.08,0.2
L0005262,O002105,P0005,2,199.77,0.0
L0005263,O002105,P0089,2,12.19,0.0
L0005264,O002105,P0134,3,40.63,0.1
L0005265,O002106,P0157,1,252.75,0.0
L0005266,O002106,P0066,3,270.16,0.1
L0005267,O002106,P0102,1,165.08,0.1
L0005268,O002107,P0043,1,199.49,0.2
L0005269,O002107,P0145,1,97.92,0.0
L0005270,O002108,P0156,3,238.85,0.2
L0005271,O002109,P0033,2,178.96,0.0
L0005272,O002109,P0079,3,116.26,0.2
L0005273,O002109,P0129,1,121.02,0.05
L0005274,O002110,P0082,3,92.41,0.0
L0005275,O002110,P0105,1,66.7,0.0
L0005276,O002110,P0033,2,170.01,0.05
L0005277,O002111,P0091,2,320.88,0.0
L0005278,O002112,P0126,1,257.92,0.15
L0005279,O002112,P0030,2,177.24,0.0
L0005280,O002113,P0129,3,127.39,0.0
L0005281,O002113,P0157,1,252.75,0.0
L0005282,O002114,P0060,2,248.17,0.1
L0005283,O002115,P0040,1,248.71,0.0
L0005284,O002115,P0059,1,124.7,0.0
L0005285,O002116,P0037,3,117.7,0.1
L0005286,O002116,P0115,1,138.35,0.15
L0005287,O002116,P0032,2,132.73,0.15
L0005288,O002116,P0060,3,275.74,0.0
L0005289,O002117,P0117,2,244.09,0.0
L0005290,O002117,P0034,2,172.63,0.05
L0005291,O002117,P0030,3,177.24,0.0
L0005292,O002117,P0177,1,295.0,0.0
L0005293,O002118,P0143,3,239.62,0.0
L0005294,O002119,P0158,2,62.7,0.15
L0005295,O002120,P0131,2,12.56,0.1
L0005296,O002120,P0093,3,21.93,0.0
L0005297,O002120,P0159,1,120.32,0.1
L0005298,O002121,P0162,1,17.28,0.15
L0005299,O002121,P0055,1,14.16,0.0
L0005300,O002121,P0029,2,226.17,0.0
L0005301,O002121,P0156,1,298.56,0.0
L0005302,O002122,P0046,2,341.88,0.0
L0005303,O002123,P0139,2,270.28,0.05
L0005304,O002123,P0140,2,138.91,0.1
L0005305,O002123,P0169,1,103.57,0.0
L0005306,O002124,P0172,3,44.87,0.1
L0005307,O002124,P0148,1,123.95,0.0
L0005308,O002125,P0176,3,223.57,0.0
L0005309,O002126,P0057,2,55.67,0.1
L0005310,O002126,P0121,2,210.59,0.05
L0005311,O002127,P0011,2,77.91,0.0
L0005312,O002127,P0125,1,96.0,0.0
L0005313,O002127,P0008,1,346.93,0.0
L0005314,O002128,P0104,2,25.33,0.0
L0005315,O002128,P0146,2,279.51,0.0
L0005316,O002128,P0099,1,339.39,0.0
L0005317,O002129,P0105,1,60.03,0.1
L0005318,O002129,P0177,3,265.5,0.1
L0005319,O002129,P0179,1,142.6,0.0
L0005320,O002130,P0024,2,143.28,0.15
L0005321,O002130,P0028,2,162.51,0.0
L0005322,O002130,P0103,1,101.73,0.0
L0005323,O002130,P0055,1,13.45,0.05
L0005324,O002131,P0112,2,31.37,0.1
L0005325,O002131,P0013,3,38.39,0.0
L0005326,O002132,P0148,2,111.56,0.1
L0005327,O002133,P0154,3,277.51,0.0
L0005328,O002134,P0056,2,331.8,0.0
L0005329,O002134,P0157,2,252.75,0.0
L0005330,O002134,P0044,2,252.28,0.05
L0005331,O002135,P0127,1,94.92,0.0
L0005332,O002135,P0052,1,187.42,0.0
L0005333,O002135,P0090,2,129.14,0.05
L0005334,O002136,P0173,2,177.0,0.0
L0005335,O002137,P0101,2,349.83,0.0
L0005336,O002137,P0180,3,52.22,0.0
L0005337,O002138,P0111,1,303.31,0.0
L0005338,O002138,P0015,3,55.46,0.1
L0005339,O002139,P0156,3,253.78,0.15
L0005340,O002139,P0098,3,80.03,0.0
L0005341,O002140,P0139,3,284.51,0.0
L0005342,O002141,P0008,3,294.89,0.15
L0005343,O002141,P0071,2,103.55,0.05
L0005344,O002141,P0010,1,103.37,0.0
L0005345,O002142,P0087,1,87.53,0.1
L0005346,O002142,P0099,2,322.42,0.05
L0005347,O002143,P0139,1,270.28,0.05
L0005348,O002143,P0006,1,122.4,0.0
L0005349,O002144,P0106,2,171.88,0.05
L0005350,O002144,P0170,3,254.85,0.0
L0005351,O002144,P0036,2,52.13,0.0
L0005352,O002145,P0054,2,229.99,0.0
L0005353,O002145,P0145,3,97.92,0.0
L0005354,O002146,P0023,1,141.66,0.1
L0005355,O002147,P0015,1,55.46,0.1
L0005356,O002148,P0060,3,275.74,0.0
L0005357,O002148,P0075,1,84.94,0.0
L0005358,O002148,P0123,2,230.95,0.2
L0005359,O002148,P0058,3,262.05,0.15
L0005360,O002149,P0069,1,57.35,0.05
L0005361,O002149,P0010,2,87.86,0.15
L0005362,O002150,P0155,1,121.7,0.0
L0005363,O002150,P0045,3,308.07,0.0
L0005364,O002150,P0047,3,54.73,0.0
L0005365,O002151,P0026,3,56.63,0.05
L0005366,O002151,P0027,1,306.58,0.0
L0005367,O002151,P0134,1,45.14,0.0
L0005368,O002151,P0092,1,277.28,0.1
L0005369,O002152,P0049,1,267.57,0.0
L0005370,O002153,P0166,2,198.82,0.0
L0005371,O002153,P0099,1,305.45,0.1
L0005372,O002153,P0024,2,168.57,0.0
L0005373,O002153,P0014,1,127.49,0.0
L0005374,O002154,P0158,2,70.07,0.05
L0005375,O002154,P0006,2,122.4,0.0
L0005376,O002154,P0120,2,215.39,0.0
L0005377,O002155,P0065,1,112.7,0.2
L0005378,O002155,P0045,3,277.26,0.1
L0005379,O002156,P0032,3,156.15,0.0
L0005380,O002156,P0004,2,33.87,0.1
L0005381,O002156,P0075,1,84.94,0.0
L0005382,O002156,P0002,1,251.25,0.05
L0005383,O002157,P0103,1,101.73,0.0
L0005384,O002157,P0166,3,198.82,0.0
L0005385,O002157,P0167,2,162.27,0.0
L0005386,O002158,P0096,3,212.18,0.2
L0005387,O002158,P0176,1,212.39,0.05
L0005388,O002158,P0147,2,16.1,0.0
L0005389,O002158,P0088,1,59.74,0.05
L0005390,O002159,P0179,3,135.47,0.05
L0005391,O002159,P0123,1,245.39,0.15
L0005392,O002159,P0094,1,188.42,0.1
L0005393,O002160,P0013,2,34.55,0.1
L0005394,O002160,P0004,3,37.63,0.0
L0005395,O002161,P0025,3,123.87,0.1
L0005396,O002161,P0101,2,279.86,0.2
L0005397,O002161,P0168,1,230.25,0.2
L0005398,O002161,P0125,1,96.0,0.0
L0005399,O002162,P0013,2,30.71,0.2
L0005400,O002163,P0057,1,55.67,0.1
L0005401,O002163,P0079,3,145.32,0.0
L0005402,O002163,P0131,2,12.56,0.1
L0005403,O002163,P0128,3,268.61,0.05
L0005404,O002164,P0090,2,122.35,0.1
L0005405,O002164,P0127,3,80.68,0.15
L0005406,O002164,P0139,1,284.51,0.0
L0005407,O002164,P0176,1,223.57,0.0
L0005408,O002165,P0161,2,46.68,0.15
L0005409,O002165,P0166,2,198.82,0.0
L0005410,O002165,P0061,3,15.7,0.0
L0005411,O002165,P0043,3,249.36,0.0
L0005412,O002166,P0046,3,341.88,0.0
L0005413,O002166,P0041,1,77.93,0.0
L0005414,O002167,P0036,3,46.92,0.1
L0005415,O002167,P0065,2,140.88,0.0
L0005416,O002167,P0097,3,134.84,0.2
L0005417,O002168,P0047,1,54.73,0.0
L0005418,O002168,P0134,2,45.14,0.0
L0005419,O002168,P0157,2,252.75,0.0
L0005420,O002169,P0095,2,276.95,0.0
L0005421,O002169,P0104,1,25.33,0.0
L0005422,O002169,P0093,2,21.93,0.0
L0005423,O002170,P0062,1,167.61,0.0
L0005424,O002170,P0126,1,303.44,0.0
L0005425,O002170,P0127,2,94.92,0.0
L0005426,O002171,P0031,1,272.21,0.0
L0005427,O002171,P0014,2,114.74,0.1
L0005428,O002172,P0141,1,271.28,0.15
L0005429,O002172,P0046,3,341.88,0.0
L0005430,O002173,P0112,1,34.86,0.0
L0005431,O002173,P0057,3,61.86,0.0
L0005432,O002173,P0054,1,229.99,0.0
L0005433,O002173,P0065,3,112.7,0.2
L0005434,O002174,P0019,3,86.97,0.0
L0005435,O002174,P0025,1,116.99,0.15
L0005436,O002175,P0090,2,108.75,0.2
L0005437,O002175,P0067,2,159.53,0.1
L0005438,O002175,P0052,2,187.42,0.0
L0005439,O002176,P0036,1,52.13,0.0
L0005440,O002176,P0005,1,179.79,0.1
L0005441,O002176,P0174,2,215.24,0.0
L0005442,O002177,P0107,3,313.17,0.0
L0005443,O002178,P0132,3,62.67,0.0
L0005444,O002178,P0015,1,58.54,0.05
L0005445,O002178,P0040,2,248.71,0.0
L0005446,O002178,P0008,1,346.93,0.0
L0005447,O002179,P0082,1,92.41,0.0
L0005448,O002180,P0109,3,297.26,0.0
L0005449,O002180,P0085,1,311.87,0.0
L0005450,O002180,P0034,3,181.72,0.0
L0005451,O002180,P0035,3,120.73,0.05
L0005452,O002181,P0068,1,285.98,0.0
L0005453,O002181,P0001,1,243.85,0.05
L0005454,O002181,P0016,3,60.22,0.0
L0005455,O002182,P0028,3,162.51,0.0
L0005456,O002182,P0169,3,103.57,0.0
L0005457,O002182,P0144,2,195.85,0.05
L0005458,O002183,P0073,3,237.04,0.1
L0005459,O002184,P0130,3,35.93,0.1
L0005460,O002184,P0148,2,123.95,0.0
L0005461,O002184,P0078,1,284.12,0.15
L0005462,O002185,P0052,2,187.42,0.0
L0005463,O002186,P0144,3,185.54,0.1
L0005464,O002186,P0081,3,23.54,0.0
L0005465,O002186,P0170,2,229.37,0.1
L0005466,O002187,P0005,1,179.79,0.1
L0005467,O002187,P0133,1,44.12,0.0
L0005468,O002188,P0179,2,121.21,0.15
L0005469,O002188,P0118,1,218.87,0.0
L0005470,O002188,P0156,2,298.56,0.0
L0005471,O002189,P0001,3,243.85,0.05
L0005472,O002189,P0012,2,63.35,0.0
L0005473,O002189,P0038,1,177.53,0.1
L0005474,O002189,P0107,1,313.17,0.0
L0005475,O002190,P0096,3,265.22,0.0
L0005476,O002191,P0080,1,202.41,0.0
L0005477,O002191,P0088,2,62.88,0.0
L0005478,O002192,P0171,1,88.06,0.0
L0005479,O002192,P0174,1,215.24,0.0
L0005480,O002192,P0033,3,178.96,0.0
L0005481,O002192,P0124,3,68.89,0.0
L0005482,O002193,P0008,3,329.58,0.05
L0005483,O002193,P0138,3,91.75,0.0
L0005484,O002193,P0064,3,273.27,0.15
L0005485,O002193,P0027,1,306.58,0.0
L0005486,O002194,P0091,1,320.88,0.0
L0005487,O002194,P0034,2,154.46,0.15
L0005488,O002194,P0043,2,224.42,0.1
L0005489,O002195,P0152,3,187.58,0.0
L0005490,O002196,P0175,2,60.92,0.0
L0005491,O002196,P0133,1,44.12,0.0
L0005492,O002196,P0050,2,168.68,0.15
L0005493,O002196,P0030,1,150.65,0.15
L0005494,O002197,P0059,2,112.23,0.1
L0005495,O002197,P0178,3,221.82,0.0
L0005496,O002197,P0116,1,330.95,0.0
L0005497,O002197,P0127,3,90.17,0.05
L0005498,O002198,P0032,3,124.92,0.2
L0005499,O002199,P0142,2,69.25,0.1
L0005500,O002200,P0010,3,103.37,0.0
L0005501,O002201,P0144,2,206.16,0.0
L0005502,O002201,P0151,2,233.95,0.0
L0005503,O002202,P0051,2,56.78,0.1
L0005504,O002203,P0151,3,222.25,0.05
L0005505,O002203,P0161,2,54.92,0.0
L0005506,O002203,P0068,1,285.98,0.0
L0005507,O002203,P0176,2,223.57,0.0
L0005508,O002204,P0018,3,175.15,0.0
L0005509,O002204,P0086,3,15.03,0.0
L0005510,O002204,P0042,2,107.66,0.0
L0005511,O002205,P0078,1,300.83,0.1
L0005512,O002205,P0027,2,306.58,0.0
L0005513,O002206,P0093,1,19.74,0.1
L0005514,O002206,P0129,1,127.39,0.0
L0005515,O002207,P0054,3,218.49,0.05
L0005516,O002207,P0129,2,114.65,0.1
L0005517,O002207,P0050,1,198.45,0.0
L0005518,O002207,P0157,1,214.84,0.15
L0005519,O002208,P0091,2,320.88,0.0
L0005520,O002209,P0105,1,60.03,0.1
L0005521,O002209,P0131,3,13.26,0.05
L0005522,O002209,P0046,3,341.88,0.0
L0005523,O002209,P0016,1,60.22,0.0
L0005524,O002210,P0015,2,61.62,0.0
L0005525,O002210,P0032,1,132.73,0.15
L0005526,O002210,P0137,3,50.88,0.0
L0005527,O002211,P0042,2,107.66,0.0
L0005528,O002211,P0083,3,267.02,0.0
L0005529,O002211,P0147,2,16.1,0.0
L0005530,O002212,P0023,3,157.4,0.0
L0005531,O002212,P0143,3,239.62,0.0
L0005532,O002213,P0031,1,258.6,0.05
L0005533,O002213,P0008,1,277.54,0.2
L0005534,O002214,P0041,2,66.24,0.15
L0005535,O002214,P0033,1,178.96,0.0
L0005536,O002214,P0046,3,341.88,0.0
L0005537,O002215,P0057,3,55.67,0.1
L0005538,O002215,P0030,3,168.38,0.05
L0005539,O002215,P0036,1,52.13,0.0
L0005540,O002216,P0115,3,162.76,0.0
L0005541,O002216,P0002,3,238.02,0.1
L0005542,O002216,P0055,2,14.16,0.0
L0005543,O002217,P0176,1,223.57,0.0
L0005544,O002217,P0082,1,78.55,0.15
L0005545,O002217,P0097,2,168.55,0.0
L0005546,O002217,P0099,1,339.39,0.0
L0005547,O002218,P0081,3,22.36,0.05
L0005548,O002218,P0085,2,311.87,0.0
L0005549,O002219,P0156,3,268.7,0.1
L0005550,O002219,P0077,3,300.52,0.0
L0005551,O002219,P0158,3,73.76,0.0
L0005552,O002219,P0175,1,60.92,0.0
L0005553,O002220,P0106,2,153.79,0.15
L0005554,O002220,P0019,2,78.27,0.1
L0005555,O002220,P0111,1,303.31,0.0
L0005556,O002220,P0171,2,79.25,0.1
L0005557,O002221,P0175,1,60.92,0.0
L0005558,O002221,P0094,1,188.42,0.1
L0005559,O002221,P0022,1,116.67,0.2
L0005560,O002221,P0019,1,86.97,0.0
L0005561,O002222,P0072,1,91.39,0.1
L0005562,O002222,P0109,3,282.4,0.05
L0005563,O002222,P0122,1,339.37,0.0
L0005564,O002223,P0148,2,117.75,0.05
L0005565,O002223,P0014,1,121.12,0.05
L0005566,O002224,P0052,3,178.05,0.05
L0005567,O002224,P0037,3,104.62,0.2
L0005568,O002224,P0014,1,114.74,0.1
L0005569,O002224,P0159,1,127.01,0.05
L0005570,O002225,P0120,3,215.39,0.0
L0005571,O002225,P0044,1,239.0,0.1
L0005572,O002225,P0038,1,177.53,0.1
L0005573,O002226,P0053,2,255.69,0.0
L0005574,O002227,P0121,3,221.67,0.0
L0005575,O002228,P0106,1,180.93,0.0
L0005576,O002228,P0174,3,215.24,0.0
L0005577,O002229,P0127,2,94.92,0.0
L0005578,O002229,P0109,1,252.67,0.15
L0005579,O002230,P0136,1,46.17,0.0
L0005580,O002230,P0106,1,180.93,0.0
L0005581,O002230,P0019,3,86.97,0.0
L0005582,O002231,P0093,1,18.64,0.15
L0005583,O002232,P0170,1,229.37,0.1
L0005584,O002232,P0158,3,73.76,0.0
L0005585,O002233,P0083,2,213.62,0.2
L0005586,O002233,P0021,2,71.03,0.0
L0005587,O002233,P0061,3,13.34,0.15
L0005588,O002234,P0057,2,61.86,0.0
L0005589,O002234,P0070,1,205.56,0.15
L0005590,O002235,P0005,1,199.77,0.0
L0005591,O002236,P0118,3,218.87,0.0
L0005592,O002236,P0018,1,140.12,0.2
L0005593,O002236,P0089,3,10.97,0.1
L0005594,O002236,P0115,3,154.62,0.05
L0005595,O002237,P0134,3,45.14,0.0
L0005596,O002237,P0175,2,51.78,0.15
L0005597,O002237,P0144,2,185.54,0.1
L0005598,O002237,P0010,2,103.37,0.0
L0005599,O002238,P0021,2,71.03,0.0
L0005600,O002239,P0083,1,226.97,0.15
L0005601,O002239,P0092,1,308.09,0.0
L0005602,O002240,P0162,2,17.28,0.15
L0005603,O002241,P0101,1,297.36,0.15
L0005604,O002241,P0099,2,339.39,0.0
L0005605,O002241,P0131,3,11.87,0.15
L0005606,O002242,P0117,2,244.09,0.0
L0005607,O002242,P0006,3,110.16,0.1
L0005608,O002242,P0087,3,97.26,0.0
L0005609,O002243,P0147,3,16.1,0.0
L0005610,O002243,P0036,3,52.13,0.0
L0005611,O002244,P0018,1,175.15,0.0
L0005612,O002244,P0174,1,215.24,0.0
L0005613,O002244,P0173,3,150.45,0.15
L0005614,O002244,P0114,3,276.66,0.1
L0005615,O002245,P0136,3,39.24,0.15
L0005616,O002245,P0065,3,140.88,0.0
L0005617,O002245,P0105,1,56.7,0.15
L0005618,O002246,P0121,1,221.67,0.0
L0005619,O002247,P0079,2,145.32,0.0
L0005620,O002247,P0022,3,145.84,0.0
L0005621,O002248,P0121,1,221.67,0.0
L0005622,O002248,P0081,1,18.83,0.2
L0005623,O002249,P0039,2,247.49,0.2
L0005624,O002249,P0122,3,305.43,0.1
L0005625,O002249,P0176,2,223.57,0.0
L0005626,O002250,P0036,1,44.31,0.15
L0005627,O002250,P0175,1,60.92,0.0
L0005628,O002251,P0017,1,171.94,0.05
L0005629,O002251,P0041,3,66.24,0.15
L0005630,O002251,P0136,2,43.86,0.05
L0005631,O002251,P0161,2,52.17,0.05
L0005632,O002252,P0073,2,210.7,0.2
L0005633,O002252,P0048,3,53.61,0.0
L0005634,O002253,P0082,1,92.41,0.0
L0005635,O002253,P0135,3,202.08,0.2
L0005636,O002254,P0064,1,305.43,0.05
L0005637,O002254,P0075,3,72.2,0.15
L0005638,O002255,P0137,3,45.79,0.1
L0005639,O002255,P0019,1,69.58,0.2
L0005640,O002255,P0010,3,82.7,0.2
L0005641,O002255,P0129,3,127.39,0.0
L0005642,O002256,P0112,2,34.86,0.0
L0005643,O002256,P0153,2,136.91,0.0
L0005644,O002257,P0032,3,156.15,0.0
L0005645,O002257,P0161,1,52.17,0.05
L0005646,O002257,P0044,1,239.0,0.1
L0005647,O002257,P0089,3,12.19,0.0
L0005648,O002258,P0172,1,49.86,0.0
L0005649,O002258,P0021,3,67.48,0.05
L0005650,O002259,P0067,1,168.39,0.05
L0005651,O002259,P0010,1,98.2,0.05
L0005652,O002259,P0042,1,107.66,0.0
L0005653,O002260,P0047,1,54.73,0.0
L0005654,O002260,P0145,2,97.92,0.0
L0005655,O002261,P0064,3,289.35,0.1
L0005656,O002261,P0017,3,180.99,0.0
L0005657,O002262,P0112,3,34.86,0.0
L0005658,O002262,P0176,3,178.86,0.2
L0005659,O002263,P0024,2,160.14,0.05
L0005660,O002263,P0098,2,64.02,0.2
L0005661,O002263,P0167,3,162.27,0.0
L0005662,O002264,P0011,2,77.91,0.0
L0005663,O002264,P0130,3,33.93,0.15
L0005664,O002264,P0017,3,144.79,0.2
L0005665,O002265,P0085,3,311.87,0.0
L0005666,O002266,P0166,1,169.0,0.15
L0005667,O002266,P0018,1,175.15,0.0
L0005668,O002266,P0051,1,63.09,0.0
L0005669,O002267,P0050,2,178.6,0.1
L0005670,O002267,P0126,1,303.44,0.0
L0005671,O002267,P0077,1,270.47,0.1
L0005672,O002267,P0103,2,101.73,0.0
L0005673,O002268,P0073,3,210.7,0.2
L0005674,O002268,P0034,1,181.72,0.0
L0005675,O002269,P0132,1,53.27,0.15
L0005676,O002270,P0163,1,233.9,0.0
L0005677,O002271,P0110,2,242.05,0.05
L0005678,O002271,P0051,3,63.09,0.0
L0005679,O002272,P0152,3,187.58,0.0
L0005680,O002272,P0006,3,104.04,0.15
L0005681,O002273,P0099,3,322.42,0.05
L0005682,O002273,P0160,1,156.8,0.0
L0005683,O002274,P0033,2,178.96,0.0
L0005684,O002274,P0162,1,20.33,0.0
L0005685,O002274,P0131,3,12.56,0.1
L0005686,O002275,P0156,1,298.56,0.0
L0005687,O002275,P0004,2,37.63,0.0
L0005688,O002275,P0045,2,308.07,0.0
L0005689,O002276,P0074,2,173.44,0.05
L0005690,O002276,P0016,1,48.18,0.2
L0005691,O002276,P0012,1,60.18,0.05
L0005692,O002276,P0145,3,97.92,0.0
L0005693,O002277,P0070,2,241.83,0.0
L0005694,O002277,P0011,1,70.12,0.1
L0005695,O002277,P0124,2,68.89,0.0
L0005696,O002278,P0156,3,298.56,0.0
L0005697,O002278,P0129,3,114.65,0.1
L0005698,O002278,P0087,3,87.53,0.1
L0005699,O002278,P0020,3,38.75,0.15
L0005700,O002279,P0063,3,118.89,0.2
L0005701,O002280,P0084,1,259.34,0.0
L0005702,O002280,P0125,2,91.2,0.05
L0005703,O002280,P0113,1,117.56,0.15
L0005704,O002280,P0049,1,267.57,0.0
L0005705,O002281,P0098,3,80.03,0.0
L0005706,O002281,P0051,3,63.09,0.0
L0005707,O002282,P0075,3,72.2,0.15
L0005708,O002282,P0132,3,59.54,0.05
L0005709,O002282,P0127,1,94.92,0.0
L0005710,O002282,P0115,1,162.76,0.0
L0005711,O002283,P0122,2,339.37,0.0
L0005712,O002283,P0171,1,83.66,0.05
L0005713,O002283,P0166,1,198.82,0.0
L0005714,O002283,P0165,2,128.66,0.0
L0005715,O002284,P0065,1,140.88,0.0
L0005716,O002285,P0027,3,306.58,0.0
L0005717,O002285,P0110,3,254.79,0.0
L0005718,O002286,P0055,3,11.33,0.2
L0005719,O002287,P0149,3,42.18,0.0
L0005720,O002288,P0174,3,215.24,0.0
L0005721,O002288,P0063,2,148.61,0.0
L0005722,O002288,P0115,3,130.21,0.2
L0005723,O002289,P0027,1,291.25,0.05
L0005724,O002289,P0073,1,263.38,0.0
L0005725,O002290,P0153,1,123.22,0.1
L0005726,O002290,P0055,3,12.04,0.15
L0005727,O002290,P0074,2,182.57,0.0
L0005728,O002291,P0162,2,18.3,0.1
L0005729,O002291,P0074,2,182.57,0.0
L0005730,O002292,P0106,2,180.93,0.0
L0005731,O002292,P0146,1,279.51,0.0
L0005732,O002292,P0126,2,273.1,0.1
L0005733,O002292,P0021,3,63.93,0.1
L0005734,O002293,P0009,1,280.24,0.0
L0005735,O002293,P0150,3,305.42,0.05
L0005736,O002293,P0140,3,131.2,0.15
L0005737,O002294,P0058,1,292.88,0.05
L0005738,O002294,P0172,1,49.86,0.0
L0005739,O002294,P0091,3,320.88,0.0
L0005740,O002294,P0099,3,339.39,0.0
L0005741,O002295,P0071,1,92.65,0.15
L0005742,O002295,P0082,2,92.41,0.0
L0005743,O002295,P0007,3,254.13,0.0
L0005744,O002296,P0091,1,320.88,0.0
L0005745,O002296,P0157,3,252.75,0.0
L0005746,O002296,P0079,2,130.79,0.1
L0005747,O002296,P0014,1,101.99,0.2
L0005748,O002297,P0172,2,47.37,0.05
L0005749,O002297,P0136,3,46.17,0.0
L0005750,O002297,P0118,1,186.04,0.15
L0005751,O002297,P0013,2,34.55,0.1
L0005752,O002298,P0067,2,177.25,0.0
L0005753,O002298,P0014,2,121.12,0.05
L0005754,O002298,P0101,2,279.86,0.2
L0005755,O002298,P0168,2,287.81,0.0
L0005756,O002299,P0070,2,217.65,0.1
L0005757,O002299,P0081,1,21.19,0.1
L0005758,O002300,P0169,1,103.57,0.0
L0005759,O002301,P0017,2,180.99,0.0
L0005760,O002301,P0003,1,230.57,0.15
L0005761,O002301,P0065,3,126.79,0.1
L0005762,O002302,P0045,1,277.26,0.1
L0005763,O002303,P0056,2,315.21,0.05
L0005764,O002303,P0011,3,77.91,0.0
L0005765,O002304,P0052,1,187.42,0.0
L0005766,O002305,P0119,3,247.16,0.0
L0005767,O002305,P0152,2,187.58,0.0
L0005768,O002305,P0086,2,15.03,0.0
L0005769,O002306,P0115,3,138.35,0.15
L0005770,O002307,P0066,2,300.18,0.0
L0005771,O002307,P0051,3,53.63,0.15
L0005772,O002307,P0019,2,73.92,0.15
L0005773,O002308,P0019,3,86.97,0.0
L0005774,O002308,P0160,1,156.8,0.0
L0005775,O002309,P0134,1,45.14,0.0
L0005776,O002309,P0050,2,198.45,0.0
L0005777,O002310,P0147,3,16.1,0.0
L0005778,O002310,P0105,1,60.03,0.1
L0005779,O002311,P0136,2,46.17,0.0
L0005780,O002312,P0090,1,115.55,0.15
L0005781,O002312,P0085,2,265.09,0.15
L0005782,O002312,P0063,2,148.61,0.0
L0005783,O002313,P0085,2,311.87,0.0
L0005784,O002313,P0123,3,259.82,0.1
L0005785,O002313,P0165,3,122.23,0.05
L0005786,O002314,P0011,3,77.91,0.0
L0005787,O002314,P0076,2,89.26,0.1
L0005788,O002314,P0051,2,63.09,0.0
L0005789,O002314,P0070,2,205.56,0.15
L0005790,O002315,P0074,1,164.31,0.1
L0005791,O002315,P0071,1,109.0,0.0
L0005792,O002316,P0021,3,71.03,0.0
L0005793,O002316,P0087,3,97.26,0.0
L0005794,O002317,P0059,2,118.47,0.05
L0005795,O002317,P0116,3,297.86,0.1
L0005796,O002317,P0053,1,255.69,0.0
L0005797,O002317,P0115,2,162.76,0.0
L0005798,O002318,P0104,3,22.8,0.1
L0005799,O002319,P0051,2,63.09,0.0
L0005800,O002319,P0077,1,300.52,0.0
L0005801,O002320,P0143,3,239.62,0.0
L0005802,O002320,P0076,2,99.18,0.0
L0005803,O002321,P0006,1,122.4,0.0
L0005804,O002322,P0157,3,252.75,0.0
L0005805,O002322,P0147,2,16.1,0.0
L0005806,O002323,P0062,3,167.61,0.0
L0005807,O002323,P0064,3,305.43,0.05
L0005808,O002323,P0020,1,38.75,0.15
L0005809,O002323,P0053,1,255.69,0.0
L0005810,O002324,P0034,3,181.72,0.0
L0005811,O002324,P0064,2,321.5,0.0
L0005812,O002324,P0155,1,103.44,0.15
L0005813,O002325,P0015,1,61.62,0.0
L0005814,O002325,P0007,3,254.13,0.0
L0005815,O002325,P0053,2,230.12,0.1
L0005816,O002325,P0125,2,96.0,0.0
L0005817,O002326,P0174,1,215.24,0.0
L0005818,O002326,P0155,2,121.7,0.0
L0005819,O002327,P0085,2,311.87,0.0
L0005820,O002327,P0135,2,214.71,0.15
L0005821,O002328,P0174,3,215.24,0.0
L0005822,O002328,P0118,3,218.87,0.0
L0005823,O002328,P0065,1,140.88,0.0
L0005824,O002329,P0155,3,121.7,0.0
L0005825,O002329,P0051,2,63.09,0.0
L0005826,O002329,P0154,1,222.01,0.2
L0005827,O002330,P0016,2,60.22,0.0
L0005828,O002330,P0092,2,292.69,0.05
L0005829,O002331,P0130,2,39.92,0.0
L0005830,O002331,P0010,3,103.37,0.0
L0005831,O002331,P0122,2,339.37,0.0
L0005832,O002331,P0011,1,66.22,0.15
L0005833,O002332,P0005,1,199.77,0.0
L0005834,O002332,P0104,1,24.06,0.05
L0005835,O002332,P0151,3,233.95,0.0
L0005836,O002333,P0050,1,178.6,0.1
L0005837,O002333,P0172,3,49.86,0.0
L0005838,O002334,P0008,3,329.58,0.05
L0005839,O002334,P0123,2,288.69,0.0
L0005840,O002335,P0152,1,187.58,0.0
L0005841,O002335,P0137,2,50.88,0.0
L0005842,O002336,P0148,1,123.95,0.0
L0005843,O002336,P0100,3,83.1,0.0
L0005844,O002337,P0069,2,54.33,0.1
L0005845,O002337,P0151,2,233.95,0.0
L0005846,O002337,P0141,2,319.15,0.0
L0005847,O002337,P0105,1,53.36,0.2
L0005848,O002338,P0160,3,125.44,0.2
L0005849,O002338,P0121,2,221.67,0.0
L0005850,O002338,P0017,3,153.84,0.15
L0005851,O002339,P0164,3,289.97,0.0
L0005852,O002340,P0001,2,218.18,0.15
L0005853,O002340,P0073,3,263.38,0.0
L0005854,O002340,P0140,3,154.35,0.0
L0005855,O002341,P0031,3,244.99,0.1
L0005856,O002342,P0160,2,141.12,0.1
L0005857,O002342,P0119,2,247.16,0.0
L0005858,O002342,P0064,1,305.43,0.05
L0005859,O002342,P0079,1,145.32,0.0
L0005860,O002343,P0008,1,346.93,0.0
L0005861,O002344,P0055,2,12.04,0.15
L0005862,O002345,P0076,1,89.26,0.1
L0005863,O002346,P0078,3,284.12,0.15
L0005864,O002346,P0146,2,279.51,0.0
L0005865,O002346,P0128,3,254.47,0.1
L0005866,O002347,P0133,3,41.91,0.05
L0005867,O002348,P0092,1,308.09,0.0
L0005868,O002349,P0143,2,191.7,0.2
L0005869,O002349,P0006,1,122.4,0.0
L0005870,O002350,P0013,1,36.47,0.05
L0005871,O002350,P0069,3,57.35,0.05
L0005872,O002350,P0172,2,47.37,0.05
L0005873,O002350,P0135,2,227.34,0.1
L0005874,O002351,P0089,2,12.19,0.0
L0005875,O002351,P0007,2,228.72,0.1
L0005876,O002351,P0064,3,321.5,0.0
L0005877,O002352,P0162,1,17.28,0.15
L0005878,O002352,P0136,2,41.55,0.1
L0005879,O002352,P0059,1,124.7,0.0
L0005880,O002352,P0086,1,15.03,0.0
L0005881,O002353,P0030,3,177.24,0.0
L0005882,O002353,P0141,1,255.32,0.2
L0005883,O002353,P0165,2,109.36,0.15
L0005884,O002353,P0137,2,50.88,0.0
L0005885,O002354,P0125,2,96.0,0.0
L0005886,O002354,P0017,1,180.99,0.0
L0005887,O002355,P0152,3,187.58,0.0
L0005888,O002355,P0054,2,229.99,0.0
L0005889,O002355,P0005,3,179.79,0.1
L0005890,O002355,P0060,2,261.95,0.05
L0005891,O002356,P0144,3,206.16,0.0
L0005892,O002357,P0175,1,60.92,0.0
L0005893,O002357,P0141,2,287.24,0.1
L0005894,O002357,P0100,2,78.94,0.05
L0005895,O002358,P0120,3,215.39,0.0
L0005896,O002358,P0172,2,49.86,0.0
L0005897,O002359,P0046,2,341.88,0.0
L0005898,O002360,P0080,2,182.17,0.1
L0005899,O002361,P0052,1,187.42,0.0
L0005900,O002361,P0025,2,123.87,0.1
L0005901,O002361,P0080,3,172.05,0.15
L0005902,O002361,P0024,2,151.71,0.1
L0005903,O002362,P0137,1,48.34,0.05
L0005904,O002362,P0168,2,259.03,0.1
L0005905,O002362,P0095,1,276.95,0.0
L0005906,O002362,P0096,3,265.22,0.0
L0005907,O002363,P0143,2,239.62,0.0
L0005908,O002363,P0049,3,267.57,0.0
L0005909,O002363,P0113,3,117.56,0.15
L0005910,O002363,P0075,3,84.94,0.0
L0005911,O002364,P0174,3,215.24,0.0
L0005912,O002364,P0120,2,215.39,0.0
L0005913,O002365,P0107,2,266.19,0.15
L0005914,O002365,P0115,2,162.76,0.0
L0005915,O002366,P0071,3,87.2,0.2
L0005916,O002366,P0040,3,248.71,0.0
L0005917,O002367,P0155,2,97.36,0.2
L0005918,O002367,P0153,2,123.22,0.1
L0005919,O002368,P0080,3,202.41,0.0
L0005920,O002368,P0112,1,29.63,0.15
L0005921,O002368,P0038,1,197.26,0.0
L0005922,O002368,P0156,1,283.63,0.05
L0005923,O002369,P0007,1,254.13,0.0
L0005924,O002369,P0118,1,186.04,0.15
L0005925,O002369,P0080,1,172.05,0.15
L0005926,O002370,P0076,1,79.34,0.2
L0005927,O002370,P0032,2,156.15,0.0
L0005928,O002370,P0105,2,66.7,0.0
L0005929,O002371,P0002,3,264.47,0.0
L0005930,O002371,P0051,1,63.09,0.0
L0005931,O002371,P0168,2,287.81,0.0
L0005932,O002371,P0102,2,174.25,0.05
L0005933,O002372,P0068,2,285.98,0.0
L0005934,O002373,P0130,2,33.93,0.15
L0005935,O002373,P0131,2,13.96,0.0
L0005936,O002374,P0115,1,130.21,0.2
L0005937,O002374,P0126,2,303.44,0.0
L0005938,O002375,P0025,1,123.87,0.1
L0005939,O002375,P0126,2,273.1,0.1
L0005940,O002375,P0065,1,119.75,0.15
L0005941,O002375,P0063,2,148.61,0.0
L0005942,O002376,P0149,3,33.74,0.2
L0005943,O002377,P0111,3,257.81,0.15
L0005944,O002378,P0158,2,62.7,0.15
L0005945,O002378,P0030,1,177.24,0.0
L0005946,O002379,P0100,2,74.79,0.1
L0005947,O002379,P0154,1,249.76,0.1
L0005948,O002379,P0164,1,289.97,0.0
L0005949,O002379,P0173,2,177.0,0.0
L0005950,O002380,P0120,2,193.85,0.1
L0005951,O002380,P0127,1,75.94,0.2
L0005952,O002380,P0071,1,109.0,0.0
L0005953,O002381,P0006,1,122.4,0.0
L0005954,O002381,P0023,3,141.66,0.1
L0005955,O002381,P0114,3,307.4,0.0
L0005956,O002381,P0147,2,16.1,0.0
L0005957,O002382,P0090,1,135.94,0.0
L0005958,O002382,P0172,1,49.86,0.0
L0005959,O002383,P0055,1,14.16,0.0
L0005960,O002383,P0177,1,250.75,0.15
L0005961,O002383,P0139,1,256.06,0.1
L0005962,O002383,P0033,1,178.96,0.0
L0005963,O002384,P0048,1,53.61,0.0
L0005964,O002384,P0113,1,124.47,0.1
L0005965,O002384,P0133,1,37.5,0.15
L0005966,O002385,P0078,3,334.26,0.0
L0005967,O002385,P0052,3,187.42,0.0
L0005968,O002386,P0159,1,133.69,0.0
L0005969,O002386,P0107,1,297.51,0.05
L0005970,O002386,P0071,1,103.55,0.05
L0005971,O002386,P0068,3,285.98,0.0
L0005972,O002387,P0026,1,59.61,0.0
L0005973,O002387,P0001,2,243.85,0.05
L0005974,O002388,P0141,2,319.15,0.0
L0005975,O002388,P0127,2,85.43,0.1
L0005976,O002388,P0007,1,228.72,0.1
L0005977,O002389,P0032,2,156.15,0.0
L0005978,O002389,P0098,3,68.03,0.15
L0005979,O002389,P0074,1,182.57,0.0
L0005980,O002390,P0009,3,280.24,0.0
L0005981,O002390,P0117,3,244.09,0.0
L0005982,O002391,P0027,3,260.59,0.15
L0005983,O002391,P0134,2,45.14,0.0
L0005984,O002391,P0071,1,109.0,0.0
L0005985,O002392,P0157,1,240.11,0.05
L0005986,O002392,P0012,1,60.18,0.05
L0005987,O002392,P0100,2,66.48,0.2
L0005988,O002392,P0018,3,175.15,0.0
L0005989,O002393,P0029,2,226.17,0.0
L0005990,O002393,P0074,3,155.18,0.15
L0005991,O002393,P0130,2,39.92,0.0
L0005992,O002394,P0152,2,168.82,0.1
L0005993,O002394,P0088,2,56.59,0.1
L0005994,O002395,P0067,1,177.25,0.0
L0005995,O002396,P0150,1,321.49,0.0
L0005996,O002396,P0042,2,107.66,0.0
L0005997,O002396,P0016,2,60.22,0.0
L0005998,O002396,P0132,2,59.54,0.05
L0005999,O002397,P0135,1,227.34,0.1
L0006000,O002398,P0152,2,187.58,0.0
L0006001,O002399,P0142,3,76.94,0.0
L0006002,O002399,P0104,1,25.33,0.0
L0006003,O002399,P0043,1,199.49,0.2
L0006004,O002400,P0118,2,186.04,0.15
L0006005,O002400,P0008,1,346.93,0.0
L0006006,O002401,P0173,3,141.6,0.2
L0006007,O002401,P0122,1,339.37,0.0
L0006008,O002401,P0169,2,98.39,0.05
L0006009,O002402,P0033,3,143.17,0.2
L0006010,O002402,P0129,2,127.39,0.0
L0006011,O002403,P0165,1,122.23,0.05
L0006012,O002403,P0077,3,300.52,0.0
L0006013,O002404,P0171,2,79.25,0.1
L0006014,O002405,P0166,1,198.82,0.0
L0006015,O002405,P0073,1,263.38,0.0
L0006016,O002405,P0174,2,182.95,0.15
L0006017,O002406,P0093,1,19.74,0.1
L0006018,O002406,P0053,3,255.69,0.0
L0006019,O002407,P0064,1,305.43,0.05
L0006020,O002407,P0138,1,91.75,0.0
L0006021,O002408,P0059,3,106.0,0.15
L0006022,O002408,P0154,1,277.51,0.0
L0006023,O002408,P0104,1,25.33,0.0
L0006024,O002408,P0085,3,311.87,0.0
L0006025,O002409,P0165,1,122.23,0.05
L0006026,O002410,P0116,1,281.31,0.15
L0006027,O002411,P0124,3,68.89,0.0
L0006028,O002411,P0152,3,187.58,0.0
L0006029,O002412,P0149,1,33.74,0.2
L0006030,O002413,P0074,1,182.57,0.0
L0006031,O002413,P0109,3,267.53,0.1
L0006032,O002413,P0075,3,84.94,0.0
L0006033,O002413,P0026,2,59.61,0.0
L0006034,O002414,P0098,1,80.03,0.0
L0006035,O002415,P0155,2,109.53,0.1
L0006036,O002416,P0064,3,273.27,0.15
L0006037,O002416,P0102,3,183.42,0.0
L0006038,O002416,P0110,3,242.05,0.05
L0006039,O002417,P0008,1,312.24,0.1
L0006040,O002418,P0072,1,91.39,0.1
L0006041,O002418,P0027,1,306.58,0.0
L0006042,O002418,P0050,2,198.45,0.0
L0006043,O002418,P0081,2,23.54,0.0
L0006044,O002419,P0007,3,228.72,0.1
L0006045,O002419,P0016,3,57.21,0.05
L0006046,O002419,P0125,3,96.0,0.0
L0006047,O002419,P0080,3,161.93,0.2
L0006048,O002420,P0110,1,254.79,0.0
L0006049,O002421,P0166,3,169.0,0.15
L0006050,O002421,P0061,1,15.7,0.0
L0006051,O002421,P0136,1,39.24,0.15
L0006052,O002422,P0154,3,235.88,0.15
L0006053,O002422,P0134,2,42.88,0.05
L0006054,O002422,P0023,3,141.66,0.1
L0006055,O002423,P0091,1,304.84,0.05
L0006056,O002423,P0041,2,70.14,0.1
L0006057,O002424,P0078,1,267.41,0.2
L0006058,O002424,P0026,2,53.65,0.1
L0006059,O002424,P0043,2,249.36,0.0
L0006060,O002424,P0093,3,21.93,0.0
L0006061,O002425,P0067,1,177.25,0.0
L0006062,O002425,P0172,1,49.86,0.0
L0006063,O002426,P0099,1,271.51,0.2
L0006064,O002427,P0102,2,183.42,0.0
L0006065,O002427,P0103,3,101.73,0.0
L0006066,O002427,P0165,3,109.36,0.15
L0006067,O002427,P0106,1,180.93,0.0
L0006068,O002428,P0040,2,223.84,0.1
L0006069,O002428,P0124,3,62.0,0.1
L0006070,O002428,P0044,2,265.56,0.0
L0006071,O002428,P0114,2,245.92,0.2
L0006072,O002429,P0015,3,55.46,0.1
L0006073,O002429,P0081,2,20.01,0.15
L0006074,O002430,P0064,2,289.35,0.1
L0006075,O002430,P0131,2,13.96,0.0
L0006076,O002431,P0156,2,298.56,0.0
L0006077,O002431,P0132,1,50.14,0.2
L0006078,O002431,P0032,3,124.92,0.2
L0006079,O002431,P0160,2,156.8,0.0
L0006080,O002432,P0071,1,109.0,0.0
L0006081,O002432,P0154,3,249.76,0.1
L0006082,O002432,P0051,1,63.09,0.0
L0006083,O002432,P0007,2,254.13,0.0
L0006084,O002433,P0111,2,272.98,0.1
L0006085,O002433,P0113,2,138.3,0.0
L0006086,O002434,P0057,3,61.86,0.0
L0006087,O002435,P0159,3,127.01,0.05
L0006088,O002435,P0096,2,238.7,0.1
L0006089,O002435,P0053,3,242.91,0.05
L0006090,O002436,P0109,3,267.53,0.1
L0006091,O002436,P0110,2,254.79,0.0
L0006092,O002437,P0172,2,49.86,0.0
L0006093,O002438,P0023,3,157.4,0.0
L0006094,O002438,P0125,1,96.0,0.0
L0006095,O002438,P0128,3,240.34,0.15
L0006096,O002439,P0155,2,115.61,0.05
L0006097,O002439,P0112,1,34.86,0.0
L0006098,O002439,P0086,2,15.03,0.0
L0006099,O002440,P0009,1,280.24,0.0
L0006100,O002441,P0115,1,146.48,0.1
L0006101,O002441,P0036,2,52.13,0.0
L0006102,O002442,P0008,2,312.24,0.1
L0006103,O002442,P0074,1,182.57,0.0
L0006104,O002442,P0077,1,300.52,0.0
L0006105,O002442,P0180,1,52.22,0.0
L0006106,O002443,P0053,2,255.69,0.0
L0006107,O002443,P0091,3,320.88,0.0
L0006108,O002443,P0059,1,112.23,0.1
L0006109,O002444,P0106,1,180.93,0.0
L0006110,O002444,P0112,1,27.89,0.2
L0006111,O002444,P0077,2,300.52,0.0
L0006112,O002444,P0053,1,217.34,0.15
L0006113,O002445,P0131,3,13.96,0.0
L0006114,O002446,P0058,3,262.05,0.15
L0006115,O002446,P0157,1,252.75,0.0
L0006116,O002447,P0011,1,74.01,0.05
L0006117,O002447,P0035,3,127.08,0.0
L0006118,O002447,P0096,1,265.22,0.0
L0006119,O002448,P0090,1,135.94,0.0
L0006120,O002448,P0035,1,127.08,0.0
L0006121,O002448,P0025,3,137.63,0.0
L0006122,O002449,P0041,2,77.93,0.0
L0006123,O002450,P0030,2,141.79,0.2
L0006124,O002450,P0130,3,39.92,0.0
L0006125,O002450,P0013,3,32.63,0.15
L0006126,O002451,P0129,2,127.39,0.0
L0006127,O002451,P0078,2,334.26,0.0
L0006128,O002451,P0083,2,226.97,0.15
L0006129,O002452,P0037,3,130.78,0.0
L0006130,O002452,P0107,3,281.85,0.1
L0006131,O002452,P0175,1,57.87,0.05
L0006132,O002452,P0027,2,291.25,0.05
L0006133,O002453,P0139,1,284.51,0.0
L0006134,O002453,P0046,3,324.79,0.05
L0006135,O002454,P0111,2,288.14,0.05
L0006136,O002454,P0080,1,202.41,0.0
L0006137,O002455,P0098,2,80.03,0.0
L0006138,O002456,P0037,3,130.78,0.0
L0006139,O002456,P0168,1,287.81,0.0
L0006140,O002456,P0174,1,215.24,0.0
L0006141,O002457,P0101,2,314.85,0.1
L0006142,O002457,P0018,2,175.15,0.0
L0006143,O002457,P0059,3,124.7,0.0
L0006144,O002457,P0052,2,178.05,0.05
L0006145,O002458,P0039,3,309.36,0.0
L0006146,O002458,P0067,2,159.53,0.1
L0006147,O002458,P0145,3,83.23,0.15
L0006148,O002459,P0039,2,278.42,0.1
L0006149,O002459,P0066,2,255.15,0.15
L0006150,O002459,P0128,3,254.47,0.1
L0006151,O002459,P0129,1,127.39,0.0
L0006152,O002460,P0106,2,171.88,0.05
L0006153,O002460,P0093,3,21.93,0.0
L0006154,O002460,P0126,3,288.27,0.05
L0006155,O002460,P0057,2,61.86,0.0
L0006156,O002461,P0067,1,168.39,0.05
L0006157,O002461,P0164,1,289.97,0.0
L0006158,O002461,P0047,3,54.73,0.0
L0006159,O002462,P0166,2,198.82,0.0
L0006160,O002462,P0172,3,44.87,0.1
L0006161,O002462,P0066,2,270.16,0.1
L0006162,O002463,P0098,2,72.03,0.1
L0006163,O002463,P0048,2,42.89,0.2
L0006164,O002463,P0062,3,167.61,0.0
L0006165,O002463,P0034,1,145.38,0.2
L0006166,O002464,P0085,3,265.09,0.15
L0006167,O002464,P0123,3,259.82,0.1
L0006168,O002465,P0013,2,34.55,0.1
L0006169,O002465,P0142,1,76.94,0.0
L0006170,O002466,P0124,2,68.89,0.0
L0006171,O002467,P0049,1,267.57,0.0
L0006172,O002468,P0031,2,231.38,0.15
L0006173,O002469,P0073,3,250.21,0.05
L0006174,O002470,P0131,1,12.56,0.1
L0006175,O002471,P0094,1,198.89,0.05
L0006176,O002471,P0118,2,218.87,0.0
L0006177,O002472,P0001,2,256.68,0.0
L0006178,O002472,P0136,2,41.55,0.1
L0006179,O002472,P0160,1,125.44,0.2
L0006180,O002472,P0057,3,52.58,0.15
L0006181,O002473,P0037,2,130.78,0.0
L0006182,O002473,P0066,1,240.14,0.2
L0006183,O002473,P0162,2,20.33,0.0
L0006184,O002474,P0149,2,42.18,0.0
L0006185,O002474,P0097,2,151.7,0.1
L0006186,O002474,P0161,2,52.17,0.05
L0006187,O002475,P0180,1,44.39,0.15
L0006188,O002475,P0127,1,90.17,0.05
L0006189,O002475,P0120,1,193.85,0.1
L0006190,O002476,P0016,3,60.22,0.0
L0006191,O002477,P0041,2,66.24,0.15
L0006192,O002477,P0030,1,159.52,0.1
L0006193,O002478,P0109,3,267.53,0.1
L0006194,O002478,P0095,1,276.95,0.0
L0006195,O002479,P0105,3,66.7,0.0
L0006196,O002479,P0113,1,138.3,0.0
L0006197,O002479,P0170,3,229.37,0.1
L0006198,O002480,P0109,1,267.53,0.1
L0006199,O002480,P0014,3,121.12,0.05
L0006200,O002480,P0143,1,203.68,0.15
L0006201,O002481,P0046,1,307.69,0.1
L0006202,O002481,P0171,3,88.06,0.0
L0006203,O002481,P0009,2,252.22,0.1
L0006204,O002481,P0026,3,59.61,0.0
L0006205,O002482,P0177,1,295.0,0.0
L0006206,O002482,P0002,3,251.25,0.05
L0006207,O002482,P0085,2,280.68,0.1
L0006208,O002482,P0141,2,303.19,0.05
L0006209,O002483,P0169,3,103.57,0.0
L0006210,O002483,P0064,3,321.5,0.0
L0006211,O002483,P0114,2,276.66,0.1
L0006212,O002483,P0094,2,209.36,0.0
L0006213,O002484,P0037,3,117.7,0.1
L0006214,O002484,P0070,3,241.83,0.0
L0006215,O002484,P0136,3,36.94,0.2
L0006216,O002485,P0151,1,233.95,0.0
L0006217,O002485,P0064,2,321.5,0.0
L0006218,O002485,P0141,3,319.15,0.0
L0006219,O002485,P0003,1,271.26,0.0
L0006220,O002486,P0113,2,117.56,0.15
L0006221,O002486,P0110,3,254.79,0.0
L0006222,O002487,P0136,1,41.55,0.1
L0006223,O002488,P0051,2,63.09,0.0
L0006224,O002488,P0173,1,150.45,0.15
L0006225,O002488,P0021,3,63.93,0.1
L0006226,O002488,P0046,3,341.88,0.0
L0006227,O002489,P0045,3,261.86,0.15
L0006228,O002490,P0154,1,277.51,0.0
L0006229,O002490,P0156,1,298.56,0.0
L0006230,O002491,P0036,2,46.92,0.1
L0006231,O002491,P0076,2,84.3,0.15
L0006232,O002492,P0160,1,156.8,0.0
L0006233,O002492,P0064,2,289.35,0.1
L0006234,O002492,P0168,3,273.42,0.05
L0006235,O002492,P0015,1,55.46,0.1
L0006236,O002493,P0084,1,246.37,0.05
L0006237,O002494,P0013,3,38.39,0.0
L0006238,O002494,P0105,2,66.7,0.0
L0006239,O002494,P0047,1,51.99,0.05
L0006240,O002495,P0176,2,212.39,0.05
L0006241,O002495,P0005,2,199.77,0.0
L0006242,O002495,P0147,3,16.1,0.0
L0006243,O002496,P0174,2,182.95,0.15
L0006244,O002497,P0082,2,92.41,0.0
L0006245,O002497,P0136,3,46.17,0.0
L0006246,O002497,P0115,3,146.48,0.1
L0006247,O002498,P0168,1,287.81,0.0
L0006248,O002498,P0026,2,59.61,0.0
L0006249,O002498,P0121,2,199.5,0.1
L0006250,O002498,P0159,2,133.69,0.0
L0006251,O002499,P0001,3,256.68,0.0
L0006252,O002499,P0063,1,141.18,0.05
L0006253,O002500,P0148,1,123.95,0.0
L0006254,O002501,P0158,3,73.76,0.0
L0006255,O002501,P0055,1,12.74,0.1
L0006256,O002501,P0139,2,270.28,0.05
L0006257,O002502,P0023,3,157.4,0.0
L0006258,O002502,P0135,3,252.6,0.0
L0006259,O002503,P0155,1,121.7,0.0
L0006260,O002503,P0119,1,197.73,0.2
L0006261,O002504,P0149,2,40.07,0.05
L0006262,O002504,P0072,2,101.55,0.0
L0006263,O002504,P0046,3,341.88,0.0
L0006264,O002505,P0031,2,244.99,0.1
L0006265,O002506,P0135,2,252.6,0.0
L0006266,O002506,P0052,2,187.42,0.0
L0006267,O002506,P0028,3,162.51,0.0
L0006268,O002506,P0141,3,319.15,0.0
L0006269,O002507,P0129,3,127.39,0.0
L0006270,O002507,P0104,2,25.33,0.0
L0006271,O002507,P0162,2,20.33,0.0
L0006272,O002508,P0155,2,121.7,0.0
L0006273,O002508,P0038,1,187.4,0.05
L0006274,O002509,P0143,3,239.62,0.0
L0006275,O002509,P0092,2,308.09,0.0
L0006276,O002509,P0066,1,270.16,0.1
L0006277,O002509,P0014,1,127.49,0.0
L0006278,O002510,P0065,1,140.88,0.0
L0006279,O002510,P0078,1,300.83,0.1
L0006280,O002510,P0005,1,159.82,0.2
L0006281,O002510,P0128,3,282.75,0.0
L0006282,O002511,P0121,1,221.67,0.0
L0006283,O002511,P0047,3,54.73,0.0
L0006284,O002511,P0053,1,255.69,0.0
L0006285,O002512,P0009,1,280.24,0.0
L0006286,O002512,P0131,1,13.96,0.0
L0006287,O002513,P0024,2,134.86,0.2
L0006288,O002513,P0012,2,63.35,0.0
L0006289,O002513,P0141,3,319.15,0.0
L0006290,O002514,P0117,3,231.89,0.05
L0006291,O002515,P0157,2,252.75,0.0
L0006292,O002515,P0129,2,127.39,0.0
L0006293,O002515,P0011,1,77.91,0.0
L0006294,O002515,P0005,3,189.78,0.05
L0006295,O002516,P0074,2,146.06,0.2
L0006296,O002516,P0113,1,138.3,0.0
L0006297,O002516,P0026,2,59.61,0.0
L0006298,O002516,P0141,1,287.24,0.1
L0006299,O002517,P0082,2,92.41,0.0
L0006300,O002517,P0065,1,133.84,0.05
L0006301,O002517,P0032,1,140.53,0.1
L0006302,O002518,P0100,2,83.1,0.0
L0006303,O002518,P0077,1,285.49,0.05
L0006304,O002518,P0144,2,206.16,0.0
L0006305,O002518,P0095,3,276.95,0.0
L0006306,O002519,P0122,3,305.43,0.1
L0006307,O002519,P0168,1,287.81,0.0
L0006308,O002520,P0092,1,277.28,0.1
L0006309,O002520,P0028,3,146.26,0.1
L0006310,O002521,P0096,2,265.22,0.0
L0006311,O002521,P0116,3,264.76,0.2
L0006312,O002521,P0005,3,189.78,0.05
L0006313,O002522,P0057,1,55.67,0.1
L0006314,O002523,P0019,1,86.97,0.0
L0006315,O002523,P0073,2,263.38,0.0
L0006316,O002523,P0084,2,259.34,0.0
L0006317,O002523,P0110,3,254.79,0.0
L0006318,O002524,P0119,1,247.16,0.0
L0006319,O002524,P0029,1,226.17,0.0
L0006320,O002524,P0135,2,214.71,0.15
L0006321,O002525,P0071,2,109.0,0.0
L0006322,O002525,P0109,2,267.53,0.1
L0006323,O002525,P0152,3,159.44,0.15
L0006324,O002526,P0102,1,183.42,0.0
L0006325,O002526,P0176,3,223.57,0.0
L0006326,O002526,P0127,2,94.92,0.0
L0006327,O002527,P0099,1,339.39,0.0
L0006328,O002527,P0095,1,276.95,0.0
L0006329,O002527,P0141,1,319.15,0.0
L0006330,O002527,P0044,3,265.56,0.0
L0006331,O002528,P0091,1,304.84,0.05
L0006332,O002528,P0058,3,308.29,0.0
L0006333,O002528,P0062,1,150.85,0.1
L0006334,O002529,P0167,3,137.93,0.15
L0006335,O002530,P0079,3,145.32,0.0
L0006336,O002530,P0009,2,280.24,0.0
L0006337,O002530,P0100,1,74.79,0.1
L0006338,O002530,P0076,3,99.18,0.0
L0006339,O002531,P0001,2,231.01,0.1
L0006340,O002531,P0007,3,216.01,0.15
L0006341,O002531,P0130,3,39.92,0.0
L0006342,O002532,P0119,3,247.16,0.0
L0006343,O002532,P0048,1,53.61,0.0
L0006344,O002533,P0035,1,127.08,0.0
L0006345,O002534,P0085,3,280.68,0.1
L0006346,O002534,P0144,1,206.16,0.0
L0006347,O002535,P0047,3,43.78,0.2
L0006348,O002535,P0050,2,188.53,0.05
L0006349,O002535,P0100,2,83.1,0.0
L0006350,O002535,P0091,2,320.88,0.0
L0006351,O002536,P0084,1,233.41,0.1
L0006352,O002536,P0147,1,14.49,0.1
L0006353,O002536,P0050,2,158.76,0.2
L0006354,O002537,P0136,3,39.24,0.15
L0006355,O002537,P0073,3,263.38,0.0
L0006356,O002537,P0138,2,82.58,0.1
L0006357,O002537,P0125,3,96.0,0.0
L0006358,O002538,P0107,1,313.17,0.0
L0006359,O002538,P0112,1,27.89,0.2
L0006360,O002539,P0141,1,319.15,0.0
L0006361,O002540,P0174,1,215.24,0.0
L0006362,O002541,P0014,2,114.74,0.1
L0006363,O002541,P0034,2,163.55,0.1
L0006364,O002542,P0014,3,127.49,0.0
L0006365,O002542,P0171,1,79.25,0.1
L0006366,O002542,P0108,2,148.12,0.2
L0006367,O002543,P0045,2,292.67,0.05
L0006368,O002543,P0016,3,57.21,0.05
L0006369,O002543,P0152,1,187.58,0.0
L0006370,O002544,P0040,1,248.71,0.0
L0006371,O002545,P0016,1,48.18,0.2
L0006372,O002545,P0054,2,195.49,0.15
L0006373,O002545,P0051,3,63.09,0.0
L0006374,O002545,P0015,3,52.38,0.15
L0006375,O002546,P0084,3,259.34,0.0
L0006376,O002546,P0070,3,241.83,0.0
L0006377,O002546,P0173,1,177.0,0.0
L0006378,O002547,P0167,1,162.27,0.0
L0006379,O002548,P0107,2,281.85,0.1
L0006380,O002549,P0153,1,136.91,0.0
L0006381,O002549,P0001,1,256.68,0.0
L0006382,O002549,P0030,1,177.24,0.0
L0006383,O002549,P0162,1,20.33,0.0
L0006384,O002550,P0035,2,120.73,0.05
L0006385,O002550,P0156,2,268.7,0.1
L0006386,O002551,P0032,3,156.15,0.0
L0006387,O002551,P0162,2,16.26,0.2
L0006388,O002551,P0121,3,199.5,0.1
L0006389,O002551,P0154,1,222.01,0.2
L0006390,O002552,P0083,2,240.32,0.1
L0006391,O002552,P0049,3,227.43,0.15
L0006392,O002552,P0033,3,161.06,0.1
L0006393,O002553,P0136,2,46.17,0.0
L0006394,O002554,P0157,2,252.75,0.0
L0006395,O002554,P0009,1,280.24,0.0
L0006396,O002554,P0159,2,120.32,0.1
L0006397,O002555,P0061,1,15.7,0.0
L0006398,O002555,P0004,1,37.63,0.0
L0006399,O002556,P0146,1,265.53,0.05
L0006400,O002557,P0006,3,97.92,0.2
L0006401,O002557,P0033,1,178.96,0.0
L0006402,O002557,P0049,1,227.43,0.15
L0006403,O002557,P0054,3,183.99,0.2
L0006404,O002558,P0155,3,121.7,0.0
L0006405,O002558,P0099,1,322.42,0.05
L0006406,O002559,P0097,1,168.55,0.0
L0006407,O002560,P0178,2,221.82,0.0
L0006408,O002560,P0052,1,159.31,0.15
L0006409,O002560,P0099,1,305.45,0.1
L0006410,O002561,P0044,3,265.56,0.0
L0006411,O002561,P0027,2,306.58,0.0
L0006412,O002561,P0135,2,252.6,0.0
L0006413,O002562,P0129,1,121.02,0.05
L0006414,O002562,P0054,3,183.99,0.2
L0006415,O002563,P0001,3,256.68,0.0
L0006416,O002563,P0124,1,68.89,0.0
L0006417,O002564,P0078,3,300.83,0.1
L0006418,O002564,P0148,2,123.95,0.0
L0006419,O002565,P0077,2,285.49,0.05
L0006420,O002565,P0056,3,315.21,0.05
L0006421,O002565,P0049,2,267.57,0.0
L0006422,O002566,P0090,2,135.94,0.0
L0006423,O002567,P0168,1,287.81,0.0
L0006424,O002568,P0049,1,254.19,0.05
L0006425,O002568,P0164,2,260.97,0.1
L0006426,O002568,P0168,1,244.64,0.15
L0006427,O002569,P0005,2,199.77,0.0
L0006428,O002569,P0051,2,63.09,0.0
L0006429,O002569,P0130,1,37.92,0.05
L0006430,O002570,P0154,1,277.51,0.0
L0006431,O002571,P0091,1,256.7,0.2
L0006432,O002572,P0130,2,39.92,0.0
L0006433,O002572,P0004,2,33.87,0.1
L0006434,O002573,P0005,3,189.78,0.05
L0006435,O002573,P0030,1,177.24,0.0
L0006436,O002574,P0036,1,44.31,0.15
L0006437,O002575,P0156,3,298.56,0.0
L0006438,O002575,P0065,3,126.79,0.1
L0006439,O002575,P0070,2,241.83,0.0
L0006440,O002575,P0106,3,180.93,0.0
L0006441,O002576,P0173,2,168.15,0.05
L0006442,O002576,P0059,1,124.7,0.0
L0006443,O002576,P0151,2,233.95,0.0
L0006444,O002577,P0061,3,13.34,0.15
L0006445,O002577,P0148,3,123.95,0.0
L0006446,O002577,P0071,3,103.55,0.05
L0006447,O002577,P0018,1,175.15,0.0
L0006448,O002578,P0170,1,216.62,0.15
L0006449,O002579,P0178,1,177.46,0.2
L0006450,O002579,P0050,3,178.6,0.1
L0006451,O002579,P0065,1,126.79,0.1
L0006452,O002580,P0173,2,177.0,0.0
L0006453,O002580,P0039,2,278.42,0.1
L0006454,O002581,P0024,2,151.71,0.1
L0006455,O002582,P0169,2,103.57,0.0
L0006456,O002582,P0002,2,211.58,0.2
L0006457,O002583,P0046,2,307.69,0.1
L0006458,O002583,P0107,2,313.17,0.0
L0006459,O002583,P0123,2,288.69,0.0
L0006460,O002583,P0097,3,151.7,0.1
L0006461,O002584,P0063,2,148.61,0.0
L0006462,O002584,P0050,3,198.45,0.0
L0006463,O002585,P0113,3,138.3,0.0
L0006464,O002585,P0077,2,300.52,0.0
L0006465,O002585,P0045,2,292.67,0.05
L0006466,O002586,P0157,2,252.75,0.0
L0006467,O002586,P0007,3,228.72,0.1
L0006468,O002587,P0068,3,257.38,0.1
L0006469,O002587,P0019,2,73.92,0.15
L0006470,O002587,P0108,2,166.64,0.1
L0006471,O002588,P0112,1,34.86,0.0
L0006472,O002588,P0107,1,281.85,0.1
L0006473,O002588,P0003,3,257.7,0.05
L0006474,O002588,P0164,3,275.47,0.05
L0006475,O002589,P0112,3,34.86,0.0
L0006476,O002590,P0044,2,265.56,0.0
L0006477,O002591,P0154,1,277.51,0.0
L0006478,O002591,P0105,1,66.7,0.0
L0006479,O002591,P0007,2,228.72,0.1
L0006480,O002592,P0129,1,114.65,0.1
L0006481,O002592,P0015,2,61.62,0.0
L0006482,O002593,P0148,1,123.95,0.0
L0006483,O002593,P0011,1,66.22,0.15
L0006484,O002593,P0063,2,133.75,0.1
L0006485,O002594,P0150,3,305.42,0.05
L0006486,O002594,P0171,3,79.25,0.1
L0006487,O002594,P0124,1,58.56,0.15
L0006488,O002594,P0097,2,168.55,0.0
L0006489,O002595,P0066,3,240.14,0.2
L0006490,O002595,P0089,2,12.19,0.0
L0006491,O002596,P0097,3,168.55,0.0
L0006492,O002596,P0008,1,346.93,0.0
L0006493,O002597,P0078,3,334.26,0.0
L0006494,O002597,P0056,3,282.03,0.15
L0006495,O002597,P0025,3,123.87,0.1
L0006496,O002597,P0008,3,346.93,0.0
L0006497,O002598,P0122,3,305.43,0.1
L0006498,O002598,P0060,1,248.17,0.1
L0006499,O002598,P0094,2,177.96,0.15
L0006500,O002598,P0058,3,308.29,0.0
L0006501,O002599,P0024,1,143.28,0.15
L0006502,O002600,P0083,1,240.32,0.1
L0006503,O002600,P0047,1,49.26,0.1
L0006504,O002600,P0017,3,180.99,0.0
L0006505,O002601,P0125,1,91.2,0.05
L0006506,O002601,P0145,2,78.34,0.2
L0006507,O002601,P0078,1,317.55,0.05
L0006508,O002602,P0111,2,303.31,0.0
L0006509,O002602,P0021,1,71.03,0.0
L0006510,O002602,P0045,1,308.07,0.0
L0006511,O002603,P0009,1,280.24,0.0
L0006512,O002603,P0094,3,188.42,0.1
L0006513,O002603,P0041,2,74.03,0.05
L0006514,O002604,P0044,1,265.56,0.0
L0006515,O002604,P0016,3,60.22,0.0
L0006516,O002605,P0127,1,94.92,0.0
L0006517,O002606,P0120,2,193.85,0.1
L0006518,O002606,P0156,2,283.63,0.05
L0006519,O002606,P0152,1,187.58,0.0
L0006520,O002607,P0116,2,264.76,0.2
L0006521,O002607,P0159,2,120.32,0.1
L0006522,O002607,P0141,3,255.32,0.2
L0006523,O002607,P0076,3,99.18,0.0
L0006524,O002608,P0174,3,215.24,0.0
L0006525,O002608,P0124,1,68.89,0.0
L0006526,O002608,P0084,3,246.37,0.05
L0006527,O002609,P0034,1,145.38,0.2
L0006528,O002609,P0105,3,66.7,0.0
L0006529,O002609,P0097,2,143.27,0.15
L0006530,O002610,P0167,1,162.27,0.0
L0006531,O002610,P0144,3,206.16,0.0
L0006532,O002611,P0041,3,77.93,0.0
L0006533,O002611,P0005,2,179.79,0.1
L0006534,O002611,P0059,1,124.7,0.0
L0006535,O002612,P0057,2,61.86,0.0
L0006536,O002612,P0039,1,309.36,0.0
L0006537,O002612,P0164,2,260.97,0.1
L0006538,O002613,P0026,2,50.67,0.15
L0006539,O002613,P0008,1,346.93,0.0
L0006540,O002614,P0025,2,123.87,0.1
L0006541,O002614,P0093,3,18.64,0.15
L0006542,O002615,P0179,1,142.6,0.0
L0006543,O002615,P0151,2,198.86,0.15
L0006544,O002615,P0068,1,285.98,0.0
L0006545,O002616,P0110,1,229.31,0.1
L0006546,O002616,P0149,1,42.18,0.0
L0006547,O002616,P0045,2,261.86,0.15
L0006548,O002616,P0112,2,34.86,0.0
L0006549,O002617,P0100,2,83.1,0.0
L0006550,O002617,P0015,1,58.54,0.05
L0006551,O002618,P0044,1,252.28,0.05
L0006552,O002618,P0137,2,45.79,0.1
L0006553,O002618,P0052,3,168.68,0.1
L0006554,O002619,P0011,3,74.01,0.05
L0006555,O002619,P0033,2,152.12,0.15
L0006556,O002619,P0095,2,249.25,0.1
L0006557,O002620,P0159,1,120.32,0.1
L0006558,O002620,P0073,3,237.04,0.1
L0006559,O002620,P0032,3,156.15,0.0
L0006560,O002621,P0052,2,159.31,0.15
L0006561,O002621,P0064,3,321.5,0.0
L0006562,O002622,P0148,2,105.36,0.15
L0006563,O002622,P0133,1,44.12,0.0
L0006564,O002622,P0052,3,149.94,0.2
L0006565,O002622,P0172,2,44.87,0.1
L0006566,O002623,P0045,2,246.46,0.2
L0006567,O002623,P0078,3,334.26,0.0
L0006568,O002624,P0069,2,60.37,0.0
L0006569,O002624,P0002,2,264.47,0.0
L0006570,O002624,P0119,1,197.73,0.2
L0006571,O002624,P0162,1,18.3,0.1
L0006572,O002625,P0137,1,45.79,0.1
L0006573,O002625,P0149,2,42.18,0.0
L0006574,O002625,P0086,3,15.03,0.0
L0006575,O002626,P0088,2,62.88,0.0
L0006576,O002626,P0054,3,229.99,0.0
L0006577,O002626,P0143,3,239.62,0.0
L0006578,O002626,P0154,1,277.51,0.0
L0006579,O002627,P0114,3,292.03,0.05
L0006580,O002627,P0069,3,60.37,0.0
L0006581,O002627,P0029,1,214.86,0.05
L0006582,O002627,P0020,3,43.31,0.05
L0006583,O002628,P0062,3,167.61,0.0
L0006584,O002628,P0141,2,319.15,0.0
L0006585,O002628,P0159,2,113.64,0.15
L0006586,O002628,P0180,2,44.39,0.15
L0006587,O002629,P0068,1,285.98,0.0
L0006588,O002629,P0149,2,40.07,0.05
L0006589,O002630,P0125,2,86.4,0.1
L0006590,O002630,P0105,3,60.03,0.1
L0006591,O002630,P0001,3,218.18,0.15
L0006592,O002630,P0152,1,168.82,0.1
L0006593,O002631,P0159,2,133.69,0.0
L0006594,O002632,P0115,2,130.21,0.2
L0006595,O002632,P0113,1,138.3,0.0
L0006596,O002632,P0059,3,118.47,0.05
L0006597,O002632,P0171,3,88.06,0.0
L0006598,O002633,P0117,1,244.09,0.0
L0006599,O002633,P0158,3,73.76,0.0
L0006600,O002633,P0072,2,81.24,0.2
L0006601,O002633,P0009,1,280.24,0.0
L0006602,O002634,P0126,3,288.27,0.05
L0006603,O002635,P0002,2,264.47,0.0
L0006604,O002635,P0012,1,53.85,0.15
L0006605,O002635,P0077,1,255.44,0.15
L0006606,O002635,P0035,2,127.08,0.0
L0006607,O002636,P0132,3,62.67,0.0
L0006608,O002636,P0071,3,98.1,0.1
L0006609,O002636,P0056,1,265.44,0.2
L0006610,O002637,P0051,3,63.09,0.0
L0006611,O002637,P0046,3,307.69,0.1
L0006612,O002638,P0090,1,135.94,0.0
L0006613,O002639,P0032,1,148.34,0.05
L0006614,O002639,P0114,1,276.66,0.1
L0006615,O002639,P0040,1,248.71,0.0
L0006616,O002640,P0026,2,59.61,0.0
L0006617,O002640,P0030,1,159.52,0.1
L0006618,O002640,P0131,1,12.56,0.1
L0006619,O002640,P0096,1,265.22,0.0
L0006620,O002641,P0180,3,52.22,0.0
L0006621,O002642,P0071,1,109.0,0.0
L0006622,O002642,P0123,2,259.82,0.1
L0006623,O002643,P0040,2,223.84,0.1
L0006624,O002643,P0171,3,74.85,0.15
L0006625,O002643,P0047,2,49.26,0.1
L0006626,O002643,P0038,2,197.26,0.0
L0006627,O002644,P0087,1,97.26,0.0
L0006628,O002644,P0136,1,41.55,0.1
L0006629,O002644,P0074,3,182.57,0.0
L0006630,O002645,P0041,3,74.03,0.05
L0006631,O002646,P0065,1,126.79,0.1
L0006632,O002646,P0013,3,36.47,0.05
L0006633,O002646,P0146,3,251.56,0.1
L0006634,O002646,P0042,1,102.28,0.05
L0006635,O002647,P0099,3,339.39,0.0
L0006636,O002648,P0073,2,237.04,0.1
L0006637,O002648,P0102,3,165.08,0.1
L0006638,O002648,P0124,1,68.89,0.0
L0006639,O002649,P0081,1,23.54,0.0
L0006640,O002649,P0060,3,220.59,0.2
L0006641,O002649,P0042,2,96.89,0.1
L0006642,O002649,P0079,1,145.32,0.0
L0006643,O002650,P0006,1,122.4,0.0
L0006644,O002650,P0064,2,289.35,0.1
L0006645,O002650,P0001,1,205.34,0.2
L0006646,O002650,P0005,3,199.77,0.0
L0006647,O002651,P0122,1,322.4,0.05
L0006648,O002652,P0081,1,23.54,0.0
L0006649,O002652,P0067,1,177.25,0.0
L0006650,O002653,P0113,2,138.3,0.0
L0006651,O002653,P0155,3,109.53,0.1
L0006652,O002654,P0049,3,227.43,0.15
L0006653,O002654,P0091,2,256.7,0.2
L0006654,O002654,P0089,3,10.97,0.1
L0006655,O002655,P0039,3,309.36,0.0
L0006656,O002655,P0117,3,219.68,0.1
L0006657,O002656,P0066,1,240.14,0.2
L0006658,O002656,P0046,3,341.88,0.0
L0006659,O002657,P0074,3,182.57,0.0
L0006660,O002657,P0032,3,156.15,0.0
L0006661,O002658,P0104,1,25.33,0.0
L0006662,O002658,P0049,1,227.43,0.15
L0006663,O002658,P0079,2,123.52,0.15
L0006664,O002658,P0020,2,45.59,0.0
L0006665,O002659,P0017,2,171.94,0.05
L0006666,O002659,P0048,3,48.25,0.1
L0006667,O002659,P0022,2,145.84,0.0
L0006668,O002660,P0021,1,56.82,0.2
L0006669,O002660,P0174,1,215.24,0.0
L0006670,O002661,P0027,2,306.58,0.0
L0006671,O002661,P0092,3,308.09,0.0
L0006672,O002661,P0012,3,63.35,0.0
L0006673,O002662,P0180,1,49.61,0.05
L0006674,O002662,P0113,2,117.56,0.15
L0006675,O002663,P0094,3,209.36,0.0
L0006676,O002663,P0070,1,229.74,0.05
L0006677,O002664,P0120,3,215.39,0.0
L0006678,O002664,P0031,3,244.99,0.1
L0006679,O002664,P0099,1,339.39,0.0
L0006680,O002665,P0055,2,14.16,0.0
L0006681,O002666,P0047,3,46.52,0.15
L0006682,O002667,P0059,3,106.0,0.15
L0006683,O002667,P0055,1,12.04,0.15
L0006684,O002667,P0063,2,126.32,0.15
L0006685,O002667,P0043,2,236.89,0.05
L0006686,O002668,P0155,2,121.7,0.0
L0006687,O002668,P0069,1,60.37,0.0
L0006688,O002668,P0177,3,250.75,0.15
L0006689,O002668,P0098,1,80.03,0.0
L0006690,O002669,P0159,3,133.69,0.0
L0006691,O002670,P0054,1,229.99,0.0
L0006692,O002670,P0089,1,10.97,0.1
L0006693,O002670,P0154,3,277.51,0.0
L0006694,O002671,P0051,2,63.09,0.0
L0006695,O002671,P0152,3,168.82,0.1
L0006696,O002671,P0105,3,66.7,0.0
L0006697,O002671,P0169,2,103.57,0.0
L0006698,O002672,P0024,1,168.57,0.0
L0006699,O002672,P0145,1,93.02,0.05
L0006700,O002672,P0067,1,177.25,0.0
L0006701,O002672,P0157,2,252.75,0.0
L0006702,O002673,P0094,2,188.42,0.1
L0006703,O002674,P0108,3,166.64,0.1
L0006704,O002674,P0100,1,74.79,0.1
L0006705,O002675,P0143,1,239.62,0.0
L0006706,O002675,P0092,1,292.69,0.05
L0006707,O002675,P0011,3,77.91,0.0
L0006708,O002675,P0149,1,42.18,0.0
L0006709,O002676,P0070,2,217.65,0.1
L0006710,O002677,P0068,1,228.78,0.2
L0006711,O002677,P0032,2,132.73,0.15
L0006712,O002678,P0047,1,46.52,0.15
L0006713,O002678,P0069,3,54.33,0.1
L0006714,O002679,P0112,3,31.37,0.1
L0006715,O002679,P0064,3,289.35,0.1
L0006716,O002680,P0086,1,15.03,0.0
L0006717,O002680,P0168,3,287.81,0.0
L0006718,O002680,P0116,2,330.95,0.0
L0006719,O002680,P0007,1,254.13,0.0
L0006720,O002681,P0175,2,51.78,0.15
L0006721,O002682,P0020,1,45.59,0.0
L0006722,O002682,P0163,2,187.12,0.2
L0006723,O002683,P0104,3,25.33,0.0
L0006724,O002683,P0076,2,99.18,0.0
L0006725,O002683,P0037,2,117.7,0.1
L0006726,O002684,P0007,1,203.3,0.2
L0006727,O002684,P0065,3,140.88,0.0
L0006728,O002684,P0119,2,234.8,0.05
L0006729,O002684,P0019,1,78.27,0.1
L0006730,O002685,P0169,1,103.57,0.0
L0006731,O002685,P0083,1,240.32,0.1
L0006732,O002685,P0039,1,293.89,0.05
L0006733,O002686,P0166,3,198.82,0.0
L0006734,O002687,P0088,1,56.59,0.1
L0006735,O002687,P0021,2,71.03,0.0
L0006736,O002687,P0156,1,268.7,0.1
L0006737,O002687,P0147,3,16.1,0.0
L0006738,O002688,P0020,3,45.59,0.0
L0006739,O002688,P0086,2,15.03,0.0
L0006740,O002689,P0129,2,127.39,0.0
L0006741,O002690,P0164,3,231.98,0.2
L0006742,O002691,P0112,3,34.86,0.0
L0006743,O002691,P0038,1,177.53,0.1
L0006744,O002691,P0115,3,138.35,0.15
L0006745,O002692,P0008,3,346.93,0.0
L0006746,O002692,P0031,1,217.77,0.2
L0006747,O002693,P0162,1,18.3,0.1
L0006748,O002693,P0175,1,60.92,0.0
L0006749,O002693,P0152,3,187.58,0.0
L0006750,O002694,P0087,2,97.26,0.0
L0006751,O002695,P0105,2,66.7,0.0
L0006752,O002695,P0029,3,214.86,0.05
L0006753,O002695,P0028,3,162.51,0.0
L0006754,O002696,P0128,3,282.75,0.0
L0006755,O002696,P0127,2,94.92,0.0
L0006756,O002696,P0052,2,187.42,0.0
L0006757,O002696,P0180,2,47.0,0.1
L0006758,O002697,P0049,3,267.57,0.0
L0006759,O002697,P0151,1,233.95,0.0
L0006760,O002697,P0073,2,210.7,0.2
L0006761,O002697,P0116,3,330.95,0.0
L0006762,O002698,P0167,2,162.27,0.0
L0006763,O002698,P0056,1,298.62,0.1
L0006764,O002698,P0007,1,203.3,0.2
L0006765,O002699,P0167,1,162.27,0.0
L0006766,O002699,P0166,3,198.82,0.0
L0006767,O002700,P0025,3,137.63,0.0
L0006768,O002701,P0087,1,82.67,0.15
L0006769,O002702,P0147,1,14.49,0.1
L0006770,O002703,P0106,1,162.84,0.1
L0006771,O002704,P0067,3,177.25,0.0
L0006772,O002704,P0021,1,56.82,0.2
L0006773,O002705,P0152,1,187.58,0.0
L0006774,O002706,P0002,2,264.47,0.0
L0006775,O002706,P0041,3,77.93,0.0
L0006776,O002707,P0022,1,145.84,0.0
L0006777,O002707,P0151,1,233.95,0.0
L0006778,O002707,P0141,2,271.28,0.15
L0006779,O002707,P0117,3,219.68,0.1
L0006780,O002708,P0087,2,97.26,0.0
L0006781,O002709,P0117,3,219.68,0.1
L0006782,O002709,P0081,2,23.54,0.0
L0006783,O002709,P0055,3,14.16,0.0
L0006784,O002710,P0108,2,185.15,0.0
L0006785,O002710,P0164,2,260.97,0.1
L0006786,O002710,P0025,3,137.63,0.0
L0006787,O002711,P0077,2,285.49,0.05
L0006788,O002711,P0134,3,45.14,0.0
L0006789,O002712,P0058,1,246.63,0.2
L0006790,O002713,P0041,3,77.93,0.0
L0006791,O002714,P0162,1,18.3,0.1
L0006792,O002714,P0086,1,15.03,0.0
L0006793,O002715,P0001,1,256.68,0.0
L0006794,O002715,P0033,2,161.06,0.1
L0006795,O002715,P0151,2,210.56,0.1
L0006796,O002715,P0162,3,20.33,0.0
L0006797,O002716,P0122,2,305.43,0.1
L0006798,O002716,P0120,1,204.62,0.05
L0006799,O002716,P0123,1,288.69,0.0
L0006800,O002716,P0151,3,187.16,0.2
L0006801,O002717,P0015,3,58.54,0.05
L0006802,O002717,P0175,1,60.92,0.0
L0006803,O002718,P0141,3,319.15,0.0
L0006804,O002719,P0009,1,280.24,0.0
L0006805,O002719,P0097,3,168.55,0.0
L0006806,O002720,P0148,3,123.95,0.0
L0006807,O002720,P0108,2,185.15,0.0
L0006808,O002720,P0138,2,87.16,0.05
L0006809,O002721,P0171,1,79.25,0.1
L0006810,O002722,P0087,2,87.53,0.1
L0006811,O002722,P0016,2,57.21,0.05
L0006812,O002722,P0150,2,305.42,0.05
L0006813,O002722,P0088,1,62.88,0.0
L0006814,O002723,P0147,2,16.1,0.0
L0006815,O002723,P0170,3,254.85,0.0
L0006816,O002724,P0180,2,52.22,0.0
L0006817,O002724,P0129,2,121.02,0.05
L0006818,O002724,P0019,2,78.27,0.1
L0006819,O002724,P0073,1,237.04,0.1
L0006820,O002725,P0166,1,188.88,0.05
L0006821,O002725,P0176,2,212.39,0.05
L0006822,O002725,P0138,1,73.4,0.2
L0006823,O002726,P0087,2,87.53,0.1
L0006824,O002726,P0007,1,254.13,0.0
L0006825,O002726,P0072,1,86.32,0.15
L0006826,O002727,P0180,2,52.22,0.0
L0006827,O002727,P0091,1,256.7,0.2
L0006828,O002727,P0148,1,123.95,0.0
L0006829,O002727,P0072,1,91.39,0.1
L0006830,O002728,P0070,3,241.83,0.0
L0006831,O002728,P0139,1,270.28,0.05
L0006832,O002728,P0115,1,154.62,0.05
L0006833,O002729,P0104,1,25.33,0.0
L0006834,O002729,P0167,3,162.27,0.0
L0006835,O002729,P0132,3,59.54,0.05
L0006836,O002729,P0137,1,45.79,0.1
L0006837,O002730,P0068,1,285.98,0.0
L0006838,O002730,P0067,2,177.25,0.0
L0006839,O002731,P0140,1,154.35,0.0
L0006840,O002731,P0050,2,198.45,0.0
L0006841,O002732,P0022,2,123.96,0.15
L0006842,O002732,P0015,3,55.46,0.1
L0006843,O002732,P0121,2,199.5,0.1
L0006844,O002732,P0071,3,92.65,0.15
L0006845,O002733,P0034,2,181.72,0.0
L0006846,O002733,P0020,2,38.75,0.15
L0006847,O002733,P0091,2,320.88,0.0
L0006848,O002734,P0156,1,298.56,0.0
L0006849,O002734,P0168,3,287.81,0.0
L0006850,O002735,P0123,1,288.69,0.0
L0006851,O002735,P0163,2,210.51,0.1
L0006852,O002735,P0086,3,13.53,0.1
L0006853,O002736,P0009,3,252.22,0.1
L0006854,O002736,P0059,2,124.7,0.0
L0006855,O002737,P0040,2,211.4,0.15
L0006856,O002737,P0087,2,77.81,0.2
L0006857,O002737,P0078,3,334.26,0.0
L0006858,O002737,P0034,1,181.72,0.0
L0006859,O002738,P0091,3,288.79,0.1
L0006860,O002739,P0022,1,138.55,0.05
L0006861,O002739,P0079,1,130.79,0.1
L0006862,O002739,P0144,2,206.16,0.0
L0006863,O002740,P0089,3,12.19,0.0
L0006864,O002741,P0114,3,307.4,0.0
L0006865,O002741,P0069,2,54.33,0.1
L0006866,O002742,P0067,2,177.25,0.0
L0006867,O002743,P0173,3,177.0,0.0
L0006868,O002743,P0164,2,246.47,0.15
L0006869,O002744,P0001,2,231.01,0.1
L0006870,O002744,P0150,2,321.49,0.0
L0006871,O002745,P0053,3,255.69,0.0
L0006872,O002746,P0088,1,56.59,0.1
L0006873,O002746,P0090,1,122.35,0.1
L0006874,O002746,P0025,2,123.87,0.1
L0006875,O002746,P0034,3,163.55,0.1
L0006876,O002747,P0077,3,240.42,0.2
L0006877,O002748,P0125,1,96.0,0.0
L0006878,O002749,P0060,1,275.74,0.0
L0006879,O002749,P0028,2,154.38,0.05
L0006880,O002749,P0111,2,303.31,0.0
L0006881,O002750,P0080,1,192.29,0.05
L0006882,O002750,P0173,2,177.0,0.0
L0006883,O002750,P0010,3,93.03,0.1
L0006884,O002750,P0177,3,295.0,0.0
L0006885,O002751,P0026,3,59.61,0.0
L0006886,O002751,P0106,1,162.84,0.1
L0006887,O002751,P0078,3,334.26,0.0
L0006888,O002751,P0031,1,258.6,0.05
L0006889,O002752,P0079,2,145.32,0.0
L0006890,O002752,P0110,2,254.79,0.0
L0006891,O002753,P0142,1,76.94,0.0
L0006892,O002753,P0104,3,20.26,0.2
L0006893,O002753,P0007,1,254.13,0.0
L0006894,O002753,P0113,2,138.3,0.0
L0006895,O002754,P0005,3,199.77,0.0
L0006896,O002754,P0063,1,148.61,0.0
L0006897,O002755,P0177,3,295.0,0.0
L0006898,O002755,P0074,1,182.57,0.0
L0006899,O002755,P0076,2,99.18,0.0
L0006900,O002755,P0141,1,319.15,0.0
L0006901,O002756,P0057,1,61.86,0.0
L0006902,O002756,P0125,2,91.2,0.05
L0006903,O002756,P0058,1,292.88,0.05
L0006904,O002756,P0104,3,25.33,0.0
L0006905,O002757,P0137,2,45.79,0.1
L0006906,O002757,P0018,1,166.39,0.05
L0006907,O002757,P0056,1,298.62,0.1
L0006908,O002757,P0078,2,334.26,0.0
L0006909,O002758,P0129,1,127.39,0.0
L0006910,O002758,P0012,2,63.35,0.0
L0006911,O002759,P0150,3,273.27,0.15
L0006912,O002759,P0001,1,243.85,0.05
L0006913,O002760,P0089,2,10.97,0.1
L0006914,O002760,P0133,2,39.71,0.1
L0006915,O002760,P0039,1,293.89,0.05
L0006916,O002760,P0085,2,280.68,0.1
L0006917,O002761,P0084,2,246.37,0.05
L0006918,O002762,P0079,2,123.52,0.15
L0006919,O002762,P0117,2,244.09,0.0
L0006920,O002762,P0002,3,264.47,0.0
L0006921,O002762,P0121,3,221.67,0.0
L0006922,O002763,P0030,2,159.52,0.1
L0006923,O002763,P0147,1,16.1,0.0
L0006924,O002764,P0108,3,185.15,0.0
L0006925,O002764,P0047,2,49.26,0.1
L0006926,O002764,P0172,2,44.87,0.1
L0006927,O002764,P0175,1,60.92,0.0
L0006928,O002765,P0060,3,275.74,0.0
L0006929,O002765,P0019,1,78.27,0.1
L0006930,O002765,P0095,3,276.95,0.0
L0006931,O002765,P0139,3,256.06,0.1
L0006932,O002766,P0167,2,129.82,0.2
L0006933,O002766,P0051,1,63.09,0.0
L0006934,O002766,P0139,2,284.51,0.0
L0006935,O002767,P0088,1,62.88,0.0
L0006936,O002767,P0004,3,35.75,0.05
L0006937,O002768,P0157,1,252.75,0.0
L0006938,O002768,P0085,1,311.87,0.0
L0006939,O002768,P0162,3,20.33,0.0
L0006940,O002768,P0140,2,123.48,0.2
L0006941,O002769,P0121,2,188.42,0.15
L0006942,O002770,P0117,1,244.09,0.0
L0006943,O002770,P0114,3,276.66,0.1
L0006944,O002771,P0082,3,92.41,0.0
L0006945,O002772,P0058,3,308.29,0.0
L0006946,O002772,P0131,3,13.96,0.0
L0006947,O002772,P0144,2,206.16,0.0
L0006948,O002772,P0087,3,87.53,0.1
L0006949,O002773,P0106,2,153.79,0.15
L0006950,O002773,P0110,3,242.05,0.05
L0006951,O002773,P0145,2,97.92,0.0
L0006952,O002773,P0103,2,101.73,0.0
L0006953,O002774,P0163,1,222.2,0.05
L0006954,O002775,P0175,2,60.92,0.0
L0006955,O002775,P0066,1,285.17,0.05
L0006956,O002775,P0070,3,241.83,0.0
L0006957,O002776,P0040,1,211.4,0.15
L0006958,O002776,P0036,2,52.13,0.0
L0006959,O002777,P0115,3,162.76,0.0
L0006960,O002778,P0126,2,257.92,0.15
L0006961,O002778,P0066,3,255.15,0.15
L0006962,O002779,P0172,3,42.38,0.15
L0006963,O002779,P0056,3,331.8,0.0
L0006964,O002780,P0053,1,217.34,0.15
L0006965,O002780,P0103,2,86.47,0.15
L0006966,O002780,P0071,1,109.0,0.0
L0006967,O002781,P0159,1,133.69,0.0
L0006968,O002782,P0010,2,87.86,0.15
L0006969,O002782,P0169,3,93.21,0.1
L0006970,O002782,P0053,3,230.12,0.1
L0006971,O002783,P0032,2,140.53,0.1
L0006972,O002783,P0118,1,218.87,0.0
L0006973,O002783,P0069,1,51.31,0.15
L0006974,O002783,P0121,3,221.67,0.0
L0006975,O002784,P0162,3,20.33,0.0
L0006976,O002785,P0006,2,97.92,0.2
L0006977,O002786,P0042,2,107.66,0.0
L0006978,O002786,P0161,3,43.94,0.2
L0006979,O002786,P0021,3,63.93,0.1
L0006980,O002787,P0016,3,60.22,0.0
L0006981,O002787,P0052,2,178.05,0.05
L0006982,O002787,P0010,2,103.37,0.0
L0006983,O002787,P0141,3,303.19,0.05
L0006984,O002788,P0028,2,146.26,0.1
L0006985,O002788,P0143,1,239.62,0.0
L0006986,O002788,P0061,2,15.7,0.0
L0006987,O002788,P0011,1,77.91,0.0
L0006988,O002789,P0148,1,111.56,0.1
L0006989,O002790,P0144,2,206.16,0.0
L0006990,O002790,P0070,1,217.65,0.1
L0006991,O002791,P0150,2,321.49,0.0
L0006992,O002791,P0082,3,87.79,0.05
L0006993,O002792,P0169,2,93.21,0.1
L0006994,O002792,P0040,1,248.71,0.0
L0006995,O002792,P0062,3,150.85,0.1
L0006996,O002793,P0155,1,121.7,0.0
L0006997,O002794,P0130,2,35.93,0.1
L0006998,O002795,P0092,1,308.09,0.0
L0006999,O002795,P0152,3,159.44,0.15
L0007000,O002795,P0155,3,121.7,0.0
L0007001,O002795,P0020,3,45.59,0.0
L0007002,O002796,P0173,2,177.0,0.0
L0007003,O002796,P0153,1,130.06,0.05
L0007004,O002796,P0039,1,293.89,0.05
L0007005,O002796,P0015,3,52.38,0.15
L0007006,O002797,P0019,3,78.27,0.1
L0007007,O002797,P0002,1,238.02,0.1
L0007008,O002798,P0123,2,288.69,0.0
L0007009,O002798,P0160,3,156.8,0.0
L0007010,O002799,P0147,1,16.1,0.0
L0007011,O002799,P0042,2,86.13,0.2
L0007012,O002799,P0097,3,168.55,0.0
L0007013,O002799,P0026,2,47.69,0.2
L0007014,O002800,P0051,3,56.78,0.1
L0007015,O002801,P0016,1,51.19,0.15
L0007016,O002801,P0172,3,49.86,0.0
L0007017,O002802,P0131,1,13.96,0.0
L0007018,O002803,P0142,1,76.94,0.0
L0007019,O002803,P0035,2,127.08,0.0
L0007020,O002804,P0072,3,101.55,0.0
L0007021,O002804,P0035,3,127.08,0.0
L0007022,O002805,P0097,2,151.7,0.1
L0007023,O002805,P0150,2,321.49,0.0
L0007024,O002805,P0086,2,15.03,0.0
L0007025,O002806,P0103,2,81.38,0.2
L0007026,O002806,P0029,2,226.17,0.0
L0007027,O002806,P0097,1,143.27,0.15
L0007028,O002807,P0172,1,49.86,0.0
L0007029,O002807,P0153,3,123.22,0.1
L0007030,O002808,P0131,3,13.96,0.0
L0007031,O002809,P0054,1,195.49,0.15
L0007032,O002809,P0052,1,187.42,0.0
L0007033,O002809,P0168,1,259.03,0.1
L0007034,O002810,P0068,3,285.98,0.0
L0007035,O002810,P0093,3,21.93,0.0
L0007036,O002810,P0073,2,237.04,0.1
L0007037,O002810,P0058,3,308.29,0.0
L0007038,O002811,P0035,3,127.08,0.0
L0007039,O002811,P0129,2,127.39,0.0
L0007040,O002811,P0167,2,162.27,0.0
L0007041,O002811,P0087,1,97.26,0.0
L0007042,O002812,P0095,1,263.1,0.05
L0007043,O002813,P0002,3,224.8,0.15
L0007044,O002814,P0066,2,300.18,0.0
L0007045,O002814,P0169,3,103.57,0.0
L0007046,O002814,P0168,3,244.64,0.15
L0007047,O002815,P0055,2,14.16,0.0
L0007048,O002816,P0070,3,217.65,0.1
L0007049,O002816,P0090,1,122.35,0.1
L0007050,O002816,P0144,2,185.54,0.1
L0007051,O002816,P0153,2,136.91,0.0
L0007052,O002817,P0059,2,124.7,0.0
L0007053,O002817,P0094,1,167.49,0.2
L0007054,O002817,P0137,3,45.79,0.1
L0007055,O002817,P0132,3,62.67,0.0
L0007056,O002818,P0127,1,94.92,0.0
L0007057,O002818,P0119,1,247.16,0.0
L0007058,O002818,P0009,3,280.24,0.0
L0007059,O002819,P0171,3,74.85,0.15
L0007060,O002819,P0112,3,34.86,0.0
L0007061,O002820,P0028,2,162.51,0.0
L0007062,O002820,P0088,2,62.88,0.0
L0007063,O002821,P0109,3,297.26,0.0
L0007064,O002821,P0180,3,47.0,0.1
L0007065,O002821,P0073,2,263.38,0.0
L0007066,O002821,P0126,1,273.1,0.1
L0007067,O002822,P0176,1,212.39,0.05
L0007068,O002822,P0086,1,15.03,0.0
L0007069,O002822,P0055,2,12.74,0.1
L0007070,O002823,P0068,3,285.98,0.0
L0007071,O002823,P0049,1,267.57,0.0
L0007072,O002824,P0037,2,130.78,0.0
L0007073,O002824,P0005,3,199.77,0.0
L0007074,O002825,P0122,3,339.37,0.0
L0007075,O002825,P0108,2,185.15,0.0
L0007076,O002825,P0163,2,210.51,0.1
L0007077,O002826,P0137,1,50.88,0.0
L0007078,O002827,P0004,2,33.87,0.1
L0007079,O002827,P0073,1,237.04,0.1
L0007080,O002827,P0165,2,128.66,0.0
L0007081,O002827,P0086,1,15.03,0.0
L0007082,O002828,P0157,1,240.11,0.05
L0007083,O002829,P0148,1,111.56,0.1
L0007084,O002829,P0170,1,254.85,0.0
L0007085,O002830,P0065,2,133.84,0.05
L0007086,O002830,P0177,2,295.0,0.0
L0007087,O002830,P0058,2,262.05,0.15
L0007088,O002831,P0105,3,66.7,0.0
L0007089,O002831,P0067,2,177.25,0.0
L0007090,O002831,P0015,1,61.62,0.0
L0007091,O002832,P0075,2,72.2,0.15
L0007092,O002832,P0097,2,168.55,0.0
L0007093,O002832,P0071,1,87.2,0.2
L0007094,O002832,P0151,3,187.16,0.2
L0007095,O002833,P0095,3,249.25,0.1
L0007096,O002834,P0007,2,228.72,0.1
L0007097,O002834,P0024,2,168.57,0.0
L0007098,O002834,P0053,2,255.69,0.0
L0007099,O002835,P0148,2,123.95,0.0
L0007100,O002836,P0074,2,173.44,0.05
L0007101,O002836,P0135,3,214.71,0.15
L0007102,O002836,P0045,3,308.07,0.0
L0007103,O002837,P0156,3,298.56,0.0
L0007104,O002837,P0080,1,161.93,0.2
L0007105,O002837,P0004,3,37.63,0.0
L0007106,O002837,P0018,3,175.15,0.0
L0007107,O002838,P0042,2,107.66,0.0
L0007108,O002839,P0010,2,87.86,0.15
L0007109,O002839,P0125,1,96.0,0.0
L0007110,O002840,P0006,1,122.4,0.0
L0007111,O002840,P0152,3,187.58,0.0
L0007112,O002840,P0051,1,59.94,0.05
L0007113,O002841,P0115,1,130.21,0.2
L0007114,O002841,P0047,3,49.26,0.1
L0007115,O002842,P0092,3,308.09,0.0
L0007116,O002843,P0108,2,175.89,0.05
L0007117,O002844,P0166,3,198.82,0.0
L0007118,O002844,P0024,1,168.57,0.0
L0007119,O002844,P0133,3,35.3,0.2
L0007120,O002845,P0154,3,249.76,0.1
L0007121,O002846,P0051,2,56.78,0.1
L0007122,O002847,P0047,2,46.52,0.15
L0007123,O002847,P0143,1,239.62,0.0
L0007124,O002848,P0059,3,118.47,0.05
L0007125,O002848,P0019,1,86.97,0.0
L0007126,O002848,P0127,3,90.17,0.05
L0007127,O002849,P0074,2,182.57,0.0
L0007128,O002850,P0124,1,68.89,0.0
L0007129,O002850,P0041,2,66.24,0.15
L0007130,O002851,P0157,1,252.75,0.0
L0007131,O002851,P0061,3,15.7,0.0
L0007132,O002851,P0113,3,124.47,0.1
L0007133,O002852,P0050,1,178.6,0.1
L0007134,O002852,P0129,1,127.39,0.0
L0007135,O002853,P0053,2,230.12,0.1
L0007136,O002853,P0132,3,62.67,0.0
L0007137,O002853,P0052,1,178.05,0.05
L0007138,O002854,P0075,1,84.94,0.0
L0007139,O002854,P0114,2,276.66,0.1
L0007140,O002855,P0063,1,148.61,0.0
L0007141,O002855,P0103,2,101.73,0.0
L0007142,O002855,P0175,3,51.78,0.15
L0007143,O002855,P0099,3,305.45,0.1
L0007144,O002856,P0179,1,128.34,0.1
L0007145,O002857,P0108,1,175.89,0.05
L0007146,O002858,P0045,1,292.67,0.05
L0007147,O002858,P0125,3,81.6,0.15
L0007148,O002858,P0128,2,282.75,0.0
L0007149,O002859,P0162,3,20.33,0.0
L0007150,O002859,P0055,3,14.16,0.0
L0007151,O002860,P0157,2,252.75,0.0
L0007152,O002860,P0013,2,38.39,0.0
L0007153,O002861,P0164,2,231.98,0.2
L0007154,O002862,P0177,3,265.5,0.1
L0007155,O002862,P0129,3,127.39,0.0
L0007156,O002862,P0084,3,207.47,0.2
L0007157,O002863,P0163,1,233.9,0.0
L0007158,O002863,P0123,2,288.69,0.0
L0007159,O002863,P0151,2,233.95,0.0
L0007160,O002864,P0127,3,94.92,0.0
L0007161,O002864,P0045,2,277.26,0.1
L0007162,O002864,P0161,2,54.92,0.0
L0007163,O002865,P0011,3,66.22,0.15
L0007164,O002865,P0061,2,15.7,0.0
L0007165,O002865,P0159,2,106.95,0.2
L0007166,O002865,P0013,1,38.39,0.0
L0007167,O002866,P0088,2,56.59,0.1
L0007168,O002866,P0082,2,87.79,0.05
L0007169,O002867,P0085,2,280.68,0.1
L0007170,O002868,P0138,2,82.58,0.1
L0007171,O002868,P0116,1,314.4,0.05
L0007172,O002868,P0049,2,240.81,0.1
L0007173,O002869,P0023,2,133.79,0.15
L0007174,O002869,P0088,1,53.45,0.15
L0007175,O002870,P0052,2,187.42,0.0
L0007176,O002871,P0178,1,221.82,0.0
L0007177,O002871,P0028,3,154.38,0.05
L0007178,O002872,P0151,3,233.95,0.0
L0007179,O002872,P0150,1,321.49,0.0
L0007180,O002872,P0162,2,18.3,0.1
L0007181,O002872,P0101,3,349.83,0.0
L0007182,O002873,P0117,3,219.68,0.1
L0007183,O002873,P0049,1,267.57,0.0
L0007184,O002873,P0074,3,182.57,0.0
L0007185,O002874,P0148,1,123.95,0.0
L0007186,O002874,P0023,2,149.53,0.05
L0007187,O002874,P0081,2,22.36,0.05
L0007188,O002875,P0162,2,18.3,0.1
L0007189,O002876,P0005,3,169.8,0.15
L0007190,O002876,P0010,1,87.86,0.15
L0007191,O002876,P0031,3,272.21,0.0
L0007192,O002876,P0056,3,331.8,0.0
L0007193,O002877,P0163,3,233.9,0.0
L0007194,O002877,P0053,3,230.12,0.1
L0007195,O002878,P0017,3,162.89,0.1
L0007196,O002878,P0158,2,73.76,0.0
L0007197,O002878,P0049,3,240.81,0.1
L0007198,O002879,P0168,2,287.81,0.0
L0007199,O002879,P0082,2,87.79,0.05
L0007200,O002879,P0162,3,20.33,0.0
L0007201,O002880,P0125,1,96.0,0.0
L0007202,O002880,P0077,2,300.52,0.0
L0007203,O002880,P0024,1,168.57,0.0
L0007204,O002880,P0122,3,339.37,0.0
L0007205,O002881,P0169,2,103.57,0.0
L0007206,O002882,P0162,3,20.33,0.0
L0007207,O002882,P0028,1,162.51,0.0
L0007208,O002882,P0172,1,44.87,0.1
L0007209,O002883,P0122,1,339.37,0.0
L0007210,O002883,P0148,3,105.36,0.15
L0007211,O002884,P0179,2,142.6,0.0
L0007212,O002884,P0114,3,307.4,0.0
L0007213,O002884,P0162,3,18.3,0.1
L0007214,O002885,P0144,3,164.93,0.2
L0007215,O002885,P0047,3,43.78,0.2
L0007216,O002886,P0136,1,46.17,0.0
L0007217,O002887,P0102,3,174.25,0.05
L0007218,O002887,P0047,2,49.26,0.1
L0007219,O002887,P0166,3,198.82,0.0
L0007220,O002888,P0073,1,263.38,0.0
L0007221,O002888,P0164,2,260.97,0.1
L0007222,O002888,P0032,3,132.73,0.15
L0007223,O002889,P0060,2,248.17,0.1
L0007224,O002889,P0072,2,101.55,0.0
L0007225,O002890,P0040,1,248.71,0.0
L0007226,O002891,P0109,2,282.4,0.05
L0007227,O002892,P0174,3,193.72,0.1
L0007228,O002893,P0080,3,182.17,0.1
L0007229,O002893,P0112,1,34.86,0.0
L0007230,O002893,P0113,3,131.38,0.05
L0007231,O002894,P0025,3,130.75,0.05
L0007232,O002894,P0029,2,214.86,0.05
L0007233,O002894,P0152,1,178.2,0.05
L0007234,O002894,P0081,2,21.19,0.1
L0007235,O002895,P0023,1,157.4,0.0
L0007236,O002895,P0020,2,45.59,0.0
L0007237,O002896,P0140,2,154.35,0.0
L0007238,O002896,P0032,1,140.53,0.1
L0007239,O002896,P0144,1,206.16,0.0
L0007240,O002896,P0175,3,60.92,0.0
L0007241,O002897,P0026,1,59.61,0.0
L0007242,O002897,P0020,3,36.47,0.2
L0007243,O002898,P0109,2,297.26,0.0
L0007244,O002898,P0119,3,247.16,0.0
L0007245,O002898,P0025,2,130.75,0.05
L0007246,O002898,P0100,3,78.94,0.05
L0007247,O002899,P0052,1,187.42,0.0
L0007248,O002900,P0157,1,252.75,0.0
L0007249,O002901,P0036,2,52.13,0.0
L0007250,O002902,P0086,3,15.03,0.0
L0007251,O002902,P0130,2,39.92,0.0
L0007252,O002902,P0166,1,198.82,0.0
L0007253,O002903,P0113,2,138.3,0.0
L0007254,O002903,P0124,3,62.0,0.1
L0007255,O002903,P0059,3,112.23,0.1
L0007256,O002903,P0086,1,15.03,0.0
L0007257,O002904,P0075,3,72.2,0.15
L0007258,O002905,P0150,3,321.49,0.0
L0007259,O002905,P0007,2,254.13,0.0
L0007260,O002906,P0083,1,267.02,0.0
L0007261,O002906,P0019,2,73.92,0.15
L0007262,O002906,P0009,1,238.2,0.15
L0007263,O002907,P0052,2,159.31,0.15
L0007264,O002907,P0107,1,313.17,0.0
L0007265,O002907,P0001,1,256.68,0.0
L0007266,O002908,P0061,1,15.7,0.0
L0007267,O002908,P0153,3,136.91,0.0
L0007268,O002908,P0025,3,137.63,0.0
L0007269,O002909,P0003,1,244.13,0.1
L0007270,O002909,P0064,3,289.35,0.1
L0007271,O002910,P0118,2,175.1,0.2
L0007272,O002910,P0140,1,138.91,0.1
L0007273,O002910,P0074,1,173.44,0.05
L0007274,O002911,P0150,1,321.49,0.0
L0007275,O002911,P0114,3,307.4,0.0
L0007276,O002912,P0078,1,317.55,0.05
L0007277,O002913,P0002,3,264.47,0.0
L0007278,O002913,P0138,1,91.75,0.0
L0007279,O002913,P0098,2,80.03,0.0
L0007280,O002913,P0043,3,249.36,0.0
L0007281,O002914,P0102,1,183.42,0.0
L0007282,O002914,P0060,3,248.17,0.1
L0007283,O002915,P0087,3,97.26,0.0
L0007284,O002915,P0050,1,198.45,0.0
L0007285,O002916,P0141,2,319.15,0.0
L0007286,O002917,P0066,3,270.16,0.1
L0007287,O002918,P0078,1,317.55,0.05
L0007288,O002918,P0125,2,86.4,0.1
L0007289,O002918,P0138,2,77.99,0.15
L0007290,O002919,P0086,3,15.03,0.0
L0007291,O002919,P0052,1,187.42,0.0
L0007292,O002920,P0166,1,198.82,0.0
L0007293,O002921,P0131,1,13.26,0.05
L0007294,O002921,P0060,3,275.74,0.0
L0007295,O002922,P0051,3,56.78,0.1
L0007296,O002923,P0020,3,41.03,0.1
L0007297,O002924,P0028,1,162.51,0.0
L0007298,O002924,P0002,3,264.47,0.0
L0007299,O002925,P0116,3,264.76,0.2
L0007300,O002925,P0160,2,156.8,0.0
L0007301,O002925,P0023,1,141.66,0.1
L0007302,O002926,P0090,3,108.75,0.2
L0007303,O002926,P0123,1,288.69,0.0
L0007304,O002926,P0167,3,162.27,0.0
L0007305,O002927,P0166,2,178.94,0.1
L0007306,O002927,P0080,2,202.41,0.0
L0007307,O002927,P0036,1,52.13,0.0
L0007308,O002927,P0099,3,339.39,0.0
L0007309,O002928,P0088,2,62.88,0.0
L0007310,O002928,P0124,2,68.89,0.0
L0007311,O002928,P0077,3,255.44,0.15
L0007312,O002929,P0103,3,86.47,0.15
L0007313,O002930,P0031,1,258.6,0.05
L0007314,O002931,P0069,2,51.31,0.15
L0007315,O002931,P0142,1,76.94,0.0
L0007316,O002931,P0097,1,143.27,0.15
L0007317,O002932,P0163,1,198.81,0.15
L0007318,O002932,P0015,1,52.38,0.15
L0007319,O002932,P0087,3,97.26,0.0
L0007320,O002933,P0086,1,15.03,0.0
L0007321,O002933,P0130,1,39.92,0.0
L0007322,O002933,P0165,2,128.66,0.0
L0007323,O002934,P0071,1,103.55,0.05
L0007324,O002934,P0150,1,305.42,0.05
L0007325,O002934,P0037,3,104.62,0.2
L0007326,O002934,P0058,1,308.29,0.0
L0007327,O002935,P0131,2,12.56,0.1
L0007328,O002935,P0036,1,52.13,0.0
L0007329,O002935,P0059,2,124.7,0.0
L0007330,O002935,P0007,3,254.13,0.0
L0007331,O002936,P0032,3,156.15,0.0
L0007332,O002936,P0010,3,103.37,0.0
L0007333,O002937,P0017,2,180.99,0.0
L0007334,O002937,P0163,3,222.2,0.05
L0007335,O002937,P0116,3,297.86,0.1
L0007336,O002938,P0161,2,49.43,0.1
L0007337,O002938,P0069,2,60.37,0.0
L0007338,O002938,P0086,3,15.03,0.0
L0007339,O002939,P0076,3,99.18,0.0
L0007340,O002939,P0175,3,60.92,0.0
L0007341,O002940,P0050,1,178.6,0.1
L0007342,O002940,P0103,2,81.38,0.2
L0007343,O002941,P0015,1,61.62,0.0
L0007344,O002941,P0087,2,97.26,0.0
L0007345,O002941,P0133,2,44.12,0.0
L0007346,O002942,P0174,3,204.48,0.05
L0007347,O002942,P0038,2,187.4,0.05
L0007348,O002942,P0079,1,130.79,0.1
L0007349,O002942,P0117,3,219.68,0.1
L0007350,O002943,P0156,1,298.56,0.0
L0007351,O002943,P0160,3,156.8,0.0
L0007352,O002943,P0024,1,168.57,0.0
L0007353,O002944,P0026,3,56.63,0.05
L0007354,O002944,P0083,2,267.02,0.0
L0007355,O002944,P0102,2,183.42,0.0
L0007356,O002944,P0018,2,175.15,0.0
L0007357,O002945,P0145,1,83.23,0.15
L0007358,O002945,P0020,1,45.59,0.0
L0007359,O002945,P0049,2,267.57,0.0
L0007360,O002946,P0101,3,297.36,0.15
L0007361,O002947,P0094,1,209.36,0.0
L0007362,O002947,P0130,2,39.92,0.0
L0007363,O002948,P0157,1,214.84,0.15
L0007364,O002948,P0085,1,311.87,0.0
L0007365,O002948,P0069,1,60.37,0.0
L0007366,O002949,P0061,2,13.34,0.15
L0007367,O002949,P0029,3,203.55,0.1
L0007368,O002949,P0134,1,38.37,0.15
L0007369,O002949,P0020,1,45.59,0.0
L0007370,O002950,P0145,2,88.13,0.1
L0007371,O002950,P0042,1,102.28,0.05
L0007372,O002951,P0161,3,54.92,0.0
L0007373,O002951,P0163,2,233.9,0.0
L0007374,O002951,P0124,2,65.45,0.05
L0007375,O002951,P0074,3,164.31,0.1
L0007376,O002952,P0125,3,96.0,0.0
L0007377,O002952,P0048,3,53.61,0.0
L0007378,O002952,P0166,3,188.88,0.05
L0007379,O002953,P0067,3,150.66,0.15
L0007380,O002953,P0141,3,287.24,0.1
L0007381,O002953,P0011,3,66.22,0.15
L0007382,O002953,P0044,2,265.56,0.0
L0007383,O002954,P0019,3,86.97,0.0
L0007384,O002954,P0112,2,29.63,0.15
L0007385,O002955,P0150,2,321.49,0.0
L0007386,O002955,P0087,3,87.53,0.1
L0007387,O002955,P0015,2,55.46,0.1
L0007388,O002955,P0077,1,270.47,0.1
L0007389,O002956,P0053,2,230.12,0.1
L0007390,O002956,P0127,3,85.43,0.1
L0007391,O002956,P0098,2,76.03,0.05
L0007392,O002956,P0135,2,252.6,0.0
L0007393,O002957,P0106,2,180.93,0.0
L0007394,O002957,P0123,2,288.69,0.0
L0007395,O002958,P0091,1,320.88,0.0
L0007396,O002958,P0098,2,80.03,0.0
L0007397,O002958,P0158,3,73.76,0.0
L0007398,O002959,P0154,2,222.01,0.2
L0007399,O002959,P0147,1,16.1,0.0
L0007400,O002959,P0103,2,91.56,0.1
L0007401,O002960,P0021,3,71.03,0.0
L0007402,O002961,P0010,3,103.37,0.0
L0007403,O002961,P0059,2,118.47,0.05
L0007404,O002962,P0034,3,163.55,0.1
L0007405,O002963,P0073,1,263.38,0.0
L0007406,O002963,P0020,2,38.75,0.15
L0007407,O002964,P0011,3,70.12,0.1
L0007408,O002964,P0106,3,180.93,0.0
L0007409,O002964,P0008,2,346.93,0.0
L0007410,O002965,P0176,2,223.57,0.0
L0007411,O002965,P0148,3,123.95,0.0
L0007412,O002966,P0031,1,258.6,0.05
L0007413,O002966,P0058,1,246.63,0.2
L0007414,O002966,P0144,1,206.16,0.0
L0007415,O002967,P0116,2,314.4,0.05
L0007416,O002967,P0034,2,181.72,0.0
L0007417,O002968,P0177,1,295.0,0.0
L0007418,O002968,P0054,2,229.99,0.0
L0007419,O002968,P0069,2,54.33,0.1
L0007420,O002968,P0115,1,162.76,0.0
L0007421,O002969,P0155,1,103.44,0.15
L0007422,O002970,P0017,2,180.99,0.0
L0007423,O002970,P0043,3,211.96,0.15
L0007424,O002971,P0127,3,94.92,0.0
L0007425,O002971,P0042,3,96.89,0.1
L0007426,O002971,P0105,3,56.7,0.15
L0007427,O002972,P0106,3,162.84,0.1
L0007428,O002972,P0150,3,305.42,0.05
L0007429,O002972,P0074,1,155.18,0.15
L0007430,O002973,P0166,2,178.94,0.1
L0007431,O002973,P0138,1,91.75,0.0
L0007432,O002973,P0080,3,202.41,0.0
L0007433,O002973,P0036,3,52.13,0.0
L0007434,O002974,P0150,2,321.49,0.0
L0007435,O002974,P0071,1,98.1,0.1
L0007436,O002974,P0059,3,124.7,0.0
L0007437,O002974,P0035,3,127.08,0.0
L0007438,O002975,P0180,3,47.0,0.1
L0007439,O002975,P0061,3,14.13,0.1
L0007440,O002975,P0178,2,221.82,0.0
L0007441,O002975,P0175,2,60.92,0.0
L0007442,O002976,P0113,2,124.47,0.1
L0007443,O002976,P0075,3,76.45,0.1
L0007444,O002976,P0074,1,173.44,0.05
L0007445,O002976,P0080,2,202.41,0.0
L0007446,O002977,P0044,2,265.56,0.0
L0007447,O002978,P0016,2,60.22,0.0
L0007448,O002978,P0010,2,103.37,0.0
L0007449,O002978,P0081,2,18.83,0.2
L0007450,O002979,P0009,2,280.24,0.0
L0007451,O002979,P0154,1,277.51,0.0
L0007452,O002980,P0062,2,167.61,0.0
L0007453,O002981,P0092,2,261.88,0.15
L0007454,O002981,P0087,1,97.26,0.0
L0007455,O002981,P0117,3,244.09,0.0
L0007456,O002981,P0153,3,136.91,0.0
L0007457,O002982,P0028,1,130.01,0.2
L0007458,O002982,P0052,1,187.42,0.0
L0007459,O002982,P0077,2,285.49,0.05
L0007460,O002983,P0015,2,61.62,0.0
L0007461,O002983,P0175,3,48.74,0.2
L0007462,O002983,P0084,3,259.34,0.0
L0007463,O002983,P0103,2,101.73,0.0
L0007464,O002984,P0096,1,265.22,0.0
L0007465,O002984,P0166,2,198.82,0.0
L0007466,O002984,P0160,2,156.8,0.0
L0007467,O002984,P0085,1,265.09,0.15
L0007468,O002985,P0010,3,98.2,0.05
L0007469,O002985,P0036,1,46.92,0.1
L0007470,O002986,P0120,3,215.39,0.0
L0007471,O002986,P0013,3,36.47,0.05
L0007472,O002986,P0116,1,330.95,0.0
L0007473,O002987,P0110,1,254.79,0.0
L0007474,O002987,P0062,1,167.61,0.0
L0007475,O002987,P0114,3,307.4,0.0
L0007476,O002988,P0009,3,266.23,0.05
L0007477,O002989,P0097,3,134.84,0.2
L0007478,O002989,P0037,3,117.7,0.1
L0007479,O002989,P0156,2,268.7,0.1
L0007480,O002989,P0136,1,46.17,0.0
L0007481,O002990,P0015,1,61.62,0.0
L0007482,O002990,P0066,2,300.18,0.0
L0007483,O002991,P0054,1,195.49,0.15
L0007484,O002992,P0122,3,339.37,0.0
L0007485,O002992,P0157,2,252.75,0.0
L0007486,O002992,P0124,1,68.89,0.0
L0007487,O002992,P0017,2,153.84,0.15
L0007488,O002993,P0011,2,62.33,0.2
L0007489,O002994,P0077,2,270.47,0.1
L0007490,O002995,P0053,3,230.12,0.1
L0007491,O002995,P0003,2,271.26,0.0
L0007492,O002996,P0122,2,339.37,0.0
L0007493,O002997,P0009,2,280.24,0.0
L0007494,O002997,P0040,1,211.4,0.15
L0007495,O002998,P0007,3,228.72,0.1
L0007496,O002998,P0023,3,133.79,0.15
L0007497,O002998,P0055,3,12.04,0.15
L0007498,O002999,P0067,1,177.25,0.0
L0007499,O003000,P0177,2,295.0,0.0
L0007500,O003000,P0020,3,41.03,0.1
L0007501,O003000,P0030,2,159.52,0.1
L0007502,O003001,P0049,3,214.06,0.2
L0007503,O003001,P0048,2,50.93,0.05
L0007504,O003001,P0112,3,34.86,0.0
L0007505,O003002,P0131,1,13.96,0.0
L0007506,O003002,P0032,3,140.53,0.1
L0007507,O003003,P0119,1,234.8,0.05
L0007508,O003003,P0167,1,146.04,0.1
L0007509,O003004,P0016,3,60.22,0.0
L0007510,O003004,P0169,3,93.21,0.1
L0007511,O003004,P0171,3,88.06,0.0
L0007512,O003005,P0054,2,195.49,0.15
L0007513,O003005,P0166,1,178.94,0.1
L0007514,O003005,P0081,1,22.36,0.05
L0007515,O003006,P0171,3,79.25,0.1
L0007516,O003006,P0168,2,287.81,0.0
L0007517,O003006,P0098,2,80.03,0.0
L0007518,O003007,P0173,1,177.0,0.0
L0007519,O003007,P0030,1,168.38,0.05
L0007520,O003008,P0100,2,70.63,0.15
L0007521,O003009,P0079,2,145.32,0.0
L0007522,O003009,P0059,3,112.23,0.1
L0007523,O003009,P0100,2,70.63,0.15
L0007524,O003010,P0165,2,128.66,0.0
L0007525,O003010,P0120,3,204.62,0.05
L0007526,O003010,P0119,2,222.44,0.1
L0007527,O003010,P0149,2,42.18,0.0
L0007528,O003011,P0079,3,138.05,0.05
L0007529,O003011,P0169,1,103.57,0.0
L0007530,O003012,P0115,3,138.35,0.15
L0007531,O003012,P0080,2,202.41,0.0
L0007532,O003012,P0020,2,45.59,0.0
L0007533,O003012,P0066,1,300.18,0.0
L0007534,O003013,P0004,3,33.87,0.1
L0007535,O003013,P0121,1,221.67,0.0
L0007536,O003013,P0047,2,54.73,0.0
L0007537,O003014,P0170,3,254.85,0.0
L0007538,O003015,P0065,3,140.88,0.0
L0007539,O003015,P0050,1,188.53,0.05
L0007540,O003015,P0032,3,148.34,0.05
L0007541,O003016,P0176,2,223.57,0.0
L0007542,O003016,P0090,3,135.94,0.0
L0007543,O003016,P0044,2,239.0,0.1
L0007544,O003016,P0089,2,12.19,0.0
L0007545,O003017,P0171,1,88.06,0.0
L0007546,O003017,P0169,3,98.39,0.05
L0007547,O003018,P0158,2,73.76,0.0
L0007548,O003018,P0036,1,52.13,0.0
L0007549,O003018,P0052,3,187.42,0.0
L0007550,O003018,P0021,1,71.03,0.0
L0007551,O003019,P0173,1,177.0,0.0
L0007552,O003019,P0046,1,324.79,0.05
L0007553,O003020,P0097,2,168.55,0.0
L0007554,O003020,P0088,1,53.45,0.15
L0007555,O003021,P0018,1,157.64,0.1
L0007556,O003022,P0012,2,63.35,0.0
L0007557,O003022,P0043,2,211.96,0.15
L0007558,O003022,P0122,3,322.4,0.05
L0007559,O003023,P0164,3,231.98,0.2
L0007560,O003023,P0167,1,162.27,0.0
L0007561,O003023,P0082,3,83.17,0.1
L0007562,O003024,P0073,1,263.38,0.0
L0007563,O003024,P0011,2,77.91,0.0
L0007564,O003024,P0147,3,16.1,0.0
L0007565,O003024,P0124,1,68.89,0.0
L0007566,O003025,P0093,2,19.74,0.1
L0007567,O003026,P0021,2,71.03,0.0
L0007568,O003026,P0129,2,114.65,0.1
L0007569,O003026,P0115,1,162.76,0.0
L0007570,O003027,P0046,3,341.88,0.0
L0007571,O003027,P0112,1,34.86,0.0
L0007572,O003027,P0045,3,261.86,0.15
L0007573,O003027,P0167,1,162.27,0.0
L0007574,O003028,P0160,1,156.8,0.0
L0007575,O003028,P0118,1,196.98,0.1
L0007576,O003028,P0016,2,57.21,0.05
L0007577,O003028,P0069,3,54.33,0.1
L0007578,O003029,P0048,1,45.57,0.15
L0007579,O003029,P0100,1,78.94,0.05
L0007580,O003029,P0150,2,321.49,0.0
L0007581,O003030,P0127,2,94.92,0.0
L0007582,O003030,P0128,3,282.75,0.0
L0007583,O003030,P0077,3,285.49,0.05
L0007584,O003030,P0072,1,91.39,0.1
L0007585,O003031,P0091,1,288.79,0.1
L0007586,O003031,P0139,1,256.06,0.1
L0007587,O003031,P0085,3,265.09,0.15
L0007588,O003031,P0102,3,183.42,0.0
L0007589,O003032,P0174,1,215.24,0.0
L0007590,O003032,P0065,3,140.88,0.0
L0007591,O003032,P0083,2,267.02,0.0
L0007592,O003032,P0058,2,277.46,0.1
L0007593,O003033,P0171,2,79.25,0.1
L0007594,O003034,P0103,2,101.73,0.0
L0007595,O003034,P0139,3,284.51,0.0
L0007596,O003034,P0142,2,76.94,0.0
L0007597,O003034,P0036,1,49.52,0.05
L0007598,O003035,P0172,2,44.87,0.1
L0007599,O003035,P0033,2,178.96,0.0
L0007600,O003036,P0029,1,226.17,0.0
L0007601,O003037,P0040,1,223.84,0.1
L0007602,O003038,P0178,2,221.82,0.0
L0007603,O003039,P0138,1,91.75,0.0
L0007604,O003040,P0151,1,233.95,0.0
L0007605,O003040,P0145,1,97.92,0.0
L0007606,O003041,P0119,2,222.44,0.1
L0007607,O003041,P0020,1,45.59,0.0
L0007608,O003041,P0112,2,33.12,0.05
L0007609,O003041,P0120,1,183.08,0.15
L0007610,O003042,P0059,3,124.7,0.0
L0007611,O003042,P0007,3,216.01,0.15
L0007612,O003043,P0073,2,237.04,0.1
L0007613,O003044,P0136,1,46.17,0.0
L0007614,O003045,P0092,3,308.09,0.0
L0007615,O003045,P0117,3,244.09,0.0
L0007616,O003045,P0124,3,62.0,0.1
L0007617,O003046,P0170,3,254.85,0.0
L0007618,O003046,P0157,2,240.11,0.05
L0007619,O003046,P0082,2,78.55,0.15
L0007620,O003047,P0022,2,145.84,0.0
L0007621,O003047,P0064,3,273.27,0.15
L0007622,O003047,P0136,2,39.24,0.15
L0007623,O003047,P0001,3,218.18,0.15
L0007624,O003048,P0018,1,157.64,0.1
L0007625,O003049,P0122,2,339.37,0.0
L0007626,O003049,P0125,2,91.2,0.05
L0007627,O003049,P0052,3,187.42,0.0
L0007628,O003049,P0069,3,60.37,0.0
L0007629,O003050,P0113,1,138.3,0.0
L0007630,O003051,P0098,2,76.03,0.05
L0007631,O003051,P0130,2,39.92,0.0
L0007632,O003051,P0097,3,168.55,0.0
L0007633,O003052,P0126,2,257.92,0.15
L0007634,O003052,P0006,2,122.4,0.0
L0007635,O003052,P0135,3,252.6,0.0
L0007636,O003052,P0110,2,254.79,0.0
L0007637,O003053,P0001,3,256.68,0.0
L0007638,O003054,P0072,2,101.55,0.0
L0007639,O003054,P0029,2,226.17,0.0
L0007640,O003054,P0065,3,140.88,0.0
L0007641,O003055,P0012,3,63.35,0.0
L0007642,O003055,P0065,3,140.88,0.0
L0007643,O003055,P0129,2,127.39,0.0
L0007644,O003055,P0097,3,168.55,0.0
L0007645,O003056,P0031,3,272.21,0.0
L0007646,O003056,P0078,1,334.26,0.0
L0007647,O003056,P0049,3,267.57,0.0
L0007648,O003056,P0092,1,308.09,0.0
L0007649,O003057,P0170,2,254.85,0.0
L0007650,O003057,P0151,2,233.95,0.0
L0007651,O003058,P0076,1,99.18,0.0
L0007652,O003059,P0112,1,34.86,0.0
L0007653,O003059,P0169,1,98.39,0.05
L0007654,O003060,P0115,3,146.48,0.1
L0007655,O003061,P0132,2,62.67,0.0
L0007656,O003062,P0082,2,92.41,0.0
L0007657,O003062,P0174,3,215.24,0.0
L0007658,O003062,P0079,1,145.32,0.0
L0007659,O003063,P0125,2,96.0,0.0
L0007660,O003063,P0110,3,203.83,0.2
L0007661,O003064,P0139,3,284.51,0.0
L0007662,O003064,P0084,2,246.37,0.05
L0007663,O003064,P0146,2,279.51,0.0
L0007664,O003064,P0086,2,14.28,0.05
L0007665,O003065,P0174,2,215.24,0.0
L0007666,O003066,P0140,3,154.35,0.0
L0007667,O003066,P0177,1,295.0,0.0
L0007668,O003066,P0162,1,16.26,0.2
L0007669,O003066,P0088,1,62.88,0.0
L0007670,O003067,P0023,2,125.92,0.2
L0007671,O003067,P0091,3,320.88,0.0
L0007672,O003068,P0009,1,280.24,0.0
L0007673,O003068,P0082,3,78.55,0.15
L0007674,O003069,P0061,1,15.7,0.0
L0007675,O003069,P0126,2,303.44,0.0
L0007676,O003069,P0137,3,45.79,0.1
L0007677,O003069,P0074,1,164.31,0.1
L0007678,O003070,P0030,2,177.24,0.0
L0007679,O003070,P0033,2,178.96,0.0
L0007680,O003071,P0102,3,165.08,0.1
L0007681,O003071,P0004,2,33.87,0.1
L0007682,O003071,P0035,3,120.73,0.05
L0007683,O003072,P0002,1,264.47,0.0
L0007684,O003072,P0042,3,102.28,0.05
L0007685,O003072,P0088,2,62.88,0.0
L0007686,O003072,P0033,2,178.96,0.0
L0007687,O003073,P0114,1,292.03,0.05
L0007688,O003073,P0130,1,35.93,0.1
L0007689,O003073,P0125,3,96.0,0.0
L0007690,O003073,P0122,2,305.43,0.1
L0007691,O003074,P0115,3,138.35,0.15
L0007692,O003074,P0036,1,52.13,0.0
L0007693,O003075,P0119,1,247.16,0.0
L0007694,O003075,P0083,1,267.02,0.0
L0007695,O003076,P0127,1,94.92,0.0
L0007696,O003076,P0029,3,180.94,0.2
L0007697,O003077,P0031,1,272.21,0.0
L0007698,O003078,P0087,3,97.26,0.0
L0007699,O003078,P0126,3,303.44,0.0
L0007700,O003079,P0042,3,107.66,0.0
L0007701,O003079,P0049,2,267.57,0.0
L0007702,O003080,P0116,3,314.4,0.05
L0007703,O003080,P0139,1,284.51,0.0
L0007704,O003080,P0176,3,201.21,0.1
L0007705,O003081,P0112,1,31.37,0.1
L0007706,O003081,P0035,2,101.66,0.2
L0007707,O003081,P0034,2,181.72,0.0
L0007708,O003082,P0118,1,218.87,0.0
L0007709,O003082,P0027,2,306.58,0.0
L0007710,O003083,P0041,1,77.93,0.0
L0007711,O003083,P0108,3,185.15,0.0
L0007712,O003083,P0009,3,280.24,0.0
L0007713,O003083,P0124,1,68.89,0.0
L0007714,O003084,P0011,2,66.22,0.15
L0007715,O003084,P0053,1,255.69,0.0
L0007716,O003085,P0107,2,266.19,0.15
L0007717,O003085,P0096,2,238.7,0.1
L0007718,O003085,P0066,2,270.16,0.1
L0007719,O003085,P0051,2,59.94,0.05
L0007720,O003086,P0074,2,182.57,0.0
L0007721,O003086,P0091,3,320.88,0.0
L0007722,O003086,P0021,3,60.38,0.15
L0007723,O003086,P0159,2,133.69,0.0
L0007724,O003087,P0179,3,142.6,0.0
L0007725,O003088,P0061,2,15.7,0.0
L0007726,O003088,P0117,3,244.09,0.0
L0007727,O003088,P0005,1,199.77,0.0
L0007728,O003088,P0081,1,23.54,0.0
L0007729,O003089,P0128,2,282.75,0.0
L0007730,O003089,P0179,2,142.6,0.0
L0007731,O003089,P0103,2,96.64,0.05
L0007732,O003090,P0150,3,273.27,0.15
L0007733,O003090,P0128,3,254.47,0.1
L0007734,O003091,P0138,2,91.75,0.0
L0007735,O003091,P0083,1,267.02,0.0
L0007736,O003091,P0132,3,56.4,0.1
L0007737,O003091,P0152,2,187.58,0.0
L0007738,O003092,P0173,3,150.45,0.15
L0007739,O003093,P0122,3,271.5,0.2
L0007740,O003093,P0083,1,267.02,0.0
L0007741,O003093,P0109,3,297.26,0.0
L0007742,O003094,P0007,2,254.13,0.0
L0007743,O003095,P0038,2,177.53,0.1
L0007744,O003096,P0146,1,237.58,0.15
L0007745,O003096,P0160,3,141.12,0.1
L0007746,O003097,P0150,3,321.49,0.0
L0007747,O003097,P0016,2,60.22,0.0
L0007748,O003098,P0178,1,188.55,0.15
L0007749,O003098,P0082,2,83.17,0.1
L0007750,O003098,P0171,3,83.66,0.05
L0007751,O003099,P0115,2,138.35,0.15
L0007752,O003099,P0001,3,218.18,0.15
L0007753,O003100,P0076,3,99.18,0.0
L0007754,O003100,P0180,2,52.22,0.0
L0007755,O003100,P0014,3,108.37,0.15
L0007756,O003101,P0176,1,223.57,0.0
L0007757,O003101,P0131,3,13.96,0.0
L0007758,O003101,P0050,3,198.45,0.0
L0007759,O003101,P0105,2,66.7,0.0
L0007760,O003102,P0180,3,49.61,0.05
L0007761,O003102,P0096,3,251.96,0.05
L0007762,O003102,P0087,2,97.26,0.0
L0007763,O003103,P0102,2,183.42,0.0
L0007764,O003103,P0159,2,120.32,0.1
L0007765,O003103,P0011,3,70.12,0.1
L0007766,O003103,P0155,3,121.7,0.0
L0007767,O003104,P0005,1,199.77,0.0
L0007768,O003104,P0016,3,60.22,0.0
L0007769,O003104,P0176,2,223.57,0.0
L0007770,O003105,P0008,3,312.24,0.1
L0007771,O003105,P0167,2,162.27,0.0
L0007772,O003105,P0013,1,36.47,0.05
L0007773,O003105,P0004,1,35.75,0.05
L0007774,O003106,P0127,3,75.94,0.2
L0007775,O003106,P0052,1,178.05,0.05
L0007776,O003106,P0082,3,92.41,0.0
L0007777,O003107,P0042,2,86.13,0.2
L0007778,O003107,P0169,3,82.86,0.2
L0007779,O003108,P0070,1,241.83,0.0
L0007780,O003108,P0129,3,127.39,0.0
L0007781,O003108,P0108,1,166.64,0.1
L0007782,O003108,P0058,2,308.29,0.0
L0007783,O003109,P0165,1,122.23,0.05
L0007784,O003110,P0066,3,300.18,0.0
L0007785,O003111,P0065,3,140.88,0.0
L0007786,O003111,P0037,2,117.7,0.1
L0007787,O003112,P0164,1,289.97,0.0
L0007788,O003112,P0046,3,341.88,0.0
L0007789,O003112,P0067,3,159.53,0.1
L0007790,O003113,P0086,1,15.03,0.0
L0007791,O003113,P0013,1,34.55,0.1
L0007792,O003113,P0024,2,143.28,0.15
L0007793,O003113,P0095,3,221.56,0.2
L0007794,O003114,P0125,1,96.0,0.0
L0007795,O003114,P0112,3,31.37,0.1
L0007796,O003114,P0068,3,228.78,0.2
L0007797,O003115,P0084,3,233.41,0.1
L0007798,O003115,P0046,3,290.6,0.15
L0007799,O003115,P0006,1,122.4,0.0
L0007800,O003115,P0022,3,123.96,0.15
L0007801,O003116,P0142,2,73.09,0.05
L0007802,O003116,P0011,3,77.91,0.0
L0007803,O003116,P0089,2,12.19,0.0
L0007804,O003116,P0164,2,289.97,0.0
L0007805,O003117,P0114,2,307.4,0.0
L0007806,O003117,P0130,3,33.93,0.15
L0007807,O003118,P0118,3,186.04,0.15
L0007808,O003118,P0001,3,205.34,0.2
L0007809,O003118,P0159,1,120.32,0.1
L0007810,O003118,P0045,2,308.07,0.0
L0007811,O003119,P0042,3,107.66,0.0
L0007812,O003119,P0120,2,215.39,0.0
L0007813,O003119,P0023,1,149.53,0.05
L0007814,O003119,P0013,1,38.39,0.0
L0007815,O003120,P0109,3,297.26,0.0
L0007816,O003120,P0036,1,46.92,0.1
L0007817,O003121,P0149,3,42.18,0.0
L0007818,O003121,P0064,2,321.5,0.0
L0007819,O003122,P0035,3,127.08,0.0
L0007820,O003122,P0136,1,39.24,0.15
L0007821,O003122,P0081,1,23.54,0.0
L0007822,O003122,P0006,1,110.16,0.1
L0007823,O003123,P0005,1,159.82,0.2
L0007824,O003123,P0161,2,52.17,0.05
L0007825,O003123,P0099,1,339.39,0.0
L0007826,O003124,P0068,1,285.98,0.0
L0007827,O003124,P0143,1,215.66,0.1
L0007828,O003124,P0044,1,225.73,0.15
L0007829,O003125,P0059,2,124.7,0.0
L0007830,O003125,P0035,3,127.08,0.0
L0007831,O003125,P0023,3,157.4,0.0
L0007832,O003126,P0179,2,121.21,0.15
L0007833,O003126,P0031,1,244.99,0.1
L0007834,O003126,P0121,3,221.67,0.0
L0007835,O003127,P0113,3,110.64,0.2
L0007836,O003127,P0057,1,49.49,0.2
L0007837,O003127,P0092,2,261.88,0.15
L0007838,O003127,P0063,1,148.61,0.0
L0007839,O003128,P0020,3,45.59,0.0
L0007840,O003128,P0023,1,141.66,0.1
L0007841,O003128,P0166,3,178.94,0.1
L0007842,O003129,P0048,2,53.61,0.0
L0007843,O003130,P0065,2,126.79,0.1
L0007844,O003130,P0114,1,276.66,0.1
L0007845,O003130,P0124,1,68.89,0.0
L0007846,O003131,P0077,3,255.44,0.15
L0007847,O003131,P0001,1,231.01,0.1
L0007848,O003131,P0095,1,249.25,0.1
L0007849,O003131,P0129,3,127.39,0.0
L0007850,O003132,P0094,3,198.89,0.05
L0007851,O003133,P0132,2,59.54,0.05
L0007852,O003133,P0020,3,43.31,0.05
L0007853,O003133,P0123,1,288.69,0.0
L0007854,O003134,P0090,2,115.55,0.15
L0007855,O003134,P0014,1,108.37,0.15
L0007856,O003134,P0144,2,175.24,0.15
L0007857,O003134,P0084,3,246.37,0.05
L0007858,O003135,P0023,3,157.4,0.0
L0007859,O003136,P0003,2,271.26,0.0
L0007860,O003137,P0093,3,20.83,0.05
L0007861,O003137,P0007,3,241.42,0.05
L0007862,O003137,P0038,2,177.53,0.1
L0007863,O003137,P0021,2,71.03,0.0
L0007864,O003138,P0070,2,193.46,0.2
L0007865,O003138,P0162,1,20.33,0.0
L0007866,O003138,P0080,2,192.29,0.05
L0007867,O003139,P0077,3,285.49,0.05
L0007868,O003139,P0004,2,31.99,0.15
L0007869,O003140,P0110,2,229.31,0.1
L0007870,O003140,P0067,2,177.25,0.0
L0007871,O003140,P0024,3,168.57,0.0
L0007872,O003141,P0141,2,319.15,0.0
L0007873,O003141,P0136,1,46.17,0.0
L0007874,O003141,P0152,2,168.82,0.1
L0007875,O003142,P0070,3,241.83,0.0
L0007876,O003142,P0052,1,187.42,0.0
L0007877,O003143,P0021,2,67.48,0.05
L0007878,O003143,P0151,2,233.95,0.0
L0007879,O003143,P0142,2,73.09,0.05
L0007880,O003144,P0174,2,215.24,0.0
L0007881,O003144,P0169,1,93.21,0.1
L0007882,O003145,P0159,3,133.69,0.0
L0007883,O003146,P0136,1,46.17,0.0
L0007884,O003146,P0063,1,133.75,0.1
L0007885,O003146,P0111,3,303.31,0.0
L0007886,O003147,P0056,2,265.44,0.2
L0007887,O003147,P0123,1,274.26,0.05
L0007888,O003147,P0159,2,127.01,0.05
L0007889,O003148,P0132,1,59.54,0.05
L0007890,O003148,P0162,1,18.3,0.1
L0007891,O003148,P0029,2,192.24,0.15
L0007892,O003149,P0144,3,195.85,0.05
L0007893,O003149,P0109,2,297.26,0.0
L0007894,O003149,P0075,3,84.94,0.0
L0007895,O003149,P0107,3,297.51,0.05
L0007896,O003150,P0119,3,247.16,0.0
L0007897,O003150,P0177,3,280.25,0.05
L0007898,O003150,P0099,2,339.39,0.0
L0007899,O003150,P0149,2,42.18,0.0
L0007900,O003151,P0076,1,99.18,0.0
L0007901,O003151,P0103,1,96.64,0.05
L0007902,O003151,P0065,1,133.84,0.05
L0007903,O003152,P0161,2,54.92,0.0
L0007904,O003153,P0078,3,317.55,0.05
L0007905,O003153,P0085,3,249.5,0.2
L0007906,O003153,P0175,1,51.78,0.15
L0007907,O003153,P0072,2,101.55,0.0
L0007908,O003154,P0153,3,136.91,0.0
L0007909,O003154,P0114,2,276.66,0.1
L0007910,O003155,P0094,1,209.36,0.0
L0007911,O003155,P0125,3,81.6,0.15
L0007912,O003155,P0088,3,53.45,0.15
L0007913,O003155,P0123,2,288.69,0.0
L0007914,O003156,P0091,2,320.88,0.0
L0007915,O003156,P0046,2,324.79,0.05
L0007916,O003156,P0119,2,247.16,0.0
L0007917,O003157,P0134,1,45.14,0.0
L0007918,O003158,P0054,2,229.99,0.0
L0007919,O003158,P0138,1,82.58,0.1
L0007920,O003158,P0022,3,131.26,0.1
L0007921,O003159,P0101,3,349.83,0.0
L0007922,O003160,P0162,2,18.3,0.1
L0007923,O003160,P0087,1,92.4,0.05
L0007924,O003160,P0102,3,155.91,0.15
L0007925,O003161,P0147,3,13.69,0.15
L0007926,O003161,P0033,2,161.06,0.1
L0007927,O003162,P0115,1,138.35,0.15
L0007928,O003163,P0102,2,183.42,0.0
L0007929,O003164,P0160,1,148.96,0.05
L0007930,O003164,P0079,3,138.05,0.05
L0007931,O003164,P0138,1,82.58,0.1
L0007932,O003164,P0057,2,61.86,0.0
L0007933,O003165,P0063,1,133.75,0.1
L0007934,O003165,P0041,1,66.24,0.15
L0007935,O003165,P0014,1,127.49,0.0
L0007936,O003166,P0162,2,16.26,0.2
L0007937,O003166,P0028,2,162.51,0.0
L0007938,O003166,P0054,1,183.99,0.2
L0007939,O003166,P0045,1,308.07,0.0
L0007940,O003167,P0006,1,122.4,0.0
L0007941,O003167,P0038,1,197.26,0.0
L0007942,O003167,P0071,3,109.0,0.0
L0007943,O003167,P0169,3,103.57,0.0
L0007944,O003168,P0133,1,44.12,0.0
L0007945,O003169,P0142,3,73.09,0.05
L0007946,O003170,P0091,1,304.84,0.05
L0007947,O003170,P0141,3,319.15,0.0
L0007948,O003170,P0029,1,226.17,0.0
L0007949,O003171,P0175,3,57.87,0.05
L0007950,O003171,P0089,2,11.58,0.05
L0007951,O003171,P0038,3,197.26,0.0
L0007952,O003172,P0036,3,52.13,0.0
L0007953,O003172,P0073,3,250.21,0.05
L0007954,O003172,P0053,1,255.69,0.0
L0007955,O003173,P0068,3,285.98,0.0
L0007956,O003173,P0007,3,254.13,0.0
L0007957,O003174,P0096,3,225.44,0.15
L0007958,O003174,P0001,2,256.68,0.0
L0007959,O003175,P0126,1,303.44,0.0
L0007960,O003175,P0112,1,33.12,0.05
L0007961,O003176,P0177,2,295.0,0.0
L0007962,O003176,P0122,3,339.37,0.0
L0007963,O003177,P0057,1,61.86,0.0
L0007964,O003177,P0102,1,155.91,0.15
L0007965,O003177,P0002,1,264.47,0.0
L0007966,O003178,P0125,2,91.2,0.05
L0007967,O003178,P0024,3,151.71,0.1
L0007968,O003179,P0064,1,321.5,0.0
L0007969,O003180,P0130,3,39.92,0.0
L0007970,O003181,P0025,1,123.87,0.1
L0007971,O003181,P0077,2,285.49,0.05
L0007972,O003181,P0019,3,69.58,0.2
L0007973,O003182,P0001,3,256.68,0.0
L0007974,O003182,P0134,3,45.14,0.0
L0007975,O003182,P0122,2,339.37,0.0
L0007976,O003182,P0043,2,224.42,0.1
L0007977,O003183,P0106,2,144.74,0.2
L0007978,O003184,P0177,2,295.0,0.0
L0007979,O003184,P0054,1,229.99,0.0
L0007980,O003185,P0133,2,44.12,0.0
L0007981,O003185,P0025,1,137.63,0.0
L0007982,O003185,P0123,2,288.69,0.0
L0007983,O003186,P0166,2,198.82,0.0
L0007984,O003186,P0018,1,166.39,0.05
L0007985,O003187,P0009,3,280.24,0.0
L0007986,O003187,P0154,3,277.51,0.0
L0007987,O003187,P0080,1,182.17,0.1
L0007988,O003187,P0136,2,39.24,0.15
L0007989,O003188,P0047,1,54.73,0.0
L0007990,O003188,P0164,1,289.97,0.0
L0007991,O003188,P0094,2,209.36,0.0
L0007992,O003189,P0114,1,307.4,0.0
L0007993,O003189,P0047,3,54.73,0.0
L0007994,O003189,P0073,2,263.38,0.0
L0007995,O003189,P0015,3,61.62,0.0
L0007996,O003190,P0114,3,307.4,0.0
L0007997,O003190,P0076,1,99.18,0.0
L0007998,O003191,P0130,1,35.93,0.1
L0007999,O003191,P0018,3,175.15,0.0
L0008000,O003192,P0180,1,41.78,0.2
L0008001,O003192,P0096,2,212.18,0.2
L0008002,O003192,P0021,3,67.48,0.05
L0008003,O003193,P0078,3,284.12,0.15
L0008004,O003194,P0154,1,263.63,0.05
L0008005,O003194,P0123,2,288.69,0.0
L0008006,O003194,P0089,2,12.19,0.0
L0008007,O003195,P0077,3,255.44,0.15
L0008008,O003195,P0142,3,69.25,0.1
L0008009,O003195,P0152,2,159.44,0.15
L0008010,O003195,P0140,1,154.35,0.0
L0008011,O003196,P0049,1,267.57,0.0
L0008012,O003197,P0150,3,321.49,0.0
L0008013,O003198,P0016,1,54.2,0.1
L0008014,O003199,P0020,2,38.75,0.15
L0008015,O003199,P0106,2,162.84,0.1
L0008016,O003199,P0039,2,262.96,0.15
L0008017,O003200,P0137,2,40.7,0.2
L0008018,O003201,P0030,1,177.24,0.0
L0008019,O003201,P0060,1,220.59,0.2
L0008020,O003201,P0080,2,202.41,0.0
L0008021,O003201,P0175,2,60.92,0.0
L0008022,O003202,P0136,3,39.24,0.15
L0008023,O003203,P0135,3,252.6,0.0
L0008024,O003203,P0014,2,121.12,0.05
L0008025,O003203,P0070,1,241.83,0.0
L0008026,O003203,P0012,2,63.35,0.0
L0008027,O003204,P0145,1,97.92,0.0
L0008028,O003204,P0141,2,303.19,0.05
L0008029,O003204,P0126,1,303.44,0.0
L0008030,O003205,P0027,1,291.25,0.05
L0008031,O003205,P0034,2,181.72,0.0
L0008032,O003206,P0176,3,223.57,0.0
L0008033,O003207,P0145,3,97.92,0.0
L0008034,O003207,P0063,3,126.32,0.15
L0008035,O003207,P0014,2,127.49,0.0
L0008036,O003207,P0141,1,319.15,0.0
L0008037,O003208,P0053,1,255.69,0.0
L0008038,O003208,P0132,3,56.4,0.1
L0008039,O003208,P0161,2,52.17,0.05
L0008040,O003209,P0147,1,16.1,0.0
L0008041,O003209,P0020,1,45.59,0.0
L0008042,O003209,P0042,1,107.66,0.0
L0008043,O003210,P0171,1,88.06,0.0
L0008044,O003210,P0030,3,177.24,0.0
L0008045,O003210,P0028,2,154.38,0.05
L0008046,O003210,P0047,2,43.78,0.2
L0008047,O003211,P0061,2,15.7,0.0
L0008048,O003211,P0019,3,73.92,0.15
L0008049,O003211,P0090,2,115.55,0.15
L0008050,O003211,P0111,3,303.31,0.0
L0008051,O003212,P0126,1,257.92,0.15
L0008052,O003212,P0180,1,52.22,0.0
L0008053,O003213,P0101,3,297.36,0.15
L0008054,O003214,P0113,2,124.47,0.1
L0008055,O003215,P0151,2,210.56,0.1
L0008056,O003215,P0067,1,177.25,0.0
L0008057,O003215,P0128,3,240.34,0.15
L0008058,O003216,P0060,1,275.74,0.0
L0008059,O003216,P0112,3,33.12,0.05
L0008060,O003216,P0037,2,111.16,0.15
L0008061,O003216,P0065,3,119.75,0.15
L0008062,O003217,P0084,1,233.41,0.1
L0008063,O003218,P0062,3,167.61,0.0
L0008064,O003218,P0132,3,53.27,0.15
L0008065,O003218,P0101,1,349.83,0.0
L0008066,O003219,P0030,1,177.24,0.0
L0008067,O003219,P0155,1,115.61,0.05
L0008068,O003219,P0065,1,133.84,0.05
L0008069,O003219,P0111,1,303.31,0.0
L0008070,O003220,P0118,1,218.87,0.0
L0008071,O003221,P0156,2,298.56,0.0
L0008072,O003221,P0122,3,339.37,0.0
L0008073,O003222,P0066,1,300.18,0.0
L0008074,O003222,P0037,1,130.78,0.0
L0008075,O003222,P0086,1,12.78,0.15
L0008076,O003223,P0009,2,280.24,0.0
L0008077,O003223,P0099,2,339.39,0.0
L0008078,O003223,P0168,1,287.81,0.0
L0008079,O003223,P0156,1,298.56,0.0
L0008080,O003224,P0072,2,91.39,0.1
L0008081,O003224,P0022,1,145.84,0.0
L0008082,O003224,P0149,3,37.96,0.1
L0008083,O003225,P0134,2,45.14,0.0
L0008084,O003226,P0068,3,271.68,0.05
L0008085,O003227,P0120,1,215.39,0.0
L0008086,O003227,P0020,2,41.03,0.1
L0008087,O003227,P0118,3,218.87,0.0
L0008088,O003228,P0130,2,31.94,0.2
L0008089,O003228,P0052,3,187.42,0.0
L0008090,O003229,P0088,1,62.88,0.0
L0008091,O003230,P0090,3,129.14,0.05
L0008092,O003230,P0036,3,46.92,0.1
L0008093,O003231,P0169,2,103.57,0.0
L0008094,O003231,P0075,3,80.69,0.05
L0008095,O003232,P0100,1,74.79,0.1
L0008096,O003232,P0166,2,178.94,0.1
L0008097,O003233,P0021,2,71.03,0.0
L0008098,O003233,P0170,1,254.85,0.0
L0008099,O003234,P0095,2,235.41,0.15
L0008100,O003234,P0170,3,254.85,0.0
L0008101,O003235,P0056,2,331.8,0.0
L0008102,O003235,P0156,1,298.56,0.0
L0008103,O003235,P0047,1,54.73,0.0
L0008104,O003235,P0035,3,114.37,0.1
L0008105,O003236,P0111,3,272.98,0.1
L0008106,O003237,P0068,3,257.38,0.1
L0008107,O003237,P0012,1,63.35,0.0
L0008108,O003237,P0169,1,93.21,0.1
L0008109,O003238,P0116,1,330.95,0.0
L0008110,O003239,P0094,2,209.36,0.0
L0008111,O003239,P0029,1,226.17,0.0
L0008112,O003240,P0086,1,15.03,0.0
L0008113,O003240,P0099,3,305.45,0.1
L0008114,O003240,P0116,1,330.95,0.0
L0008115,O003240,P0176,3,223.57,0.0
L0008116,O003241,P0108,2,185.15,0.0
L0008117,O003242,P0148,3,111.56,0.1
L0008118,O003242,P0113,2,138.3,0.0
L0008119,O003242,P0028,1,146.26,0.1
L0008120,O003243,P0005,1,189.78,0.05
L0008121,O003244,P0151,1,210.56,0.1
L0008122,O003244,P0177,1,295.0,0.0
L0008123,O003245,P0134,1,45.14,0.0
L0008124,O003245,P0178,2,221.82,0.0
L0008125,O003245,P0023,2,157.4,0.0
L0008126,O003245,P0022,2,138.55,0.05
L0008127,O003246,P0101,3,349.83,0.0
L0008128,O003246,P0053,1,242.91,0.05
L0008129,O003247,P0045,2,308.07,0.0
L0008130,O003247,P0164,2,289.97,0.0
L0008131,O003248,P0018,3,166.39,0.05
L0008132,O003249,P0014,3,127.49,0.0
L0008133,O003249,P0154,1,277.51,0.0
L0008134,O003249,P0145,3,97.92,0.0
L0008135,O003249,P0076,3,99.18,0.0
L0008136,O003250,P0067,3,177.25,0.0
L0008137,O003251,P0137,2,43.25,0.15
L0008138,O003251,P0059,3,112.23,0.1
L0008139,O003251,P0095,1,276.95,0.0
L0008140,O003252,P0023,3,157.4,0.0
L0008141,O003252,P0058,2,292.88,0.05
L0008142,O003253,P0138,1,82.58,0.1
L0008143,O003253,P0158,2,73.76,0.0
L0008144,O003253,P0170,1,216.62,0.15
L0008145,O003253,P0094,1,209.36,0.0
L0008146,O003254,P0131,3,13.96,0.0
L0008147,O003254,P0136,1,46.17,0.0
L0008148,O003255,P0090,1,135.94,0.0
L0008149,O003255,P0157,2,252.75,0.0
L0008150,O003255,P0137,1,50.88,0.0
L0008151,O003255,P0175,3,60.92,0.0
L0008152,O003256,P0027,3,306.58,0.0
L0008153,O003257,P0124,2,65.45,0.05
L0008154,O003257,P0176,2,223.57,0.0
L0008155,O003257,P0141,1,287.24,0.1
L0008156,O003257,P0071,2,109.0,0.0
L0008157,O003258,P0123,3,259.82,0.1
L0008158,O003258,P0105,1,66.7,0.0
L0008159,O003258,P0117,2,244.09,0.0
L0008160,O003259,P0106,3,180.93,0.0
L0008161,O003259,P0078,3,300.83,0.1
L0008162,O003259,P0115,2,146.48,0.1
L0008163,O003259,P0108,1,185.15,0.0
L0008164,O003260,P0026,3,59.61,0.0
L0008165,O003260,P0125,1,81.6,0.15
L0008166,O003260,P0076,2,84.3,0.15
L0008167,O003261,P0062,3,167.61,0.0
L0008168,O003261,P0164,3,275.47,0.05
L0008169,O003261,P0174,3,182.95,0.15
L0008170,O003262,P0101,3,349.83,0.0
L0008171,O003262,P0058,1,262.05,0.15
L0008172,O003262,P0114,1,292.03,0.05
L0008173,O003263,P0020,3,45.59,0.0
L0008174,O003263,P0163,1,233.9,0.0
L0008175,O003263,P0077,1,300.52,0.0
L0008176,O003263,P0102,1,183.42,0.0
L0008177,O003264,P0085,3,280.68,0.1
L0008178,O003264,P0037,1,111.16,0.15
L0008179,O003264,P0078,2,334.26,0.0
L0008180,O003265,P0141,3,319.15,0.0
L0008181,O003265,P0174,2,182.95,0.15
L0008182,O003266,P0093,1,21.93,0.0
L0008183,O003266,P0050,3,198.45,0.0
L0008184,O003266,P0085,2,311.87,0.0
L0008185,O003267,P0120,3,215.39,0.0
L0008186,O003268,P0150,2,321.49,0.0
L0008187,O003268,P0119,3,247.16,0.0
L0008188,O003268,P0018,2,175.15,0.0
L0008189,O003269,P0163,3,187.12,0.2
L0008190,O003269,P0065,2,119.75,0.15
L0008191,O003269,P0012,2,57.02,0.1
L0008192,O003269,P0024,3,160.14,0.05
L0008193,O003270,P0013,1,38.39,0.0
L0008194,O003270,P0157,1,252.75,0.0
L0008195,O003270,P0072,2,91.39,0.1
L0008196,O003270,P0027,1,306.58,0.0
L0008197,O003271,P0140,1,154.35,0.0
L0008198,O003271,P0004,2,35.75,0.05
L0008199,O003271,P0105,1,66.7,0.0
L0008200,O003271,P0081,1,21.19,0.1
L0008201,O003272,P0114,1,276.66,0.1
L0008202,O003272,P0130,1,33.93,0.15
L0008203,O003272,P0004,1,31.99,0.15
L0008204,O003273,P0094,2,209.36,0.0
L0008205,O003274,P0054,2,183.99,0.2
L0008206,O003274,P0080,1,202.41,0.0
L0008207,O003274,P0021,3,71.03,0.0
L0008208,O003274,P0030,1,177.24,0.0
L0008209,O003275,P0043,1,236.89,0.05
L0008210,O003276,P0026,2,59.61,0.0
L0008211,O003276,P0072,3,96.47,0.05
L0008212,O003277,P0074,1,164.31,0.1
L0008213,O003278,P0035,1,127.08,0.0
L0008214,O003278,P0083,3,213.62,0.2
L0008215,O003278,P0110,3,242.05,0.05
L0008216,O003279,P0038,1,187.4,0.05
L0008217,O003279,P0042,2,107.66,0.0
L0008218,O003280,P0159,3,113.64,0.15
L0008219,O003281,P0001,3,256.68,0.0
L0008220,O003281,P0025,1,137.63,0.0
L0008221,O003281,P0058,3,308.29,0.0
L0008222,O003281,P0176,1,223.57,0.0
L0008223,O003282,P0028,3,162.51,0.0
L0008224,O003282,P0158,2,66.38,0.1
L0008225,O003282,P0065,1,126.79,0.1
L0008226,O003283,P0091,3,320.88,0.0
L0008227,O003283,P0059,2,112.23,0.1
L0008228,O003284,P0177,1,265.5,0.1
L0008229,O003284,P0070,1,217.65,0.1
L0008230,O003284,P0132,3,62.67,0.0
L0008231,O003284,P0012,1,63.35,0.0
L0008232,O003285,P0081,2,23.54,0.0
L0008233,O003285,P0009,1,266.23,0.05
L0008234,O003286,P0045,3,277.26,0.1
L0008235,O003287,P0146,2,265.53,0.05
L0008236,O003287,P0143,2,203.68,0.15
L0008237,O003288,P0055,1,14.16,0.0
L0008238,O003288,P0015,3,58.54,0.05
L0008239,O003289,P0010,3,98.2,0.05
L0008240,O003290,P0148,1,123.95,0.0
L0008241,O003290,P0046,2,341.88,0.0
L0008242,O003290,P0106,2,153.79,0.15
L0008243,O003291,P0159,1,127.01,0.05
L0008244,O003292,P0002,3,251.25,0.05
L0008245,O003292,P0083,1,240.32,0.1
L0008246,O003292,P0055,2,14.16,0.0
L0008247,O003292,P0094,1,209.36,0.0
L0008248,O003293,P0079,3,130.79,0.1
L0008249,O003294,P0044,2,265.56,0.0
L0008250,O003295,P0050,2,198.45,0.0
L0008251,O003296,P0082,1,92.41,0.0
L0008252,O003296,P0168,3,287.81,0.0
L0008253,O003297,P0145,2,93.02,0.05
L0008254,O003297,P0080,3,202.41,0.0
L0008255,O003297,P0092,1,308.09,0.0
L0008256,O003297,P0020,1,45.59,0.0
L0008257,O003298,P0005,1,189.78,0.05
L0008258,O003298,P0030,1,168.38,0.05
L0008259,O003299,P0055,2,12.74,0.1
L0008260,O003299,P0169,2,98.39,0.05
L0008261,O003299,P0129,1,127.39,0.0
L0008262,O003300,P0096,3,265.22,0.0
L0008263,O003300,P0099,1,305.45,0.1
L0008264,O003300,P0129,2,127.39,0.0
L0008265,O003300,P0063,3,148.61,0.0
L0008266,O003301,P0159,1,113.64,0.15
L0008267,O003301,P0084,2,259.34,0.0
L0008268,O003302,P0121,3,199.5,0.1
L0008269,O003302,P0101,2,297.36,0.15
L0008270,O003302,P0002,3,238.02,0.1
L0008271,O003303,P0134,2,38.37,0.15
L0008272,O003304,P0102,3,174.25,0.05
L0008273,O003304,P0161,1,52.17,0.05
L0008274,O003304,P0070,3,241.83,0.0
L0008275,O003305,P0066,2,285.17,0.05
L0008276,O003305,P0070,2,241.83,0.0
L0008277,O003305,P0005,2,179.79,0.1
L0008278,O003306,P0129,1,121.02,0.05
L0008279,O003306,P0156,3,298.56,0.0
L0008280,O003306,P0053,3,255.69,0.0
L0008281,O003307,P0055,2,13.45,0.05
L0008282,O003307,P0042,3,96.89,0.1
L0008283,O003307,P0166,3,198.82,0.0
L0008284,O003308,P0077,1,300.52,0.0
L0008285,O003308,P0076,2,79.34,0.2
L0008286,O003308,P0175,1,60.92,0.0
L0008287,O003308,P0110,3,254.79,0.0
L0008288,O003309,P0097,2,160.12,0.05
L0008289,O003309,P0014,2,114.74,0.1
L0008290,O003310,P0016,3,60.22,0.0
L0008291,O003310,P0179,2,142.6,0.0
L0008292,O003310,P0051,1,63.09,0.0
L0008293,O003311,P0088,1,56.59,0.1
L0008294,O003311,P0123,3,274.26,0.05
L0008295,O003311,P0105,3,66.7,0.0
L0008296,O003312,P0043,2,211.96,0.15
L0008297,O003312,P0111,3,272.98,0.1
L0008298,O003312,P0141,1,271.28,0.15
L0008299,O003312,P0150,3,321.49,0.0
L0008300,O003313,P0175,2,51.78,0.15
L0008301,O003313,P0035,1,108.02,0.15
L0008302,O003313,P0052,1,168.68,0.1
L0008303,O003314,P0063,2,133.75,0.1
L0008304,O003314,P0116,2,297.86,0.1
L0008305,O003315,P0059,3,106.0,0.15
L0008306,O003315,P0058,1,277.46,0.1
L0008307,O003315,P0098,3,80.03,0.0
L0008308,O003315,P0146,3,251.56,0.1
L0008309,O003316,P0157,2,252.75,0.0
L0008310,O003316,P0109,2,297.26,0.0
L0008311,O003317,P0069,1,57.35,0.05
L0008312,O003317,P0095,3,276.95,0.0
L0008313,O003317,P0087,1,97.26,0.0
L0008314,O003317,P0017,3,153.84,0.15
L0008315,O003318,P0130,3,35.93,0.1
L0008316,O003318,P0161,3,54.92,0.0
L0008317,O003319,P0054,2,229.99,0.0
L0008318,O003319,P0007,3,254.13,0.0
L0008319,O003320,P0168,2,287.81,0.0
L0008320,O003321,P0049,1,267.57,0.0
L0008321,O003322,P0017,3,153.84,0.15
L0008322,O003322,P0012,2,63.35,0.0
L0008323,O003323,P0052,2,187.42,0.0
L0008324,O003323,P0020,1,45.59,0.0
L0008325,O003324,P0058,3,308.29,0.0
L0008326,O003324,P0056,3,298.62,0.1
L0008327,O003325,P0163,1,233.9,0.0
L0008328,O003326,P0066,3,285.17,0.05
L0008329,O003326,P0146,3,279.51,0.0
L0008330,O003326,P0143,2,215.66,0.1
L0008331,O003326,P0030,2,177.24,0.0
L0008332,O003327,P0075,2,84.94,0.0
L0008333,O003327,P0016,3,60.22,0.0
L0008334,O003327,P0050,3,198.45,0.0
L0008335,O003327,P0020,2,45.59,0.0
L0008336,O003328,P0132,2,62.67,0.0
L0008337,O003328,P0173,2,150.45,0.15
L0008338,O003329,P0130,1,39.92,0.0
L0008339,O003329,P0009,2,280.24,0.0
L0008340,O003329,P0151,3,198.86,0.15
L0008341,O003329,P0153,3,130.06,0.05
L0008342,O003330,P0008,1,346.93,0.0
L0008343,O003330,P0006,1,122.4,0.0
L0008344,O003330,P0174,2,215.24,0.0
L0008345,O003331,P0150,2,273.27,0.15
L0008346,O003331,P0165,2,128.66,0.0
L0008347,O003332,P0059,1,124.7,0.0
L0008348,O003332,P0084,1,233.41,0.1
L0008349,O003332,P0161,1,54.92,0.0
L0008350,O003333,P0134,2,40.63,0.1
L0008351,O003333,P0032,3,140.53,0.1
L0008352,O003333,P0018,2,166.39,0.05
L0008353,O003334,P0093,1,21.93,0.0
L0008354,O003335,P0157,1,252.75,0.0
L0008355,O003335,P0154,3,277.51,0.0
L0008356,O003335,P0129,2,127.39,0.0
L0008357,O003335,P0039,3,309.36,0.0
L0008358,O003336,P0011,3,77.91,0.0
L0008359,O003336,P0060,3,275.74,0.0
L0008360,O003336,P0080,1,202.41,0.0
L0008361,O003336,P0074,1,182.57,0.0
L0008362,O003337,P0096,1,238.7,0.1
L0008363,O003337,P0092,1,308.09,0.0
L0008364,O003337,P0059,1,118.47,0.05
L0008365,O003338,P0053,3,217.34,0.15
L0008366,O003338,P0001,1,218.18,0.15
L0008367,O003338,P0034,2,181.72,0.0
L0008368,O003339,P0056,3,282.03,0.15
L0008369,O003339,P0178,3,221.82,0.0
L0008370,O003340,P0003,1,217.01,0.2
L0008371,O003340,P0028,3,162.51,0.0
L0008372,O003341,P0128,3,254.47,0.1
L0008373,O003341,P0012,1,63.35,0.0
L0008374,O003341,P0090,1,115.55,0.15
L0008375,O003342,P0028,2,138.13,0.15
L0008376,O003342,P0027,3,245.26,0.2
L0008377,O003342,P0099,1,322.42,0.05
L0008378,O003342,P0173,3,168.15,0.05
L0008379,O003343,P0175,2,60.92,0.0
L0008380,O003344,P0151,3,233.95,0.0
L0008381,O003345,P0110,2,229.31,0.1
L0008382,O003346,P0116,3,330.95,0.0
L0008383,O003347,P0132,1,62.67,0.0
L0008384,O003347,P0049,3,267.57,0.0
L0008385,O003347,P0092,3,277.28,0.1
L0008386,O003348,P0041,2,77.93,0.0
L0008387,O003348,P0100,2,83.1,0.0
L0008388,O003348,P0003,2,271.26,0.0
L0008389,O003348,P0109,3,297.26,0.0
L0008390,O003349,P0030,2,177.24,0.0
L0008391,O003349,P0034,1,154.46,0.15
L0008392,O003350,P0150,3,305.42,0.05
L0008393,O003350,P0173,1,177.0,0.0
L0008394,O003350,P0102,1,183.42,0.0
L0008395,O003351,P0114,3,292.03,0.05
L0008396,O003352,P0139,2,284.51,0.0
L0008397,O003352,P0138,2,91.75,0.0
L0008398,O003352,P0115,1,162.76,0.0
L0008399,O003353,P0128,2,254.47,0.1
L0008400,O003353,P0106,2,180.93,0.0
L0008401,O003354,P0068,3,271.68,0.05
L0008402,O003354,P0022,2,145.84,0.0
L0008403,O003354,P0087,2,87.53,0.1
L0008404,O003354,P0100,1,83.1,0.0
L0008405,O003355,P0111,2,303.31,0.0
L0008406,O003355,P0092,1,308.09,0.0
L0008407,O003355,P0058,1,308.29,0.0
L0008408,O003356,P0114,2,292.03,0.05
L0008409,O003356,P0050,1,188.53,0.05
L0008410,O003356,P0097,1,168.55,0.0
L0008411,O003356,P0055,2,14.16,0.0
L0008412,O003357,P0116,3,330.95,0.0
L0008413,O003357,P0085,1,311.87,0.0
L0008414,O003358,P0043,2,224.42,0.1
L0008415,O003358,P0089,3,12.19,0.0
L0008416,O003358,P0024,3,168.57,0.0
L0008417,O003359,P0175,3,60.92,0.0
L0008418,O003360,P0121,1,221.67,0.0
L0008419,O003361,P0056,3,331.8,0.0
L0008420,O003361,P0077,2,300.52,0.0
L0008421,O003361,P0040,1,223.84,0.1
L0008422,O003362,P0179,3,142.6,0.0
L0008423,O003362,P0172,2,49.86,0.0
L0008424,O003363,P0056,2,315.21,0.05
L0008425,O003363,P0046,3,341.88,0.0
L0008426,O003364,P0067,1,168.39,0.05
L0008427,O003365,P0156,2,298.56,0.0
L0008428,O003366,P0164,2,231.98,0.2
L0008429,O003366,P0102,3,165.08,0.1
L0008430,O003366,P0162,2,18.3,0.1
L0008431,O003366,P0073,1,263.38,0.0
L0008432,O003367,P0052,1,187.42,0.0
L0008433,O003367,P0161,3,49.43,0.1
L0008434,O003367,P0157,2,252.75,0.0
L0008435,O003368,P0047,2,43.78,0.2
L0008436,O003368,P0157,2,252.75,0.0
L0008437,O003368,P0088,3,62.88,0.0
L0008438,O003369,P0020,2,41.03,0.1
L0008439,O003369,P0178,3,199.64,0.1
L0008440,O003369,P0108,3,185.15,0.0
L0008441,O003369,P0078,3,334.26,0.0
L0008442,O003370,P0137,3,50.88,0.0
L0008443,O003371,P0005,1,199.77,0.0
L0008444,O003371,P0159,2,133.69,0.0
L0008445,O003371,P0064,2,321.5,0.0
L0008446,O003372,P0123,1,288.69,0.0
L0008447,O003373,P0170,2,229.37,0.1
L0008448,O003373,P0085,1,280.68,0.1
L0008449,O003373,P0103,1,81.38,0.2
L0008450,O003373,P0063,2,148.61,0.0
L0008451,O003374,P0044,2,265.56,0.0
L0008452,O003374,P0022,3,145.84,0.0
L0008453,O003375,P0156,3,298.56,0.0
L0008454,O003375,P0038,2,187.4,0.05
L0008455,O003376,P0127,1,85.43,0.1
L0008456,O003376,P0125,1,86.4,0.1
L0008457,O003376,P0160,1,125.44,0.2
L0008458,O003376,P0130,3,33.93,0.15
L0008459,O003377,P0056,1,331.8,0.0
L0008460,O003377,P0146,2,251.56,0.1
L0008461,O003377,P0001,3,256.68,0.0
L0008462,O003378,P0152,1,187.58,0.0
L0008463,O003378,P0001,3,256.68,0.0
L0008464,O003379,P0102,3,165.08,0.1
L0008465,O003379,P0066,2,300.18,0.0
L0008466,O003379,P0147,1,15.29,0.05
L0008467,O003379,P0059,2,112.23,0.1
L0008468,O003380,P0117,1,207.48,0.15
L0008469,O003380,P0161,1,54.92,0.0
L0008470,O003380,P0064,3,257.2,0.2
L0008471,O003380,P0006,3,110.16,0.1
L0008472,O003381,P0080,3,202.41,0.0
L0008473,O003381,P0073,1,263.38,0.0
L0008474,O003382,P0126,3,273.1,0.1
L0008475,O003382,P0111,1,257.81,0.15
L0008476,O003382,P0085,3,249.5,0.2
L0008477,O003382,P0067,3,159.53,0.1
L0008478,O003383,P0173,1,150.45,0.15
L0008479,O003383,P0179,1,128.34,0.1
L0008480,O003383,P0037,2,130.78,0.0
L0008481,O003383,P0168,3,287.81,0.0
L0008482,O003384,P0016,2,60.22,0.0
L0008483,O003384,P0044,3,265.56,0.0
L0008484,O003384,P0168,1,287.81,0.0
L0008485,O003385,P0154,1,277.51,0.0
L0008486,O003385,P0110,1,216.57,0.15
L0008487,O003385,P0027,2,245.26,0.2
L0008488,O003385,P0045,2,308.07,0.0
L0008489,O003386,P0065,2,126.79,0.1
L0008490,O003386,P0085,2,311.87,0.0
L0008491,O003387,P0143,1,239.62,0.0
L0008492,O003388,P0012,2,63.35,0.0
L0008493,O003388,P0093,1,20.83,0.05
L0008494,O003388,P0114,2,307.4,0.0
L0008495,O003388,P0011,1,70.12,0.1
L0008496,O003389,P0045,3,308.07,0.0
L0008497,O003389,P0161,1,52.17,0.05
L0008498,O003390,P0140,1,131.2,0.15
L0008499,O003390,P0059,3,118.47,0.05
L0008500,O003390,P0016,2,60.22,0.0
L0008501,O003390,P0093,3,18.64,0.15
L0008502,O003391,P0123,1,259.82,0.1
L0008503,O003392,P0040,2,248.71,0.0
L0008504,O003393,P0144,2,185.54,0.1
L0008505,O003393,P0167,3,162.27,0.0
L0008506,O003394,P0139,1,284.51,0.0
L0008507,O003394,P0021,1,71.03,0.0
L0008508,O003394,P0019,3,73.92,0.15
L0008509,O003395,P0001,3,256.68,0.0
L0008510,O003396,P0018,3,140.12,0.2
L0008511,O003396,P0069,1,57.35,0.05
L0008512,O003397,P0043,3,249.36,0.0
L0008513,O003397,P0007,3,216.01,0.15
L0008514,O003397,P0099,1,305.45,0.1
L0008515,O003398,P0157,3,214.84,0.15
L0008516,O003398,P0033,2,178.96,0.0
L0008517,O003398,P0141,3,287.24,0.1
L0008518,O003399,P0155,3,121.7,0.0
L0008519,O003399,P0126,3,288.27,0.05
L0008520,O003399,P0118,2,218.87,0.0
L0008521,O003399,P0105,1,63.37,0.05
L0008522,O003400,P0180,3,52.22,0.0
L0008523,O003400,P0066,1,285.17,0.05
L0008524,O003401,P0108,3,185.15,0.0
L0008525,O003401,P0073,2,263.38,0.0
L0008526,O003402,P0002,1,264.47,0.0
L0008527,O003402,P0062,3,167.61,0.0
L0008528,O003402,P0030,2,141.79,0.2
L0008529,O003403,P0116,1,330.95,0.0
L0008530,O003403,P0101,3,349.83,0.0
L0008531,O003403,P0057,2,52.58,0.15
L0008532,O003403,P0072,2,86.32,0.15
L0008533,O003404,P0045,3,308.07,0.0
L0008534,O003404,P0060,2,275.74,0.0
L0008535,O003404,P0152,3,187.58,0.0
L0008536,O003405,P0063,3,148.61,0.0
L0008537,O003405,P0114,3,307.4,0.0
L0008538,O003406,P0145,1,97.92,0.0
L0008539,O003406,P0022,2,131.26,0.1
L0008540,O003406,P0068,2,285.98,0.0
L0008541,O003406,P0134,3,45.14,0.0
L0008542,O003407,P0061,2,12.56,0.2
L0008543,O003407,P0088,2,50.3,0.2
L0008544,O003408,P0058,3,308.29,0.0
L0008545,O003409,P0148,2,123.95,0.0
L0008546,O003410,P0138,3,73.4,0.2
L0008547,O003410,P0082,2,83.17,0.1
L0008548,O003410,P0083,2,267.02,0.0
L0008549,O003410,P0145,2,97.92,0.0
L0008550,O003411,P0110,3,229.31,0.1
L0008551,O003411,P0123,3,288.69,0.0
L0008552,O003411,P0154,1,277.51,0.0
L0008553,O003412,P0055,1,14.16,0.0
L0008554,O003412,P0151,2,233.95,0.0
L0008555,O003413,P0071,3,109.0,0.0
L0008556,O003413,P0094,2,188.42,0.1
L0008557,O003413,P0137,2,50.88,0.0
L0008558,O003414,P0054,1,229.99,0.0
L0008559,O003414,P0108,2,166.64,0.1
L0008560,O003414,P0036,1,41.7,0.2
L0008561,O003415,P0112,3,33.12,0.05
L0008562,O003415,P0029,1,226.17,0.0
L0008563,O003415,P0152,3,187.58,0.0
L0008564,O003416,P0022,1,145.84,0.0
L0008565,O003417,P0076,2,89.26,0.1
L0008566,O003417,P0163,2,210.51,0.1
L0008567,O003418,P0021,1,71.03,0.0
L0008568,O003418,P0109,3,297.26,0.0
L0008569,O003419,P0096,3,251.96,0.05
L0008570,O003419,P0018,1,148.88,0.15
L0008571,O003419,P0116,1,330.95,0.0
L0008572,O003419,P0124,1,68.89,0.0
L0008573,O003420,P0157,1,214.84,0.15
L0008574,O003420,P0085,3,280.68,0.1
L0008575,O003420,P0083,3,240.32,0.1
L0008576,O003421,P0070,3,241.83,0.0
L0008577,O003421,P0126,2,303.44,0.0
L0008578,O003422,P0060,3,275.74,0.0
L0008579,O003422,P0083,2,267.02,0.0
L0008580,O003423,P0024,2,134.86,0.2
L0008581,O003423,P0045,3,277.26,0.1
L0008582,O003423,P0106,3,171.88,0.05
L0008583,O003423,P0040,2,248.71,0.0
L0008584,O003424,P0001,3,256.68,0.0
L0008585,O003424,P0030,1,177.24,0.0
L0008586,O003425,P0160,2,156.8,0.0
L0008587,O003425,P0135,2,252.6,0.0
L0008588,O003426,P0096,3,251.96,0.05
L0008589,O003426,P0104,3,22.8,0.1
L0008590,O003426,P0076,3,84.3,0.15
L0008591,O003427,P0148,3,123.95,0.0
L0008592,O003427,P0067,1,141.8,0.2
L0008593,O003428,P0105,2,66.7,0.0
L0008594,O003428,P0037,3,104.62,0.2
L0008595,O003428,P0007,2,203.3,0.2
L0008596,O003428,P0038,3,177.53,0.1
L0008597,O003429,P0044,1,265.56,0.0
L0008598,O003429,P0092,3,308.09,0.0
L0008599,O003430,P0139,2,284.51,0.0
L0008600,O003431,P0137,3,50.88,0.0
L0008601,O003431,P0105,2,63.37,0.05
L0008602,O003431,P0151,3,222.25,0.05
L0008603,O003432,P0147,2,15.29,0.05
L0008604,O003433,P0061,1,14.13,0.1
L0008605,O003433,P0177,2,250.75,0.15
L0008606,O003433,P0018,2,166.39,0.05
L0008607,O003434,P0156,2,298.56,0.0
L0008608,O003434,P0125,1,86.4,0.1
L0008609,O003434,P0179,2,142.6,0.0
L0008610,O003435,P0025,1,130.75,0.05
L0008611,O003435,P0113,2,138.3,0.0
L0008612,O003435,P0088,2,56.59,0.1
L0008613,O003436,P0094,1,209.36,0.0
L0008614,O003437,P0106,3,180.93,0.0
L0008615,O003437,P0166,1,198.82,0.0
L0008616,O003437,P0066,1,255.15,0.15
L0008617,O003437,P0013,1,36.47,0.05
L0008618,O003438,P0009,1,252.22,0.1
L0008619,O003439,P0043,3,236.89,0.05
L0008620,O003439,P0018,3,175.15,0.0
L0008621,O003439,P0054,3,229.99,0.0
L0008622,O003439,P0041,2,74.03,0.05
L0008623,O003440,P0012,2,63.35,0.0
L0008624,O003441,P0038,1,197.26,0.0
L0008625,O003441,P0089,2,12.19,0.0
L0008626,O003442,P0127,3,94.92,0.0
L0008627,O003443,P0032,1,148.34,0.05
L0008628,O003443,P0081,3,21.19,0.1
L0008629,O003443,P0118,1,196.98,0.1
L0008630,O003444,P0010,1,103.37,0.0
L0008631,O003444,P0060,2,275.74,0.0
L0008632,O003444,P0179,2,142.6,0.0
L0008633,O003445,P0180,3,52.22,0.0
L0008634,O003445,P0126,1,303.44,0.0
L0008635,O003446,P0161,3,49.43,0.1
L0008636,O003446,P0155,3,121.7,0.0
L0008637,O003446,P0047,2,54.73,0.0
L0008638,O003446,P0130,2,39.92,0.0
L0008639,O003447,P0094,1,209.36,0.0
L0008640,O003447,P0070,3,241.83,0.0
L0008641,O003447,P0061,3,14.13,0.1
L0008642,O003447,P0129,2,127.39,0.0
L0008643,O003448,P0164,1,289.97,0.0
L0008644,O003448,P0122,3,339.37,0.0
L0008645,O003449,P0039,3,309.36,0.0
L0008646,O003449,P0037,3,130.78,0.0
L0008647,O003450,P0026,2,59.61,0.0
L0008648,O003450,P0029,1,226.17,0.0
L0008649,O003450,P0180,1,44.39,0.15
L0008650,O003451,P0131,3,13.96,0.0
L0008651,O003452,P0083,2,267.02,0.0
L0008652,O003452,P0121,2,188.42,0.15
L0008653,O003452,P0116,2,297.86,0.1
L0008654,O003452,P0110,1,229.31,0.1
L0008655,O003453,P0027,1,275.92,0.1
L0008656,O003453,P0149,3,42.18,0.0
L0008657,O003453,P0037,2,130.78,0.0
L0008658,O003453,P0029,2,203.55,0.1
L0008659,O003454,P0099,3,339.39,0.0
L0008660,O003454,P0058,2,277.46,0.1
L0008661,O003454,P0175,1,60.92,0.0
L0008662,O003454,P0141,3,319.15,0.0
L0008663,O003455,P0016,1,60.22,0.0
L0008664,O003455,P0045,1,292.67,0.05
L0008665,O003456,P0097,3,168.55,0.0
L0008666,O003457,P0127,2,80.68,0.15
L0008667,O003457,P0033,1,178.96,0.0
L0008668,O003457,P0073,2,250.21,0.05
L0008669,O003458,P0121,3,221.67,0.0
L0008670,O003459,P0044,3,265.56,0.0
L0008671,O003459,P0112,2,29.63,0.15
L0008672,O003459,P0117,1,231.89,0.05
L0008673,O003460,P0080,2,192.29,0.05
L0008674,O003460,P0032,3,148.34,0.05
L0008675,O003460,P0026,2,59.61,0.0
L0008676,O003461,P0016,3,54.2,0.1
L0008677,O003461,P0147,3,14.49,0.1
L0008678,O003462,P0051,2,56.78,0.1
L0008679,O003462,P0059,3,118.47,0.05
L0008680,O003463,P0101,1,349.83,0.0
L0008681,O003463,P0142,3,69.25,0.1
L0008682,O003463,P0069,2,51.31,0.15
L0008683,O003464,P0092,3,292.69,0.05
L0008684,O003464,P0044,1,265.56,0.0
L0008685,O003464,P0144,2,185.54,0.1
L0008686,O003465,P0021,1,71.03,0.0
L0008687,O003466,P0094,3,209.36,0.0
L0008688,O003467,P0112,3,31.37,0.1
L0008689,O003468,P0025,1,116.99,0.15
L0008690,O003468,P0009,1,280.24,0.0
L0008691,O003468,P0141,3,271.28,0.15
L0008692,O003468,P0149,2,37.96,0.1
L0008693,O003469,P0044,2,265.56,0.0
L0008694,O003469,P0016,1,57.21,0.05
L0008695,O003469,P0097,1,160.12,0.05
L0008696,O003470,P0080,3,161.93,0.2
L0008697,O003470,P0033,1,161.06,0.1
L0008698,O003470,P0056,3,282.03,0.15
L0008699,O003471,P0110,1,229.31,0.1
L0008700,O003471,P0001,1,256.68,0.0
L0008701,O003472,P0054,3,195.49,0.15
L0008702,O003473,P0108,2,185.15,0.0
L0008703,O003473,P0133,1,44.12,0.0
L0008704,O003473,P0051,2,53.63,0.15
L0008705,O003473,P0115,1,162.76,0.0
L0008706,O003474,P0058,1,308.29,0.0
L0008707,O003474,P0102,3,146.74,0.2
L0008708,O003474,P0055,2,12.04,0.15
L0008709,O003474,P0162,1,20.33,0.0
L0008710,O003475,P0133,1,39.71,0.1
L0008711,O003476,P0119,1,247.16,0.0
L0008712,O003476,P0121,2,210.59,0.05
L0008713,O003477,P0153,1,136.91,0.0
L0008714,O003477,P0024,2,151.71,0.1
L0008715,O003478,P0023,2,149.53,0.05
L0008716,O003478,P0140,3,154.35,0.0
L0008717,O003479,P0078,2,300.83,0.1
L0008718,O003479,P0018,2,166.39,0.05
L0008719,O003479,P0171,2,79.25,0.1
L0008720,O003480,P0068,1,285.98,0.0
L0008721,O003480,P0176,2,223.57,0.0
L0008722,O003481,P0160,1,141.12,0.1
L0008723,O003481,P0117,2,195.27,0.2
L0008724,O003481,P0179,2,121.21,0.15
L0008725,O003482,P0162,1,20.33,0.0
L0008726,O003482,P0039,3,278.42,0.1
L0008727,O003482,P0009,1,252.22,0.1
L0008728,O003482,P0092,3,308.09,0.0
L0008729,O003483,P0036,3,44.31,0.15
L0008730,O003483,P0116,1,297.86,0.1
L0008731,O003483,P0031,1,272.21,0.0
L0008732,O003483,P0175,3,60.92,0.0
L0008733,O003484,P0145,2,97.92,0.0
L0008734,O003484,P0103,2,101.73,0.0
L0008735,O003485,P0138,2,91.75,0.0
L0008736,O003485,P0175,1,54.83,0.1
L0008737,O003485,P0180,3,52.22,0.0
L0008738,O003485,P0163,2,233.9,0.0
L0008739,O003486,P0035,3,127.08,0.0
L0008740,O003486,P0101,3,349.83,0.0
L0008741,O003486,P0159,3,133.69,0.0
L0008742,O003487,P0121,3,221.67,0.0
L0008743,O003487,P0087,3,77.81,0.2
L0008744,O003487,P0016,2,57.21,0.05
L0008745,O003488,P0041,1,66.24,0.15
L0008746,O003489,P0057,2,55.67,0.1
L0008747,O003489,P0151,3,233.95,0.0
L0008748,O003489,P0048,2,53.61,0.0
L0008749,O003489,P0086,3,15.03,0.0
L0008750,O003490,P0043,3,224.42,0.1
L0008751,O003491,P0126,2,303.44,0.0
L0008752,O003491,P0014,2,127.49,0.0
L0008753,O003491,P0147,3,13.69,0.15
L0008754,O003492,P0064,2,321.5,0.0
L0008755,O003492,P0090,3,135.94,0.0
L0008756,O003492,P0087,2,87.53,0.1
L0008757,O003492,P0105,1,66.7,0.0
L0008758,O003493,P0070,1,241.83,0.0
L0008759,O003493,P0128,2,282.75,0.0
L0008760,O003493,P0140,2,154.35,0.0
L0008761,O003493,P0174,2,215.24,0.0
L0008762,O003494,P0059,1,118.47,0.05
L0008763,O003494,P0009,1,266.23,0.05
L0008764,O003494,P0054,2,218.49,0.05
L0008765,O003494,P0012,2,53.85,0.15
L0008766,O003495,P0092,3,261.88,0.15
L0008767,O003495,P0158,1,59.01,0.2
L0008768,O003495,P0099,2,339.39,0.0
L0008769,O003495,P0005,3,199.77,0.0
L0008770,O003496,P0110,2,203.83,0.2
L0008771,O003496,P0051,3,63.09,0.0
L0008772,O003496,P0121,1,221.67,0.0
L0008773,O003497,P0043,3,224.42,0.1
L0008774,O003497,P0075,2,84.94,0.0
L0008775,O003497,P0036,3,46.92,0.1
L0008776,O003497,P0091,2,320.88,0.0
L0008777,O003498,P0107,3,281.85,0.1
L0008778,O003498,P0009,2,280.24,0.0
L0008779,O003498,P0031,3,258.6,0.05
L0008780,O003499,P0064,1,305.43,0.05
L0008781,O003499,P0062,3,150.85,0.1
L0008782,O003499,P0037,2,130.78,0.0
L0008783,O003499,P0016,2,60.22,0.0
L0008784,O003500,P0082,3,92.41,0.0
L0008785,O003500,P0169,3,93.21,0.1
L0008786,O003500,P0010,2,103.37,0.0
L0008787,O003500,P0002,3,264.47,0.0
L0008788,O003501,P0067,1,168.39,0.05
L0008789,O003502,P0011,2,77.91,0.0
L0008790,O003502,P0170,1,229.37,0.1
L0008791,O003502,P0142,3,73.09,0.05
L0008792,O003502,P0178,2,199.64,0.1
L0008793,O003503,P0166,3,178.94,0.1
L0008794,O003504,P0124,2,58.56,0.15
L0008795,O003504,P0028,1,162.51,0.0
L0008796,O003504,P0101,3,297.36,0.15
L0008797,O003505,P0092,2,308.09,0.0
L0008798,O003505,P0135,2,252.6,0.0
L0008799,O003506,P0045,2,308.07,0.0
L0008800,O003506,P0035,3,108.02,0.15
L0008801,O003506,P0098,2,80.03,0.0
L0008802,O003506,P0178,2,188.55,0.15
L0008803,O003507,P0121,3,210.59,0.05
L0008804,O003508,P0016,3,60.22,0.0
L0008805,O003508,P0051,3,53.63,0.15
L0008806,O003508,P0122,2,339.37,0.0
L0008807,O003509,P0108,3,148.12,0.2
L0008808,O003509,P0003,3,271.26,0.0
L0008809,O003509,P0140,1,123.48,0.2
L0008810,O003510,P0011,2,70.12,0.1
L0008811,O003510,P0075,1,72.2,0.15
L0008812,O003510,P0142,1,76.94,0.0
L0008813,O003510,P0098,3,80.03,0.0
L0008814,O003511,P0093,3,21.93,0.0
L0008815,O003511,P0155,3,121.7,0.0
L0008816,O003511,P0169,2,93.21,0.1
L0008817,O003511,P0152,3,187.58,0.0
L0008818,O003512,P0065,2,140.88,0.0
L0008819,O003513,P0037,2,130.78,0.0
L0008820,O003513,P0077,2,285.49,0.05
L0008821,O003514,P0075,3,72.2,0.15
L0008822,O003514,P0168,1,287.81,0.0
L0008823,O003514,P0171,2,88.06,0.0
L0008824,O003515,P0116,3,330.95,0.0
L0008825,O003515,P0058,1,308.29,0.0
L0008826,O003515,P0122,3,339.37,0.0
L0008827,O003516,P0042,3,91.51,0.15
L0008828,O003516,P0162,1,20.33,0.0
L0008829,O003516,P0168,2,259.03,0.1
L0008830,O003516,P0105,3,66.7,0.0
L0008831,O003517,P0148,1,123.95,0.0
L0008832,O003517,P0140,2,154.35,0.0
L0008833,O003518,P0101,1,297.36,0.15
L0008834,O003518,P0012,1,63.35,0.0
L0008835,O003518,P0033,1,152.12,0.15
L0008836,O003519,P0158,3,70.07,0.05
L0008837,O003519,P0035,1,127.08,0.0
L0008838,O003519,P0015,1,49.3,0.2
L0008839,O003520,P0056,2,331.8,0.0
L0008840,O003520,P0173,3,177.0,0.0
L0008841,O003520,P0107,1,313.17,0.0
L0008842,O003520,P0062,2,167.61,0.0
L0008843,O003521,P0005,3,179.79,0.1
L0008844,O003522,P0075,3,72.2,0.15
L0008845,O003523,P0103,2,101.73,0.0
L0008846,O003523,P0110,1,254.79,0.0
L0008847,O003524,P0003,3,271.26,0.0
L0008848,O003524,P0059,1,106.0,0.15
L0008849,O003524,P0167,3,154.16,0.05
L0008850,O003524,P0162,3,20.33,0.0
L0008851,O003525,P0112,3,29.63,0.15
L0008852,O003525,P0108,1,175.89,0.05
L0008853,O003525,P0032,2,156.15,0.0
L0008854,O003525,P0090,2,122.35,0.1
L0008855,O003526,P0094,1,198.89,0.05
L0008856,O003526,P0152,2,187.58,0.0
L0008857,O003526,P0175,2,60.92,0.0
L0008858,O003526,P0170,1,254.85,0.0
L0008859,O003527,P0165,3,115.79,0.1
L0008860,O003527,P0059,2,124.7,0.0
L0008861,O003527,P0062,2,150.85,0.1
L0008862,O003527,P0113,1,138.3,0.0
L0008863,O003528,P0080,3,172.05,0.15
L0008864,O003529,P0145,1,88.13,0.1
L0008865,O003529,P0089,3,12.19,0.0
L0008866,O003529,P0166,2,198.82,0.0
L0008867,O003530,P0118,3,218.87,0.0
L0008868,O003530,P0032,1,156.15,0.0
L0008869,O003530,P0090,3,122.35,0.1
L0008870,O003531,P0124,1,62.0,0.1
L0008871,O003531,P0113,2,138.3,0.0
L0008872,O003531,P0106,1,171.88,0.05
L0008873,O003531,P0174,2,215.24,0.0
L0008874,O003532,P0034,1,163.55,0.1
L0008875,O003532,P0160,1,156.8,0.0
L0008876,O003532,P0038,2,197.26,0.0
L0008877,O003532,P0066,2,300.18,0.0
L0008878,O003533,P0091,2,256.7,0.2
L0008879,O003533,P0052,1,187.42,0.0
L0008880,O003533,P0073,3,263.38,0.0
L0008881,O003533,P0123,1,288.69,0.0
L0008882,O003534,P0124,1,62.0,0.1
L0008883,O003535,P0071,1,109.0,0.0
L0008884,O003535,P0141,1,319.15,0.0
L0008885,O003535,P0177,3,236.0,0.2
L0008886,O003536,P0074,2,155.18,0.15
L0008887,O003536,P0101,3,349.83,0.0
L0008888,O003536,P0127,2,94.92,0.0
L0008889,O003537,P0026,1,50.67,0.15
L0008890,O003537,P0073,1,263.38,0.0
L0008891,O003537,P0018,1,175.15,0.0
L0008892,O003537,P0123,2,288.69,0.0
L0008893,O003538,P0063,2,126.32,0.15
L0008894,O003538,P0161,2,52.17,0.05
L0008895,O003538,P0031,3,272.21,0.0
L0008896,O003539,P0003,1,244.13,0.1
L0008897,O003539,P0015,3,49.3,0.2
L0008898,O003539,P0087,2,97.26,0.0
L0008899,O003539,P0067,1,177.25,0.0
L0008900,O003540,P0154,1,249.76,0.1
L0008901,O003540,P0092,3,308.09,0.0
L0008902,O003540,P0028,2,138.13,0.15
L0008903,O003540,P0094,2,177.96,0.15
L0008904,O003541,P0012,2,63.35,0.0
L0008905,O003541,P0172,3,42.38,0.15
L0008906,O003541,P0111,1,303.31,0.0
L0008907,O003542,P0171,3,88.06,0.0
L0008908,O003543,P0017,3,162.89,0.1
L0008909,O003543,P0118,1,218.87,0.0
L0008910,O003543,P0053,1,255.69,0.0
L0008911,O003543,P0070,1,217.65,0.1
L0008912,O003544,P0160,2,125.44,0.2
L0008913,O003544,P0040,2,248.71,0.0
L0008914,O003545,P0044,3,252.28,0.05
L0008915,O003545,P0040,3,223.84,0.1
L0008916,O003546,P0075,2,67.95,0.2
L0008917,O003546,P0085,2,311.87,0.0
L0008918,O003546,P0082,1,92.41,0.0
L0008919,O003546,P0090,1,122.35,0.1
L0008920,O003547,P0178,1,210.73,0.05
L0008921,O003547,P0045,1,292.67,0.05
L0008922,O003547,P0113,1,131.38,0.05
L0008923,O003548,P0173,2,159.3,0.1
L0008924,O003549,P0055,3,12.74,0.1
L0008925,O003549,P0148,3,123.95,0.0
L0008926,O003549,P0041,1,70.14,0.1
L0008927,O003550,P0030,2,177.24,0.0
L0008928,O003550,P0179,1,142.6,0.0
L0008929,O003550,P0067,3,159.53,0.1
L0008930,O003551,P0004,1,37.63,0.0
L0008931,O003551,P0128,1,282.75,0.0
L0008932,O003552,P0169,3,103.57,0.0
L0008933,O003552,P0023,1,141.66,0.1
L0008934,O003552,P0161,3,54.92,0.0
L0008935,O003552,P0108,3,175.89,0.05
L0008936,O003553,P0076,3,84.3,0.15
L0008937,O003553,P0054,1,229.99,0.0
L0008938,O003553,P0144,2,175.24,0.15
L0008939,O003554,P0119,2,247.16,0.0
L0008940,O003555,P0019,2,86.97,0.0
L0008941,O003556,P0180,3,52.22,0.0
L0008942,O003556,P0129,2,127.39,0.0
L0008943,O003557,P0056,1,315.21,0.05
L0008944,O003557,P0144,3,206.16,0.0
L0008945,O003557,P0006,2,116.28,0.05
L0008946,O003557,P0066,3,240.14,0.2
L0008947,O003558,P0082,1,92.41,0.0
L0008948,O003558,P0159,3,113.64,0.15
L0008949,O003558,P0065,2,126.79,0.1
L0008950,O003559,P0171,3,79.25,0.1
L0008951,O003559,P0095,2,276.95,0.0
L0008952,O003559,P0091,1,320.88,0.0
L0008953,O003560,P0065,1,140.88,0.0
L0008954,O003561,P0120,1,215.39,0.0
L0008955,O003561,P0056,2,331.8,0.0
L0008956,O003561,P0166,1,188.88,0.05
L0008957,O003562,P0095,2,221.56,0.2
L0008958,O003563,P0154,1,235.88,0.15
L0008959,O003563,P0133,2,37.5,0.15
L0008960,O003564,P0165,2,115.79,0.1
L0008961,O003564,P0147,3,13.69,0.15
L0008962,O003564,P0172,3,49.86,0.0
L0008963,O003564,P0110,2,254.79,0.0
L0008964,O003565,P0127,3,85.43,0.1
L0008965,O003565,P0095,2,221.56,0.2
L0008966,O003565,P0165,1,115.79,0.1
L0008967,O003566,P0038,2,197.26,0.0
L0008968,O003566,P0050,1,168.68,0.15
L0008969,O003567,P0175,2,51.78,0.15
L0008970,O003567,P0047,2,49.26,0.1
L0008971,O003567,P0147,3,15.29,0.05
L0008972,O003568,P0018,1,166.39,0.05
L0008973,O003568,P0142,3,73.09,0.05
L0008974,O003568,P0088,3,62.88,0.0
L0008975,O003569,P0096,2,265.22,0.0
L0008976,O003570,P0015,1,61.62,0.0
L0008977,O003570,P0167,2,162.27,0.0
L0008978,O003570,P0171,2,83.66,0.05
L0008979,O003570,P0176,1,223.57,0.0
L0008980,O003571,P0053,1,255.69,0.0
L0008981,O003572,P0065,1,133.84,0.05
L0008982,O003572,P0162,3,20.33,0.0
L0008983,O003573,P0124,1,55.11,0.2
L0008984,O003574,P0156,2,283.63,0.05
L0008985,O003574,P0031,1,231.38,0.15
L0008986,O003575,P0068,3,285.98,0.0
L0008987,O003575,P0175,1,57.87,0.05
L0008988,O003575,P0007,3,254.13,0.0
L0008989,O003575,P0162,1,20.33,0.0
L0008990,O003576,P0114,3,276.66,0.1
L0008991,O003576,P0124,2,65.45,0.05
L0008992,O003576,P0168,1,287.81,0.0
L0008993,O003576,P0006,3,104.04,0.15
L0008994,O003577,P0111,1,303.31,0.0
L0008995,O003578,P0045,3,308.07,0.0
L0008996,O003578,P0025,1,116.99,0.15
L0008997,O003579,P0099,3,322.42,0.05
L0008998,O003579,P0117,1,244.09,0.0
L0008999,O003579,P0173,1,177.0,0.0
L0009000,O003580,P0139,2,284.51,0.0
L0009001,O003580,P0076,3,94.22,0.05
L0009002,O003581,P0020,2,38.75,0.15
L0009003,O003581,P0128,1,226.2,0.2
L0009004,O003581,P0177,3,295.0,0.0
L0009005,O003582,P0173,3,177.0,0.0
L0009006,O003582,P0144,1,185.54,0.1
L0009007,O003582,P0087,1,87.53,0.1
L0009008,O003582,P0106,1,180.93,0.0
L0009009,O003583,P0170,3,254.85,0.0
L0009010,O003583,P0143,1,239.62,0.0
L0009011,O003583,P0065,1,140.88,0.0
L0009012,O003583,P0060,1,275.74,0.0
L0009013,O003584,P0102,1,155.91,0.15
L0009014,O003584,P0137,1,50.88,0.0
L0009015,O003584,P0011,1,77.91,0.0
L0009016,O003585,P0075,2,76.45,0.1
L0009017,O003586,P0100,2,83.1,0.0
L0009018,O003586,P0088,2,53.45,0.15
L0009019,O003586,P0164,1,260.97,0.1
L0009020,O003586,P0073,1,263.38,0.0
L0009021,O003587,P0101,1,349.83,0.0
L0009022,O003587,P0049,2,267.57,0.0
L0009023,O003587,P0005,2,189.78,0.05
L0009024,O003587,P0089,3,10.36,0.15
L0009025,O003588,P0124,2,62.0,0.1
L0009026,O003588,P0101,1,349.83,0.0
L0009027,O003588,P0068,1,257.38,0.1
L0009028,O003588,P0149,3,42.18,0.0
L0009029,O003589,P0023,3,141.66,0.1
L0009030,O003589,P0022,2,145.84,0.0
L0009031,O003590,P0165,1,115.79,0.1
L0009032,O003590,P0006,2,122.4,0.0
L0009033,O003590,P0093,2,21.93,0.0
L0009034,O003591,P0103,1,86.47,0.15
L0009035,O003591,P0127,1,85.43,0.1
L0009036,O003591,P0084,1,259.34,0.0
L0009037,O003592,P0097,1,160.12,0.05
L0009038,O003592,P0052,3,187.42,0.0
L0009039,O003592,P0111,3,257.81,0.15
L0009040,O003592,P0124,2,62.0,0.1
L0009041,O003593,P0023,1,157.4,0.0
L0009042,O003593,P0147,1,16.1,0.0
L0009043,O003593,P0093,2,19.74,0.1
L0009044,O003593,P0135,1,252.6,0.0
L0009045,O003594,P0065,1,126.79,0.1
L0009046,O003594,P0129,1,127.39,0.0
L0009047,O003594,P0078,3,284.12,0.15
L0009048,O003594,P0143,3,215.66,0.1
L0009049,O003595,P0074,3,182.57,0.0
L0009050,O003595,P0126,3,303.44,0.0
L0009051,O003596,P0068,2,257.38,0.1
L0009052,O003596,P0026,1,59.61,0.0
L0009053,O003596,P0083,1,213.62,0.2
L0009054,O003597,P0044,2,225.73,0.15
L0009055,O003598,P0076,1,99.18,0.0
L0009056,O003598,P0082,1,83.17,0.1
L0009057,O003599,P0110,1,229.31,0.1
L0009058,O003599,P0049,1,240.81,0.1
L0009059,O003599,P0152,3,168.82,0.1
L0009060,O003599,P0068,3,285.98,0.0
L0009061,O003600,P0100,3,74.79,0.1
L0009062,O003600,P0164,3,275.47,0.05
L0009063,O003600,P0045,1,277.26,0.1
L0009064,O003601,P0159,3,133.69,0.0
L0009065,O003601,P0141,3,287.24,0.1
L0009066,O003601,P0074,3,182.57,0.0
L0009067,O003601,P0088,3,59.74,0.05
L0009068,O003602,P0060,1,261.95,0.05
L0009069,O003602,P0025,2,130.75,0.05
L0009070,O003602,P0044,3,265.56,0.0
L0009071,O003603,P0165,3,128.66,0.0
L0009072,O003603,P0055,1,12.04,0.15
L0009073,O003604,P0040,2,248.71,0.0
L0009074,O003604,P0088,2,59.74,0.05
L0009075,O003604,P0176,1,223.57,0.0
L0009076,O003604,P0126,2,257.92,0.15
L0009077,O003605,P0123,3,288.69,0.0
L0009078,O003605,P0140,2,154.35,0.0
L0009079,O003606,P0044,2,265.56,0.0
L0009080,O003606,P0098,2,80.03,0.0
L0009081,O003606,P0082,2,92.41,0.0
L0009082,O003607,P0017,1,180.99,0.0
L0009083,O003607,P0114,3,307.4,0.0
L0009084,O003608,P0060,1,220.59,0.2
L0009085,O003608,P0174,1,215.24,0.0
L0009086,O003609,P0180,1,52.22,0.0
L0009087,O003609,P0086,1,12.78,0.15
L0009088,O003609,P0040,2,223.84,0.1
L0009089,O003610,P0006,3,122.4,0.0
L0009090,O003610,P0073,1,223.87,0.15
L0009091,O003610,P0170,3,242.11,0.05
L0009092,O003611,P0113,3,117.56,0.15
L0009093,O003611,P0046,3,307.69,0.1
L0009094,O003611,P0178,2,221.82,0.0
L0009095,O003611,P0073,1,263.38,0.0
L0009096,O003612,P0152,1,187.58,0.0
L0009097,O003612,P0150,3,257.19,0.2
L0009098,O003612,P0097,1,151.7,0.1
L0009099,O003612,P0045,1,308.07,0.0
L0009100,O003613,P0007,3,203.3,0.2
L0009101,O003613,P0131,2,13.96,0.0
L0009102,O003614,P0066,2,285.17,0.05
L0009103,O003614,P0153,1,136.91,0.0
L0009104,O003614,P0102,2,183.42,0.0
L0009105,O003615,P0049,1,267.57,0.0
L0009106,O003616,P0077,1,270.47,0.1
L0009107,O003616,P0028,3,154.38,0.05
L0009108,O003616,P0027,1,306.58,0.0
L0009109,O003616,P0115,2,162.76,0.0
L0009110,O003617,P0078,1,284.12,0.15
L0009111,O003617,P0121,2,188.42,0.15
L0009112,O003617,P0137,2,45.79,0.1
L0009113,O003617,P0007,2,216.01,0.15
L0009114,O003618,P0106,1,180.93,0.0
L0009115,O003619,P0123,1,259.82,0.1
L0009116,O003619,P0167,3,162.27,0.0
L0009117,O003619,P0065,1,140.88,0.0
L0009118,O003619,P0107,3,313.17,0.0
L0009119,O003620,P0019,2,86.97,0.0
L0009120,O003621,P0081,3,20.01,0.15
L0009121,O003621,P0039,1,247.49,0.2
L0009122,O003622,P0171,1,74.85,0.15
L0009123,O003623,P0079,2,116.26,0.2
L0009124,O003623,P0134,1,42.88,0.05
L0009125,O003624,P0058,1,308.29,0.0
L0009126,O003625,P0121,2,221.67,0.0
L0009127,O003625,P0148,3,123.95,0.0
L0009128,O003625,P0052,1,187.42,0.0
L0009129,O003625,P0114,1,276.66,0.1
L0009130,O003626,P0058,2,308.29,0.0
L0009131,O003626,P0060,1,220.59,0.2
L0009132,O003626,P0075,1,72.2,0.15
L0009133,O003627,P0077,1,255.44,0.15
L0009134,O003627,P0142,3,76.94,0.0
L0009135,O003627,P0108,3,185.15,0.0
L0009136,O003627,P0178,2,221.82,0.0
L0009137,O003628,P0136,2,46.17,0.0
L0009138,O003628,P0151,2,210.56,0.1
L0009139,O003629,P0104,2,25.33,0.0
L0009140,O003630,P0049,3,267.57,0.0
L0009141,O003630,P0141,2,271.28,0.15
L0009142,O003630,P0051,3,59.94,0.05
L0009143,O003630,P0056,3,331.8,0.0
L0009144,O003631,P0132,2,53.27,0.15
L0009145,O003631,P0011,2,77.91,0.0
L0009146,O003631,P0047,3,54.73,0.0
L0009147,O003631,P0120,3,215.39,0.0
L0009148,O003632,P0016,3,57.21,0.05
L0009149,O003633,P0106,1,180.93,0.0
L0009150,O003634,P0076,2,99.18,0.0
L0009151,O003634,P0130,3,35.93,0.1
L0009152,O003634,P0124,3,62.0,0.1
L0009153,O003635,P0152,1,187.58,0.0
L0009154,O003635,P0080,1,172.05,0.15
L0009155,O003635,P0116,3,314.4,0.05
L0009156,O003636,P0120,2,215.39,0.0
L0009157,O003637,P0122,2,305.43,0.1
L0009158,O003637,P0087,2,82.67,0.15
L0009159,O003637,P0138,2,87.16,0.05
L0009160,O003637,P0095,3,276.95,0.0
L0009161,O003638,P0174,3,215.24,0.0
L0009162,O003638,P0088,3,62.88,0.0
L0009163,O003638,P0013,2,38.39,0.0
L0009164,O003639,P0114,2,276.66,0.1
L0009165,O003639,P0055,3,12.74,0.1
L0009166,O003640,P0136,3,46.17,0.0
L0009167,O003640,P0065,2,126.79,0.1
L0009168,O003640,P0068,1,271.68,0.05
L0009169,O003641,P0074,1,164.31,0.1
L0009170,O003641,P0169,2,98.39,0.05
L0009171,O003641,P0048,2,50.93,0.05
L0009172,O003642,P0072,3,96.47,0.05
L0009173,O003642,P0176,3,201.21,0.1
L0009174,O003642,P0015,1,61.62,0.0
L0009175,O003643,P0142,2,76.94,0.0
L0009176,O003643,P0090,1,122.35,0.1
L0009177,O003643,P0083,3,240.32,0.1
L0009178,O003643,P0047,3,54.73,0.0
L0009179,O003644,P0160,3,141.12,0.1
L0009180,O003644,P0065,3,140.88,0.0
L0009181,O003644,P0042,1,91.51,0.15
L0009182,O003645,P0064,1,321.5,0.0
L0009183,O003645,P0172,2,44.87,0.1
L0009184,O003645,P0054,1,229.99,0.0
L0009185,O003645,P0019,2,78.27,0.1
L0009186,O003646,P0085,1,311.87,0.0
L0009187,O003646,P0131,1,12.56,0.1
L0009188,O003646,P0038,2,157.81,0.2
L0009189,O003647,P0080,2,182.17,0.1
L0009190,O003648,P0102,3,183.42,0.0
L0009191,O003648,P0138,1,77.99,0.15
L0009192,O003649,P0035,1,101.66,0.2
L0009193,O003649,P0118,3,196.98,0.1
L0009194,O003650,P0013,1,34.55,0.1
L0009195,O003651,P0055,3,13.45,0.05
L0009196,O003651,P0039,1,278.42,0.1
L0009197,O003651,P0062,2,167.61,0.0
L0009198,O003652,P0042,1,107.66,0.0
L0009199,O003652,P0119,2,234.8,0.05
L0009200,O003652,P0137,2,50.88,0.0
L0009201,O003652,P0091,3,304.84,0.05
L0009202,O003653,P0130,3,33.93,0.15
L0009203,O003653,P0021,3,60.38,0.15
L0009204,O003654,P0082,1,92.41,0.0
L0009205,O003654,P0075,2,76.45,0.1
L0009206,O003654,P0026,3,56.63,0.05
L0009207,O003655,P0035,2,127.08,0.0
L0009208,O003655,P0104,2,22.8,0.1
L0009209,O003655,P0070,3,241.83,0.0
L0009210,O003655,P0173,2,168.15,0.05
L0009211,O003656,P0149,2,40.07,0.05
L0009212,O003656,P0038,2,197.26,0.0
L0009213,O003656,P0158,3,70.07,0.05
L0009214,O003657,P0015,2,55.46,0.1
L0009215,O003658,P0128,3,282.75,0.0
L0009216,O003658,P0130,3,39.92,0.0
L0009217,O003659,P0036,2,52.13,0.0
L0009218,O003659,P0081,1,23.54,0.0
L0009219,O003659,P0076,1,94.22,0.05
L0009220,O003659,P0178,3,221.82,0.0
L0009221,O003660,P0172,3,49.86,0.0
L0009222,O003660,P0067,1,177.25,0.0
L0009223,O003661,P0034,3,172.63,0.05
L0009224,O003661,P0180,3,52.22,0.0
L0009225,O003662,P0167,3,162.27,0.0
L0009226,O003663,P0003,2,257.7,0.05
L0009227,O003664,P0164,2,289.97,0.0
L0009228,O003664,P0053,3,204.55,0.2
L0009229,O003665,P0083,3,267.02,0.0
L0009230,O003665,P0034,1,181.72,0.0
L0009231,O003666,P0170,3,229.37,0.1
L0009232,O003666,P0104,2,25.33,0.0
L0009233,O003666,P0066,1,300.18,0.0
L0009234,O003666,P0035,3,127.08,0.0
L0009235,O003667,P0180,2,47.0,0.1
L0009236,O003668,P0130,2,37.92,0.05
L0009237,O003668,P0171,1,88.06,0.0
L0009238,O003669,P0036,3,52.13,0.0
L0009239,O003669,P0104,1,25.33,0.0
L0009240,O003670,P0032,2,140.53,0.1
L0009241,O003670,P0132,2,59.54,0.05
L0009242,O003671,P0107,2,313.17,0.0
L0009243,O003671,P0041,3,77.93,0.0
L0009244,O003672,P0059,3,124.7,0.0
L0009245,O003672,P0116,2,330.95,0.0
L0009246,O003673,P0031,3,272.21,0.0
L0009247,O003673,P0105,3,63.37,0.05
L0009248,O003673,P0079,2,145.32,0.0
L0009249,O003674,P0082,3,92.41,0.0
L0009250,O003674,P0101,2,332.34,0.05
L0009251,O003674,P0135,2,239.97,0.05
L0009252,O003674,P0087,3,87.53,0.1
L0009253,O003675,P0177,2,295.0,0.0
L0009254,O003675,P0111,3,242.65,0.2
L0009255,O003675,P0125,3,96.0,0.0
L0009256,O003676,P0037,2,130.78,0.0
L0009257,O003677,P0085,2,280.68,0.1
L0009258,O003677,P0146,3,279.51,0.0
L0009259,O003677,P0124,2,65.45,0.05
L0009260,O003677,P0027,3,275.92,0.1
L0009261,O003678,P0011,3,77.91,0.0
L0009262,O003678,P0054,2,218.49,0.05
L0009263,O003678,P0057,3,55.67,0.1
L0009264,O003678,P0065,2,140.88,0.0
L0009265,O003679,P0100,1,83.1,0.0
L0009266,O003679,P0090,1,135.94,0.0
L0009267,O003679,P0075,3,84.94,0.0
L0009268,O003680,P0014,1,114.74,0.1
L0009269,O003680,P0044,1,252.28,0.05
L0009270,O003681,P0112,2,33.12,0.05
L0009271,O003681,P0105,2,60.03,0.1
L0009272,O003681,P0157,3,252.75,0.0
L0009273,O003682,P0110,2,242.05,0.05
L0009274,O003682,P0061,1,13.34,0.15
L0009275,O003683,P0179,2,114.08,0.2
L0009276,O003683,P0108,2,185.15,0.0
L0009277,O003684,P0163,2,233.9,0.0
L0009278,O003684,P0063,2,133.75,0.1
L0009279,O003685,P0078,1,300.83,0.1
L0009280,O003686,P0149,3,42.18,0.0
L0009281,O003686,P0097,3,160.12,0.05
L0009282,O003687,P0157,3,252.75,0.0
L0009283,O003687,P0044,3,265.56,0.0
L0009284,O003687,P0065,2,140.88,0.0
L0009285,O003687,P0033,3,152.12,0.15
L0009286,O003688,P0031,3,272.21,0.0
L0009287,O003688,P0065,3,133.84,0.05
L0009288,O003688,P0173,1,177.0,0.0
L0009289,O003689,P0134,3,38.37,0.15
L0009290,O003689,P0079,3,145.32,0.0
L0009291,O003690,P0165,2,128.66,0.0
L0009292,O003691,P0093,2,21.93,0.0
L0009293,O003691,P0111,3,303.31,0.0
L0009294,O003691,P0043,2,249.36,0.0
L0009295,O003691,P0067,2,177.25,0.0
L0009296,O003692,P0043,3,249.36,0.0
L0009297,O003692,P0085,1,296.28,0.05
L0009298,O003692,P0177,3,295.0,0.0
L0009299,O003693,P0103,2,101.73,0.0
L0009300,O003694,P0106,3,153.79,0.15
L0009301,O003694,P0017,1,180.99,0.0
L0009302,O003694,P0179,3,128.34,0.1
L0009303,O003694,P0133,2,44.12,0.0
L0009304,O003695,P0038,2,197.26,0.0
L0009305,O003695,P0089,2,12.19,0.0
L0009306,O003696,P0062,3,167.61,0.0
L0009307,O003696,P0141,2,319.15,0.0
L0009308,O003696,P0037,1,124.24,0.05
L0009309,O003696,P0137,2,50.88,0.0
L0009310,O003697,P0036,3,49.52,0.05
L0009311,O003697,P0008,2,346.93,0.0
L0009312,O003698,P0054,1,218.49,0.05
L0009313,O003698,P0105,1,66.7,0.0
L0009314,O003699,P0023,1,157.4,0.0
L0009315,O003700,P0146,1,279.51,0.0
L0009316,O003700,P0127,3,85.43,0.1
L0009317,O003701,P0170,3,216.62,0.15
L0009318,O003702,P0158,3,70.07,0.05
L0009319,O003702,P0178,2,221.82,0.0
L0009320,O003702,P0180,1,52.22,0.0
L0009321,O003703,P0141,3,319.15,0.0
L0009322,O003703,P0123,1,288.69,0.0
L0009323,O003703,P0122,3,322.4,0.05
L0009324,O003703,P0059,1,118.47,0.05
L0009325,O003704,P0028,2,162.51,0.0
L0009326,O003704,P0096,3,265.22,0.0
L0009327,O003704,P0070,1,241.83,0.0
L0009328,O003704,P0042,2,102.28,0.05
L0009329,O003705,P0129,1,114.65,0.1
L0009330,O003705,P0177,3,295.0,0.0
L0009331,O003705,P0153,1,136.91,0.0
L0009332,O003705,P0126,2,288.27,0.05
L0009333,O003706,P0016,3,54.2,0.1
L0009334,O003706,P0052,2,178.05,0.05
L0009335,O003706,P0062,2,167.61,0.0
L0009336,O003707,P0081,2,23.54,0.0
L0009337,O003707,P0071,2,109.0,0.0
L0009338,O003707,P0026,3,53.65,0.1
L0009339,O003707,P0106,1,162.84,0.1
L0009340,O003708,P0134,2,45.14,0.0
L0009341,O003708,P0138,3,91.75,0.0
L0009342,O003709,P0112,1,34.86,0.0
L0009343,O003710,P0050,1,198.45,0.0
L0009344,O003710,P0068,1,243.08,0.15
L0009345,O003710,P0078,3,334.26,0.0
L0009346,O003710,P0011,3,77.91,0.0
L0009347,O003711,P0057,1,61.86,0.0
L0009348,O003711,P0021,1,71.03,0.0
L0009349,O003712,P0125,1,96.0,0.0
L0009350,O003712,P0115,1,162.76,0.0
L0009351,O003712,P0161,1,54.92,0.0
L0009352,O003712,P0060,3,275.74,0.0
L0009353,O003713,P0006,3,110.16,0.1
L0009354,O003713,P0060,1,220.59,0.2
L0009355,O003714,P0173,3,177.0,0.0
L0009356,O003714,P0050,3,198.45,0.0
L0009357,O003715,P0042,2,107.66,0.0
L0009358,O003715,P0074,1,182.57,0.0
L0009359,O003716,P0071,1,109.0,0.0
L0009360,O003716,P0058,2,308.29,0.0
L0009361,O003716,P0055,2,14.16,0.0
L0009362,O003716,P0086,1,12.78,0.15
L0009363,O003717,P0114,3,307.4,0.0
L0009364,O003718,P0119,2,210.09,0.15
L0009365,O003718,P0130,2,39.92,0.0
L0009366,O003718,P0011,2,74.01,0.05
L0009367,O003718,P0012,3,63.35,0.0
L0009368,O003719,P0023,2,149.53,0.05
L0009369,O003720,P0129,2,127.39,0.0
L0009370,O003720,P0160,1,156.8,0.0
L0009371,O003720,P0076,3,79.34,0.2
L0009372,O003721,P0099,2,271.51,0.2
L0009373,O003721,P0026,3,59.61,0.0
L0009374,O003721,P0158,3,73.76,0.0
L0009375,O003722,P0160,3,156.8,0.0
L0009376,O003722,P0112,1,29.63,0.15
L0009377,O003723,P0019,2,82.62,0.05
L0009378,O003724,P0043,1,249.36,0.0
L0009379,O003724,P0032,1,156.15,0.0
L0009380,O003724,P0029,3,180.94,0.2
L0009381,O003725,P0151,2,233.95,0.0
L0009382,O003726,P0051,1,56.78,0.1
L0009383,O003726,P0040,3,236.27,0.05
L0009384,O003726,P0081,1,23.54,0.0
L0009385,O003727,P0007,1,254.13,0.0
L0009386,O003727,P0147,3,16.1,0.0
L0009387,O003728,P0011,1,66.22,0.15
L0009388,O003729,P0039,3,262.96,0.15
L0009389,O003730,P0160,2,156.8,0.0
L0009390,O003730,P0100,1,83.1,0.0
L0009391,O003730,P0083,2,253.67,0.05
L0009392,O003731,P0070,3,241.83,0.0
L0009393,O003732,P0173,2,150.45,0.15
L0009394,O003733,P0055,2,12.74,0.1
L0009395,O003733,P0013,3,36.47,0.05
L0009396,O003733,P0125,3,96.0,0.0
L0009397,O003733,P0157,3,227.47,0.1
L0009398,O003734,P0088,1,62.88,0.0
L0009399,O003734,P0037,2,130.78,0.0
L0009400,O003734,P0040,1,248.71,0.0
L0009401,O003734,P0169,3,93.21,0.1
L0009402,O003735,P0131,3,13.96,0.0
L0009403,O003735,P0148,3,123.95,0.0
L0009404,O003736,P0140,3,154.35,0.0
L0009405,O003736,P0041,1,66.24,0.15
L0009406,O003737,P0102,2,183.42,0.0
L0009407,O003737,P0130,1,39.92,0.0
L0009408,O003737,P0126,2,242.75,0.2
L0009409,O003738,P0128,2,282.75,0.0
L0009410,O003738,P0169,1,103.57,0.0
L0009411,O003738,P0154,1,263.63,0.05
L0009412,O003738,P0151,1,198.86,0.15
L0009413,O003739,P0172,3,47.37,0.05
L0009414,O003739,P0024,2,168.57,0.0
L0009415,O003740,P0171,1,88.06,0.0
L0009416,O003740,P0128,1,268.61,0.05
L0009417,O003740,P0007,1,216.01,0.15
L0009418,O003741,P0087,1,87.53,0.1
L0009419,O003741,P0027,2,306.58,0.0
L0009420,O003741,P0070,1,205.56,0.15
L0009421,O003741,P0100,1,78.94,0.05
L0009422,O003742,P0020,2,36.47,0.2
L0009423,O003742,P0051,3,59.94,0.05
L0009424,O003743,P0005,3,199.77,0.0
L0009425,O003743,P0131,1,13.96,0.0
L0009426,O003743,P0023,3,149.53,0.05
L0009427,O003744,P0140,3,123.48,0.2
L0009428,O003745,P0178,3,221.82,0.0
L0009429,O003746,P0071,1,103.55,0.05
L0009430,O003746,P0080,1,192.29,0.05
L0009431,O003746,P0081,1,21.19,0.1
L0009432,O003746,P0009,2,224.19,0.2
L0009433,O003747,P0077,1,285.49,0.05
L0009434,O003747,P0042,2,96.89,0.1
L0009435,O003748,P0011,1,77.91,0.0
L0009436,O003748,P0093,2,21.93,0.0
L0009437,O003749,P0158,3,73.76,0.0
L0009438,O003749,P0022,1,145.84,0.0
L0009439,O003749,P0005,3,189.78,0.05
L0009440,O003749,P0145,2,97.92,0.0
L0009441,O003750,P0094,3,209.36,0.0
L0009442,O003751,P0028,3,146.26,0.1
L0009443,O003752,P0079,3,130.79,0.1
L0009444,O003752,P0175,3,57.87,0.05
L0009445,O003752,P0142,2,76.94,0.0
L0009446,O003753,P0090,2,135.94,0.0
L0009447,O003753,P0018,2,175.15,0.0
L0009448,O003754,P0069,3,60.37,0.0
L0009449,O003755,P0132,3,62.67,0.0
L0009450,O003755,P0066,1,270.16,0.1
L0009451,O003755,P0029,2,214.86,0.05
L0009452,O003755,P0161,1,54.92,0.0
L0009453,O003756,P0115,1,162.76,0.0
L0009454,O003757,P0041,3,77.93,0.0
L0009455,O003757,P0055,3,13.45,0.05
L0009456,O003758,P0144,2,206.16,0.0
L0009457,O003758,P0079,1,145.32,0.0
L0009458,O003758,P0167,1,154.16,0.05
L0009459,O003759,P0109,3,297.26,0.0
L0009460,O003759,P0021,2,71.03,0.0
L0009461,O003759,P0089,1,11.58,0.05
L0009462,O003759,P0071,1,87.2,0.2
L0009463,O003760,P0015,3,61.62,0.0
L0009464,O003761,P0082,3,87.79,0.05
L0009465,O003761,P0036,1,52.13,0.0
L0009466,O003761,P0125,2,86.4,0.1
L0009467,O003762,P0173,2,177.0,0.0
L0009468,O003762,P0110,3,254.79,0.0
L0009469,O003762,P0050,3,198.45,0.0
L0009470,O003763,P0085,3,311.87,0.0
L0009471,O003763,P0178,3,210.73,0.05
L0009472,O003763,P0113,3,131.38,0.05
L0009473,O003764,P0069,3,60.37,0.0
L0009474,O003764,P0165,3,109.36,0.15
L0009475,O003764,P0039,3,309.36,0.0
L0009476,O003765,P0002,3,264.47,0.0
L0009477,O003765,P0086,1,14.28,0.05
L0009478,O003766,P0034,1,181.72,0.0
L0009479,O003767,P0059,2,124.7,0.0
L0009480,O003767,P0051,1,63.09,0.0
L0009481,O003767,P0131,3,12.56,0.1
L0009482,O003767,P0172,3,42.38,0.15
L0009483,O003768,P0121,2,221.67,0.0
L0009484,O003769,P0171,1,88.06,0.0
L0009485,O003769,P0031,1,258.6,0.05
L0009486,O003770,P0164,1,289.97,0.0
L0009487,O003770,P0130,1,39.92,0.0
L0009488,O003770,P0019,3,86.97,0.0
L0009489,O003771,P0123,2,288.69,0.0
L0009490,O003772,P0140,1,154.35,0.0
L0009491,O003772,P0062,3,167.61,0.0
L0009492,O003773,P0109,2,237.81,0.2
L0009493,O003773,P0096,3,265.22,0.0
L0009494,O003773,P0119,3,247.16,0.0
L0009495,O003773,P0174,2,204.48,0.05
L0009496,O003774,P0007,1,228.72,0.1
L0009497,O003774,P0079,3,145.32,0.0
L0009498,O003774,P0149,3,42.18,0.0
L0009499,O003775,P0172,2,42.38,0.15
L0009500,O003776,P0140,1,154.35,0.0
L0009501,O003776,P0122,2,305.43,0.1
L0009502,O003777,P0136,1,39.24,0.15
L0009503,O003778,P0058,1,277.46,0.1
L0009504,O003778,P0087,1,87.53,0.1
L0009505,O003778,P0178,1,199.64,0.1
L0009506,O003779,P0087,3,97.26,0.0
L0009507,O003779,P0068,3,285.98,0.0
L0009508,O003780,P0117,1,244.09,0.0
L0009509,O003781,P0033,2,178.96,0.0
L0009510,O003781,P0090,2,135.94,0.0
L0009511,O003781,P0005,2,169.8,0.15
L0009512,O003782,P0042,3,107.66,0.0
L0009513,O003782,P0152,3,159.44,0.15
L0009514,O003782,P0038,2,157.81,0.2
L0009515,O003782,P0125,2,96.0,0.0
L0009516,O003783,P0152,2,159.44,0.15
L0009517,O003784,P0137,2,45.79,0.1
L0009518,O003784,P0160,1,133.28,0.15
L0009519,O003784,P0063,2,148.61,0.0
L0009520,O003785,P0105,2,63.37,0.05
L0009521,O003786,P0051,3,63.09,0.0
L0009522,O003786,P0085,1,311.87,0.0
L0009523,O003786,P0068,1,285.98,0.0
L0009524,O003786,P0077,2,270.47,0.1
L0009525,O003787,P0149,2,42.18,0.0
L0009526,O003788,P0093,3,18.64,0.15
L0009527,O003788,P0051,2,53.63,0.15
L0009528,O003788,P0154,2,222.01,0.2
L0009529,O003788,P0164,1,289.97,0.0
L0009530,O003789,P0005,2,189.78,0.05
L0009531,O003789,P0169,1,103.57,0.0
L0009532,O003789,P0145,2,97.92,0.0
L0009533,O003790,P0123,3,288.69,0.0
L0009534,O003790,P0150,2,321.49,0.0
L0009535,O003790,P0009,1,266.23,0.05
L0009536,O003790,P0036,1,46.92,0.1
L0009537,O003791,P0112,2,31.37,0.1
L0009538,O003791,P0103,2,101.73,0.0
L0009539,O003791,P0175,1,60.92,0.0
L0009540,O003791,P0070,3,217.65,0.1
L0009541,O003792,P0159,1,133.69,0.0
L0009542,O003792,P0062,2,167.61,0.0
L0009543,O003792,P0145,3,83.23,0.15
L0009544,O003792,P0163,2,233.9,0.0
L0009545,O003793,P0032,1,140.53,0.1
L0009546,O003793,P0118,2,175.1,0.2
L0009547,O003794,P0099,1,339.39,0.0
L0009548,O003794,P0144,2,206.16,0.0
L0009549,O003794,P0013,1,30.71,0.2
L0009550,O003794,P0077,3,270.47,0.1
L0009551,O003795,P0050,2,198.45,0.0
L0009552,O003795,P0113,2,124.47,0.1
L0009553,O003795,P0092,3,308.09,0.0
L0009554,O003796,P0113,1,117.56,0.15
L0009555,O003796,P0136,1,46.17,0.0
L0009556,O003797,P0002,1,264.47,0.0
L0009557,O003798,P0177,3,295.0,0.0
L0009558,O003798,P0099,2,339.39,0.0
L0009559,O003798,P0087,1,77.81,0.2
L0009560,O003798,P0123,2,288.69,0.0
L0009561,O003799,P0093,2,18.64,0.15
L0009562,O003799,P0098,1,80.03,0.0
L0009563,O003799,P0053,1,230.12,0.1
L0009564,O003799,P0107,1,313.17,0.0
L0009565,O003800,P0098,3,72.03,0.1
L0009566,O003801,P0043,1,249.36,0.0
L0009567,O003801,P0089,1,12.19,0.0
L0009568,O003801,P0025,2,137.63,0.0
L0009569,O003802,P0085,3,296.28,0.05
L0009570,O003802,P0006,3,110.16,0.1
L0009571,O003802,P0014,2,127.49,0.0
L0009572,O003802,P0028,2,162.51,0.0
L0009573,O003803,P0044,1,265.56,0.0
L0009574,O003803,P0134,1,45.14,0.0
L0009575,O003804,P0066,1,300.18,0.0
L0009576,O003804,P0002,1,211.58,0.2
L0009577,O003804,P0099,1,339.39,0.0
L0009578,O003805,P0102,3,146.74,0.2
L0009579,O003806,P0048,2,53.61,0.0
L0009580,O003806,P0055,2,12.04,0.15
L0009581,O003806,P0064,1,321.5,0.0
L0009582,O003806,P0147,1,12.88,0.2
L0009583,O003807,P0179,2,121.21,0.15
L0009584,O003808,P0042,2,86.13,0.2
L0009585,O003808,P0058,3,246.63,0.2
L0009586,O003808,P0157,3,227.47,0.1
L0009587,O003809,P0085,1,296.28,0.05
L0009588,O003809,P0008,2,329.58,0.05
L0009589,O003809,P0048,3,53.61,0.0
L0009590,O003810,P0170,2,216.62,0.15
L0009591,O003810,P0055,2,12.74,0.1
L0009592,O003811,P0079,1,145.32,0.0
L0009593,O003811,P0047,1,54.73,0.0
L0009594,O003811,P0025,1,137.63,0.0
L0009595,O003812,P0023,1,157.4,0.0
L0009596,O003813,P0061,1,14.13,0.1
L0009597,O003814,P0071,2,98.1,0.1
L0009598,O003814,P0139,1,241.83,0.15
L0009599,O003814,P0160,2,156.8,0.0
L0009600,O003815,P0133,3,39.71,0.1
L0009601,O003815,P0094,3,209.36,0.0
L0009602,O003815,P0012,2,63.35,0.0
L0009603,O003816,P0048,3,53.61,0.0
L0009604,O003816,P0070,2,241.83,0.0
L0009605,O003816,P0149,2,42.18,0.0
L0009606,O003817,P0169,1,98.39,0.05
L0009607,O003818,P0019,2,86.97,0.0
L0009608,O003818,P0037,3,130.78,0.0
L0009609,O003818,P0156,2,298.56,0.0
L0009610,O003818,P0034,3,145.38,0.2
L0009611,O003819,P0073,1,250.21,0.05
L0009612,O003819,P0174,1,193.72,0.1
L0009613,O003819,P0171,2,88.06,0.0
L0009614,O003819,P0057,3,52.58,0.15
L0009615,O003820,P0021,3,63.93,0.1
L0009616,O003821,P0158,3,66.38,0.1
L0009617,O003821,P0170,3,254.85,0.0
L0009618,O003821,P0076,2,89.26,0.1
L0009619,O003822,P0013,3,38.39,0.0
L0009620,O003822,P0143,3,239.62,0.0
L0009621,O003823,P0026,3,47.69,0.2
L0009622,O003823,P0169,3,93.21,0.1
L0009623,O003824,P0142,1,76.94,0.0
L0009624,O003824,P0175,1,60.92,0.0
L0009625,O003824,P0030,3,150.65,0.15
L0009626,O003825,P0055,2,12.74,0.1
L0009627,O003825,P0178,1,199.64,0.1
L0009628,O003826,P0140,1,131.2,0.15
L0009629,O003826,P0039,3,309.36,0.0
L0009630,O003827,P0138,1,73.4,0.2
L0009631,O003827,P0038,2,197.26,0.0
L0009632,O003827,P0177,3,295.0,0.0
L0009633,O003828,P0084,1,259.34,0.0
L0009634,O003828,P0023,1,157.4,0.0
L0009635,O003828,P0043,1,249.36,0.0
L0009636,O003828,P0100,3,74.79,0.1
L0009637,O003829,P0089,2,10.97,0.1
L0009638,O003829,P0015,3,52.38,0.15
L0009639,O003829,P0058,3,277.46,0.1
L0009640,O003830,P0103,1,91.56,0.1
L0009641,O003830,P0128,1,268.61,0.05
L0009642,O003831,P0103,3,96.64,0.05
L0009643,O003832,P0112,3,34.86,0.0
L0009644,O003832,P0042,2,91.51,0.15
L0009645,O003832,P0090,2,129.14,0.05
L0009646,O003833,P0093,3,19.74,0.1
L0009647,O003833,P0008,2,294.89,0.15
L0009648,O003833,P0164,1,260.97,0.1
L0009649,O003833,P0040,1,223.84,0.1
L0009650,O003834,P0027,2,260.59,0.15
L0009651,O003835,P0065,1,140.88,0.0
L0009652,O003835,P0132,3,53.27,0.15
L0009653,O003835,P0162,3,19.31,0.05
L0009654,O003835,P0025,2,137.63,0.0
L0009655,O003836,P0031,1,258.6,0.05
L0009656,O003836,P0101,3,297.36,0.15
L0009657,O003837,P0050,3,198.45,0.0
L0009658,O003837,P0037,2,124.24,0.05
L0009659,O003837,P0145,3,97.92,0.0
L0009660,O003837,P0017,1,180.99,0.0
L0009661,O003838,P0166,1,198.82,0.0
L0009662,O003838,P0128,2,282.75,0.0
L0009663,O003838,P0176,3,212.39,0.05
L0009664,O003838,P0033,2,178.96,0.0
L0009665,O003839,P0126,2,242.75,0.2
L0009666,O003839,P0005,3,199.77,0.0
L0009667,O003839,P0008,3,346.93,0.0
L0009668,O003839,P0092,3,308.09,0.0
L0009669,O003840,P0131,2,11.87,0.15
L0009670,O003840,P0146,1,251.56,0.1
L0009671,O003840,P0043,3,249.36,0.0
L0009672,O003841,P0083,1,253.67,0.05
L0009673,O003842,P0098,2,80.03,0.0
L0009674,O003843,P0002,1,251.25,0.05
L0009675,O003843,P0177,3,295.0,0.0
L0009676,O003843,P0093,3,20.83,0.05
L0009677,O003843,P0039,3,278.42,0.1
L0009678,O003844,P0091,2,320.88,0.0
L0009679,O003844,P0022,3,131.26,0.1
L0009680,O003844,P0127,2,85.43,0.1
L0009681,O003845,P0113,3,131.38,0.05
L0009682,O003845,P0153,2,116.37,0.15
L0009683,O003846,P0068,3,285.98,0.0
L0009684,O003846,P0129,1,108.28,0.15
L0009685,O003846,P0008,2,346.93,0.0
L0009686,O003847,P0037,1,130.78,0.0
L0009687,O003847,P0015,3,61.62,0.0
L0009688,O003848,P0048,1,53.61,0.0
L0009689,O003848,P0146,2,279.51,0.0
L0009690,O003849,P0118,2,207.93,0.05
L0009691,O003850,P0127,2,94.92,0.0
L0009692,O003850,P0050,1,168.68,0.15
L0009693,O003851,P0029,3,226.17,0.0
L0009694,O003851,P0022,3,145.84,0.0
L0009695,O003852,P0046,3,341.88,0.0
L0009696,O003852,P0131,3,13.96,0.0
L0009697,O003852,P0031,1,231.38,0.15
L0009698,O003853,P0152,1,187.58,0.0
L0009699,O003854,P0050,1,198.45,0.0
L0009700,O003854,P0168,3,287.81,0.0
L0009701,O003855,P0026,3,56.63,0.05
L0009702,O003856,P0061,1,15.7,0.0
L0009703,O003856,P0138,1,91.75,0.0
L0009704,O003856,P0128,1,282.75,0.0
L0009705,O003857,P0080,1,182.17,0.1
L0009706,O003857,P0121,1,210.59,0.05
L0009707,O003858,P0149,3,42.18,0.0
L0009708,O003858,P0123,3,288.69,0.0
L0009709,O003859,P0115,1,162.76,0.0
L0009710,O003859,P0002,1,238.02,0.1
L0009711,O003860,P0083,2,253.67,0.05
L0009712,O003860,P0136,3,46.17,0.0
L0009713,O003860,P0168,2,287.81,0.0
L0009714,O003861,P0027,1,306.58,0.0
L0009715,O003861,P0172,3,49.86,0.0
L0009716,O003861,P0095,3,276.95,0.0
L0009717,O003861,P0120,1,215.39,0.0
L0009718,O003862,P0053,3,217.34,0.15
L0009719,O003862,P0030,1,177.24,0.0
L0009720,O003863,P0069,1,60.37,0.0
L0009721,O003863,P0028,3,162.51,0.0
L0009722,O003864,P0169,1,103.57,0.0
L0009723,O003864,P0149,2,37.96,0.1
L0009724,O003864,P0001,1,256.68,0.0
L0009725,O003865,P0121,3,221.67,0.0
L0009726,O003865,P0139,3,284.51,0.0
L0009727,O003866,P0011,3,77.91,0.0
L0009728,O003866,P0006,3,122.4,0.0
L0009729,O003866,P0018,3,175.15,0.0
L0009730,O003867,P0127,2,94.92,0.0
L0009731,O003868,P0069,1,60.37,0.0
L0009732,O003869,P0131,2,12.56,0.1
L0009733,O003869,P0062,1,167.61,0.0
L0009734,O003870,P0050,2,198.45,0.0
L0009735,O003870,P0168,1,287.81,0.0
L0009736,O003870,P0066,1,300.18,0.0
L0009737,O003870,P0162,2,17.28,0.15
L0009738,O003871,P0156,1,283.63,0.05
L0009739,O003871,P0158,1,73.76,0.0
L0009740,O003871,P0095,3,276.95,0.0
L0009741,O003871,P0064,3,321.5,0.0
L0009742,O003872,P0137,1,48.34,0.05
L0009743,O003872,P0027,1,260.59,0.15
L0009744,O003873,P0075,2,72.2,0.15
L0009745,O003874,P0173,3,177.0,0.0
L0009746,O003875,P0043,2,211.96,0.15
L0009747,O003875,P0114,2,307.4,0.0
L0009748,O003875,P0039,2,309.36,0.0
L0009749,O003875,P0133,2,35.3,0.2
L0009750,O003876,P0036,3,46.92,0.1
L0009751,O003877,P0058,1,308.29,0.0
L0009752,O003877,P0092,1,308.09,0.0
L0009753,O003877,P0159,2,133.69,0.0
L0009754,O003877,P0173,2,168.15,0.05
L0009755,O003878,P0105,1,66.7,0.0
L0009756,O003879,P0027,3,291.25,0.05
L0009757,O003880,P0058,1,277.46,0.1
L0009758,O003881,P0071,3,109.0,0.0
L0009759,O003881,P0121,2,221.67,0.0
L0009760,O003882,P0140,2,131.2,0.15
L0009761,O003882,P0004,3,37.63,0.0
L0009762,O003883,P0177,1,295.0,0.0
L0009763,O003883,P0062,2,142.47,0.15
L0009764,O003883,P0145,3,97.92,0.0
L0009765,O003884,P0047,3,51.99,0.05
L0009766,O003884,P0148,3,123.95,0.0
L0009767,O003884,P0108,3,185.15,0.0
L0009768,O003884,P0165,3,102.93,0.2
L0009769,O003885,P0054,1,229.99,0.0
L0009770,O003885,P0146,1,223.61,0.2
L0009771,O003886,P0070,2,193.46,0.2
L0009772,O003886,P0003,2,230.57,0.15
L0009773,O003887,P0061,2,15.7,0.0
L0009774,O003887,P0066,2,255.15,0.15
L0009775,O003887,P0067,2,177.25,0.0
L0009776,O003887,P0142,1,69.25,0.1
L0009777,O003888,P0153,2,136.91,0.0
L0009778,O003888,P0170,1,254.85,0.0
L0009779,O003888,P0073,1,263.38,0.0
L0009780,O003888,P0059,3,106.0,0.15
L0009781,O003889,P0154,2,235.88,0.15
L0009782,O003890,P0115,2,162.76,0.0
L0009783,O003890,P0046,2,341.88,0.0
L0009784,O003890,P0064,3,321.5,0.0
L0009785,O003890,P0003,1,230.57,0.15
L0009786,O003891,P0018,3,175.15,0.0
L0009787,O003891,P0142,1,76.94,0.0
L0009788,O003892,P0040,1,248.71,0.0
L0009789,O003892,P0099,3,288.48,0.15
L0009790,O003892,P0149,1,42.18,0.0
L0009791,O003893,P0092,3,308.09,0.0
L0009792,O003893,P0174,3,193.72,0.1
L0009793,O003893,P0175,2,60.92,0.0
L0009794,O003894,P0010,1,93.03,0.1
L0009795,O003894,P0102,2,155.91,0.15
L0009796,O003894,P0051,3,63.09,0.0
L0009797,O003894,P0007,1,254.13,0.0
L0009798,O003895,P0173,2,177.0,0.0
L0009799,O003895,P0033,3,170.01,0.05
L0009800,O003896,P0152,1,187.58,0.0
L0009801,O003896,P0153,3,109.53,0.2
L0009802,O003897,P0002,2,264.47,0.0
L0009803,O003898,P0168,1,287.81,0.0
L0009804,O003899,P0076,2,99.18,0.0
L0009805,O003899,P0025,2,130.75,0.05
L0009806,O003899,P0051,2,63.09,0.0
L0009807,O003899,P0059,2,124.7,0.0
L0009808,O003900,P0114,2,307.4,0.0
L0009809,O003901,P0084,2,259.34,0.0
L0009810,O003901,P0091,1,256.7,0.2
L0009811,O003901,P0019,2,82.62,0.05
L0009812,O003901,P0018,3,175.15,0.0
L0009813,O003902,P0033,3,170.01,0.05
L0009814,O003902,P0040,1,211.4,0.15
L0009815,O003903,P0100,1,74.79,0.1
L0009816,O003903,P0161,2,49.43,0.1
L0009817,O003904,P0047,2,51.99,0.05
L0009818,O003904,P0073,3,263.38,0.0
L0009819,O003904,P0068,1,271.68,0.05
L0009820,O003904,P0146,3,279.51,0.0
L0009821,O003905,P0012,3,53.85,0.15
L0009822,O003906,P0033,3,178.96,0.0
L0009823,O003906,P0055,2,12.74,0.1
L0009824,O003907,P0016,3,54.2,0.1
L0009825,O003908,P0091,3,320.88,0.0
L0009826,O003908,P0115,1,162.76,0.0
L0009827,O003908,P0035,2,120.73,0.05
L0009828,O003909,P0093,1,21.93,0.0
L0009829,O003909,P0085,3,296.28,0.05
L0009830,O003909,P0054,3,229.99,0.0
L0009831,O003909,P0134,3,45.14,0.0
L0009832,O003910,P0073,1,263.38,0.0
L0009833,O003910,P0153,3,109.53,0.2
L0009834,O003911,P0140,3,146.63,0.05
L0009835,O003912,P0025,2,123.87,0.1
L0009836,O003912,P0145,1,83.23,0.15
L0009837,O003912,P0031,1,272.21,0.0
L0009838,O003912,P0152,1,168.82,0.1
L0009839,O003913,P0095,2,276.95,0.0
L0009840,O003914,P0108,2,185.15,0.0
L0009841,O003914,P0149,3,42.18,0.0
L0009842,O003914,P0019,1,86.97,0.0
L0009843,O003915,P0167,2,129.82,0.2
L0009844,O003916,P0113,1,110.64,0.2
L0009845,O003917,P0180,2,52.22,0.0
L0009846,O003917,P0025,1,130.75,0.05
L0009847,O003918,P0116,1,297.86,0.1
L0009848,O003919,P0064,3,321.5,0.0
L0009849,O003919,P0072,1,96.47,0.05
L0009850,O003920,P0179,1,128.34,0.1
L0009851,O003921,P0031,3,258.6,0.05
L0009852,O003921,P0109,2,297.26,0.0
L0009853,O003922,P0129,3,114.65,0.1
L0009854,O003923,P0036,3,49.52,0.05
L0009855,O003923,P0085,2,311.87,0.0
L0009856,O003923,P0022,3,131.26,0.1
L0009857,O003923,P0112,2,34.86,0.0
L0009858,O003924,P0038,3,187.4,0.05
L0009859,O003924,P0010,1,103.37,0.0
L0009860,O003925,P0008,2,294.89,0.15
L0009861,O003925,P0081,3,22.36,0.05
L0009862,O003926,P0065,3,140.88,0.0
L0009863,O003927,P0168,1,259.03,0.1
L0009864,O003928,P0066,3,270.16,0.1
L0009865,O003928,P0150,1,305.42,0.05
L0009866,O003929,P0078,1,334.26,0.0
L0009867,O003929,P0103,1,101.73,0.0
L0009868,O003929,P0166,2,198.82,0.0
L0009869,O003929,P0082,3,92.41,0.0
L0009870,O003930,P0071,1,98.1,0.1
L0009871,O003930,P0055,1,12.74,0.1
L0009872,O003930,P0078,1,334.26,0.0
L0009873,O003930,P0141,1,319.15,0.0
L0009874,O003931,P0038,3,197.26,0.0
L0009875,O003931,P0085,2,280.68,0.1
L0009876,O003932,P0099,3,288.48,0.15
L0009877,O003932,P0069,2,48.3,0.2
L0009878,O003933,P0057,2,55.67,0.1
L0009879,O003933,P0113,3,138.3,0.0
L0009880,O003933,P0111,1,272.98,0.1
L0009881,O003934,P0019,3,73.92,0.15
L0009882,O003934,P0064,2,321.5,0.0
L0009883,O003935,P0036,3,49.52,0.05
L0009884,O003936,P0027,3,306.58,0.0
L0009885,O003937,P0083,2,267.02,0.0
L0009886,O003937,P0175,2,60.92,0.0
L0009887,O003937,P0046,2,307.69,0.1
L0009888,O003937,P0089,2,11.58,0.05
L0009889,O003938,P0110,3,216.57,0.15
L0009890,O003938,P0057,2,52.58,0.15
L0009891,O003938,P0109,3,267.53,0.1
L0009892,O003938,P0180,1,47.0,0.1
L0009893,O003939,P0154,2,277.51,0.0
L0009894,O003939,P0045,3,292.67,0.05
L0009895,O003939,P0027,1,291.25,0.05
L0009896,O003940,P0096,2,265.22,0.0
L0009897,O003940,P0095,1,276.95,0.0
L0009898,O003940,P0168,2,287.81,0.0
L0009899,O003940,P0090,2,115.55,0.15
L0009900,O003941,P0061,3,15.7,0.0
L0009901,O003942,P0097,2,168.55,0.0
L0009902,O003942,P0011,3,77.91,0.0
L0009903,O003942,P0064,1,321.5,0.0
L0009904,O003943,P0079,1,145.32,0.0
L0009905,O003944,P0048,1,53.61,0.0
L0009906,O003944,P0125,2,76.8,0.2
L0009907,O003944,P0004,1,31.99,0.15
L0009908,O003944,P0012,3,63.35,0.0
L0009909,O003945,P0116,1,330.95,0.0
L0009910,O003945,P0095,3,276.95,0.0
L0009911,O003945,P0087,1,77.81,0.2
L0009912,O003945,P0124,3,65.45,0.05
L0009913,O003946,P0028,1,162.51,0.0
L0009914,O003947,P0053,2,230.12,0.1
L0009915,O003947,P0095,1,263.1,0.05
L0009916,O003947,P0111,3,272.98,0.1
L0009917,O003947,P0068,3,285.98,0.0
L0009918,O003948,P0149,2,37.96,0.1
L0009919,O003948,P0135,1,227.34,0.1
L0009920,O003949,P0180,2,47.0,0.1
L0009921,O003950,P0129,2,127.39,0.0
L0009922,O003950,P0126,3,303.44,0.0
L0009923,O003951,P0171,3,88.06,0.0
L0009924,O003951,P0055,1,14.16,0.0
L0009925,O003952,P0087,1,87.53,0.1
L0009926,O003952,P0141,1,319.15,0.0
L0009927,O003952,P0134,3,45.14,0.0
L0009928,O003952,P0126,3,303.44,0.0
L0009929,O003953,P0150,1,305.42,0.05
L0009930,O003954,P0046,2,290.6,0.15
L0009931,O003954,P0130,2,37.92,0.05
L0009932,O003954,P0142,3,76.94,0.0
L0009933,O003955,P0097,3,151.7,0.1
L0009934,O003955,P0027,2,275.92,0.1
L0009935,O003956,P0115,2,162.76,0.0
L0009936,O003956,P0093,3,21.93,0.0
L0009937,O003956,P0053,3,255.69,0.0
L0009938,O003956,P0048,1,53.61,0.0
L0009939,O003957,P0123,1,274.26,0.05
L0009940,O003958,P0156,2,268.7,0.1
L0009941,O003958,P0038,2,197.26,0.0
L0009942,O003958,P0108,3,166.64,0.1
L0009943,O003959,P0099,1,339.39,0.0
L0009944,O003959,P0069,1,51.31,0.15
L0009945,O003960,P0008,1,346.93,0.0
L0009946,O003961,P0013,3,38.39,0.0
L0009947,O003961,P0101,3,349.83,0.0
L0009948,O003962,P0125,2,86.4,0.1
L0009949,O003962,P0135,3,252.6,0.0
L0009950,O003963,P0085,1,311.87,0.0
L0009951,O003964,P0125,1,96.0,0.0
L0009952,O003965,P0139,3,284.51,0.0
L0009953,O003966,P0157,1,240.11,0.05
L0009954,O003966,P0021,2,63.93,0.1
L0009955,O003966,P0008,1,346.93,0.0
L0009956,O003966,P0114,3,307.4,0.0
L0009957,O003967,P0174,2,215.24,0.0
L0009958,O003967,P0017,1,162.89,0.1
L0009959,O003968,P0133,1,44.12,0.0
L0009960,O003969,P0073,3,263.38,0.0
L0009961,O003969,P0035,3,127.08,0.0
L0009962,O003970,P0119,2,210.09,0.15
L0009963,O003970,P0161,1,49.43,0.1
L0009964,O003970,P0165,1,128.66,0.0
L0009965,O003971,P0146,2,237.58,0.15
L0009966,O003972,P0133,2,44.12,0.0
L0009967,O003972,P0132,1,62.67,0.0
L0009968,O003972,P0118,1,196.98,0.1
L0009969,O003973,P0133,2,44.12,0.0
L0009970,O003973,P0178,3,188.55,0.15
L0009971,O003973,P0007,2,254.13,0.0
L0009972,O003973,P0069,2,60.37,0.0
L0009973,O003974,P0076,3,84.3,0.15
L0009974,O003974,P0079,3,145.32,0.0
L0009975,O003974,P0058,1,308.29,0.0
L0009976,O003975,P0017,3,180.99,0.0
L0009977,O003976,P0032,2,156.15,0.0
L0009978,O003976,P0002,2,211.58,0.2
L0009979,O003976,P0139,2,284.51,0.0
L0009980,O003977,P0040,3,223.84,0.1
L0009981,O003977,P0101,3,349.83,0.0
L0009982,O003977,P0076,3,89.26,0.1
L0009983,O003978,P0014,1,127.49,0.0
L0009984,O003979,P0046,2,341.88,0.0
L0009985,O003979,P0011,1,77.91,0.0
L0009986,O003979,P0076,2,79.34,0.2
L0009987,O003980,P0019,1,82.62,0.05
L0009988,O003980,P0134,3,45.14,0.0
L0009989,O003981,P0040,1,248.71,0.0
L0009990,O003981,P0014,3,121.12,0.05
L0009991,O003981,P0092,2,277.28,0.1
L0009992,O003982,P0009,1,266.23,0.05
L0009993,O003982,P0129,1,127.39,0.0
L0009994,O003983,P0086,1,15.03,0.0
L0009995,O003983,P0108,2,185.15,0.0
L0009996,O003983,P0015,1,55.46,0.1
L0009997,O003983,P0061,2,14.91,0.05
L0009998,O003984,P0117,2,244.09,0.0
L0009999,O003984,P0101,1,349.83,0.0
L0010000,O003984,P0009,3,280.24,0.0
L0010001,O003985,P0021,3,71.03,0.0
L0010002,O003985,P0055,1,13.45,0.05
L0010003,O003985,P0038,3,197.26,0.0
L0010004,O003986,P0130,1,39.92,0.0
L0010005,O003986,P0017,2,153.84,0.15
L0010006,O003986,P0087,1,97.26,0.0
L0010007,O003986,P0173,1,177.0,0.0
L0010008,O003987,P0169,2,93.21,0.1
L0010009,O003987,P0142,1,76.94,0.0
L0010010,O003987,P0116,1,330.95,0.0
L0010011,O003988,P0058,3,277.46,0.1
L0010012,O003989,P0062,2,142.47,0.15
L0010013,O003990,P0172,3,44.87,0.1
L0010014,O003990,P0136,2,46.17,0.0
L0010015,O003990,P0164,2,246.47,0.15
L0010016,O003991,P0036,2,52.13,0.0
L0010017,O003992,P0145,1,88.13,0.1
L0010018,O003992,P0024,2,151.71,0.1
L0010019,O003992,P0059,1,99.76,0.2
L0010020,O003993,P0094,3,209.36,0.0
L0010021,O003993,P0141,2,287.24,0.1
L0010022,O003993,P0142,3,76.94,0.0
L0010023,O003994,P0124,1,65.45,0.05
L0010024,O003995,P0101,2,349.83,0.0
L0010025,O003995,P0145,3,88.13,0.1
L0010026,O003995,P0030,1,177.24,0.0
L0010027,O003996,P0025,1,123.87,0.1
L0010028,O003996,P0066,3,240.14,0.2
L0010029,O003996,P0085,1,280.68,0.1
L0010030,O003996,P0130,2,39.92,0.0
L0010031,O003997,P0058,1,308.29,0.0
L0010032,O003997,P0010,3,103.37,0.0
L0010033,O003997,P0118,1,218.87,0.0
L0010034,O003997,P0079,2,145.32,0.0
L0010035,O003998,P0004,1,37.63,0.0
L0010036,O003998,P0006,2,122.4,0.0
L0010037,O003998,P0115,3,138.35,0.15
L0010038,O003999,P0033,2,170.01,0.05
L0010039,O003999,P0023,3,125.92,0.2
L0010040,O003999,P0037,1,130.78,0.0
L0010041,O003999,P0134,1,45.14,0.0
L0010042,O004000,P0171,2,88.06,0.0
L0010043,O004000,P0119,1,197.73,0.2
L0010044,O004000,P0057,3,61.86,0.0
L0010045,O004000,P0075,3,80.69,0.05
L0010046,O004001,P0080,3,202.41,0.0
L0010047,O004002,P0044,3,265.56,0.0
L0010048,O004002,P0005,3,179.79,0.1
L0010049,O004002,P0025,2,137.63,0.0
L0010050,O004002,P0028,1,162.51,0.0
L0010051,O004003,P0103,3,81.38,0.2
L0010052,O004004,P0055,1,14.16,0.0
L0010053,O004004,P0013,1,38.39,0.0
L0010054,O004004,P0026,3,50.67,0.15
L0010055,O004004,P0062,1,167.61,0.0
L0010056,O004005,P0165,3,115.79,0.1
L0010057,O004005,P0170,2,254.85,0.0
L0010058,O004006,P0116,3,314.4,0.05
L0010059,O004007,P0088,1,62.88,0.0
L0010060,O004007,P0179,3,128.34,0.1
L0010061,O004007,P0119,1,234.8,0.05
L0010062,O004007,P0108,3,166.64,0.1
L0010063,O004008,P0039,2,309.36,0.0
L0010064,O004008,P0145,2,97.92,0.0
L0010065,O004008,P0026,3,50.67,0.15
L0010066,O004008,P0037,1,104.62,0.2
L0010067,O004009,P0005,3,179.79,0.1
L0010068,O004010,P0089,2,10.97,0.1
L0010069,O004011,P0028,1,154.38,0.05
L0010070,O004011,P0177,3,295.0,0.0
L0010071,O004012,P0088,2,62.88,0.0
L0010072,O004013,P0002,3,264.47,0.0
L0010073,O004014,P0060,1,275.74,0.0
L0010074,O004015,P0088,1,62.88,0.0
L0010075,O004015,P0080,1,202.41,0.0
L0010076,O004016,P0009,1,280.24,0.0
L0010077,O004017,P0147,1,15.29,0.05
L0010078,O004018,P0119,1,234.8,0.05
L0010079,O004018,P0024,1,168.57,0.0
L0010080,O004018,P0080,1,182.17,0.1
L0010081,O004018,P0143,2,191.7,0.2
L0010082,O004019,P0145,1,97.92,0.0
L0010083,O004019,P0175,3,60.92,0.0
L0010084,O004020,P0040,2,223.84,0.1
L0010085,O004020,P0085,1,311.87,0.0
L0010086,O004021,P0091,3,320.88,0.0
L0010087,O004021,P0074,1,182.57,0.0
L0010088,O004021,P0173,2,168.15,0.05
L0010089,O004021,P0111,2,272.98,0.1
L0010090,O004022,P0020,1,41.03,0.1
L0010091,O004023,P0061,2,14.13,0.1
L0010092,O004023,P0149,3,42.18,0.0
L0010093,O004023,P0111,1,303.31,0.0
L0010094,O004024,P0128,1,282.75,0.0
L0010095,O004024,P0072,3,101.55,0.0
L0010096,O004024,P0155,2,121.7,0.0
L0010097,O004024,P0119,2,210.09,0.15
L0010098,O004025,P0096,3,265.22,0.0
L0010099,O004025,P0107,1,313.17,0.0
L0010100,O004025,P0060,2,248.17,0.1
L0010101,O004026,P0035,1,127.08,0.0
L0010102,O004027,P0045,2,246.46,0.2
L0010103,O004027,P0127,2,90.17,0.05
L0010104,O004027,P0007,2,254.13,0.0
L0010105,O004028,P0012,2,63.35,0.0
L0010106,O004029,P0037,3,111.16,0.15
L0010107,O004029,P0158,3,73.76,0.0
L0010108,O004029,P0109,2,297.26,0.0
L0010109,O004030,P0119,1,247.16,0.0
L0010110,O004030,P0052,2,159.31,0.15
L0010111,O004031,P0173,3,177.0,0.0
L0010112,O004031,P0007,2,228.72,0.1
L0010113,O004031,P0075,3,84.94,0.0
L0010114,O004031,P0053,3,255.69,0.0
L0010115,O004032,P0031,2,272.21,0.0
L0010116,O004032,P0179,2,142.6,0.0
L0010117,O004033,P0099,2,339.39,0.0
L0010118,O004033,P0158,3,73.76,0.0
L0010119,O004033,P0156,1,268.7,0.1
L0010120,O004033,P0145,1,97.92,0.0
L0010121,O004034,P0088,1,62.88,0.0
L0010122,O004034,P0036,3,52.13,0.0
L0010123,O004034,P0153,1,123.22,0.1
L0010124,O004034,P0015,1,55.46,0.1
L0010125,O004035,P0158,3,73.76,0.0
L0010126,O004036,P0179,3,142.6,0.0
L0010127,O004036,P0176,3,223.57,0.0
L0010128,O004036,P0157,2,227.47,0.1
L0010129,O004036,P0092,2,308.09,0.0
L0010130,O004037,P0080,2,202.41,0.0
L0010131,O004037,P0026,3,56.63,0.05
L0010132,O004037,P0169,1,103.57,0.0
L0010133,O004038,P0023,2,157.4,0.0
L0010134,O004038,P0020,1,41.03,0.1
L0010135,O004038,P0026,1,53.65,0.1
L0010136,O004039,P0133,3,39.71,0.1
L0010137,O004039,P0099,2,322.42,0.05
L0010138,O004039,P0052,3,187.42,0.0
L0010139,O004040,P0125,3,91.2,0.05
L0010140,O004041,P0166,1,178.94,0.1
L0010141,O004041,P0051,3,59.94,0.05
L0010142,O004041,P0032,3,140.53,0.1
L0010143,O004042,P0146,2,279.51,0.0
L0010144,O004042,P0145,1,88.13,0.1
L0010145,O004042,P0081,3,21.19,0.1
L0010146,O004042,P0116,2,314.4,0.05
L0010147,O004043,P0129,3,114.65,0.1
L0010148,O004043,P0164,1,289.97,0.0
L0010149,O004043,P0114,3,261.29,0.15
L0010150,O004044,P0012,2,63.35,0.0
L0010151,O004044,P0044,1,225.73,0.15
L0010152,O004044,P0042,1,102.28,0.05
L0010153,O004045,P0157,3,214.84,0.15
L0010154,O004045,P0049,1,267.57,0.0
L0010155,O004045,P0064,3,305.43,0.05
L0010156,O004046,P0012,3,50.68,0.2
L0010157,O004046,P0070,2,241.83,0.0
L0010158,O004046,P0166,2,198.82,0.0
L0010159,O004047,P0043,2,249.36,0.0
L0010160,O004047,P0119,3,247.16,0.0
L0010161,O004047,P0152,1,178.2,0.05
L0010162,O004047,P0151,2,210.56,0.1
L0010163,O004048,P0030,1,168.38,0.05
L0010164,O004049,P0122,3,339.37,0.0
L0010165,O004050,P0160,2,156.8,0.0
L0010166,O004050,P0001,3,256.68,0.0
L0010167,O004051,P0034,2,154.46,0.15
L0010168,O004052,P0131,1,11.87,0.15
L0010169,O004052,P0023,2,125.92,0.2
L0010170,O004052,P0116,3,330.95,0.0
L0010171,O004052,P0143,2,239.62,0.0
L0010172,O004053,P0086,2,14.28,0.05
L0010173,O004053,P0146,2,265.53,0.05
L0010174,O004053,P0077,1,300.52,0.0
L0010175,O004053,P0068,3,243.08,0.15
L0010176,O004054,P0119,3,247.16,0.0
L0010177,O004054,P0129,2,127.39,0.0
L0010178,O004055,P0100,2,83.1,0.0
L0010179,O004055,P0165,1,128.66,0.0
L0010180,O004055,P0094,2,209.36,0.0
L0010181,O004056,P0107,2,266.19,0.15
L0010182,O004056,P0123,1,245.39,0.15
L0010183,O004057,P0022,2,131.26,0.1
L0010184,O004057,P0149,2,42.18,0.0
L0010185,O004058,P0003,1,271.26,0.0
L0010186,O004058,P0070,3,241.83,0.0
L0010187,O004058,P0092,3,277.28,0.1
L0010188,O004059,P0159,1,120.32,0.1
L0010189,O004060,P0156,1,298.56,0.0
L0010190,O004060,P0080,2,172.05,0.15
L0010191,O004061,P0125,2,91.2,0.05
L0010192,O004061,P0075,3,84.94,0.0
L0010193,O004061,P0068,2,257.38,0.1
L0010194,O004062,P0125,3,96.0,0.0
L0010195,O004063,P0148,3,105.36,0.15
L0010196,O004063,P0018,3,175.15,0.0
L0010197,O004063,P0028,1,162.51,0.0
L0010198,O004063,P0014,2,114.74,0.1
L0010199,O004064,P0169,1,93.21,0.1
L0010200,O004065,P0028,1,138.13,0.15
L0010201,O004065,P0001,3,256.68,0.0
L0010202,O004065,P0092,2,308.09,0.0
L0010203,O004066,P0173,2,159.3,0.1
L0010204,O004066,P0079,2,145.32,0.0
L0010205,O004067,P0092,2,308.09,0.0
L0010206,O004067,P0087,1,97.26,0.0
L0010207,O004068,P0002,1,238.02,0.1
L0010208,O004068,P0180,2,47.0,0.1
L0010209,O004069,P0026,1,59.61,0.0
L0010210,O004069,P0047,2,54.73,0.0
L0010211,O004069,P0051,1,59.94,0.05
L0010212,O004069,P0025,1,137.63,0.0
L0010213,O004070,P0054,2,229.99,0.0
L0010214,O004071,P0171,1,88.06,0.0
L0010215,O004072,P0003,2,217.01,0.2
L0010216,O004072,P0049,3,267.57,0.0
L0010217,O004072,P0088,2,56.59,0.1
L0010218,O004072,P0141,1,319.15,0.0
L0010219,O004073,P0163,3,233.9,0.0
L0010220,O004073,P0169,1,98.39,0.05
L0010221,O004073,P0170,1,254.85,0.0
L0010222,O004073,P0033,3,178.96,0.0
L0010223,O004074,P0135,2,239.97,0.05
L0010224,O004075,P0175,2,51.78,0.15
L0010225,O004076,P0144,1,175.24,0.15
L0010226,O004077,P0086,1,14.28,0.05
L0010227,O004077,P0122,3,322.4,0.05
L0010228,O004078,P0161,2,54.92,0.0
L0010229,O004079,P0127,1,80.68,0.15
L0010230,O004079,P0015,2,58.54,0.05
L0010231,O004080,P0102,2,183.42,0.0
L0010232,O004080,P0044,2,239.0,0.1
L0010233,O004080,P0045,3,277.26,0.1
L0010234,O004080,P0110,1,254.79,0.0
L0010235,O004081,P0174,2,193.72,0.1
L0010236,O004081,P0063,1,126.32,0.15
L0010237,O004082,P0015,2,61.62,0.0
L0010238,O004082,P0013,2,38.39,0.0
L0010239,O004082,P0080,3,202.41,0.0
L0010240,O004082,P0043,2,249.36,0.0
L0010241,O004083,P0036,2,41.7,0.2
L0010242,O004083,P0119,2,247.16,0.0
L0010243,O004083,P0151,1,233.95,0.0
L0010244,O004084,P0018,1,175.15,0.0
L0010245,O004084,P0153,3,130.06,0.05
L0010246,O004084,P0057,1,61.86,0.0
L0010247,O004085,P0057,2,61.86,0.0
L0010248,O004085,P0176,2,201.21,0.1
L0010249,O004085,P0027,1,275.92,0.1
L0010250,O004086,P0161,2,49.43,0.1
L0010251,O004086,P0170,3,254.85,0.0
L0010252,O004086,P0035,2,127.08,0.0
L0010253,O004086,P0142,3,69.25,0.1
L0010254,O004087,P0099,3,305.45,0.1
L0010255,O004087,P0024,3,151.71,0.1
L0010256,O004087,P0177,2,250.75,0.15
L0010257,O004088,P0128,3,282.75,0.0
L0010258,O004088,P0120,1,204.62,0.05
L0010259,O004089,P0024,1,168.57,0.0
L0010260,O004089,P0124,3,65.45,0.05
L0010261,O004090,P0093,1,20.83,0.05
L0010262,O004090,P0061,3,12.56,0.2
L0010263,O004090,P0110,2,229.31,0.1
L0010264,O004090,P0041,3,70.14,0.1
L0010265,O004091,P0139,1,284.51,0.0
L0010266,O004091,P0170,1,229.37,0.1
L0010267,O004091,P0178,3,221.82,0.0
L0010268,O004092,P0178,1,221.82,0.0
L0010269,O004092,P0061,2,14.13,0.1
L0010270,O004092,P0109,1,297.26,0.0
L0010271,O004093,P0136,2,41.55,0.1
L0010272,O004093,P0003,2,244.13,0.1
L0010273,O004094,P0026,2,59.61,0.0
L0010274,O004094,P0076,3,99.18,0.0
L0010275,O004094,P0093,2,21.93,0.0
L0010276,O004094,P0121,3,188.42,0.15
L0010277,O004095,P0157,3,252.75,0.0
L0010278,O004095,P0130,1,39.92,0.0
L0010279,O004095,P0019,3,69.58,0.2
L0010280,O004096,P0093,1,21.93,0.0
L0010281,O004096,P0127,2,94.92,0.0
L0010282,O004096,P0055,3,13.45,0.05
L0010283,O004097,P0116,3,330.95,0.0
L0010284,O004097,P0067,1,168.39,0.05
L0010285,O004097,P0003,3,271.26,0.0
L0010286,O004098,P0177,1,236.0,0.2
L0010287,O004098,P0110,3,254.79,0.0
L0010288,O004099,P0149,1,40.07,0.05
L0010289,O004099,P0157,2,227.47,0.1
L0010290,O004099,P0065,1,140.88,0.0
L0010291,O004100,P0100,1,83.1,0.0
L0010292,O004100,P0154,3,263.63,0.05
L0010293,O004100,P0121,2,199.5,0.1
L0010294,O004101,P0098,1,80.03,0.0
L0010295,O004101,P0164,3,260.97,0.1
L0010296,O004102,P0039,3,293.89,0.05
L0010297,O004103,P0091,2,256.7,0.2
L0010298,O004104,P0066,3,300.18,0.0
L0010299,O004104,P0094,1,209.36,0.0
L0010300,O004104,P0117,2,244.09,0.0
L0010301,O004104,P0104,3,22.8,0.1
L0010302,O004105,P0167,1,162.27,0.0
L0010303,O004105,P0005,1,199.77,0.0
L0010304,O004105,P0126,1,273.1,0.1
L0010305,O004106,P0156,2,283.63,0.05
L0010306,O004106,P0027,2,306.58,0.0
L0010307,O004107,P0041,2,70.14,0.1
L0010308,O004108,P0085,1,280.68,0.1
L0010309,O004108,P0066,1,285.17,0.05
L0010310,O004108,P0043,1,249.36,0.0
L0010311,O004108,P0062,1,167.61,0.0
L0010312,O004109,P0045,2,277.26,0.1
L0010313,O004109,P0022,2,145.84,0.0
L0010314,O004109,P0027,1,306.58,0.0
L0010315,O004110,P0115,1,130.21,0.2
L0010316,O004110,P0118,3,218.87,0.0
L0010317,O004110,P0054,2,229.99,0.0
L0010318,O004111,P0164,2,246.47,0.15
L0010319,O004111,P0075,3,84.94,0.0
L0010320,O004111,P0159,3,113.64,0.15
L0010321,O004111,P0066,1,300.18,0.0
L0010322,O004112,P0008,3,277.54,0.2
L0010323,O004112,P0074,1,182.57,0.0
L0010324,O004112,P0149,3,37.96,0.1
L0010325,O004113,P0029,1,226.17,0.0
L0010326,O004113,P0075,3,84.94,0.0
L0010327,O004113,P0135,3,252.6,0.0
L0010328,O004114,P0070,3,241.83,0.0
L0010329,O004114,P0110,1,229.31,0.1
L0010330,O004114,P0068,3,285.98,0.0
L0010331,O004115,P0117,3,244.09,0.0
L0010332,O004115,P0161,1,54.92,0.0
L0010333,O004115,P0158,3,66.38,0.1
L0010334,O004115,P0016,1,60.22,0.0
L0010335,O004116,P0035,3,127.08,0.0
L0010336,O004116,P0119,3,247.16,0.0
L0010337,O004117,P0026,2,59.61,0.0
L0010338,O004117,P0078,1,334.26,0.0
L0010339,O004118,P0174,2,215.24,0.0
L0010340,O004118,P0011,1,62.33,0.2
L0010341,O004118,P0131,3,12.56,0.1
L0010342,O004119,P0122,3,339.37,0.0
L0010343,O004119,P0130,2,39.92,0.0
L0010344,O004120,P0080,3,202.41,0.0
L0010345,O004120,P0119,2,247.16,0.0
L0010346,O004120,P0025,2,137.63,0.0
L0010347,O004120,P0045,2,308.07,0.0
L0010348,O004121,P0163,1,222.2,0.05
L0010349,O004122,P0028,3,138.13,0.15
L0010350,O004122,P0130,2,33.93,0.15
L0010351,O004122,P0158,2,73.76,0.0
L0010352,O004122,P0031,3,272.21,0.0
L0010353,O004123,P0118,2,186.04,0.15
L0010354,O004123,P0062,2,142.47,0.15
L0010355,O004123,P0052,1,187.42,0.0
L0010356,O004124,P0004,2,35.75,0.05
L0010357,O004124,P0118,1,218.87,0.0
L0010358,O004125,P0090,3,135.94,0.0
L0010359,O004126,P0069,1,57.35,0.05
L0010360,O004127,P0026,3,59.61,0.0
L0010361,O004127,P0036,1,52.13,0.0
L0010362,O004128,P0087,2,97.26,0.0
L0010363,O004129,P0161,3,52.17,0.05
L0010364,O004129,P0031,1,272.21,0.0
L0010365,O004129,P0107,1,313.17,0.0
L0010366,O004129,P0104,1,25.33,0.0
L0010367,O004130,P0032,1,124.92,0.2
L0010368,O004130,P0112,2,34.86,0.0
L0010369,O004131,P0154,1,263.63,0.05
L0010370,O004132,P0084,1,220.44,0.15
L0010371,O004132,P0040,2,248.71,0.0
L0010372,O004133,P0056,2,298.62,0.1
L0010373,O004133,P0033,2,178.96,0.0
L0010374,O004133,P0029,3,226.17,0.0
L0010375,O004133,P0122,3,339.37,0.0
L0010376,O004134,P0164,3,231.98,0.2
L0010377,O004134,P0149,3,42.18,0.0
L0010378,O004134,P0041,2,77.93,0.0
L0010379,O004134,P0133,1,41.91,0.05
L0010380,O004135,P0007,2,254.13,0.0
L0010381,O004135,P0035,3,127.08,0.0
L0010382,O004135,P0096,3,251.96,0.05
L0010383,O004136,P0174,3,215.24,0.0
L0010384,O004136,P0102,2,174.25,0.05
L0010385,O004136,P0060,1,275.74,0.0
L0010386,O004136,P0114,2,276.66,0.1
L0010387,O004137,P0053,3,255.69,0.0
L0010388,O004138,P0025,2,123.87,0.1
L0010389,O004138,P0073,1,210.7,0.2
L0010390,O004138,P0054,1,206.99,0.1
L0010391,O004139,P0062,2,167.61,0.0
L0010392,O004139,P0011,1,77.91,0.0
L0010393,O004140,P0074,1,155.18,0.15
L0010394,O004140,P0116,1,264.76,0.2
L0010395,O004140,P0155,3,109.53,0.1
L0010396,O004141,P0179,3,135.47,0.05
L0010397,O004141,P0135,3,252.6,0.0
L0010398,O004141,P0004,1,37.63,0.0
L0010399,O004141,P0048,2,53.61,0.0
L0010400,O004142,P0018,1,175.15,0.0
L0010401,O004142,P0108,1,157.38,0.15
L0010402,O004143,P0168,2,287.81,0.0
L0010403,O004143,P0040,2,248.71,0.0
L0010404,O004143,P0135,1,214.71,0.15
L0010405,O004144,P0163,3,210.51,0.1
L0010406,O004145,P0020,3,45.59,0.0
L0010407,O004146,P0114,3,307.4,0.0
L0010408,O004146,P0170,2,229.37,0.1
L0010409,O004147,P0039,1,262.96,0.15
L0010410,O004147,P0077,2,300.52,0.0
L0010411,O004147,P0012,2,50.68,0.2
L0010412,O004148,P0158,1,62.7,0.15
L0010413,O004149,P0033,3,170.01,0.05
L0010414,O004149,P0035,3,127.08,0.0
L0010415,O004149,P0072,2,96.47,0.05
L0010416,O004150,P0058,1,308.29,0.0
L0010417,O004150,P0178,3,221.82,0.0
L0010418,O004150,P0024,1,160.14,0.05
L0010419,O004151,P0120,3,215.39,0.0
L0010420,O004152,P0007,1,241.42,0.05
L0010421,O004152,P0154,3,249.76,0.1
L0010422,O004153,P0097,1,168.55,0.0
L0010423,O004153,P0026,1,59.61,0.0
L0010424,O004154,P0049,2,254.19,0.05
L0010425,O004155,P0179,3,128.34,0.1
L0010426,O004155,P0019,2,82.62,0.05
L0010427,O004155,P0168,3,287.81,0.0
L0010428,O004155,P0073,1,263.38,0.0
L0010429,O004156,P0018,1,175.15,0.0
L0010430,O004157,P0031,1,244.99,0.1
L0010431,O004157,P0042,2,102.28,0.05
L0010432,O004158,P0126,1,303.44,0.0
L0010433,O004158,P0119,3,247.16,0.0
L0010434,O004158,P0089,3,11.58,0.05
L0010435,O004159,P0001,2,256.68,0.0
L0010436,O004160,P0121,2,221.67,0.0
L0010437,O004161,P0050,2,178.6,0.1
L0010438,O004161,P0160,1,156.8,0.0
L0010439,O004161,P0060,2,275.74,0.0
L0010440,O004161,P0040,2,236.27,0.05
L0010441,O004162,P0123,2,288.69,0.0
L0010442,O004162,P0058,1,292.88,0.05
L0010443,O004163,P0174,2,215.24,0.0
L0010444,O004163,P0116,2,314.4,0.05
L0010445,O004164,P0079,1,145.32,0.0
L0010446,O004165,P0087,3,87.53,0.1
L0010447,O004165,P0107,2,313.17,0.0
L0010448,O004165,P0165,3,128.66,0.0
L0010449,O004166,P0110,3,254.79,0.0
L0010450,O004166,P0014,1,127.49,0.0
L0010451,O004166,P0160,3,141.12,0.1
L0010452,O004167,P0095,1,249.25,0.1
L0010453,O004167,P0044,1,239.0,0.1
L0010454,O004167,P0093,1,21.93,0.0
L0010455,O004167,P0077,1,300.52,0.0
L0010456,O004168,P0008,1,346.93,0.0
L0010457,O004169,P0041,3,74.03,0.05
L0010458,O004169,P0179,2,114.08,0.2
L0010459,O004170,P0014,1,127.49,0.0
L0010460,O004170,P0121,3,177.34,0.2
L0010461,O004171,P0060,3,275.74,0.0
L0010462,O004171,P0107,3,281.85,0.1
L0010463,O004171,P0035,1,127.08,0.0
L0010464,O004172,P0059,2,124.7,0.0
L0010465,O004172,P0079,1,138.05,0.05
L0010466,O004173,P0107,1,297.51,0.05
L0010467,O004173,P0156,1,298.56,0.0
L0010468,O004173,P0094,1,209.36,0.0
L0010469,O004173,P0092,1,277.28,0.1
L0010470,O004174,P0015,3,58.54,0.05
L0010471,O004175,P0148,2,123.95,0.0
L0010472,O004176,P0114,1,276.66,0.1
L0010473,O004176,P0137,1,50.88,0.0
L0010474,O004176,P0177,3,265.5,0.1
L0010475,O004176,P0107,1,297.51,0.05
L0010476,O004177,P0039,3,309.36,0.0
L0010477,O004177,P0048,1,48.25,0.1
L0010478,O004177,P0173,3,177.0,0.0
L0010479,O004177,P0136,2,41.55,0.1
L0010480,O004178,P0020,1,45.59,0.0
L0010481,O004179,P0060,3,275.74,0.0
L0010482,O004179,P0096,3,265.22,0.0
L0010483,O004179,P0150,1,321.49,0.0
L0010484,O004180,P0082,2,87.79,0.05
L0010485,O004180,P0087,2,82.67,0.15
L0010486,O004180,P0025,2,137.63,0.0
L0010487,O004181,P0115,2,162.76,0.0
L0010488,O004181,P0138,1,91.75,0.0
L0010489,O004182,P0080,1,192.29,0.05
L0010490,O004183,P0016,2,60.22,0.0
L0010491,O004183,P0091,3,256.7,0.2
L0010492,O004184,P0065,3,140.88,0.0
L0010493,O004184,P0066,3,300.18,0.0
L0010494,O004184,P0113,1,138.3,0.0
L0010495,O004185,P0157,1,252.75,0.0
L0010496,O004185,P0014,1,114.74,0.1
L0010497,O004185,P0151,1,198.86,0.15
L0010498,O004186,P0160,2,141.12,0.1
L0010499,O004186,P0167,2,137.93,0.15
L0010500,O004186,P0040,3,248.71,0.0
L0010501,O004186,P0168,1,287.81,0.0
L0010502,O004187,P0164,2,246.47,0.15
L0010503,O004188,P0010,1,87.86,0.15
L0010504,O004188,P0166,3,198.82,0.0
L0010505,O004188,P0177,2,280.25,0.05
L0010506,O004188,P0133,1,44.12,0.0
L0010507,O004189,P0068,2,257.38,0.1
L0010508,O004189,P0011,2,70.12,0.1
L0010509,O004190,P0121,2,188.42,0.15
L0010510,O004191,P0117,3,244.09,0.0
L0010511,O004191,P0179,3,142.6,0.0
L0010512,O004192,P0174,3,193.72,0.1
L0010513,O004192,P0114,2,261.29,0.15
L0010514,O004193,P0019,2,86.97,0.0
L0010515,O004193,P0006,2,122.4,0.0
L0010516,O004193,P0081,2,20.01,0.15
L0010517,O004193,P0179,2,128.34,0.1
L0010518,O004194,P0078,2,334.26,0.0
L0010519,O004194,P0170,2,254.85,0.0
L0010520,O004195,P0087,3,77.81,0.2
L0010521,O004195,P0067,3,150.66,0.15
L0010522,O004195,P0153,3,109.53,0.2
L0010523,O004195,P0141,3,319.15,0.0
L0010524,O004196,P0026,2,59.61,0.0
L0010525,O004196,P0069,1,51.31,0.15
L0010526,O004197,P0057,1,55.67,0.1
L0010527,O004197,P0146,3,251.56,0.1
L0010528,O004197,P0027,1,275.92,0.1
L0010529,O004197,P0139,1,270.28,0.05
L0010530,O004198,P0072,2,101.55,0.0
L0010531,O004198,P0128,2,282.75,0.0
L0010532,O004199,P0077,2,240.42,0.2
L0010533,O004200,P0067,3,159.53,0.1
L0010534,O004200,P0057,1,58.77,0.05
L0010535,O004200,P0078,3,284.12,0.15
L0010536,O004201,P0174,1,215.24,0.0
L0010537,O004201,P0023,3,157.4,0.0
L0010538,O004201,P0114,1,307.4,0.0
L0010539,O004201,P0075,1,84.94,0.0
L0010540,O004202,P0169,1,103.57,0.0
L0010541,O004202,P0161,3,43.94,0.2
L0010542,O004203,P0021,1,71.03,0.0
L0010543,O004203,P0029,1,226.17,0.0
L0010544,O004204,P0031,2,231.38,0.15
L0010545,O004205,P0017,3,162.89,0.1
L0010546,O004205,P0163,1,222.2,0.05
L0010547,O004206,P0178,3,221.82,0.0
L0010548,O004206,P0001,2,243.85,0.05
L0010549,O004206,P0002,1,224.8,0.15
L0010550,O004207,P0163,3,233.9,0.0
L0010551,O004208,P0164,3,275.47,0.05
L0010552,O004209,P0030,1,159.52,0.1
L0010553,O004210,P0138,3,91.75,0.0
L0010554,O004210,P0140,2,154.35,0.0
L0010555,O004211,P0082,2,92.41,0.0
L0010556,O004211,P0047,3,54.73,0.0
L0010557,O004212,P0061,3,14.91,0.05
L0010558,O004212,P0057,3,61.86,0.0
L0010559,O004213,P0046,3,341.88,0.0
L0010560,O004213,P0023,3,157.4,0.0
L0010561,O004214,P0179,2,142.6,0.0
L0010562,O004214,P0130,2,33.93,0.15
L0010563,O004215,P0044,3,265.56,0.0
L0010564,O004215,P0142,1,76.94,0.0
L0010565,O004215,P0136,2,46.17,0.0
L0010566,O004216,P0091,3,320.88,0.0
L0010567,O004216,P0014,2,127.49,0.0
L0010568,O004216,P0102,2,174.25,0.05
L0010569,O004217,P0173,2,177.0,0.0
L0010570,O004217,P0127,2,94.92,0.0
L0010571,O004217,P0172,1,47.37,0.05
L0010572,O004218,P0104,2,25.33,0.0
L0010573,O004218,P0140,2,154.35,0.0
L0010574,O004218,P0067,2,159.53,0.1
L0010575,O004219,P0127,2,80.68,0.15
L0010576,O004219,P0066,1,255.15,0.15
L0010577,O004219,P0063,2,148.61,0.0
L0010578,O004219,P0061,3,15.7,0.0
L0010579,O004220,P0114,1,276.66,0.1
L0010580,O004220,P0129,1,114.65,0.1
L0010581,O004220,P0078,2,334.26,0.0
L0010582,O004220,P0101,2,332.34,0.05
L0010583,O004221,P0048,1,53.61,0.0
L0010584,O004221,P0084,1,259.34,0.0
L0010585,O004222,P0167,3,162.27,0.0
L0010586,O004222,P0069,1,60.37,0.0
L0010587,O004223,P0149,3,42.18,0.0
L0010588,O004223,P0057,1,58.77,0.05
L0010589,O004223,P0009,2,266.23,0.05
L0010590,O004224,P0109,3,297.26,0.0
L0010591,O004225,P0035,3,120.73,0.05
L0010592,O004225,P0068,1,285.98,0.0
L0010593,O004225,P0132,1,53.27,0.15
L0010594,O004225,P0171,3,88.06,0.0
L0010595,O004226,P0180,1,52.22,0.0
L0010596,O004226,P0153,2,109.53,0.2
L0010597,O004227,P0014,1,108.37,0.15
L0010598,O004228,P0157,2,227.47,0.1
L0010599,O004229,P0041,2,74.03,0.05
L0010600,O004230,P0079,3,145.32,0.0
L0010601,O004231,P0075,1,84.94,0.0
L0010602,O004232,P0104,2,24.06,0.05
L0010603,O004232,P0117,2,207.48,0.15
L0010604,O004232,P0051,2,56.78,0.1
L0010605,O004233,P0142,3,65.4,0.15
L0010606,O004233,P0063,2,148.61,0.0
L0010607,O004234,P0045,2,308.07,0.0
L0010608,O004234,P0033,1,161.06,0.1
L0010609,O004235,P0031,2,217.77,0.2
L0010610,O004235,P0022,1,145.84,0.0
L0010611,O004235,P0124,3,55.11,0.2
L0010612,O004235,P0074,3,182.57,0.0
L0010613,O004236,P0021,1,60.38,0.15
L0010614,O004236,P0144,3,185.54,0.1
L0010615,O004236,P0065,2,140.88,0.0
L0010616,O004236,P0122,1,322.4,0.05
L0010617,O004237,P0107,3,313.17,0.0
L0010618,O004237,P0008,2,346.93,0.0
L0010619,O004237,P0074,1,155.18,0.15
L0010620,O004238,P0157,2,252.75,0.0
L0010621,O004238,P0046,1,341.88,0.0
L0010622,O004239,P0034,2,172.63,0.05
L0010623,O004239,P0060,2,248.17,0.1
L0010624,O004239,P0077,3,300.52,0.0
L0010625,O004239,P0049,3,254.19,0.05
L0010626,O004240,P0034,2,154.46,0.15
L0010627,O004241,P0146,1,279.51,0.0
L0010628,O004241,P0017,3,180.99,0.0
L0010629,O004241,P0156,2,268.7,0.1
L0010630,O004242,P0019,2,86.97,0.0
L0010631,O004242,P0009,2,252.22,0.1
L0010632,O004242,P0061,3,14.13,0.1
L0010633,O004243,P0151,3,198.86,0.15
L0010634,O004243,P0073,1,263.38,0.0
L0010635,O004244,P0097,3,151.7,0.1
L0010636,O004245,P0077,3,300.52,0.0
L0010637,O004245,P0009,1,280.24,0.0
L0010638,O004246,P0007,2,254.13,0.0
L0010639,O004246,P0119,3,222.44,0.1
L0010640,O004246,P0081,2,23.54,0.0
L0010641,O004247,P0149,2,37.96,0.1
L0010642,O004247,P0108,2,148.12,0.2
L0010643,O004248,P0089,1,11.58,0.05
L0010644,O004248,P0108,1,185.15,0.0
L0010645,O004249,P0100,2,83.1,0.0
L0010646,O004249,P0101,2,314.85,0.1
L0010647,O004249,P0108,2,185.15,0.0
L0010648,O004249,P0055,2,13.45,0.05
L0010649,O004250,P0026,2,59.61,0.0
L0010650,O004250,P0075,3,67.95,0.2
L0010651,O004251,P0168,2,259.03,0.1
L0010652,O004251,P0154,2,277.51,0.0
L0010653,O004251,P0099,3,339.39,0.0
L0010654,O004252,P0153,1,136.91,0.0
L0010655,O004252,P0028,3,154.38,0.05
L0010656,O004252,P0148,3,123.95,0.0
L0010657,O004253,P0122,1,339.37,0.0
L0010658,O004254,P0029,1,226.17,0.0
L0010659,O004254,P0126,3,288.27,0.05
L0010660,O004254,P0093,2,18.64,0.15
L0010661,O004255,P0026,3,59.61,0.0
L0010662,O004255,P0094,3,209.36,0.0
L0010663,O004255,P0150,1,321.49,0.0
L0010664,O004255,P0170,1,254.85,0.0
L0010665,O004256,P0153,3,130.06,0.05
L0010666,O004256,P0071,2,109.0,0.0
L0010667,O004256,P0091,1,272.75,0.15
L0010668,O004256,P0060,1,275.74,0.0
L0010669,O004257,P0149,3,42.18,0.0
L0010670,O004257,P0068,3,257.38,0.1
L0010671,O004257,P0152,2,168.82,0.1
L0010672,O004258,P0118,3,207.93,0.05
L0010673,O004258,P0026,3,59.61,0.0
L0010674,O004259,P0161,3,52.17,0.05
L0010675,O004259,P0138,2,73.4,0.2
L0010676,O004259,P0146,3,279.51,0.0
L0010677,O004260,P0145,3,97.92,0.0
L0010678,O004260,P0035,2,127.08,0.0
L0010679,O004261,P0083,1,267.02,0.0
L0010680,O004261,P0006,3,110.16,0.1
L0010681,O004262,P0001,3,256.68,0.0
L0010682,O004262,P0089,2,10.97,0.1
L0010683,O004262,P0075,1,80.69,0.05
L0010684,O004263,P0072,1,101.55,0.0
L0010685,O004263,P0134,3,45.14,0.0
L0010686,O004264,P0050,1,168.68,0.15
L0010687,O004264,P0052,2,187.42,0.0
L0010688,O004264,P0015,2,61.62,0.0
L0010689,O004265,P0100,3,78.94,0.05
L0010690,O004265,P0085,3,296.28,0.05
L0010691,O004265,P0153,1,109.53,0.2
L0010692,O004266,P0127,1,90.17,0.05
L0010693,O004266,P0031,2,272.21,0.0
L0010694,O004267,P0029,3,226.17,0.0
L0010695,O004267,P0116,2,330.95,0.0
L0010696,O004267,P0090,1,108.75,0.2
L0010697,O004267,P0027,3,275.92,0.1
L0010698,O004268,P0093,2,21.93,0.0
L0010699,O004269,P0164,2,289.97,0.0
L0010700,O004269,P0062,1,167.61,0.0
L0010701,O004269,P0155,1,109.53,0.1
L0010702,O004269,P0034,3,163.55,0.1
L0010703,O004270,P0145,3,97.92,0.0
L0010704,O004270,P0078,2,317.55,0.05
L0010705,O004270,P0157,3,252.75,0.0
L0010706,O004271,P0036,1,52.13,0.0
L0010707,O004271,P0142,2,76.94,0.0
L0010708,O004271,P0105,1,66.7,0.0
L0010709,O004271,P0160,3,125.44,0.2
L0010710,O004272,P0146,2,251.56,0.1
L0010711,O004272,P0021,2,71.03,0.0
L0010712,O004273,P0107,1,297.51,0.05
L0010713,O004273,P0007,2,228.72,0.1
L0010714,O004274,P0034,1,181.72,0.0
L0010715,O004275,P0055,2,11.33,0.2
L0010716,O004275,P0124,1,68.89,0.0
L0010717,O004275,P0164,2,275.47,0.05
L0010718,O004275,P0084,3,233.41,0.1
L0010719,O004276,P0161,1,54.92,0.0
L0010720,O004277,P0170,1,254.85,0.0
L0010721,O004277,P0179,3,142.6,0.0
L0010722,O004277,P0067,3,168.39,0.05
L0010723,O004277,P0043,2,249.36,0.0
L0010724,O004278,P0166,3,188.88,0.05
L0010725,O004278,P0155,2,121.7,0.0
L0010726,O004279,P0139,1,284.51,0.0
L0010727,O004279,P0112,3,33.12,0.05
L0010728,O004280,P0090,2,135.94,0.0
L0010729,O004280,P0173,2,177.0,0.0
L0010730,O004281,P0107,2,297.51,0.05
L0010731,O004281,P0020,1,45.59,0.0
L0010732,O004281,P0098,1,76.03,0.05
L0010733,O004282,P0100,2,70.63,0.15
L0010734,O004283,P0044,3,239.0,0.1
L0010735,O004283,P0174,2,215.24,0.0
L0010736,O004283,P0096,2,265.22,0.0
L0010737,O004284,P0111,1,303.31,0.0
L0010738,O004285,P0102,2,183.42,0.0
L0010739,O004286,P0175,2,60.92,0.0
L0010740,O004286,P0029,3,226.17,0.0
L0010741,O004286,P0059,3,124.7,0.0
L0010742,O004287,P0034,1,163.55,0.1
L0010743,O004288,P0064,1,321.5,0.0
L0010744,O004288,P0049,2,267.57,0.0
L0010745,O004288,P0105,2,66.7,0.0
L0010746,O004288,P0025,2,137.63,0.0
L0010747,O004289,P0142,3,61.55,0.2
L0010748,O004290,P0039,3,309.36,0.0
L0010749,O004291,P0108,1,185.15,0.0
L0010750,O004291,P0162,3,20.33,0.0
L0010751,O004291,P0021,2,71.03,0.0
L0010752,O004291,P0045,1,308.07,0.0
L0010753,O004292,P0119,3,247.16,0.0
L0010754,O004293,P0098,3,80.03,0.0
L0010755,O004294,P0143,1,239.62,0.0
L0010756,O004294,P0153,3,136.91,0.0
L0010757,O004294,P0165,3,115.79,0.1
L0010758,O004295,P0136,3,41.55,0.1
L0010759,O004295,P0018,2,175.15,0.0
L0010760,O004296,P0117,1,195.27,0.2
L0010761,O004296,P0168,3,244.64,0.15
L0010762,O004297,P0179,2,121.21,0.15
L0010763,O004297,P0062,1,167.61,0.0
L0010764,O004297,P0036,2,44.31,0.15
L0010765,O004298,P0054,2,229.99,0.0
L0010766,O004298,P0064,3,321.5,0.0
L0010767,O004299,P0023,2,157.4,0.0
L0010768,O004299,P0052,2,187.42,0.0
L0010769,O004299,P0063,2,148.61,0.0
L0010770,O004299,P0177,2,295.0,0.0
L0010771,O004300,P0048,2,48.25,0.1
L0010772,O004301,P0058,3,308.29,0.0
L0010773,O004301,P0100,3,83.1,0.0
L0010774,O004301,P0113,3,138.3,0.0
L0010775,O004301,P0087,2,97.26,0.0
L0010776,O004302,P0118,2,207.93,0.05
L0010777,O004303,P0174,2,215.24,0.0
L0010778,O004304,P0068,3,285.98,0.0
L0010779,O004304,P0097,2,168.55,0.0
L0010780,O004304,P0155,3,121.7,0.0
L0010781,O004305,P0174,1,215.24,0.0
L0010782,O004305,P0064,2,321.5,0.0
L0010783,O004305,P0032,1,156.15,0.0
L0010784,O004306,P0012,1,63.35,0.0
L0010785,O004307,P0153,1,116.37,0.15
L0010786,O004307,P0027,2,306.58,0.0
L0010787,O004307,P0129,1,127.39,0.0
L0010788,O004307,P0147,1,16.1,0.0
L0010789,O004308,P0016,2,51.19,0.15
L0010790,O004308,P0147,1,16.1,0.0
L0010791,O004309,P0097,3,160.12,0.05
L0010792,O004309,P0001,3,243.85,0.05
L0010793,O004309,P0065,2,126.79,0.1
L0010794,O004310,P0069,1,60.37,0.0
L0010795,O004310,P0082,1,87.79,0.05
L0010796,O004310,P0167,3,154.16,0.05
L0010797,O004310,P0113,3,110.64,0.2
L0010798,O004311,P0015,3,61.62,0.0
L0010799,O004311,P0114,2,307.4,0.0
L0010800,O004311,P0120,1,204.62,0.05
L0010801,O004312,P0150,2,321.49,0.0
L0010802,O004312,P0171,3,88.06,0.0
L0010803,O004312,P0156,2,298.56,0.0
L0010804,O004313,P0178,2,199.64,0.1
L0010805,O004313,P0149,3,42.18,0.0
L0010806,O004313,P0008,1,329.58,0.05
L0010807,O004313,P0012,2,63.35,0.0
L0010808,O004314,P0019,1,86.97,0.0
L0010809,O004314,P0001,1,243.85,0.05
L0010810,O004314,P0004,2,37.63,0.0
L0010811,O004314,P0130,3,39.92,0.0
L0010812,O004315,P0108,2,175.89,0.05
L0010813,O004315,P0001,1,256.68,0.0
L0010814,O004315,P0013,2,32.63,0.15
L0010815,O004315,P0094,2,209.36,0.0
L0010816,O004316,P0141,1,319.15,0.0
L0010817,O004316,P0071,3,109.0,0.0
L0010818,O004316,P0050,3,198.45,0.0
L0010819,O004316,P0039,1,309.36,0.0
L0010820,O004317,P0149,2,37.96,0.1
L0010821,O004318,P0121,1,199.5,0.1
L0010822,O004319,P0171,3,88.06,0.0
L0010823,O004319,P0050,1,198.45,0.0
L0010824,O004319,P0092,3,308.09,0.0
L0010825,O004319,P0148,2,123.95,0.0
L0010826,O004320,P0012,1,63.35,0.0
L0010827,O004320,P0036,1,52.13,0.0
L0010828,O004321,P0123,1,288.69,0.0
L0010829,O004321,P0080,2,202.41,0.0
L0010830,O004321,P0021,2,71.03,0.0
L0010831,O004322,P0084,2,259.34,0.0
L0010832,O004322,P0129,1,114.65,0.1
L0010833,O004322,P0113,2,124.47,0.1
L0010834,O004322,P0125,2,86.4,0.1
L0010835,O004323,P0043,3,249.36,0.0
L0010836,O004324,P0088,3,59.74,0.05
L0010837,O004324,P0079,3,123.52,0.15
L0010838,O004325,P0148,1,105.36,0.15
L0010839,O004326,P0066,3,285.17,0.05
L0010840,O004326,P0098,2,76.03,0.05
L0010841,O004326,P0004,3,35.75,0.05
L0010842,O004326,P0169,1,93.21,0.1
L0010843,O004327,P0029,3,226.17,0.0
L0010844,O004327,P0166,3,178.94,0.1
L0010845,O004327,P0088,1,56.59,0.1
L0010846,O004327,P0112,1,34.86,0.0
L0010847,O004328,P0179,2,142.6,0.0
L0010848,O004328,P0142,1,76.94,0.0
L0010849,O004328,P0144,1,206.16,0.0
L0010850,O004328,P0141,3,303.19,0.05
L0010851,O004329,P0116,1,264.76,0.2
L0010852,O004330,P0166,3,169.0,0.15
L0010853,O004331,P0087,3,87.53,0.1
L0010854,O004331,P0104,1,22.8,0.1
L0010855,O004332,P0154,2,249.76,0.1
L0010856,O004333,P0138,1,77.99,0.15
L0010857,O004333,P0119,2,222.44,0.1
L0010858,O004334,P0023,2,157.4,0.0
L0010859,O004334,P0013,3,32.63,0.15
L0010860,O004334,P0131,2,13.26,0.05
L0010861,O004335,P0104,3,22.8,0.1
L0010862,O004335,P0098,2,76.03,0.05
L0010863,O004335,P0151,3,233.95,0.0
L0010864,O004336,P0141,2,303.19,0.05
L0010865,O004337,P0132,3,53.27,0.15
L0010866,O004338,P0071,3,103.55,0.05
L0010867,O004338,P0043,2,224.42,0.1
L0010868,O004339,P0092,1,308.09,0.0
L0010869,O004339,P0028,3,130.01,0.2
L0010870,O004339,P0134,1,45.14,0.0
L0010871,O004340,P0103,2,91.56,0.1
L0010872,O004340,P0148,2,123.95,0.0
L0010873,O004341,P0135,2,227.34,0.1
L0010874,O004341,P0147,1,16.1,0.0
L0010875,O004341,P0138,2,82.58,0.1
L0010876,O004342,P0086,3,15.03,0.0
L0010877,O004343,P0127,1,80.68,0.15
L0010878,O004344,P0107,1,281.85,0.1
L0010879,O004344,P0010,2,93.03,0.1
L0010880,O004344,P0037,1,117.7,0.1
L0010881,O004344,P0126,2,303.44,0.0
L0010882,O004345,P0067,2,177.25,0.0
L0010883,O004345,P0130,2,31.94,0.2
L0010884,O004345,P0016,3,54.2,0.1
L0010885,O004345,P0090,1,122.35,0.1
L0010886,O004346,P0062,2,150.85,0.1
L0010887,O004346,P0130,1,39.92,0.0
L0010888,O004346,P0014,3,114.74,0.1
L0010889,O004347,P0044,1,265.56,0.0
L0010890,O004348,P0079,3,130.79,0.1
L0010891,O004349,P0117,3,219.68,0.1
L0010892,O004349,P0105,3,66.7,0.0
L0010893,O004350,P0104,3,25.33,0.0
L0010894,O004350,P0045,2,308.07,0.0
L0010895,O004350,P0152,2,187.58,0.0
L0010896,O004350,P0038,1,197.26,0.0
L0010897,O004351,P0150,1,289.34,0.1
L0010898,O004351,P0044,1,265.56,0.0
L0010899,O004352,P0066,3,300.18,0.0
L0010900,O004352,P0147,3,16.1,0.0
L0010901,O004352,P0162,1,18.3,0.1
L0010902,O004352,P0165,1,128.66,0.0
L0010903,O004353,P0114,3,276.66,0.1
L0010904,O004353,P0082,2,78.55,0.15
L0010905,O004354,P0030,3,177.24,0.0
L0010906,O004354,P0070,1,241.83,0.0
L0010907,O004355,P0079,2,130.79,0.1
L0010908,O004355,P0055,1,14.16,0.0
L0010909,O004355,P0002,2,264.47,0.0
L0010910,O004355,P0151,1,233.95,0.0
L0010911,O004356,P0041,2,77.93,0.0
L0010912,O004356,P0165,3,128.66,0.0
L0010913,O004356,P0085,1,280.68,0.1
L0010914,O004357,P0068,2,285.98,0.0
L0010915,O004357,P0051,2,50.47,0.2
L0010916,O004358,P0064,1,321.5,0.0
L0010917,O004358,P0122,3,339.37,0.0
L0010918,O004358,P0071,1,103.55,0.05
L0010919,O004358,P0143,2,239.62,0.0
L0010920,O004359,P0026,2,59.61,0.0
L0010921,O004359,P0163,2,187.12,0.2
L0010922,O004360,P0057,1,61.86,0.0
L0010923,O004360,P0011,3,66.22,0.15
L0010924,O004360,P0098,1,80.03,0.0
L0010925,O004360,P0091,1,272.75,0.15
L0010926,O004361,P0058,3,308.29,0.0
L0010927,O004361,P0104,1,22.8,0.1
L0010928,O004361,P0143,1,239.62,0.0
L0010929,O004361,P0072,1,101.55,0.0
L0010930,O004362,P0112,3,34.86,0.0
L0010931,O004362,P0019,3,78.27,0.1
L0010932,O004362,P0080,2,161.93,0.2
L0010933,O004363,P0047,1,46.52,0.15
L0010934,O004363,P0177,1,265.5,0.1
L0010935,O004363,P0024,3,168.57,0.0
L0010936,O004364,P0027,3,306.58,0.0
L0010937,O004364,P0148,2,123.95,0.0
L0010938,O004364,P0152,2,187.58,0.0
L0010939,O004365,P0176,3,223.57,0.0
L0010940,O004365,P0173,1,159.3,0.1
L0010941,O004365,P0028,3,154.38,0.05
L0010942,O004366,P0028,1,138.13,0.15
L0010943,O004366,P0155,2,109.53,0.1
L0010944,O004366,P0109,3,282.4,0.05
L0010945,O004366,P0107,2,297.51,0.05
L0010946,O004367,P0029,2,180.94,0.2
L0010947,O004367,P0117,1,244.09,0.0
L0010948,O004367,P0126,2,257.92,0.15
L0010949,O004368,P0106,2,162.84,0.1
L0010950,O004369,P0069,3,54.33,0.1
L0010951,O004369,P0042,3,107.66,0.0
L0010952,O004369,P0123,1,288.69,0.0
L0010953,O004369,P0078,3,334.26,0.0
L0010954,O004370,P0031,1,217.77,0.2
L0010955,O004370,P0022,2,131.26,0.1
L0010956,O004371,P0111,1,272.98,0.1
L0010957,O004371,P0015,2,61.62,0.0
L0010958,O004371,P0037,3,130.78,0.0
L0010959,O004372,P0066,2,300.18,0.0
L0010960,O004372,P0163,2,233.9,0.0
L0010961,O004373,P0126,2,303.44,0.0
L0010962,O004374,P0070,3,229.74,0.05
L0010963,O004374,P0021,2,63.93,0.1
L0010964,O004375,P0084,3,259.34,0.0
L0010965,O004375,P0022,2,145.84,0.0
L0010966,O004376,P0021,1,67.48,0.05
L0010967,O004376,P0160,3,125.44,0.2
L0010968,O004376,P0156,2,268.7,0.1
L0010969,O004377,P0095,3,221.56,0.2
L0010970,O004378,P0012,1,63.35,0.0
L0010971,O004378,P0029,2,226.17,0.0
L0010972,O004378,P0097,1,168.55,0.0
L0010973,O004379,P0039,3,309.36,0.0
L0010974,O004380,P0011,3,77.91,0.0
L0010975,O004380,P0162,1,18.3,0.1
L0010976,O004380,P0152,3,187.58,0.0
L0010977,O004381,P0150,3,321.49,0.0
L0010978,O004382,P0171,3,88.06,0.0
L0010979,O004383,P0014,2,127.49,0.0
L0010980,O004384,P0163,3,233.9,0.0
L0010981,O004384,P0127,2,85.43,0.1
L0010982,O004384,P0066,3,300.18,0.0
L0010983,O004385,P0065,2,140.88,0.0
L0010984,O004385,P0180,1,52.22,0.0
L0010985,O004385,P0010,2,103.37,0.0
L0010986,O004386,P0162,3,20.33,0.0
L0010987,O004386,P0022,1,131.26,0.1
L0010988,O004387,P0017,2,153.84,0.15
L0010989,O004387,P0019,1,86.97,0.0
L0010990,O004387,P0149,2,37.96,0.1
L0010991,O004387,P0071,2,109.0,0.0
L0010992,O004388,P0058,1,277.46,0.1
L0010993,O004388,P0178,1,188.55,0.15
L0010994,O004388,P0128,2,282.75,0.0
L0010995,O004389,P0132,2,50.14,0.2
L0010996,O004389,P0102,1,165.08,0.1
L0010997,O004389,P0086,1,15.03,0.0
L0010998,O004390,P0132,1,62.67,0.0
L0010999,O004391,P0098,3,72.03,0.1
L0011000,O004391,P0092,2,292.69,0.05
L0011001,O004392,P0128,2,268.61,0.05
L0011002,O004392,P0059,1,124.7,0.0
L0011003,O004393,P0020,2,38.75,0.15
L0011004,O004393,P0030,1,141.79,0.2
L0011005,O004394,P0084,1,259.34,0.0
L0011006,O004394,P0139,2,270.28,0.05
L0011007,O004394,P0054,3,218.49,0.05
L0011008,O004394,P0086,1,13.53,0.1
L0011009,O004395,P0066,3,240.14,0.2
L0011010,O004395,P0105,1,66.7,0.0
L0011011,O004395,P0016,2,51.19,0.15
L0011012,O004396,P0024,1,168.57,0.0
L0011013,O004396,P0129,2,114.65,0.1
L0011014,O004396,P0158,1,66.38,0.1
L0011015,O004396,P0054,3,218.49,0.05
L0011016,O004397,P0174,2,204.48,0.05
L0011017,O004397,P0088,2,56.59,0.1
L0011018,O004397,P0075,3,84.94,0.0
L0011019,O004398,P0045,1,261.86,0.15
L0011020,O004398,P0093,1,19.74,0.1
L0011021,O004398,P0050,3,198.45,0.0
L0011022,O004399,P0150,2,257.19,0.2
L0011023,O004399,P0105,1,60.03,0.1
L0011024,O004399,P0052,1,149.94,0.2
L0011025,O004399,P0089,3,12.19,0.0
L0011026,O004400,P0091,2,320.88,0.0
L0011027,O004400,P0131,2,13.96,0.0
L0011028,O004401,P0136,3,43.86,0.05
L0011029,O004401,P0122,1,339.37,0.0
L0011030,O004402,P0014,1,114.74,0.1
L0011031,O004402,P0156,3,298.56,0.0
L0011032,O004402,P0004,3,35.75,0.05
L0011033,O004402,P0169,2,82.86,0.2
L0011034,O004403,P0072,2,101.55,0.0
L0011035,O004403,P0111,1,303.31,0.0
L0011036,O004403,P0088,2,62.88,0.0
L0011037,O004403,P0150,2,321.49,0.0
L0011038,O004404,P0052,2,187.42,0.0
L0011039,O004405,P0049,2,240.81,0.1
L0011040,O004405,P0020,3,43.31,0.05
L0011041,O004405,P0001,2,256.68,0.0
L0011042,O004405,P0164,2,260.97,0.1
L0011043,O004406,P0059,1,124.7,0.0
L0011044,O004406,P0140,1,154.35,0.0
L0011045,O004407,P0163,1,198.81,0.15
L0011046,O004407,P0156,1,298.56,0.0
L0011047,O004408,P0123,2,288.69,0.0
L0011048,O004409,P0101,1,297.36,0.15
L0011049,O004409,P0175,1,60.92,0.0
L0011050,O004409,P0069,1,54.33,0.1
L0011051,O004409,P0054,2,229.99,0.0
L0011052,O004410,P0118,2,218.87,0.0
L0011053,O004410,P0077,2,240.42,0.2
L0011054,O004411,P0165,3,115.79,0.1
L0011055,O004412,P0061,1,15.7,0.0
L0011056,O004412,P0080,2,202.41,0.0
L0011057,O004412,P0135,1,252.6,0.0
L0011058,O004413,P0021,2,56.82,0.2
L0011059,O004413,P0009,2,266.23,0.05
L0011060,O004413,P0170,1,254.85,0.0
L0011061,O004414,P0135,2,214.71,0.15
L0011062,O004414,P0180,1,44.39,0.15
L0011063,O004414,P0047,2,54.73,0.0
L0011064,O004414,P0141,1,319.15,0.0
L0011065,O004415,P0051,1,53.63,0.15
L0011066,O004415,P0015,1,55.46,0.1
L0011067,O004415,P0088,2,50.3,0.2
L0011068,O004416,P0026,1,56.63,0.05
L0011069,O004416,P0078,3,300.83,0.1
L0011070,O004417,P0125,1,96.0,0.0
L0011071,O004417,P0152,1,187.58,0.0
L0011072,O004417,P0068,3,257.38,0.1
L0011073,O004418,P0012,2,63.35,0.0
L0011074,O004418,P0166,1,198.82,0.0
L0011075,O004418,P0029,1,226.17,0.0
L0011076,O004419,P0091,3,320.88,0.0
L0011077,O004419,P0084,1,259.34,0.0
L0011078,O004419,P0055,2,13.45,0.05
L0011079,O004419,P0150,2,321.49,0.0
L0011080,O004420,P0045,1,261.86,0.15
L0011081,O004420,P0106,2,180.93,0.0
L0011082,O004420,P0097,3,168.55,0.0
L0011083,O004421,P0032,3,148.34,0.05
L0011084,O004421,P0157,3,252.75,0.0
L0011085,O004422,P0066,3,300.18,0.0
L0011086,O004422,P0048,2,42.89,0.2
L0011087,O004422,P0019,3,86.97,0.0
L0011088,O004423,P0166,3,178.94,0.1
L0011089,O004423,P0070,1,241.83,0.0
L0011090,O004424,P0043,1,199.49,0.2
L0011091,O004424,P0167,1,146.04,0.1
L0011092,O004424,P0025,2,130.75,0.05
L0011093,O004425,P0165,3,128.66,0.0
L0011094,O004425,P0007,1,254.13,0.0
L0011095,O004425,P0047,3,49.26,0.1
L0011096,O004426,P0146,2,279.51,0.0
L0011097,O004427,P0027,1,260.59,0.15
L0011098,O004427,P0095,3,276.95,0.0
L0011099,O004427,P0091,2,320.88,0.0
L0011100,O004428,P0003,3,244.13,0.1
L0011101,O004428,P0094,2,167.49,0.2
L0011102,O004429,P0012,3,63.35,0.0
L0011103,O004429,P0039,1,309.36,0.0
L0011104,O004429,P0164,3,260.97,0.1
L0011105,O004429,P0040,1,248.71,0.0
L0011106,O004430,P0005,1,189.78,0.05
L0011107,O004430,P0115,3,162.76,0.0
L0011108,O004430,P0101,1,349.83,0.0
L0011109,O004431,P0005,3,199.77,0.0
L0011110,O004432,P0096,3,265.22,0.0
L0011111,O004433,P0020,1,45.59,0.0
L0011112,O004433,P0018,1,157.64,0.1
L0011113,O004433,P0072,2,101.55,0.0
L0011114,O004434,P0025,3,137.63,0.0
L0011115,O004435,P0099,3,288.48,0.15
L0011116,O004435,P0088,2,62.88,0.0
L0011117,O004435,P0172,1,47.37,0.05
L0011118,O004435,P0101,3,349.83,0.0
L0011119,O004436,P0152,2,187.58,0.0
L0011120,O004436,P0101,1,314.85,0.1
L0011121,O004437,P0012,2,63.35,0.0
L0011122,O004438,P0161,3,54.92,0.0
L0011123,O004438,P0078,2,334.26,0.0
L0011124,O004438,P0124,1,62.0,0.1
L0011125,O004438,P0043,2,236.89,0.05
L0011126,O004439,P0044,3,265.56,0.0
L0011127,O004439,P0022,2,138.55,0.05
L0011128,O004439,P0109,3,297.26,0.0
L0011129,O004440,P0103,3,101.73,0.0
L0011130,O004441,P0136,2,46.17,0.0
L0011131,O004441,P0140,1,154.35,0.0
L0011132,O004442,P0152,3,168.82,0.1
L0011133,O004443,P0101,3,349.83,0.0
L0011134,O004444,P0179,2,142.6,0.0
L0011135,O004444,P0139,3,284.51,0.0
L0011136,O004445,P0119,3,247.16,0.0
L0011137,O004445,P0178,2,177.46,0.2
L0011138,O004445,P0159,2,120.32,0.1
L0011139,O004446,P0176,3,223.57,0.0
L0011140,O004446,P0032,3,140.53,0.1
L0011141,O004446,P0118,1,175.1,0.2
L0011142,O004447,P0138,1,91.75,0.0
L0011143,O004447,P0078,1,334.26,0.0
L0011144,O004447,P0121,2,221.67,0.0
L0011145,O004448,P0125,3,96.0,0.0
L0011146,O004449,P0061,1,15.7,0.0
L0011147,O004449,P0096,2,225.44,0.15
L0011148,O004449,P0105,2,66.7,0.0
L0011149,O004449,P0028,1,162.51,0.0
L0011150,O004450,P0020,2,45.59,0.0
L0011151,O004450,P0162,1,20.33,0.0
L0011152,O004450,P0046,2,324.79,0.05
L0011153,O004451,P0124,3,65.45,0.05
L0011154,O004451,P0077,1,270.47,0.1
L0011155,O004451,P0006,2,122.4,0.0
L0011156,O004451,P0015,2,55.46,0.1
L0011157,O004452,P0171,3,79.25,0.1
L0011158,O004452,P0061,3,13.34,0.15
L0011159,O004453,P0045,2,308.07,0.0
L0011160,O004453,P0138,2,91.75,0.0
L0011161,O004453,P0061,2,15.7,0.0
L0011162,O004454,P0174,1,204.48,0.05
L0011163,O004454,P0134,1,42.88,0.05
L0011164,O004454,P0097,1,168.55,0.0
L0011165,O004455,P0146,2,251.56,0.1
L0011166,O004456,P0040,2,198.97,0.2
L0011167,O004456,P0180,2,52.22,0.0
L0011168,O004456,P0069,2,54.33,0.1
L0011169,O004457,P0067,3,168.39,0.05
L0011170,O004457,P0013,2,38.39,0.0
L0011171,O004457,P0070,1,241.83,0.0
L0011172,O004458,P0180,2,47.0,0.1
L0011173,O004458,P0131,3,13.26,0.05
L0011174,O004458,P0154,1,249.76,0.1
L0011175,O004458,P0036,1,52.13,0.0
L0011176,O004459,P0140,3,154.35,0.0
L0011177,O004459,P0150,2,321.49,0.0
L0011178,O004459,P0023,2,157.4,0.0
L0011179,O004460,P0111,1,303.31,0.0
L0011180,O004460,P0003,2,271.26,0.0
L0011181,O004461,P0162,2,20.33,0.0
L0011182,O004461,P0139,2,284.51,0.0
L0011183,O004462,P0120,2,215.39,0.0
L0011184,O004462,P0096,3,238.7,0.1
L0011185,O004463,P0128,2,226.2,0.2
L0011186,O004463,P0033,3,178.96,0.0
L0011187,O004464,P0053,2,255.69,0.0
L0011188,O004464,P0044,3,239.0,0.1
L0011189,O004464,P0013,2,38.39,0.0
L0011190,O004464,P0006,3,122.4,0.0
L0011191,O004465,P0139,2,284.51,0.0
L0011192,O004465,P0125,3,96.0,0.0
L0011193,O004466,P0055,3,13.45,0.05
L0011194,O004466,P0143,1,227.64,0.05
L0011195,O004466,P0114,3,276.66,0.1
L0011196,O004466,P0131,2,13.96,0.0
L0011197,O004467,P0163,2,198.81,0.15
L0011198,O004467,P0161,3,49.43,0.1
L0011199,O004468,P0030,3,177.24,0.0
L0011200,O004468,P0117,2,244.09,0.0
L0011201,O004468,P0127,1,94.92,0.0
L0011202,O004469,P0043,2,249.36,0.0
L0011203,O004470,P0143,2,215.66,0.1
L0011204,O004471,P0094,3,198.89,0.05
L0011205,O004471,P0013,1,34.55,0.1
L0011206,O004471,P0115,3,162.76,0.0
L0011207,O004471,P0040,1,211.4,0.15
L0011208,O004472,P0094,2,188.42,0.1
L0011209,O004472,P0178,1,188.55,0.15
L0011210,O004472,P0015,3,61.62,0.0
L0011211,O004473,P0091,2,272.75,0.15
L0011212,O004474,P0160,3,141.12,0.1
L0011213,O004475,P0067,3,177.25,0.0
L0011214,O004475,P0122,3,322.4,0.05
L0011215,O004475,P0026,1,50.67,0.15
L0011216,O004476,P0176,3,223.57,0.0
L0011217,O004477,P0113,1,138.3,0.0
L0011218,O004477,P0099,2,339.39,0.0
L0011219,O004478,P0081,3,22.36,0.05
L0011220,O004478,P0049,3,267.57,0.0
L0011221,O004478,P0149,1,33.74,0.2
L0011222,O004479,P0081,1,20.01,0.15
L0011223,O004479,P0108,3,166.64,0.1
L0011224,O004479,P0092,2,308.09,0.0
L0011225,O004480,P0029,1,192.24,0.15
L0011226,O004480,P0083,2,267.02,0.0
L0011227,O004481,P0054,2,206.99,0.1
L0011228,O004481,P0160,3,156.8,0.0
L0011229,O004481,P0007,3,203.3,0.2
L0011230,O004481,P0064,2,273.27,0.15
L0011231,O004482,P0086,2,15.03,0.0
L0011232,O004482,P0101,1,279.86,0.2
L0011233,O004482,P0071,2,109.0,0.0
L0011234,O004482,P0078,3,334.26,0.0
L0011235,O004483,P0064,2,321.5,0.0
L0011236,O004484,P0066,2,285.17,0.05
L0011237,O004484,P0012,1,57.02,0.1
L0011238,O004485,P0019,1,78.27,0.1
L0011239,O004485,P0136,2,41.55,0.1
L0011240,O004485,P0070,1,241.83,0.0
L0011241,O004485,P0068,2,285.98,0.0
L0011242,O004486,P0147,2,13.69,0.15
L0011243,O004487,P0013,2,36.47,0.05
L0011244,O004487,P0052,3,187.42,0.0
L0011245,O004488,P0034,1,181.72,0.0
L0011246,O004489,P0087,1,87.53,0.1
L0011247,O004489,P0106,3,180.93,0.0
L0011248,O004489,P0054,3,183.99,0.2
L0011249,O004490,P0165,3,122.23,0.05
L0011250,O004490,P0105,1,66.7,0.0
L0011251,O004491,P0130,1,39.92,0.0
L0011252,O004491,P0131,2,13.96,0.0
L0011253,O004491,P0057,2,61.86,0.0
L0011254,O004492,P0018,1,157.64,0.1
L0011255,O004493,P0094,2,209.36,0.0
L0011256,O004493,P0031,3,244.99,0.1
L0011257,O004493,P0018,1,148.88,0.15
L0011258,O004493,P0075,3,84.94,0.0
L0011259,O004494,P0089,2,12.19,0.0
L0011260,O004494,P0140,1,154.35,0.0
L0011261,O004495,P0169,2,103.57,0.0
L0011262,O004495,P0112,3,34.86,0.0
L0011263,O004495,P0091,1,272.75,0.15
L0011264,O004495,P0035,1,127.08,0.0
L0011265,O004496,P0026,1,50.67,0.15
L0011266,O004496,P0059,3,112.23,0.1
L0011267,O004496,P0106,2,153.79,0.15
L0011268,O004496,P0109,3,297.26,0.0
L0011269,O004497,P0174,3,215.24,0.0
L0011270,O004497,P0118,1,218.87,0.0
L0011271,O004497,P0095,3,276.95,0.0
L0011272,O004497,P0069,2,60.37,0.0
L0011273,O004498,P0115,1,162.76,0.0
L0011274,O004498,P0023,1,157.4,0.0
L0011275,O004499,P0135,1,252.6,0.0
L0011276,O004499,P0028,1,162.51,0.0
L0011277,O004499,P0097,2,151.7,0.1
L0011278,O004500,P0161,1,54.92,0.0
L0011279,O004500,P0112,2,34.86,0.0
L0011280,O004501,P0154,1,222.01,0.2
L0011281,O004501,P0134,2,45.14,0.0
L0011282,O004501,P0014,3,127.49,0.0
L0011283,O004501,P0104,3,22.8,0.1
L0011284,O004502,P0177,3,280.25,0.05
L0011285,O004502,P0087,3,97.26,0.0
L0011286,O004502,P0049,3,240.81,0.1
L0011287,O004502,P0014,3,114.74,0.1
L0011288,O004503,P0130,2,33.93,0.15
L0011289,O004503,P0162,3,20.33,0.0
L0011290,O004504,P0177,1,280.25,0.05
L0011291,O004505,P0091,2,256.7,0.2
L0011292,O004505,P0070,3,241.83,0.0
L0011293,O004505,P0109,2,267.53,0.1
L0011294,O004505,P0140,1,146.63,0.05
L0011295,O004506,P0140,3,154.35,0.0
L0011296,O004506,P0156,3,298.56,0.0
L0011297,O004506,P0048,2,50.93,0.05
L0011298,O004507,P0116,1,330.95,0.0
L0011299,O004508,P0072,2,101.55,0.0
L0011300,O004508,P0166,1,178.94,0.1
L0011301,O004508,P0134,2,45.14,0.0
L0011302,O004508,P0165,1,128.66,0.0
L0011303,O004509,P0070,3,241.83,0.0
L0011304,O004509,P0057,1,61.86,0.0
L0011305,O004509,P0163,2,233.9,0.0
L0011306,O004509,P0153,1,136.91,0.0
L0011307,O004510,P0170,1,229.37,0.1
L0011308,O004511,P0055,1,12.74,0.1
L0011309,O004511,P0017,3,153.84,0.15
L0011310,O004512,P0130,2,39.92,0.0
L0011311,O004513,P0004,3,35.75,0.05
L0011312,O004513,P0030,2,150.65,0.15
L0011313,O004513,P0018,3,148.88,0.15
L0011314,O004514,P0131,2,13.96,0.0
L0011315,O004514,P0180,2,52.22,0.0
L0011316,O004515,P0166,1,198.82,0.0
L0011317,O004516,P0129,1,127.39,0.0
L0011318,O004516,P0156,3,283.63,0.05
L0011319,O004517,P0034,1,181.72,0.0
L0011320,O004517,P0005,2,199.77,0.0
L0011321,O004517,P0011,1,66.22,0.15
L0011322,O004517,P0178,2,221.82,0.0
L0011323,O004518,P0137,1,50.88,0.0
L0011324,O004518,P0127,3,75.94,0.2
L0011325,O004519,P0038,3,187.4,0.05
L0011326,O004519,P0171,3,79.25,0.1
L0011327,O004520,P0072,1,96.47,0.05
L0011328,O004520,P0033,2,152.12,0.15
L0011329,O004521,P0052,1,187.42,0.0
L0011330,O004521,P0103,3,86.47,0.15
L0011331,O004522,P0043,3,236.89,0.05
L0011332,O004522,P0069,2,60.37,0.0
L0011333,O004522,P0068,3,285.98,0.0
L0011334,O004523,P0152,3,187.58,0.0
L0011335,O004523,P0077,2,300.52,0.0
L0011336,O004523,P0147,1,14.49,0.1
L0011337,O004524,P0178,3,199.64,0.1
L0011338,O004525,P0079,3,145.32,0.0
L0011339,O004526,P0029,2,226.17,0.0
L0011340,O004526,P0017,3,180.99,0.0
L0011341,O004526,P0084,1,220.44,0.15
L0011342,O004527,P0099,1,339.39,0.0
L0011343,O004527,P0107,2,313.17,0.0
L0011344,O004528,P0059,1,124.7,0.0
L0011345,O004528,P0082,1,92.41,0.0
L0011346,O004528,P0029,2,226.17,0.0
L0011347,O004529,P0006,3,110.16,0.1
L0011348,O004530,P0001,1,256.68,0.0
L0011349,O004530,P0178,2,177.46,0.2
L0011350,O004531,P0156,2,238.85,0.2
L0011351,O004531,P0161,2,54.92,0.0
L0011352,O004531,P0065,3,126.79,0.1
L0011353,O004532,P0056,1,298.62,0.1
L0011354,O004533,P0039,2,309.36,0.0
L0011355,O004534,P0084,1,246.37,0.05
L0011356,O004534,P0132,1,62.67,0.0
L0011357,O004534,P0054,1,195.49,0.15
L0011358,O004534,P0015,1,61.62,0.0
L0011359,O004535,P0121,1,199.5,0.1
L0011360,O004535,P0081,1,20.01,0.15
L0011361,O004536,P0042,2,91.51,0.15
L0011362,O004536,P0134,1,45.14,0.0
L0011363,O004537,P0011,2,77.91,0.0
L0011364,O004537,P0097,3,168.55,0.0
L0011365,O004537,P0013,3,30.71,0.2
L0011366,O004538,P0127,2,94.92,0.0
L0011367,O004538,P0110,1,216.57,0.15
L0011368,O004538,P0022,1,145.84,0.0
L0011369,O004539,P0160,3,156.8,0.0
L0011370,O004539,P0150,3,321.49,0.0
L0011371,O004539,P0170,1,242.11,0.05
L0011372,O004539,P0068,3,257.38,0.1
L0011373,O004540,P0071,3,109.0,0.0
L0011374,O004540,P0165,2,115.79,0.1
L0011375,O004540,P0092,3,277.28,0.1
L0011376,O004541,P0090,3,135.94,0.0
L0011377,O004541,P0157,2,252.75,0.0
L0011378,O004542,P0012,1,63.35,0.0
L0011379,O004542,P0022,1,123.96,0.15
L0011380,O004542,P0094,2,209.36,0.0
L0011381,O004542,P0108,3,185.15,0.0
L0011382,O004543,P0177,3,295.0,0.0
L0011383,O004543,P0148,2,123.95,0.0
L0011384,O004543,P0045,3,292.67,0.05
L0011385,O004543,P0027,1,275.92,0.1
L0011386,O004544,P0073,2,263.38,0.0
L0011387,O004544,P0141,2,319.15,0.0
L0011388,O004544,P0071,3,98.1,0.1
L0011389,O004544,P0086,2,15.03,0.0
L0011390,O004545,P0086,2,15.03,0.0
L0011391,O004545,P0111,2,303.31,0.0
L0011392,O004545,P0131,2,13.96,0.0
L0011393,O004545,P0150,2,321.49,0.0
L0011394,O004546,P0044,2,239.0,0.1
L0011395,O004547,P0146,3,265.53,0.05
L0011396,O004547,P0034,3,172.63,0.05
L0011397,O004547,P0017,1,180.99,0.0
L0011398,O004547,P0014,2,127.49,0.0
L0011399,O004548,P0100,3,74.79,0.1
L0011400,O004549,P0046,2,341.88,0.0
L0011401,O004549,P0031,2,244.99,0.1
L0011402,O004549,P0022,3,131.26,0.1
L0011403,O004550,P0103,1,101.73,0.0
L0011404,O004550,P0067,3,177.25,0.0
L0011405,O004550,P0053,1,255.69,0.0
L0011406,O004551,P0112,3,27.89,0.2
L0011407,O004552,P0155,3,121.7,0.0
L0011408,O004552,P0078,3,334.26,0.0
L0011409,O004552,P0123,2,259.82,0.1
L0011410,O004552,P0100,2,74.79,0.1
L0011411,O004553,P0042,1,107.66,0.0
L0011412,O004553,P0109,3,297.26,0.0
L0011413,O004553,P0019,2,82.62,0.05
L0011414,O004554,P0034,3,181.72,0.0
L0011415,O004554,P0019,2,86.97,0.0
L0011416,O004554,P0133,1,44.12,0.0
L0011417,O004554,P0121,2,221.67,0.0
L0011418,O004555,P0112,1,31.37,0.1
L0011419,O004555,P0041,3,70.14,0.1
L0011420,O004556,P0163,1,198.81,0.15
L0011421,O004557,P0075,1,76.45,0.1
L0011422,O004557,P0096,3,265.22,0.0
L0011423,O004558,P0113,3,138.3,0.0
L0011424,O004558,P0127,2,94.92,0.0
L0011425,O004558,P0017,3,171.94,0.05
L0011426,O004558,P0157,2,252.75,0.0
L0011427,O004559,P0156,2,298.56,0.0
L0011428,O004559,P0073,3,263.38,0.0
L0011429,O004559,P0063,3,126.32,0.15
L0011430,O004559,P0007,1,216.01,0.15
L0011431,O004560,P0097,1,168.55,0.0
L0011432,O004560,P0069,2,48.3,0.2
L0011433,O004560,P0075,3,84.94,0.0
L0011434,O004561,P0139,3,284.51,0.0
L0011435,O004561,P0046,2,273.5,0.2
L0011436,O004562,P0064,2,289.35,0.1
L0011437,O004563,P0003,3,230.57,0.15
L0011438,O004563,P0091,1,304.84,0.05
L0011439,O004563,P0044,3,239.0,0.1
L0011440,O004564,P0046,3,290.6,0.15
L0011441,O004564,P0171,2,88.06,0.0
L0011442,O004564,P0175,2,57.87,0.05
L0011443,O004564,P0151,3,210.56,0.1
L0011444,O004565,P0072,2,91.39,0.1
L0011445,O004565,P0028,2,138.13,0.15
L0011446,O004565,P0056,3,331.8,0.0
L0011447,O004566,P0045,2,277.26,0.1
L0011448,O004566,P0107,2,297.51,0.05
L0011449,O004567,P0122,2,288.46,0.15
L0011450,O004567,P0037,1,117.7,0.1
L0011451,O004567,P0067,1,168.39,0.05
L0011452,O004568,P0129,1,114.65,0.1
L0011453,O004568,P0052,3,187.42,0.0
L0011454,O004569,P0130,1,35.93,0.1
L0011455,O004569,P0057,1,55.67,0.1
L0011456,O004569,P0032,3,132.73,0.15
L0011457,O004570,P0162,1,20.33,0.0
L0011458,O004570,P0112,2,34.86,0.0
L0011459,O004570,P0041,3,77.93,0.0
L0011460,O004571,P0017,2,180.99,0.0
L0011461,O004571,P0069,2,54.33,0.1
L0011462,O004572,P0085,1,249.5,0.2
L0011463,O004573,P0057,3,55.67,0.1
L0011464,O004573,P0006,3,122.4,0.0
L0011465,O004574,P0122,1,305.43,0.1
L0011466,O004575,P0048,2,48.25,0.1
L0011467,O004575,P0051,3,63.09,0.0
L0011468,O004575,P0094,3,198.89,0.05
L0011469,O004576,P0115,2,154.62,0.05
L0011470,O004576,P0154,3,263.63,0.05
L0011471,O004576,P0055,1,11.33,0.2
L0011472,O004577,P0171,3,88.06,0.0
L0011473,O004578,P0040,1,223.84,0.1
L0011474,O004579,P0101,1,332.34,0.05
L0011475,O004579,P0075,1,84.94,0.0
L0011476,O004580,P0105,1,56.7,0.15
L0011477,O004580,P0168,1,230.25,0.2
L0011478,O004580,P0147,1,16.1,0.0
L0011479,O004581,P0161,2,46.68,0.15
L0011480,O004581,P0053,1,255.69,0.0
L0011481,O004581,P0170,3,254.85,0.0
L0011482,O004581,P0018,1,175.15,0.0
L0011483,O004582,P0118,1,207.93,0.05
L0011484,O004582,P0101,2,349.83,0.0
L0011485,O004583,P0006,1,122.4,0.0
L0011486,O004583,P0062,3,167.61,0.0
L0011487,O004583,P0165,1,115.79,0.1
L0011488,O004583,P0013,1,38.39,0.0
L0011489,O004584,P0010,1,93.03,0.1
L0011490,O004585,P0087,1,87.53,0.1
L0011491,O004585,P0092,3,277.28,0.1
L0011492,O004585,P0074,2,182.57,0.0
L0011493,O004585,P0069,3,51.31,0.15
L0011494,O004586,P0153,2,123.22,0.1
L0011495,O004586,P0157,2,227.47,0.1
L0011496,O004586,P0087,1,97.26,0.0
L0011497,O004587,P0019,2,86.97,0.0
L0011498,O004587,P0025,3,110.1,0.2
L0011499,O004587,P0063,1,133.75,0.1
L0011500,O004588,P0022,3,145.84,0.0
L0011501,O004588,P0071,1,98.1,0.1
L0011502,O004588,P0165,1,109.36,0.15
L0011503,O004588,P0064,1,257.2,0.2
L0011504,O004589,P0088,3,59.74,0.05
L0011505,O004590,P0139,3,284.51,0.0
L0011506,O004590,P0171,1,83.66,0.05
L0011507,O004591,P0109,3,297.26,0.0
L0011508,O004591,P0140,3,154.35,0.0
L0011509,O004591,P0082,3,92.41,0.0
L0011510,O004591,P0033,3,178.96,0.0
L0011511,O004592,P0057,2,61.86,0.0
L0011512,O004592,P0003,2,271.26,0.0
L0011513,O004592,P0115,1,162.76,0.0
L0011514,O004593,P0137,1,50.88,0.0
L0011515,O004593,P0065,1,140.88,0.0
L0011516,O004594,P0012,1,63.35,0.0
L0011517,O004594,P0066,2,300.18,0.0
L0011518,O004595,P0015,3,55.46,0.1
L0011519,O004596,P0153,3,116.37,0.15
L0011520,O004596,P0079,2,145.32,0.0
L0011521,O004596,P0068,1,228.78,0.2
L0011522,O004596,P0035,2,114.37,0.1
L0011523,O004597,P0170,2,229.37,0.1
L0011524,O004597,P0053,1,255.69,0.0
L0011525,O004597,P0056,1,282.03,0.15
L0011526,O004598,P0156,2,298.56,0.0
L0011527,O004599,P0107,2,266.19,0.15
L0011528,O004599,P0104,1,22.8,0.1
L0011529,O004599,P0059,1,124.7,0.0
L0011530,O004599,P0077,1,270.47,0.1
L0011531,O004600,P0014,1,127.49,0.0
L0011532,O004600,P0036,2,46.92,0.1
L0011533,O004601,P0059,2,124.7,0.0
L0011534,O004601,P0167,3,162.27,0.0
L0011535,O004601,P0173,2,159.3,0.1
L0011536,O004602,P0065,3,119.75,0.15
L0011537,O004603,P0157,3,240.11,0.05
L0011538,O004603,P0165,3,115.79,0.1
L0011539,O004604,P0152,2,187.58,0.0
L0011540,O004604,P0142,3,73.09,0.05
L0011541,O004605,P0051,2,59.94,0.05
L0011542,O004606,P0003,3,217.01,0.2
L0011543,O004606,P0089,2,11.58,0.05
L0011544,O004606,P0112,2,34.86,0.0
L0011545,O004606,P0109,3,297.26,0.0
L0011546,O004607,P0167,2,162.27,0.0
L0011547,O004608,P0081,1,22.36,0.05
L0011548,O004608,P0172,1,44.87,0.1
L0011549,O004608,P0132,1,56.4,0.1
L0011550,O004608,P0096,1,238.7,0.1
L0011551,O004609,P0015,2,58.54,0.05
L0011552,O004609,P0109,3,297.26,0.0
L0011553,O004609,P0121,3,221.67,0.0
L0011554,O004610,P0086,1,15.03,0.0
L0011555,O004610,P0118,3,218.87,0.0
L0011556,O004610,P0177,2,295.0,0.0
L0011557,O004610,P0109,2,297.26,0.0
L0011558,O004611,P0073,1,263.38,0.0
L0011559,O004612,P0083,1,226.97,0.15
L0011560,O004612,P0059,1,124.7,0.0
L0011561,O004612,P0021,2,71.03,0.0
L0011562,O004613,P0004,1,33.87,0.1
L0011563,O004613,P0102,1,155.91,0.15
L0011564,O004613,P0112,1,29.63,0.15
L0011565,O004613,P0030,3,168.38,0.05
L0011566,O004614,P0133,2,39.71,0.1
L0011567,O004614,P0026,1,53.65,0.1
L0011568,O004615,P0163,2,187.12,0.2
L0011569,O004615,P0040,1,248.71,0.0
L0011570,O004616,P0137,3,50.88,0.0
L0011571,O004616,P0044,1,225.73,0.15
L0011572,O004616,P0151,3,210.56,0.1
L0011573,O004616,P0050,2,198.45,0.0
L0011574,O004617,P0061,2,15.7,0.0
L0011575,O004617,P0127,1,94.92,0.0
L0011576,O004617,P0166,1,178.94,0.1
L0011577,O004618,P0158,1,66.38,0.1
L0011578,O004618,P0045,1,246.46,0.2
L0011579,O004618,P0010,2,93.03,0.1
L0011580,O004618,P0127,2,94.92,0.0
L0011581,O004619,P0017,1,180.99,0.0
L0011582,O004620,P0174,1,215.24,0.0
L0011583,O004620,P0014,1,127.49,0.0
L0011584,O004621,P0087,2,97.26,0.0
L0011585,O004621,P0090,1,135.94,0.0
L0011586,O004621,P0016,2,60.22,0.0
L0011587,O004621,P0007,2,254.13,0.0
L0011588,O004622,P0037,3,130.78,0.0
L0011589,O004622,P0135,1,252.6,0.0
L0011590,O004622,P0106,2,180.93,0.0
L0011591,O004622,P0009,1,266.23,0.05
L0011592,O004623,P0070,3,241.83,0.0
L0011593,O004624,P0039,1,309.36,0.0
L0011594,O004624,P0138,2,91.75,0.0
L0011595,O004625,P0111,3,272.98,0.1
L0011596,O004625,P0123,2,288.69,0.0
L0011597,O004625,P0118,3,218.87,0.0
L0011598,O004625,P0021,1,71.03,0.0
L0011599,O004626,P0038,2,197.26,0.0
L0011600,O004627,P0089,2,12.19,0.0
L0011601,O004627,P0001,1,256.68,0.0
L0011602,O004627,P0174,1,193.72,0.1
L0011603,O004627,P0162,2,20.33,0.0
L0011604,O004628,P0141,1,319.15,0.0
L0011605,O004629,P0158,1,73.76,0.0
L0011606,O004629,P0127,2,75.94,0.2
L0011607,O004629,P0014,2,127.49,0.0
L0011608,O004629,P0097,2,168.55,0.0
L0011609,O004630,P0009,1,266.23,0.05
L0011610,O004631,P0174,3,215.24,0.0
L0011611,O004631,P0154,2,222.01,0.2
L0011612,O004631,P0108,1,185.15,0.0
L0011613,O004632,P0129,2,127.39,0.0
L0011614,O004632,P0045,1,308.07,0.0
L0011615,O004632,P0103,2,86.47,0.15
L0011616,O004632,P0120,1,193.85,0.1
L0011617,O004633,P0005,1,199.77,0.0
L0011618,O004633,P0008,3,329.58,0.05
L0011619,O004633,P0051,3,63.09,0.0
L0011620,O004633,P0056,2,331.8,0.0
L0011621,O004634,P0156,1,298.56,0.0
L0011622,O004634,P0101,1,349.83,0.0
L0011623,O004635,P0175,2,54.83,0.1
L0011624,O004635,P0146,3,237.58,0.15
L0011625,O004635,P0012,1,63.35,0.0
L0011626,O004636,P0095,3,235.41,0.15
L0011627,O004636,P0106,2,162.84,0.1
L0011628,O004636,P0035,2,101.66,0.2
L0011629,O004636,P0002,2,264.47,0.0
L0011630,O004637,P0097,3,168.55,0.0
L0011631,O004637,P0138,2,87.16,0.05
L0011632,O004637,P0128,3,282.75,0.0
L0011633,O004637,P0011,2,70.12,0.1
L0011634,O004638,P0045,1,308.07,0.0
L0011635,O004638,P0169,2,98.39,0.05
L0011636,O004638,P0052,3,187.42,0.0
L0011637,O004639,P0079,1,145.32,0.0
L0011638,O004639,P0061,2,15.7,0.0
L0011639,O004639,P0161,3,49.43,0.1
L0011640,O004640,P0004,1,31.99,0.15
L0011641,O004641,P0048,3,50.93,0.05
L0011642,O004641,P0162,1,20.33,0.0
L0011643,O004641,P0012,3,57.02,0.1
L0011644,O004641,P0106,2,180.93,0.0
L0011645,O004642,P0051,3,50.47,0.2
L0011646,O004642,P0036,2,52.13,0.0
L0011647,O004642,P0016,3,51.19,0.15
L0011648,O004642,P0157,2,252.75,0.0
L0011649,O004643,P0041,3,77.93,0.0
L0011650,O004643,P0053,3,255.69,0.0
L0011651,O004643,P0159,3,133.69,0.0
L0011652,O004643,P0131,1,13.96,0.0
L0011653,O004644,P0023,1,157.4,0.0
L0011654,O004644,P0031,2,272.21,0.0
L0011655,O004644,P0163,2,210.51,0.1
L0011656,O004645,P0153,1,136.91,0.0
L0011657,O004646,P0079,2,138.05,0.05
L0011658,O004647,P0016,1,48.18,0.2
L0011659,O004648,P0140,1,146.63,0.05
L0011660,O004648,P0094,1,177.96,0.15
L0011661,O004649,P0152,1,159.44,0.15
L0011662,O004649,P0172,3,49.86,0.0
L0011663,O004650,P0033,3,178.96,0.0
L0011664,O004650,P0044,1,265.56,0.0
L0011665,O004650,P0105,3,63.37,0.05
L0011666,O004650,P0148,3,105.36,0.15
L0011667,O004651,P0020,3,45.59,0.0
L0011668,O004651,P0032,1,156.15,0.0
L0011669,O004651,P0028,2,154.38,0.05
L0011670,O004652,P0033,1,178.96,0.0
L0011671,O004652,P0091,1,320.88,0.0
L0011672,O004652,P0151,2,233.95,0.0
L0011673,O004652,P0143,1,239.62,0.0
L0011674,O004653,P0177,1,295.0,0.0
L0011675,O004653,P0083,2,267.02,0.0
L0011676,O004653,P0130,1,39.92,0.0
L0011677,O004653,P0075,3,84.94,0.0
L0011678,O004654,P0062,2,167.61,0.0
L0011679,O004654,P0148,3,117.75,0.05
L0011680,O004654,P0021,2,71.03,0.0
L0011681,O004654,P0029,3,226.17,0.0
L0011682,O004655,P0064,2,321.5,0.0
L0011683,O004655,P0120,3,193.85,0.1
L0011684,O004655,P0158,2,62.7,0.15
L0011685,O004655,P0006,3,122.4,0.0
L0011686,O004656,P0037,3,117.7,0.1
L0011687,O004656,P0039,1,309.36,0.0
L0011688,O004657,P0167,1,162.27,0.0
L0011689,O004657,P0046,2,341.88,0.0
L0011690,O004657,P0085,3,311.87,0.0
L0011691,O004658,P0035,2,114.37,0.1
L0011692,O004658,P0080,2,202.41,0.0
L0011693,O004658,P0028,2,162.51,0.0
L0011694,O004659,P0026,3,59.61,0.0
L0011695,O004659,P0007,1,216.01,0.15
L0011696,O004660,P0127,2,94.92,0.0
L0011697,O004660,P0117,2,244.09,0.0
L0011698,O004661,P0044,3,265.56,0.0
L0011699,O004661,P0100,3,74.79,0.1
L0011700,O004661,P0149,2,42.18,0.0
L0011701,O004661,P0117,3,244.09,0.0
L0011702,O004662,P0148,1,99.16,0.2
L0011703,O004662,P0009,2,280.24,0.0
L0011704,O004663,P0048,1,53.61,0.0
L0011705,O004663,P0119,1,247.16,0.0
L0011706,O004663,P0036,2,41.7,0.2
L0011707,O004663,P0093,2,19.74,0.1
L0011708,O004664,P0118,3,218.87,0.0
L0011709,O004665,P0116,1,297.86,0.1
L0011710,O004665,P0144,1,206.16,0.0
L0011711,O004666,P0082,1,87.79,0.05
L0011712,O004666,P0094,3,209.36,0.0
L0011713,O004667,P0044,3,265.56,0.0
L0011714,O004667,P0065,1,140.88,0.0
L0011715,O004668,P0004,1,33.87,0.1
L0011716,O004668,P0099,1,322.42,0.05
L0011717,O004668,P0135,1,252.6,0.0
L0011718,O004668,P0162,3,19.31,0.05
L0011719,O004669,P0080,1,161.93,0.2
L0011720,O004669,P0141,2,319.15,0.0
L0011721,O004669,P0062,1,167.61,0.0
L0011722,O004669,P0066,1,300.18,0.0
L0011723,O004670,P0048,1,45.57,0.15
L0011724,O004670,P0150,3,321.49,0.0
L0011725,O004671,P0007,3,254.13,0.0
L0011726,O004672,P0174,3,182.95,0.15
L0011727,O004672,P0034,3,181.72,0.0
L0011728,O004672,P0063,3,148.61,0.0
L0011729,O004672,P0096,1,265.22,0.0
L0011730,O004673,P0023,1,157.4,0.0
L0011731,O004673,P0051,1,59.94,0.05
L0011732,O004673,P0069,2,54.33,0.1
L0011733,O004674,P0046,2,341.88,0.0
L0011734,O004674,P0014,2,127.49,0.0
L0011735,O004674,P0176,1,223.57,0.0
L0011736,O004675,P0096,3,251.96,0.05
L0011737,O004675,P0098,3,80.03,0.0
L0011738,O004676,P0137,2,48.34,0.05
L0011739,O004677,P0155,2,121.7,0.0
L0011740,O004678,P0077,2,300.52,0.0
L0011741,O004678,P0035,2,101.66,0.2
L0011742,O004679,P0115,3,162.76,0.0
L0011743,O004680,P0175,1,57.87,0.05
L0011744,O004681,P0166,3,198.82,0.0
L0011745,O004682,P0143,1,215.66,0.1
L0011746,O004682,P0032,3,156.15,0.0
L0011747,O004682,P0082,1,92.41,0.0
L0011748,O004683,P0031,3,272.21,0.0
L0011749,O004683,P0008,2,346.93,0.0
L0011750,O004683,P0071,1,109.0,0.0
L0011751,O004684,P0144,2,195.85,0.05
L0011752,O004684,P0070,3,241.83,0.0
L0011753,O004684,P0058,2,308.29,0.0
L0011754,O004684,P0149,2,42.18,0.0
L0011755,O004685,P0046,3,307.69,0.1
L0011756,O004686,P0060,1,220.59,0.2
L0011757,O004686,P0143,2,239.62,0.0
L0011758,O004686,P0086,1,15.03,0.0
L0011759,O004687,P0006,3,116.28,0.05
L0011760,O004687,P0027,2,275.92,0.1
L0011761,O004688,P0173,1,177.0,0.0
L0011762,O004689,P0057,3,61.86,0.0
L0011763,O004689,P0110,1,254.79,0.0
L0011764,O004689,P0178,1,221.82,0.0
L0011765,O004690,P0136,1,46.17,0.0
L0011766,O004690,P0060,2,275.74,0.0
L0011767,O004690,P0030,2,177.24,0.0
L0011768,O004690,P0058,1,308.29,0.0
L0011769,O004691,P0070,3,241.83,0.0
L0011770,O004691,P0095,3,249.25,0.1
L0011771,O004691,P0128,3,254.47,0.1
L0011772,O004691,P0016,3,48.18,0.2
L0011773,O004692,P0160,2,156.8,0.0
L0011774,O004692,P0036,2,52.13,0.0
L0011775,O004692,P0132,2,62.67,0.0
L0011776,O004692,P0030,1,159.52,0.1
L0011777,O004693,P0154,3,222.01,0.2
L0011778,O004693,P0155,3,121.7,0.0
L0011779,O004693,P0171,2,88.06,0.0
L0011780,O004694,P0121,2,177.34,0.2
L0011781,O004694,P0162,3,18.3,0.1
L0011782,O004695,P0170,3,203.88,0.2
L0011783,O004695,P0122,3,322.4,0.05
L0011784,O004696,P0108,1,175.89,0.05
L0011785,O004696,P0159,3,120.32,0.1
L0011786,O004697,P0005,1,199.77,0.0
L0011787,O004697,P0013,2,30.71,0.2
L0011788,O004697,P0171,2,88.06,0.0
L0011789,O004697,P0144,2,206.16,0.0
L0011790,O004698,P0074,3,182.57,0.0
L0011791,O004699,P0173,3,177.0,0.0
L0011792,O004699,P0102,2,183.42,0.0
L0011793,O004699,P0003,2,244.13,0.1
L0011794,O004699,P0176,3,223.57,0.0
L0011795,O004700,P0163,1,233.9,0.0
L0011796,O004700,P0157,2,252.75,0.0
L0011797,O004700,P0118,2,207.93,0.05
L0011798,O004700,P0026,2,59.61,0.0
L0011799,O004701,P0069,3,60.37,0.0
L0011800,O004701,P0111,3,303.31,0.0
L0011801,O004701,P0152,2,178.2,0.05
L0011802,O004702,P0114,2,307.4,0.0
L0011803,O004702,P0089,3,9.75,0.2
L0011804,O004702,P0071,1,92.65,0.15
L0011805,O004702,P0146,2,265.53,0.05
L0011806,O004703,P0102,1,183.42,0.0
L0011807,O004703,P0158,1,66.38,0.1
L0011808,O004703,P0073,1,263.38,0.0
L0011809,O004704,P0042,2,96.89,0.1
L0011810,O004704,P0159,1,133.69,0.0
L0011811,O004705,P0069,1,54.33,0.1
L0011812,O004706,P0171,3,88.06,0.0
L0011813,O004706,P0064,2,321.5,0.0
L0011814,O004706,P0116,1,330.95,0.0
L0011815,O004706,P0067,3,177.25,0.0
L0011816,O004707,P0027,1,260.59,0.15
L0011817,O004708,P0093,3,21.93,0.0
L0011818,O004709,P0124,3,58.56,0.15
L0011819,O004709,P0125,3,86.4,0.1
L0011820,O004709,P0073,2,250.21,0.05
L0011821,O004710,P0072,3,91.39,0.1
L0011822,O004710,P0150,1,289.34,0.1
L0011823,O004710,P0088,1,62.88,0.0
L0011824,O004711,P0097,3,134.84,0.2
L0011825,O004711,P0148,3,123.95,0.0
L0011826,O004711,P0018,2,175.15,0.0
L0011827,O004711,P0167,2,154.16,0.05
L0011828,O004712,P0179,2,142.6,0.0
L0011829,O004712,P0013,2,36.47,0.05
L0011830,O004713,P0136,3,46.17,0.0
L0011831,O004713,P0160,2,156.8,0.0
L0011832,O004713,P0176,2,190.03,0.15
L0011833,O004713,P0138,3,87.16,0.05
L0011834,O004714,P0054,3,206.99,0.1
L0011835,O004714,P0112,3,34.86,0.0
L0011836,O004714,P0051,2,63.09,0.0
L0011837,O004714,P0158,2,73.76,0.0
L0011838,O004715,P0143,3,239.62,0.0
L0011839,O004715,P0028,2,162.51,0.0
L0011840,O004715,P0047,3,49.26,0.1
L0011841,O004715,P0176,1,223.57,0.0
L0011842,O004716,P0122,2,305.43,0.1
L0011843,O004716,P0125,1,86.4,0.1
L0011844,O004716,P0057,2,49.49,0.2
L0011845,O004717,P0178,3,210.73,0.05
L0011846,O004717,P0167,1,162.27,0.0
L0011847,O004717,P0132,3,62.67,0.0
L0011848,O004717,P0103,3,96.64,0.05
L0011849,O004718,P0113,3,138.3,0.0
L0011850,O004719,P0106,2,180.93,0.0
L0011851,O004719,P0039,1,278.42,0.1
L0011852,O004719,P0095,3,249.25,0.1
L0011853,O004720,P0031,1,272.21,0.0
L0011854,O004721,P0021,3,71.03,0.0
L0011855,O004721,P0044,3,265.56,0.0
L0011856,O004722,P0138,2,77.99,0.15
L0011857,O004722,P0065,3,140.88,0.0
L0011858,O004722,P0049,1,267.57,0.0
L0011859,O004723,P0030,3,159.52,0.1
L0011860,O004723,P0022,1,145.84,0.0
L0011861,O004723,P0089,3,12.19,0.0
L0011862,O004724,P0066,3,270.16,0.1
L0011863,O004724,P0035,2,114.37,0.1
L0011864,O004724,P0051,1,56.78,0.1
L0011865,O004724,P0039,3,309.36,0.0
L0011866,O004725,P0171,3,79.25,0.1
L0011867,O004726,P0009,2,280.24,0.0
L0011868,O004726,P0167,1,137.93,0.15
L0011869,O004726,P0174,2,215.24,0.0
L0011870,O004727,P0051,1,63.09,0.0
L0011871,O004727,P0041,3,77.93,0.0
L0011872,O004727,P0069,1,54.33,0.1
L0011873,O004727,P0100,1,83.1,0.0
L0011874,O004728,P0094,3,177.96,0.15
L0011875,O004728,P0028,3,162.51,0.0
L0011876,O004728,P0042,3,91.51,0.15
L0011877,O004728,P0031,2,231.38,0.15
L0011878,O004729,P0141,2,319.15,0.0
L0011879,O004730,P0067,3,177.25,0.0
L0011880,O004731,P0074,2,182.57,0.0
L0011881,O004731,P0150,2,321.49,0.0
L0011882,O004731,P0108,3,166.64,0.1
L0011883,O004731,P0024,2,151.71,0.1
L0011884,O004732,P0002,1,224.8,0.15
L0011885,O004733,P0031,1,272.21,0.0
L0011886,O004734,P0170,1,254.85,0.0
L0011887,O004734,P0021,3,71.03,0.0
L0011888,O004735,P0143,1,203.68,0.15
L0011889,O004735,P0109,2,297.26,0.0
L0011890,O004735,P0052,2,178.05,0.05
L0011891,O004735,P0039,1,309.36,0.0
L0011892,O004736,P0094,3,209.36,0.0
L0011893,O004736,P0051,3,59.94,0.05
L0011894,O004736,P0044,3,212.45,0.2
L0011895,O004737,P0056,3,331.8,0.0
L0011896,O004737,P0113,2,138.3,0.0
L0011897,O004737,P0097,2,134.84,0.2
L0011898,O004737,P0070,2,241.83,0.0
L0011899,O004738,P0025,3,137.63,0.0
L0011900,O004738,P0155,3,121.7,0.0
L0011901,O004738,P0033,1,161.06,0.1
L0011902,O004738,P0128,3,282.75,0.0
L0011903,O004739,P0062,1,150.85,0.1
L0011904,O004739,P0127,1,85.43,0.1
L0011905,O004739,P0098,2,80.03,0.0
L0011906,O004740,P0073,1,263.38,0.0
L0011907,O004740,P0029,3,226.17,0.0
L0011908,O004740,P0056,1,265.44,0.2
L0011909,O004740,P0044,2,265.56,0.0
L0011910,O004741,P0061,1,14.91,0.05
L0011911,O004741,P0114,2,292.03,0.05
L0011912,O004742,P0081,2,23.54,0.0
L0011913,O004742,P0086,2,13.53,0.1
L0011914,O004742,P0033,2,178.96,0.0
L0011915,O004742,P0115,2,162.76,0.0
L0011916,O004743,P0022,3,145.84,0.0
L0011917,O004744,P0017,3,171.94,0.05
L0011918,O004744,P0045,1,308.07,0.0
L0011919,O004744,P0055,3,14.16,0.0
L0011920,O004745,P0078,3,334.26,0.0
L0011921,O004745,P0046,3,341.88,0.0
L0011922,O004745,P0029,1,192.24,0.15
L0011923,O004745,P0148,2,99.16,0.2
L0011924,O004746,P0175,2,51.78,0.15
L0011925,O004746,P0048,3,53.61,0.0
L0011926,O004746,P0001,3,231.01,0.1
L0011927,O004746,P0104,3,25.33,0.0
L0011928,O004747,P0148,2,111.56,0.1
L0011929,O004747,P0146,2,265.53,0.05
L0011930,O004748,P0172,2,49.86,0.0
L0011931,O004748,P0140,1,138.91,0.1
L0011932,O004748,P0146,3,279.51,0.0
L0011933,O004748,P0111,1,303.31,0.0
L0011934,O004749,P0154,2,249.76,0.1
L0011935,O004749,P0135,1,227.34,0.1
L0011936,O004750,P0067,1,177.25,0.0
L0011937,O004750,P0028,1,130.01,0.2
L0011938,O004750,P0156,3,298.56,0.0
L0011939,O004750,P0001,2,256.68,0.0
L0011940,O004751,P0007,3,254.13,0.0
L0011941,O004752,P0052,2,168.68,0.1
L0011942,O004752,P0045,1,308.07,0.0
L0011943,O004753,P0153,1,136.91,0.0
L0011944,O004753,P0085,3,296.28,0.05
L0011945,O004753,P0025,3,116.99,0.15
L0011946,O004753,P0044,3,239.0,0.1
L0011947,O004754,P0135,2,202.08,0.2
L0011948,O004754,P0179,1,142.6,0.0
L0011949,O004754,P0063,3,118.89,0.2
L0011950,O004755,P0095,3,276.95,0.0
L0011951,O004756,P0075,2,76.45,0.1
L0011952,O004756,P0113,2,124.47,0.1
L0011953,O004757,P0099,1,322.42,0.05
L0011954,O004757,P0016,2,60.22,0.0
L0011955,O004757,P0024,1,168.57,0.0
L0011956,O004757,P0033,1,170.01,0.05
L0011957,O004758,P0064,3,321.5,0.0
L0011958,O004758,P0062,1,167.61,0.0
L0011959,O004758,P0072,1,101.55,0.0
L0011960,O004758,P0018,3,148.88,0.15
L0011961,O004759,P0054,1,229.99,0.0
L0011962,O004759,P0135,3,252.6,0.0
L0011963,O004760,P0052,1,187.42,0.0
L0011964,O004760,P0014,3,127.49,0.0
L0011965,O004761,P0153,3,136.91,0.0
L0011966,O004761,P0138,3,91.75,0.0
L0011967,O004762,P0055,1,13.45,0.05
L0011968,O004762,P0070,2,241.83,0.0
L0011969,O004762,P0001,1,243.85,0.05
L0011970,O004763,P0152,1,150.06,0.2
L0011971,O004763,P0139,2,284.51,0.0
L0011972,O004763,P0080,2,161.93,0.2
L0011973,O004763,P0105,3,66.7,0.0
L0011974,O004764,P0037,3,130.78,0.0
L0011975,O004765,P0039,3,278.42,0.1
L0011976,O004765,P0053,1,230.12,0.1
L0011977,O004765,P0129,3,114.65,0.1
L0011978,O004766,P0071,2,98.1,0.1
L0011979,O004766,P0131,2,13.96,0.0
L0011980,O004766,P0009,1,224.19,0.2
L0011981,O004767,P0137,1,50.88,0.0
L0011982,O004768,P0134,1,42.88,0.05
L0011983,O004769,P0108,3,185.15,0.0
L0011984,O004770,P0047,3,46.52,0.15
L0011985,O004770,P0098,3,68.03,0.15
L0011986,O004770,P0075,2,76.45,0.1
L0011987,O004770,P0085,2,280.68,0.1
L0011988,O004771,P0158,2,66.38,0.1
L0011989,O004771,P0147,2,14.49,0.1
L0011990,O004771,P0136,3,46.17,0.0
L0011991,O004771,P0171,1,88.06,0.0
L0011992,O004772,P0124,1,68.89,0.0
L0011993,O004772,P0100,3,83.1,0.0
L0011994,O004772,P0075,1,84.94,0.0
L0011995,O004773,P0073,1,263.38,0.0
L0011996,O004773,P0116,3,264.76,0.2
L0011997,O004773,P0078,2,317.55,0.05
L0011998,O004774,P0143,2,239.62,0.0
L0011999,O004774,P0149,1,40.07,0.05
L0012000,O004774,P0048,2,50.93,0.05
L0012001,O004774,P0076,3,99.18,0.0
L0012002,O004775,P0143,3,215.66,0.1
L0012003,O004776,P0137,2,50.88,0.0
L0012004,O004777,P0148,3,99.16,0.2
L0012005,O004777,P0134,2,45.14,0.0
L0012006,O004778,P0158,1,62.7,0.15
L0012007,O004779,P0173,2,177.0,0.0
L0012008,O004779,P0009,1,238.2,0.15
L0012009,O004779,P0172,2,49.86,0.0
L0012010,O004780,P0025,2,137.63,0.0
L0012011,O004781,P0071,1,109.0,0.0
L0012012,O004782,P0063,1,148.61,0.0
L0012013,O004782,P0039,3,309.36,0.0
L0012014,O004783,P0075,1,72.2,0.15
L0012015,O004783,P0112,1,33.12,0.05
L0012016,O004784,P0173,2,177.0,0.0
L0012017,O004784,P0147,2,16.1,0.0
L0012018,O004785,P0019,1,86.97,0.0
L0012019,O004785,P0011,1,77.91,0.0
L0012020,O004785,P0084,1,259.34,0.0
L0012021,O004786,P0076,2,89.26,0.1
L0012022,O004786,P0169,3,103.57,0.0
L0012023,O004787,P0006,1,104.04,0.15
L0012024,O004787,P0043,1,224.42,0.1
L0012025,O004787,P0086,1,15.03,0.0
L0012026,O004787,P0013,2,38.39,0.0
L0012027,O004788,P0176,2,223.57,0.0
L0012028,O004788,P0143,2,227.64,0.05
L0012029,O004788,P0173,3,177.0,0.0
L0012030,O004789,P0092,2,261.88,0.15
L0012031,O004789,P0179,1,142.6,0.0
L0012032,O004789,P0169,2,103.57,0.0
L0012033,O004789,P0049,2,240.81,0.1
L0012034,O004790,P0029,1,226.17,0.0
L0012035,O004791,P0119,2,210.09,0.15
L0012036,O004791,P0149,1,40.07,0.05
L0012037,O004791,P0049,1,240.81,0.1
L0012038,O004791,P0173,1,159.3,0.1
L0012039,O004792,P0115,3,162.76,0.0
L0012040,O004792,P0086,1,15.03,0.0
L0012041,O004793,P0043,1,249.36,0.0
L0012042,O004793,P0172,3,44.87,0.1
L0012043,O004793,P0017,2,180.99,0.0
L0012044,O004793,P0077,3,300.52,0.0
L0012045,O004794,P0017,2,180.99,0.0
L0012046,O004794,P0019,2,73.92,0.15
L0012047,O004794,P0121,2,221.67,0.0
L0012048,O004794,P0146,3,251.56,0.1
L0012049,O004795,P0162,1,20.33,0.0
L0012050,O004795,P0036,2,52.13,0.0
L0012051,O004795,P0038,3,157.81,0.2
L0012052,O004795,P0158,3,73.76,0.0
L0012053,O004796,P0017,3,153.84,0.15
L0012054,O004796,P0160,3,148.96,0.05
L0012055,O004797,P0066,2,300.18,0.0
L0012056,O004797,P0042,1,107.66,0.0
L0012057,O004797,P0116,3,297.86,0.1
L0012058,O004798,P0118,2,218.87,0.0
L0012059,O004798,P0002,3,238.02,0.1
L0012060,O004798,P0144,2,206.16,0.0
L0012061,O004798,P0001,2,256.68,0.0
L0012062,O004799,P0154,2,277.51,0.0
L0012063,O004799,P0095,2,276.95,0.0
L0012064,O004800,P0178,1,221.82,0.0
L0012065,O004800,P0129,3,121.02,0.05
L0012066,O004800,P0138,2,91.75,0.0
L0012067,O004801,P0131,2,13.96,0.0
L0012068,O004802,P0076,3,94.22,0.05
L0012069,O004802,P0054,2,229.99,0.0
L0012070,O004802,P0138,1,87.16,0.05
L0012071,O004803,P0008,3,346.93,0.0
L0012072,O004804,P0134,2,45.14,0.0
L0012073,O004804,P0058,3,246.63,0.2
L0012074,O004805,P0047,3,46.52,0.15
L0012075,O004805,P0020,1,41.03,0.1
L0012076,O004805,P0117,1,244.09,0.0
L0012077,O004805,P0163,1,233.9,0.0
L0012078,O004806,P0028,2,162.51,0.0
L0012079,O004806,P0002,1,264.47,0.0
L0012080,O004807,P0040,3,248.71,0.0
L0012081,O004807,P0059,2,124.7,0.0
L0012082,O004808,P0058,1,308.29,0.0
L0012083,O004808,P0117,2,219.68,0.1
L0012084,O004809,P0173,3,177.0,0.0
L0012085,O004809,P0164,3,289.97,0.0
L0012086,O004810,P0092,1,292.69,0.05
L0012087,O004810,P0097,3,134.84,0.2
L0012088,O004810,P0028,2,162.51,0.0
L0012089,O004810,P0137,3,45.79,0.1
L0012090,O004811,P0029,2,203.55,0.1
L0012091,O004811,P0072,1,101.55,0.0
L0012092,O004811,P0099,2,305.45,0.1
L0012093,O004812,P0057,1,61.86,0.0
L0012094,O004812,P0073,3,263.38,0.0
L0012095,O004812,P0016,3,60.22,0.0
L0012096,O004813,P0080,1,202.41,0.0
L0012097,O004813,P0151,1,233.95,0.0
L0012098,O004813,P0093,2,21.93,0.0
L0012099,O004814,P0001,2,218.18,0.15
L0012100,O004814,P0083,2,267.02,0.0
L0012101,O004814,P0039,2,278.42,0.1
L0012102,O004814,P0017,3,171.94,0.05
L0012103,O004815,P0106,3,153.79,0.15
L0012104,O004815,P0016,2,48.18,0.2
L0012105,O004815,P0024,1,168.57,0.0
L0012106,O004816,P0040,3,223.84,0.1
L0012107,O004817,P0048,2,45.57,0.15
L0012108,O004817,P0001,2,231.01,0.1
L0012109,O004817,P0139,1,241.83,0.15
L0012110,O004818,P0142,3,76.94,0.0
L0012111,O004818,P0169,2,98.39,0.05
L0012112,O004819,P0098,2,80.03,0.0
L0012113,O004819,P0118,3,175.1,0.2
L0012114,O004820,P0168,3,244.64,0.15
L0012115,O004820,P0027,3,260.59,0.15
L0012116,O004820,P0118,2,218.87,0.0
L0012117,O004821,P0004,2,31.99,0.15
L0012118,O004821,P0084,2,246.37,0.05
L0012119,O004821,P0009,2,280.24,0.0
L0012120,O004822,P0018,3,157.64,0.1
L0012121,O004822,P0043,2,236.89,0.05
L0012122,O004823,P0086,3,15.03,0.0
L0012123,O004824,P0102,3,183.42,0.0
L0012124,O004824,P0152,1,187.58,0.0
L0012125,O004824,P0131,2,13.96,0.0
L0012126,O004824,P0020,3,43.31,0.05
L0012127,O004825,P0133,1,41.91,0.05
L0012128,O004825,P0171,1,88.06,0.0
L0012129,O004825,P0173,2,168.15,0.05
L0012130,O004825,P0001,1,243.85,0.05
L0012131,O004826,P0026,1,59.61,0.0
L0012132,O004826,P0098,2,80.03,0.0
L0012133,O004826,P0028,3,154.38,0.05
L0012134,O004827,P0062,1,167.61,0.0
L0012135,O004828,P0061,1,14.13,0.1
L0012136,O004828,P0005,3,199.77,0.0
L0012137,O004828,P0127,2,94.92,0.0
L0012138,O004829,P0012,2,50.68,0.2
L0012139,O004829,P0068,2,285.98,0.0
L0012140,O004830,P0072,2,96.47,0.05
L0012141,O004831,P0084,1,233.41,0.1
L0012142,O004832,P0129,1,121.02,0.05
L0012143,O004832,P0171,1,88.06,0.0
L0012144,O004833,P0055,1,12.04,0.15
L0012145,O004834,P0108,2,185.15,0.0
L0012146,O004834,P0048,1,53.61,0.0
L0012147,O004834,P0021,3,71.03,0.0
L0012148,O004834,P0158,2,62.7,0.15
L0012149,O004835,P0146,2,265.53,0.05
L0012150,O004836,P0015,2,61.62,0.0
L0012151,O004836,P0024,1,168.57,0.0
L0012152,O004836,P0030,3,177.24,0.0
L0012153,O004837,P0054,2,206.99,0.1
L0012154,O004837,P0173,3,177.0,0.0
L0012155,O004837,P0036,1,52.13,0.0
L0012156,O004838,P0073,1,250.21,0.05
L0012157,O004838,P0156,3,298.56,0.0
L0012158,O004838,P0038,3,187.4,0.05
L0012159,O004839,P0028,2,154.38,0.05
L0012160,O004839,P0102,3,183.42,0.0
L0012161,O004839,P0141,1,319.15,0.0
L0012162,O004840,P0176,2,223.57,0.0
L0012163,O004841,P0027,2,245.26,0.2
L0012164,O004841,P0040,2,248.71,0.0
L0012165,O004842,P0170,2,229.37,0.1
L0012166,O004842,P0069,2,60.37,0.0
L0012167,O004842,P0157,3,214.84,0.15
L0012168,O004842,P0076,1,89.26,0.1
L0012169,O004843,P0088,1,50.3,0.2
L0012170,O004843,P0170,3,229.37,0.1
L0012171,O004844,P0153,3,136.91,0.0
L0012172,O004844,P0031,3,272.21,0.0
L0012173,O004844,P0019,2,69.58,0.2
L0012174,O004844,P0084,1,259.34,0.0
L0012175,O004845,P0137,3,48.34,0.05
L0012176,O004845,P0010,1,103.37,0.0
L0012177,O004845,P0156,1,298.56,0.0
L0012178,O004846,P0059,1,106.0,0.15
L0012179,O004846,P0067,2,177.25,0.0
L0012180,O004846,P0136,3,36.94,0.2
L0012181,O004847,P0126,3,303.44,0.0
L0012182,O004847,P0078,3,334.26,0.0
L0012183,O004847,P0038,3,197.26,0.0
L0012184,O004848,P0018,1,175.15,0.0
L0012185,O004848,P0119,3,210.09,0.15
L0012186,O004849,P0098,3,64.02,0.2
L0012187,O004850,P0012,3,60.18,0.05
L0012188,O004850,P0173,2,177.0,0.0
L0012189,O004850,P0033,1,170.01,0.05
L0012190,O004851,P0044,3,252.28,0.05
L0012191,O004852,P0168,3,287.81,0.0
L0012192,O004852,P0095,1,263.1,0.05
L0012193,O004852,P0129,2,127.39,0.0
L0012194,O004853,P0120,2,193.85,0.1
L0012195,O004854,P0098,1,76.03,0.05
L0012196,O004854,P0164,2,275.47,0.05
L0012197,O004855,P0055,2,11.33,0.2
L0012198,O004855,P0011,1,66.22,0.15
L0012199,O004855,P0075,2,76.45,0.1
L0012200,O004855,P0125,2,81.6,0.15
L0012201,O004856,P0031,3,244.99,0.1
L0012202,O004856,P0028,1,162.51,0.0
L0012203,O004857,P0167,2,146.04,0.1
L0012204,O004857,P0158,1,66.38,0.1
L0012205,O004857,P0107,2,297.51,0.05
L0012206,O004858,P0035,1,108.02,0.15
L0012207,O004858,P0040,1,248.71,0.0
L0012208,O004858,P0139,2,256.06,0.1
L0012209,O004859,P0068,3,271.68,0.05
L0012210,O004860,P0164,2,260.97,0.1
L0012211,O004861,P0091,2,320.88,0.0
L0012212,O004861,P0084,3,233.41,0.1
L0012213,O004861,P0006,2,122.4,0.0
L0012214,O004862,P0088,3,62.88,0.0
L0012215,O004863,P0099,2,339.39,0.0
L0012216,O004864,P0076,2,99.18,0.0
L0012217,O004864,P0064,3,321.5,0.0
L0012218,O004865,P0071,1,103.55,0.05
L0012219,O004865,P0094,2,167.49,0.2
L0012220,O004865,P0115,1,138.35,0.15
L0012221,O004865,P0036,1,44.31,0.15
L0012222,O004866,P0174,1,215.24,0.0
L0012223,O004866,P0099,1,305.45,0.1
L0012224,O004866,P0073,1,263.38,0.0
L0012225,O004866,P0162,3,18.3,0.1
L0012226,O004867,P0157,2,252.75,0.0
L0012227,O004867,P0119,1,247.16,0.0
L0012228,O004867,P0082,2,83.17,0.1
L0012229,O004867,P0037,2,130.78,0.0
L0012230,O004868,P0064,3,321.5,0.0
L0012231,O004868,P0002,2,211.58,0.2
L0012232,O004868,P0054,3,229.99,0.0
L0012233,O004868,P0006,2,110.16,0.1
L0012234,O004869,P0031,2,272.21,0.0
L0012235,O004869,P0157,2,252.75,0.0
L0012236,O004869,P0144,1,185.54,0.1
L0012237,O004869,P0120,3,215.39,0.0
L0012238,O004870,P0053,3,242.91,0.05
L0012239,O004870,P0175,2,51.78,0.15
L0012240,O004870,P0119,1,222.44,0.1
L0012241,O004870,P0162,1,19.31,0.05
L0012242,O004871,P0024,3,143.28,0.15
L0012243,O004872,P0058,1,308.29,0.0
L0012244,O004873,P0044,2,265.56,0.0
L0012245,O004873,P0101,2,314.85,0.1
L0012246,O004873,P0060,1,275.74,0.0
L0012247,O004874,P0082,2,83.17,0.1
L0012248,O004875,P0009,2,280.24,0.0
L0012249,O004875,P0125,1,96.0,0.0
L0012250,O004875,P0141,3,287.24,0.1
L0012251,O004876,P0007,1,241.42,0.05
L0012252,O004876,P0061,1,14.91,0.05
L0012253,O004876,P0159,2,120.32,0.1
L0012254,O004877,P0071,3,109.0,0.0
L0012255,O004877,P0036,2,41.7,0.2
L0012256,O004877,P0027,1,291.25,0.05
L0012257,O004877,P0060,3,275.74,0.0
L0012258,O004878,P0095,1,276.95,0.0
L0012259,O004878,P0164,2,289.97,0.0
L0012260,O004878,P0134,1,45.14,0.0
L0012261,O004878,P0094,1,198.89,0.05
L0012262,O004879,P0157,2,227.47,0.1
L0012263,O004879,P0060,2,234.38,0.15
L0012264,O004879,P0006,2,122.4,0.0
L0012265,O004879,P0026,2,56.63,0.05
L0012266,O004880,P0014,3,127.49,0.0
L0012267,O004880,P0072,1,101.55,0.0
L0012268,O004880,P0135,3,252.6,0.0
L0012269,O004881,P0093,1,20.83,0.05
L0012270,O004881,P0079,3,145.32,0.0
L0012271,O004881,P0158,3,66.38,0.1
L0012272,O004882,P0138,3,91.75,0.0
L0012273,O004883,P0050,2,198.45,0.0
L0012274,O004883,P0079,3,130.79,0.1
L0012275,O004883,P0116,2,330.95,0.0
L0012276,O004884,P0061,2,15.7,0.0
L0012277,O004884,P0007,1,228.72,0.1
L0012278,O004885,P0006,3,122.4,0.0
L0012279,O004885,P0019,3,86.97,0.0
L0012280,O004886,P0016,1,57.21,0.05
L0012281,O004886,P0029,2,192.24,0.15
L0012282,O004886,P0089,3,10.36,0.15
L0012283,O004886,P0077,1,300.52,0.0
L0012284,O004887,P0089,3,10.97,0.1
L0012285,O004888,P0136,1,46.17,0.0
L0012286,O004888,P0149,3,35.85,0.15
L0012287,O004888,P0087,2,77.81,0.2
L0012288,O004889,P0054,3,229.99,0.0
L0012289,O004889,P0129,3,114.65,0.1
L0012290,O004889,P0046,1,307.69,0.1
L0012291,O004890,P0074,2,164.31,0.1
L0012292,O004891,P0033,2,178.96,0.0
L0012293,O004891,P0062,2,159.23,0.05
L0012294,O004891,P0017,1,162.89,0.1
L0012295,O004891,P0156,1,268.7,0.1
L0012296,O004892,P0045,1,292.67,0.05
L0012297,O004892,P0026,3,59.61,0.0
L0012298,O004892,P0132,3,62.67,0.0
L0012299,O004892,P0162,3,20.33,0.0
L0012300,O004893,P0107,3,281.85,0.1
L0012301,O004893,P0071,3,109.0,0.0
L0012302,O004894,P0050,3,168.68,0.15
L0012303,O004894,P0012,3,50.68,0.2
L0012304,O004895,P0102,1,146.74,0.2
L0012305,O004895,P0065,2,119.75,0.15
L0012306,O004895,P0073,1,263.38,0.0
L0012307,O004895,P0108,2,166.64,0.1
L0012308,O004896,P0154,2,277.51,0.0
L0012309,O004896,P0046,2,341.88,0.0
L0012310,O004897,P0171,1,74.85,0.15
L0012311,O004897,P0079,1,145.32,0.0
L0012312,O004897,P0155,3,121.7,0.0
L0012313,O004897,P0003,2,257.7,0.05
L0012314,O004898,P0057,3,61.86,0.0
L0012315,O004898,P0061,2,12.56,0.2
L0012316,O004898,P0019,1,82.62,0.05
L0012317,O004899,P0002,3,251.25,0.05
L0012318,O004899,P0123,3,288.69,0.0
L0012319,O004899,P0168,1,287.81,0.0
L0012320,O004899,P0135,3,252.6,0.0
L0012321,O004900,P0101,2,349.83,0.0
L0012322,O004900,P0045,1,308.07,0.0
L0012323,O004901,P0121,2,188.42,0.15
L0012324,O004901,P0178,3,221.82,0.0
L0012325,O004902,P0008,1,294.89,0.15
L0012326,O004902,P0153,2,136.91,0.0
L0012327,O004902,P0013,2,38.39,0.0
L0012328,O004902,P0157,1,252.75,0.0
L0012329,O004903,P0056,3,315.21,0.05
L0012330,O004903,P0132,1,53.27,0.15
L0012331,O004903,P0130,3,39.92,0.0
L0012332,O004904,P0087,3,97.26,0.0
L0012333,O004905,P0167,1,162.27,0.0
L0012334,O004905,P0104,1,21.53,0.15
L0012335,O004905,P0075,2,80.69,0.05
L0012336,O004905,P0014,2,127.49,0.0
L0012337,O004906,P0112,1,34.86,0.0
L0012338,O004906,P0077,2,270.47,0.1
L0012339,O004907,P0112,3,34.86,0.0
L0012340,O004908,P0037,1,124.24,0.05
L0012341,O004908,P0050,1,168.68,0.15
L0012342,O004908,P0087,2,97.26,0.0
L0012343,O004909,P0100,2,83.1,0.0
L0012344,O004910,P0021,2,63.93,0.1
L0012345,O004910,P0173,2,177.0,0.0
L0012346,O004910,P0178,1,221.82,0.0
L0012347,O004910,P0029,2,226.17,0.0
L0012348,O004911,P0128,3,268.61,0.05
L0012349,O004912,P0176,1,223.57,0.0
L0012350,O004912,P0076,1,99.18,0.0
L0012351,O004913,P0088,2,56.59,0.1
L0012352,O004913,P0122,3,288.46,0.15
L0012353,O004914,P0026,2,56.63,0.05
L0012354,O004915,P0176,3,223.57,0.0
L0012355,O004915,P0018,3,157.64,0.1
L0012356,O004916,P0169,3,103.57,0.0
L0012357,O004917,P0129,3,127.39,0.0
L0012358,O004918,P0019,3,86.97,0.0
L0012359,O004918,P0124,2,65.45,0.05
L0012360,O004918,P0132,2,53.27,0.15
L0012361,O004919,P0080,2,172.05,0.15
L0012362,O004919,P0033,1,178.96,0.0
L0012363,O004919,P0022,3,131.26,0.1
L0012364,O004920,P0118,3,207.93,0.05
L0012365,O004920,P0053,1,255.69,0.0
L0012366,O004920,P0103,1,86.47,0.15
L0012367,O004921,P0044,2,212.45,0.2
L0012368,O004922,P0050,2,198.45,0.0
L0012369,O004922,P0022,3,145.84,0.0
L0012370,O004922,P0034,2,163.55,0.1
L0012371,O004923,P0039,1,278.42,0.1
L0012372,O004923,P0014,1,121.12,0.05
L0012373,O004924,P0172,1,49.86,0.0
L0012374,O004925,P0012,3,63.35,0.0
L0012375,O004925,P0022,2,145.84,0.0
L0012376,O004925,P0030,1,177.24,0.0
L0012377,O004926,P0125,2,91.2,0.05
L0012378,O004926,P0157,1,252.75,0.0
L0012379,O004926,P0075,1,84.94,0.0
L0012380,O004926,P0078,3,317.55,0.05
L0012381,O004927,P0085,1,311.87,0.0
L0012382,O004927,P0074,3,164.31,0.1
L0012383,O004927,P0156,1,298.56,0.0
L0012384,O004928,P0071,2,109.0,0.0
L0012385,O004929,P0060,2,275.74,0.0
L0012386,O004929,P0055,1,14.16,0.0
L0012387,O004929,P0136,1,46.17,0.0
L0012388,O004929,P0030,3,141.79,0.2
L0012389,O004930,P0157,2,240.11,0.05
L0012390,O004930,P0018,3,166.39,0.05
L0012391,O004930,P0047,2,54.73,0.0
L0012392,O004930,P0048,3,48.25,0.1
L0012393,O004931,P0032,2,148.34,0.05
L0012394,O004931,P0062,2,167.61,0.0
L0012395,O004931,P0171,1,74.85,0.15
L0012396,O004932,P0021,3,67.48,0.05
L0012397,O004932,P0157,3,252.75,0.0
L0012398,O004932,P0092,1,292.69,0.05
L0012399,O004932,P0171,1,83.66,0.05
L0012400,O004933,P0090,1,135.94,0.0
L0012401,O004933,P0055,1,14.16,0.0
L0012402,O004933,P0169,1,93.21,0.1
L0012403,O004934,P0036,2,52.13,0.0
L0012404,O004934,P0064,1,289.35,0.1
L0012405,O004935,P0158,2,62.7,0.15
L0012406,O004935,P0157,2,214.84,0.15
L0012407,O004935,P0175,3,60.92,0.0
L0012408,O004935,P0151,3,233.95,0.0
L0012409,O004936,P0063,2,118.89,0.2
L0012410,O004936,P0023,2,157.4,0.0
L0012411,O004937,P0149,2,42.18,0.0
L0012412,O004937,P0139,2,284.51,0.0
L0012413,O004937,P0114,2,245.92,0.2
L0012414,O004937,P0092,2,261.88,0.15
L0012415,O004938,P0041,1,77.93,0.0
L0012416,O004939,P0151,3,198.86,0.15
L0012417,O004939,P0159,3,133.69,0.0
L0012418,O004940,P0060,1,275.74,0.0
L0012419,O004940,P0167,2,146.04,0.1
L0012420,O004941,P0157,3,252.75,0.0
L0012421,O004942,P0108,2,166.64,0.1
L0012422,O004942,P0132,3,62.67,0.0
L0012423,O004943,P0020,3,45.59,0.0
L0012424,O004943,P0135,2,252.6,0.0
L0012425,O004943,P0045,1,308.07,0.0
L0012426,O004943,P0049,1,267.57,0.0
L0012427,O004944,P0036,2,52.13,0.0
L0012428,O004945,P0088,1,56.59,0.1
L0012429,O004945,P0154,3,277.51,0.0
L0012430,O004945,P0030,2,177.24,0.0
L0012431,O004946,P0042,1,86.13,0.2
L0012432,O004946,P0072,3,96.47,0.05
L0012433,O004946,P0036,2,52.13,0.0
L0012434,O004947,P0110,2,229.31,0.1
L0012435,O004947,P0113,1,124.47,0.1
L0012436,O004947,P0099,2,271.51,0.2
L0012437,O004948,P0174,2,182.95,0.15
L0012438,O004948,P0008,3,312.24,0.1
L0012439,O004948,P0059,2,99.76,0.2
L0012440,O004949,P0033,1,178.96,0.0
L0012441,O004949,P0157,3,252.75,0.0
L0012442,O004950,P0129,3,121.02,0.05
L0012443,O004951,P0141,3,319.15,0.0
L0012444,O004951,P0025,3,137.63,0.0
L0012445,O004952,P0122,3,339.37,0.0
L0012446,O004952,P0125,1,91.2,0.05
L0012447,O004953,P0081,1,23.54,0.0
L0012448,O004953,P0110,1,254.79,0.0
L0012449,O004954,P0118,2,207.93,0.05
L0012450,O004954,P0112,2,29.63,0.15
L0012451,O004954,P0054,2,183.99,0.2
L0012452,O004955,P0122,2,271.5,0.2
L0012453,O004956,P0061,2,12.56,0.2
L0012454,O004956,P0148,1,123.95,0.0
L0012455,O004957,P0006,1,122.4,0.0
L0012456,O004957,P0029,2,214.86,0.05
L0012457,O004957,P0107,1,266.19,0.15
L0012458,O004958,P0002,3,238.02,0.1
L0012459,O004958,P0123,2,274.26,0.05
L0012460,O004958,P0078,3,334.26,0.0
L0012461,O004959,P0040,3,248.71,0.0
L0012462,O004959,P0004,3,37.63,0.0
L0012463,O004959,P0173,2,177.0,0.0
L0012464,O004959,P0153,2,130.06,0.05
L0012465,O004960,P0141,2,319.15,0.0
L0012466,O004960,P0157,1,252.75,0.0
L0012467,O004960,P0029,3,192.24,0.15
L0012468,O004960,P0052,3,149.94,0.2
L0012469,O004961,P0168,2,273.42,0.05
L0012470,O004961,P0091,1,320.88,0.0
L0012471,O004961,P0128,1,282.75,0.0
L0012472,O004962,P0164,1,289.97,0.0
L0012473,O004962,P0178,2,199.64,0.1
L0012474,O004962,P0037,2,124.24,0.05
L0012475,O004963,P0079,2,123.52,0.15
L0012476,O004964,P0165,2,128.66,0.0
L0012477,O004965,P0101,3,349.83,0.0
L0012478,O004965,P0076,2,94.22,0.05
L0012479,O004965,P0011,2,77.91,0.0
L0012480,O004965,P0004,2,35.75,0.05
L0012481,O004966,P0143,2,239.62,0.0
L0012482,O004966,P0071,2,109.0,0.0
L0012483,O004967,P0109,2,297.26,0.0
L0012484,O004967,P0042,1,91.51,0.15
L0012485,O004968,P0157,2,252.75,0.0
L0012486,O004968,P0119,2,247.16,0.0
L0012487,O004969,P0105,1,60.03,0.1
L0012488,O004969,P0163,3,233.9,0.0
L0012489,O004969,P0006,1,122.4,0.0
L0012490,O004969,P0087,2,87.53,0.1
L0012491,O004970,P0115,1,162.76,0.0
L0012492,O004970,P0107,3,313.17,0.0
L0012493,O004970,P0029,2,192.24,0.15
L0012494,O004970,P0109,2,282.4,0.05
L0012495,O004971,P0019,3,86.97,0.0
L0012496,O004972,P0132,2,53.27,0.15
L0012497,O004972,P0086,2,15.03,0.0
L0012498,O004972,P0025,3,116.99,0.15
L0012499,O004972,P0126,2,303.44,0.0
L0012500,O004973,P0146,3,265.53,0.05
L0012501,O004973,P0123,2,274.26,0.05
L0012502,O004973,P0103,1,101.73,0.0
L0012503,O004973,P0073,1,263.38,0.0
L0012504,O004974,P0171,3,74.85,0.15
L0012505,O004974,P0117,3,244.09,0.0
L0012506,O004974,P0011,2,77.91,0.0
L0012507,O004975,P0036,1,44.31,0.15
L0012508,O004975,P0089,1,11.58,0.05
L0012509,O004975,P0045,2,308.07,0.0
L0012510,O004976,P0044,1,265.56,0.0
L0012511,O004977,P0064,2,321.5,0.0
L0012512,O004977,P0077,1,300.52,0.0
L0012513,O004978,P0066,1,270.16,0.1
L0012514,O004978,P0050,2,188.53,0.05
L0012515,O004978,P0164,3,289.97,0.0
L0012516,O004979,P0099,2,339.39,0.0
L0012517,O004979,P0100,1,74.79,0.1
L0012518,O004980,P0030,2,150.65,0.15
L0012519,O004980,P0127,1,85.43,0.1
L0012520,O004980,P0022,2,145.84,0.0
L0012521,O004981,P0172,1,49.86,0.0
L0012522,O004981,P0120,3,183.08,0.15
L0012523,O004981,P0040,2,248.71,0.0
L0012524,O004982,P0008,2,346.93,0.0
L0012525,O004982,P0034,2,163.55,0.1
L0012526,O004982,P0001,1,243.85,0.05
L0012527,O004983,P0163,2,198.81,0.15
L0012528,O004984,P0078,2,334.26,0.0
L0012529,O004984,P0173,1,177.0,0.0
L0012530,O004985,P0054,1,218.49,0.05
L0012531,O004985,P0001,2,256.68,0.0
L0012532,O004986,P0105,1,60.03,0.1
L0012533,O004986,P0122,3,305.43,0.1
L0012534,O004987,P0032,2,156.15,0.0
L0012535,O004987,P0080,2,172.05,0.15
L0012536,O004987,P0158,3,73.76,0.0
L0012537,O004988,P0178,1,188.55,0.15
L0012538,O004988,P0031,3,272.21,0.0
L0012539,O004989,P0013,3,38.39,0.0
L0012540,O004989,P0101,3,349.83,0.0
L0012541,O004989,P0069,1,60.37,0.0
L0012542,O004989,P0051,1,56.78,0.1
L0012543,O004990,P0048,2,50.93,0.05
L0012544,O004990,P0156,1,298.56,0.0
L0012545,O004990,P0176,1,201.21,0.1
L0012546,O004991,P0007,2,228.72,0.1
L0012547,O004992,P0063,1,133.75,0.1
L0012548,O004992,P0156,1,298.56,0.0
L0012549,O004992,P0098,3,80.03,0.0
L0012550,O004992,P0058,2,308.29,0.0
L0012551,O004993,P0169,1,88.03,0.15
L0012552,O004993,P0053,1,255.69,0.0
L0012553,O004994,P0108,2,185.15,0.0
L0012554,O004995,P0037,2,111.16,0.15
L0012555,O004996,P0103,2,101.73,0.0
L0012556,O004996,P0023,2,157.4,0.0
L0012557,O004996,P0049,1,267.57,0.0
L0012558,O004996,P0112,2,29.63,0.15
L0012559,O004997,P0107,2,313.17,0.0
L0012560,O004997,P0086,1,12.02,0.2
L0012561,O004997,P0053,3,255.69,0.0
L0012562,O004998,P0178,2,221.82,0.0
L0012563,O004998,P0177,2,295.0,0.0
L0012564,O004998,P0080,2,202.41,0.0
L0012565,O004999,P0069,3,60.37,0.0
L0012566,O005000,P0180,3,52.22,0.0
L0012567,O005000,P0005,2,179.79,0.1
L0012568,O005000,P0127,1,90.17,0.05
L0012569,O005000,P0170,2,254.85,0.0
L0012570,O005001,P0070,2,217.65,0.1
L0012571,O005001,P0051,1,63.09,0.0
L0012572,O005001,P0088,2,62.88,0.0
L0012573,O005001,P0048,3,53.61,0.0
L0012574,O005002,P0074,1,155.18,0.15
L0012575,O005002,P0148,2,123.95,0.0
L0012576,O005003,P0165,2,128.66,0.0
L0012577,O005003,P0043,2,249.36,0.0
L0012578,O005003,P0042,3,96.89,0.1
L0012579,O005004,P0066,1,255.15,0.15
L0012580,O005004,P0077,1,255.44,0.15
L0012581,O005004,P0135,3,239.97,0.05
L0012582,O005004,P0026,2,59.61,0.0
L0012583,O005005,P0118,1,207.93,0.05
L0012584,O005005,P0058,2,277.46,0.1
L0012585,O005005,P0072,1,101.55,0.0
L0012586,O005005,P0108,3,148.12,0.2
L0012587,O005006,P0175,2,60.92,0.0
L0012588,O005006,P0047,3,49.26,0.1
L0012589,O005006,P0037,2,117.7,0.1
L0012590,O005007,P0132,3,56.4,0.1
L0012591,O005007,P0050,1,168.68,0.15
L0012592,O005007,P0054,1,195.49,0.15
L0012593,O005007,P0082,1,78.55,0.15
L0012594,O005008,P0077,3,300.52,0.0
L0012595,O005008,P0180,3,47.0,0.1
L0012596,O005008,P0027,3,306.58,0.0
L0012597,O005009,P0161,3,54.92,0.0
L0012598,O005010,P0074,2,182.57,0.0
L0012599,O005011,P0073,2,263.38,0.0
L0012600,O005011,P0163,3,233.9,0.0
L0012601,O005011,P0169,1,103.57,0.0
L0012602,O005011,P0011,1,62.33,0.2
L0012603,O005012,P0145,2,97.92,0.0
L0012604,O005012,P0027,3,306.58,0.0
L0012605,O005012,P0056,1,331.8,0.0
L0012606,O005013,P0121,2,199.5,0.1
L0012607,O005014,P0179,1,135.47,0.05
L0012608,O005015,P0094,1,209.36,0.0
L0012609,O005015,P0090,2,115.55,0.15
L0012610,O005016,P0159,2,133.69,0.0
L0012611,O005017,P0128,2,282.75,0.0
L0012612,O005017,P0147,1,16.1,0.0
L0012613,O005017,P0114,1,292.03,0.05
L0012614,O005017,P0116,1,281.31,0.15
L0012615,O005018,P0015,3,61.62,0.0
L0012616,O005018,P0154,1,235.88,0.15
L0012617,O005019,P0108,2,166.64,0.1
L0012618,O005019,P0095,2,249.25,0.1
L0012619,O005019,P0102,3,183.42,0.0
L0012620,O005019,P0110,2,254.79,0.0
L0012621,O005020,P0065,3,140.88,0.0
L0012622,O005020,P0071,2,109.0,0.0
L0012623,O005020,P0086,1,12.78,0.15
L0012624,O005020,P0064,2,321.5,0.0
L0012625,O005021,P0036,1,49.52,0.05
L0012626,O005022,P0093,2,21.93,0.0
L0012627,O005022,P0047,1,49.26,0.1
L0012628,O005023,P0018,2,157.64,0.1
L0012629,O005023,P0037,1,130.78,0.0
L0012630,O005024,P0125,3,96.0,0.0
L0012631,O005024,P0142,3,76.94,0.0
L0012632,O005024,P0042,2,107.66,0.0
L0012633,O005025,P0082,3,92.41,0.0
L0012634,O005026,P0029,3,180.94,0.2
L0012635,O005026,P0166,3,188.88,0.05
L0012636,O005027,P0022,2,145.84,0.0
L0012637,O005027,P0105,3,60.03,0.1
L0012638,O005027,P0023,3,157.4,0.0
L0012639,O005028,P0032,1,124.92,0.2
L0012640,O005029,P0023,1,133.79,0.15
L0012641,O005029,P0061,2,15.7,0.0
L0012642,O005029,P0163,3,233.9,0.0
L0012643,O005029,P0129,2,108.28,0.15
L0012644,O005030,P0058,2,277.46,0.1
L0012645,O005031,P0110,2,254.79,0.0
L0012646,O005031,P0163,3,233.9,0.0
L0012647,O005032,P0009,2,280.24,0.0
L0012648,O005032,P0018,2,175.15,0.0
L0012649,O005032,P0071,3,109.0,0.0
L0012650,O005033,P0059,1,124.7,0.0
L0012651,O005034,P0005,1,199.77,0.0
L0012652,O005034,P0086,2,12.78,0.15
L0012653,O005034,P0037,2,117.7,0.1
L0012654,O005035,P0021,3,71.03,0.0
L0012655,O005035,P0113,1,138.3,0.0
L0012656,O005035,P0177,3,295.0,0.0
L0012657,O005036,P0067,3,177.25,0.0
L0012658,O005037,P0065,2,140.88,0.0
L0012659,O005037,P0098,3,72.03,0.1
L0012660,O005037,P0016,2,51.19,0.15
L0012661,O005038,P0058,3,308.29,0.0
L0012662,O005038,P0029,3,203.55,0.1
L0012663,O005038,P0152,3,187.58,0.0
L0012664,O005039,P0034,3,163.55,0.1
L0012665,O005039,P0107,2,266.19,0.15
L0012666,O005040,P0009,3,280.24,0.0
L0012667,O005040,P0105,3,66.7,0.0
L0012668,O005040,P0020,2,45.59,0.0
L0012669,O005040,P0026,1,59.61,0.0
L0012670,O005041,P0167,1,162.27,0.0
L0012671,O005041,P0103,3,101.73,0.0
L0012672,O005042,P0044,3,265.56,0.0
L0012673,O005043,P0149,3,42.18,0.0
L0012674,O005044,P0106,3,180.93,0.0
L0012675,O005045,P0010,1,93.03,0.1
L0012676,O005045,P0043,1,224.42,0.1
L0012677,O005045,P0024,2,151.71,0.1
L0012678,O005045,P0170,3,229.37,0.1
L0012679,O005046,P0046,3,341.88,0.0
L0012680,O005046,P0100,2,83.1,0.0
L0012681,O005047,P0143,3,239.62,0.0
L0012682,O005048,P0106,1,144.74,0.2
L0012683,O005048,P0170,3,229.37,0.1
L0012684,O005049,P0094,2,209.36,0.0
L0012685,O005050,P0041,1,77.93,0.0
L0012686,O005050,P0119,1,197.73,0.2
L0012687,O005051,P0070,3,217.65,0.1
L0012688,O005051,P0020,1,43.31,0.05
L0012689,O005051,P0096,1,251.96,0.05
L0012690,O005052,P0105,1,66.7,0.0
L0012691,O005052,P0047,1,49.26,0.1
L0012692,O005052,P0141,1,319.15,0.0
L0012693,O005053,P0013,2,38.39,0.0
L0012694,O005053,P0119,1,247.16,0.0
L0012695,O005053,P0100,2,83.1,0.0
L0012696,O005053,P0010,3,103.37,0.0
L0012697,O005054,P0129,3,108.28,0.15
L0012698,O005054,P0082,3,92.41,0.0
L0012699,O005054,P0149,1,42.18,0.0
L0012700,O005055,P0042,3,96.89,0.1
L0012701,O005055,P0130,3,33.93,0.15
L0012702,O005056,P0125,1,86.4,0.1
L0012703,O005057,P0078,3,284.12,0.15
L0012704,O005057,P0128,1,268.61,0.05
L0012705,O005057,P0025,3,137.63,0.0
L0012706,O005057,P0150,2,321.49,0.0
L0012707,O005058,P0074,1,182.57,0.0
L0012708,O005059,P0015,2,52.38,0.15
L0012709,O005059,P0029,3,203.55,0.1
L0012710,O005059,P0086,3,12.02,0.2
L0012711,O005060,P0032,3,140.53,0.1
L0012712,O005060,P0095,1,276.95,0.0
L0012713,O005060,P0058,3,277.46,0.1
L0012714,O005061,P0099,3,305.45,0.1
L0012715,O005061,P0036,2,52.13,0.0
L0012716,O005061,P0143,3,239.62,0.0
L0012717,O005061,P0007,3,254.13,0.0
L0012718,O005062,P0033,2,170.01,0.05
L0012719,O005062,P0116,3,297.86,0.1
L0012720,O005063,P0111,3,303.31,0.0
L0012721,O005063,P0031,3,258.6,0.05
L0012722,O005064,P0122,1,339.37,0.0
L0012723,O005065,P0082,3,92.41,0.0
L0012724,O005065,P0058,2,277.46,0.1
L0012725,O005066,P0062,3,150.85,0.1
L0012726,O005066,P0153,2,136.91,0.0
L0012727,O005067,P0126,3,288.27,0.05
L0012728,O005067,P0073,3,237.04,0.1
L0012729,O005067,P0118,3,207.93,0.05
L0012730,O005068,P0069,2,54.33,0.1
L0012731,O005068,P0140,2,154.35,0.0
L0012732,O005068,P0031,3,272.21,0.0
L0012733,O005069,P0077,1,300.52,0.0
L0012734,O005069,P0081,2,23.54,0.0
L0012735,O005069,P0036,2,41.7,0.2
L0012736,O005070,P0112,1,34.86,0.0
L0012737,O005070,P0073,2,223.87,0.15
L0012738,O005070,P0120,3,215.39,0.0
L0012739,O005070,P0119,2,247.16,0.0
L0012740,O005071,P0096,3,238.7,0.1
L0012741,O005071,P0057,3,61.86,0.0
L0012742,O005072,P0011,3,77.91,0.0
L0012743,O005073,P0057,2,61.86,0.0
L0012744,O005074,P0147,3,14.49,0.1
L0012745,O005075,P0162,2,18.3,0.1
L0012746,O005075,P0047,2,46.52,0.15
L0012747,O005075,P0177,2,280.25,0.05
L0012748,O005076,P0088,3,62.88,0.0
L0012749,O005076,P0161,3,43.94,0.2
L0012750,O005076,P0132,2,62.67,0.0
L0012751,O005077,P0078,3,317.55,0.05
L0012752,O005077,P0157,1,252.75,0.0
L0012753,O005077,P0164,1,246.47,0.15
L0012754,O005077,P0154,3,263.63,0.05
L0012755,O005078,P0131,2,11.87,0.15
L0012756,O005078,P0074,2,146.06,0.2
L0012757,O005078,P0081,2,22.36,0.05
L0012758,O005079,P0107,3,297.51,0.05
L0012759,O005079,P0035,3,108.02,0.15
L0012760,O005080,P0151,2,233.95,0.0
L0012761,O005080,P0131,1,13.26,0.05
L0012762,O005080,P0068,3,285.98,0.0
L0012763,O005080,P0152,1,178.2,0.05
L0012764,O005081,P0173,3,177.0,0.0
L0012765,O005082,P0027,2,306.58,0.0
L0012766,O005082,P0127,3,94.92,0.0
L0012767,O005082,P0002,3,264.47,0.0
L0012768,O005082,P0142,2,76.94,0.0
L0012769,O005083,P0075,1,67.95,0.2
L0012770,O005084,P0140,1,138.91,0.1
L0012771,O005084,P0095,2,263.1,0.05
L0012772,O005084,P0139,3,284.51,0.0
L0012773,O005084,P0065,2,140.88,0.0
L0012774,O005085,P0116,1,314.4,0.05
L0012775,O005086,P0024,3,168.57,0.0
L0012776,O005087,P0042,1,96.89,0.1
L0012777,O005088,P0088,1,56.59,0.1
L0012778,O005088,P0174,1,193.72,0.1
L0012779,O005089,P0047,1,43.78,0.2
L0012780,O005089,P0101,2,349.83,0.0
L0012781,O005089,P0062,1,167.61,0.0
L0012782,O005090,P0148,1,105.36,0.15
L0012783,O005090,P0018,2,175.15,0.0
L0012784,O005091,P0180,2,52.22,0.0
L0012785,O005091,P0065,2,140.88,0.0
L0012786,O005092,P0036,3,52.13,0.0
L0012787,O005092,P0169,1,93.21,0.1
L0012788,O005093,P0031,1,258.6,0.05
L0012789,O005094,P0038,3,177.53,0.1
L0012790,O005095,P0147,3,15.29,0.05
L0012791,O005095,P0095,1,249.25,0.1
L0012792,O005096,P0033,1,161.06,0.1
L0012793,O005097,P0103,3,101.73,0.0
L0012794,O005097,P0105,3,63.37,0.05
L0012795,O005097,P0088,1,62.88,0.0
L0012796,O005097,P0016,2,60.22,0.0
L0012797,O005098,P0033,1,178.96,0.0
L0012798,O005098,P0112,3,34.86,0.0
L0012799,O005099,P0137,1,50.88,0.0
L0012800,O005099,P0001,2,243.85,0.05
L0012801,O005100,P0083,3,267.02,0.0
L0012802,O005101,P0001,1,243.85,0.05
L0012803,O005101,P0148,3,117.75,0.05
L0012804,O005101,P0156,3,268.7,0.1
L0012805,O005101,P0071,2,87.2,0.2
L0012806,O005102,P0049,3,267.57,0.0
L0012807,O005102,P0107,3,313.17,0.0
L0012808,O005102,P0024,3,143.28,0.15
L0012809,O005103,P0026,3,50.67,0.15
L0012810,O005103,P0012,1,63.35,0.0
L0012811,O005103,P0021,2,67.48,0.05
L0012812,O005103,P0025,1,116.99,0.15
L0012813,O005104,P0098,3,80.03,0.0
L0012814,O005104,P0121,3,177.34,0.2
L0012815,O005104,P0020,3,45.59,0.0
L0012816,O005105,P0068,1,243.08,0.15
L0012817,O005106,P0063,2,141.18,0.05
L0012818,O005106,P0108,3,185.15,0.0
L0012819,O005107,P0009,1,224.19,0.2
L0012820,O005107,P0003,2,271.26,0.0
L0012821,O005108,P0095,1,276.95,0.0
L0012822,O005108,P0119,2,234.8,0.05
L0012823,O005108,P0051,2,63.09,0.0
L0012824,O005108,P0083,2,267.02,0.0
L0012825,O005109,P0120,1,215.39,0.0
L0012826,O005109,P0180,2,47.0,0.1
L0012827,O005110,P0133,2,44.12,0.0
L0012828,O005110,P0036,2,41.7,0.2
L0012829,O005111,P0158,3,66.38,0.1
L0012830,O005111,P0143,3,239.62,0.0
L0012831,O005111,P0090,1,135.94,0.0
L0012832,O005111,P0072,2,91.39,0.1
L0012833,O005112,P0078,3,334.26,0.0
L0012834,O005113,P0065,1,112.7,0.2
L0012835,O005113,P0080,1,192.29,0.05
L0012836,O005113,P0101,2,314.85,0.1
L0012837,O005113,P0169,1,98.39,0.05
L0012838,O005114,P0109,2,267.53,0.1
L0012839,O005114,P0091,3,272.75,0.15
L0012840,O005114,P0143,1,239.62,0.0
L0012841,O005115,P0008,1,346.93,0.0
L0012842,O005115,P0083,3,253.67,0.05
L0012843,O005116,P0027,3,306.58,0.0
L0012844,O005117,P0179,1,114.08,0.2
L0012845,O005117,P0098,2,80.03,0.0
L0012846,O005117,P0173,2,177.0,0.0
L0012847,O005118,P0149,1,42.18,0.0
L0012848,O005118,P0110,2,254.79,0.0
L0012849,O005118,P0135,1,252.6,0.0
L0012850,O005118,P0093,1,20.83,0.05
L0012851,O005119,P0003,3,271.26,0.0
L0012852,O005119,P0145,2,97.92,0.0
L0012853,O005120,P0059,3,124.7,0.0
L0012854,O005120,P0045,3,277.26,0.1
L0012855,O005120,P0135,3,252.6,0.0
L0012856,O005120,P0165,1,128.66,0.0
L0012857,O005121,P0042,3,107.66,0.0
L0012858,O005121,P0044,1,265.56,0.0
L0012859,O005122,P0096,2,225.44,0.15
L0012860,O005122,P0059,1,124.7,0.0
L0012861,O005122,P0173,1,141.6,0.2
L0012862,O005123,P0167,3,137.93,0.15
L0012863,O005124,P0175,1,60.92,0.0
L0012864,O005124,P0048,1,48.25,0.1
L0012865,O005124,P0146,3,279.51,0.0
L0012866,O005125,P0005,1,179.79,0.1
L0012867,O005125,P0013,1,36.47,0.05
L0012868,O005125,P0177,2,250.75,0.15
L0012869,O005125,P0137,2,50.88,0.0
L0012870,O005126,P0135,1,239.97,0.05
L0012871,O005126,P0060,3,261.95,0.05
L0012872,O005126,P0017,3,162.89,0.1
L0012873,O005127,P0113,3,138.3,0.0
L0012874,O005127,P0144,1,206.16,0.0
L0012875,O005127,P0104,1,25.33,0.0
L0012876,O005128,P0121,2,221.67,0.0
L0012877,O005128,P0095,2,276.95,0.0
L0012878,O005128,P0145,2,93.02,0.05
L0012879,O005129,P0081,2,21.19,0.1
L0012880,O005129,P0037,3,117.7,0.1
L0012881,O005129,P0155,3,121.7,0.0
L0012882,O005130,P0008,1,346.93,0.0
L0012883,O005130,P0005,2,199.77,0.0
L0012884,O005130,P0025,2,137.63,0.0
L0012885,O005130,P0077,1,285.49,0.05
L0012886,O005131,P0039,1,309.36,0.0
L0012887,O005131,P0078,1,334.26,0.0
L0012888,O005131,P0139,3,284.51,0.0
L0012889,O005131,P0005,1,179.79,0.1
L0012890,O005132,P0056,1,315.21,0.05
L0012891,O005133,P0043,3,249.36,0.0
L0012892,O005134,P0081,1,18.83,0.2
L0012893,O005135,P0011,3,70.12,0.1
L0012894,O005136,P0014,2,127.49,0.0
L0012895,O005137,P0022,2,145.84,0.0
L0012896,O005137,P0063,3,133.75,0.1
L0012897,O005138,P0010,3,103.37,0.0
L0012898,O005138,P0111,1,303.31,0.0
L0012899,O005138,P0032,3,140.53,0.1
L0012900,O005138,P0015,1,55.46,0.1
L0012901,O005139,P0168,1,287.81,0.0
L0012902,O005139,P0177,2,280.25,0.05
L0012903,O005139,P0059,1,124.7,0.0
L0012904,O005140,P0053,3,255.69,0.0
L0012905,O005140,P0105,2,66.7,0.0
L0012906,O005140,P0019,3,73.92,0.15
L0012907,O005141,P0176,2,201.21,0.1
L0012908,O005142,P0169,3,82.86,0.2
L0012909,O005142,P0023,1,157.4,0.0
L0012910,O005142,P0163,1,233.9,0.0
L0012911,O005143,P0179,1,121.21,0.15
L0012912,O005143,P0036,3,44.31,0.15
L0012913,O005144,P0161,2,54.92,0.0
L0012914,O005144,P0119,3,247.16,0.0
L0012915,O005144,P0029,3,192.24,0.15
L0012916,O005144,P0057,2,55.67,0.1
L0012917,O005145,P0116,3,330.95,0.0
L0012918,O005146,P0176,2,201.21,0.1
L0012919,O005146,P0054,2,206.99,0.1
L0012920,O005146,P0102,3,165.08,0.1
L0012921,O005147,P0138,2,73.4,0.2
L0012922,O005147,P0069,2,54.33,0.1
L0012923,O005147,P0068,3,257.38,0.1
L0012924,O005147,P0177,1,295.0,0.0
L0012925,O005148,P0089,1,12.19,0.0
L0012926,O005149,P0174,3,215.24,0.0
L0012927,O005149,P0037,2,111.16,0.15
L0012928,O005149,P0139,3,284.51,0.0
L0012929,O005150,P0108,1,185.15,0.0
L0012930,O005150,P0114,2,276.66,0.1
L0012931,O005150,P0106,1,180.93,0.0
L0012932,O005150,P0120,1,204.62,0.05
L0012933,O005151,P0118,1,196.98,0.1
L0012934,O005151,P0102,2,183.42,0.0
L0012935,O005151,P0163,1,210.51,0.1
L0012936,O005152,P0136,2,46.17,0.0
L0012937,O005153,P0138,2,82.58,0.1
L0012938,O005153,P0126,2,303.44,0.0
L0012939,O005153,P0053,1,255.69,0.0
L0012940,O005153,P0145,2,97.92,0.0
L0012941,O005154,P0091,1,304.84,0.05
L0012942,O005154,P0130,1,39.92,0.0
L0012943,O005155,P0060,1,234.38,0.15
L0012944,O005155,P0042,2,96.89,0.1
L0012945,O005156,P0002,1,264.47,0.0
L0012946,O005156,P0053,3,217.34,0.15
L0012947,O005157,P0099,3,339.39,0.0
L0012948,O005157,P0107,2,297.51,0.05
L0012949,O005158,P0105,1,63.37,0.05
L0012950,O005158,P0119,1,247.16,0.0
L0012951,O005159,P0062,2,167.61,0.0
L0012952,O005159,P0176,3,178.86,0.2
L0012953,O005159,P0073,3,263.38,0.0
L0012954,O005160,P0007,2,228.72,0.1
L0012955,O005160,P0068,1,243.08,0.15
L0012956,O005160,P0001,2,218.18,0.15
L0012957,O005161,P0014,1,127.49,0.0
L0012958,O005162,P0127,3,94.92,0.0
L0012959,O005162,P0158,1,62.7,0.15
L0012960,O005162,P0066,2,300.18,0.0
L0012961,O005163,P0134,3,45.14,0.0
L0012962,O005164,P0070,2,193.46,0.2
L0012963,O005164,P0118,3,218.87,0.0
L0012964,O005164,P0156,1,298.56,0.0
L0012965,O005165,P0027,2,306.58,0.0
L0012966,O005165,P0021,2,71.03,0.0
L0012967,O005165,P0123,3,288.69,0.0
L0012968,O005166,P0131,2,13.96,0.0
L0012969,O005167,P0175,2,48.74,0.2
L0012970,O005167,P0113,1,138.3,0.0
L0012971,O005167,P0100,3,70.63,0.15
L0012972,O005168,P0137,2,50.88,0.0
L0012973,O005168,P0155,3,121.7,0.0
L0012974,O005168,P0049,2,267.57,0.0
L0012975,O005168,P0161,1,54.92,0.0
L0012976,O005169,P0139,3,284.51,0.0
L0012977,O005170,P0117,2,244.09,0.0
L0012978,O005170,P0021,3,63.93,0.1
L0012979,O005171,P0085,1,311.87,0.0
L0012980,O005172,P0154,1,277.51,0.0
L0012981,O005172,P0177,3,265.5,0.1
L0012982,O005172,P0052,2,187.42,0.0
L0012983,O005172,P0008,3,346.93,0.0
L0012984,O005173,P0081,3,22.36,0.05
L0012985,O005174,P0149,1,42.18,0.0
L0012986,O005174,P0049,3,267.57,0.0
L0012987,O005174,P0071,2,109.0,0.0
L0012988,O005174,P0046,3,341.88,0.0
L0012989,O005175,P0088,3,53.45,0.15
L0012990,O005176,P0050,3,178.6,0.1
L0012991,O005176,P0137,3,50.88,0.0
L0012992,O005176,P0119,1,234.8,0.05
L0012993,O005177,P0035,1,120.73,0.05
L0012994,O005177,P0136,1,36.94,0.2
L0012995,O005178,P0134,3,38.37,0.15
L0012996,O005179,P0153,2,136.91,0.0
L0012997,O005179,P0095,1,276.95,0.0
L0012998,O005179,P0173,1,177.0,0.0
L0012999,O005179,P0003,3,230.57,0.15
L0013000,O005180,P0152,1,187.58,0.0
L0013001,O005180,P0173,1,159.3,0.1
L0013002,O005180,P0067,1,150.66,0.15
L0013003,O005180,P0151,1,198.86,0.15
L0013004,O005181,P0099,2,339.39,0.0
L0013005,O005181,P0119,3,247.16,0.0
L0013006,O005181,P0077,1,255.44,0.15
L0013007,O005182,P0135,2,252.6,0.0
L0013008,O005182,P0159,3,133.69,0.0
L0013009,O005183,P0076,3,99.18,0.0
L0013010,O005183,P0141,2,319.15,0.0
L0013011,O005183,P0154,3,277.51,0.0
L0013012,O005184,P0118,1,218.87,0.0
L0013013,O005184,P0106,3,180.93,0.0
L0013014,O005185,P0123,3,288.69,0.0
L0013015,O005186,P0107,2,297.51,0.05
L0013016,O005186,P0084,3,259.34,0.0
L0013017,O005186,P0090,2,135.94,0.0
L0013018,O005187,P0009,2,266.23,0.05
L0013019,O005187,P0114,2,245.92,0.2
L0013020,O005187,P0096,1,212.18,0.2
L0013021,O005187,P0130,3,39.92,0.0
L0013022,O005188,P0114,1,307.4,0.0
L0013023,O005188,P0170,1,254.85,0.0
L0013024,O005189,P0028,2,162.51,0.0
L0013025,O005189,P0080,2,172.05,0.15
L0013026,O005189,P0069,2,60.37,0.0
L0013027,O005190,P0010,2,103.37,0.0
L0013028,O005191,P0033,2,178.96,0.0
L0013029,O005191,P0069,3,60.37,0.0
L0013030,O005191,P0175,2,60.92,0.0
L0013031,O005191,P0176,2,212.39,0.05
L0013032,O005192,P0174,2,215.24,0.0
L0013033,O005192,P0067,2,159.53,0.1
L0013034,O005193,P0044,1,265.56,0.0
L0013035,O005193,P0161,1,46.68,0.15
L0013036,O005193,P0122,1,339.37,0.0
L0013037,O005194,P0123,3,274.26,0.05
L0013038,O005195,P0036,2,52.13,0.0
L0013039,O005196,P0046,1,341.88,0.0
L0013040,O005197,P0020,3,38.75,0.15
L0013041,O005198,P0009,3,280.24,0.0
L0013042,O005198,P0010,1,82.7,0.2
L0013043,O005199,P0041,1,70.14,0.1
L0013044,O005199,P0103,2,91.56,0.1
L0013045,O005200,P0037,3,130.78,0.0
L0013046,O005200,P0028,3,154.38,0.05
L0013047,O005200,P0113,2,138.3,0.0
L0013048,O005201,P0011,1,77.91,0.0
L0013049,O005201,P0135,3,252.6,0.0
L0013050,O005202,P0177,2,295.0,0.0
L0013051,O005202,P0059,1,106.0,0.15
L0013052,O005202,P0118,2,218.87,0.0
L0013053,O005202,P0107,3,250.54,0.2
L0013054,O005203,P0136,3,46.17,0.0
L0013055,O005203,P0102,2,146.74,0.2
L0013056,O005204,P0029,2,226.17,0.0
L0013057,O005204,P0099,2,339.39,0.0
L0013058,O005204,P0064,1,305.43,0.05
L0013059,O005204,P0146,3,251.56,0.1
L0013060,O005205,P0083,2,226.97,0.15
L0013061,O005205,P0080,2,202.41,0.0
L0013062,O005205,P0117,1,244.09,0.0
L0013063,O005205,P0093,2,18.64,0.15
L0013064,O005206,P0104,2,20.26,0.2
L0013065,O005206,P0048,1,53.61,0.0
L0013066,O005206,P0056,1,331.8,0.0
L0013067,O005206,P0073,2,250.21,0.05
L0013068,O005207,P0016,2,57.21,0.05
L0013069,O005207,P0097,2,168.55,0.0
L0013070,O005208,P0120,3,215.39,0.0
L0013071,O005208,P0009,3,266.23,0.05
L0013072,O005208,P0053,2,255.69,0.0
L0013073,O005209,P0077,3,255.44,0.15
L0013074,O005209,P0069,3,48.3,0.2
L0013075,O005209,P0138,2,91.75,0.0
L0013076,O005209,P0013,3,38.39,0.0
L0013077,O005210,P0163,1,233.9,0.0
L0013078,O005210,P0179,1,114.08,0.2
L0013079,O005210,P0161,2,49.43,0.1
L0013080,O005210,P0110,1,242.05,0.05
L0013081,O005211,P0071,1,98.1,0.1
L0013082,O005211,P0114,1,276.66,0.1
L0013083,O005211,P0131,2,13.96,0.0
L0013084,O005212,P0035,2,127.08,0.0
L0013085,O005212,P0005,2,169.8,0.15
L0013086,O005212,P0098,1,80.03,0.0
L0013087,O005212,P0164,1,289.97,0.0
L0013088,O005213,P0033,1,178.96,0.0
L0013089,O005213,P0001,1,231.01,0.1
L0013090,O005213,P0071,2,109.0,0.0
L0013091,O005213,P0178,1,210.73,0.05
L0013092,O005214,P0008,1,294.89,0.15
L0013093,O005214,P0078,2,334.26,0.0
L0013094,O005215,P0100,1,83.1,0.0
L0013095,O005215,P0011,2,74.01,0.05
L0013096,O005216,P0100,2,83.1,0.0
L0013097,O005216,P0142,2,65.4,0.15
L0013098,O005216,P0013,3,32.63,0.15
L0013099,O005217,P0174,1,182.95,0.15
L0013100,O005217,P0127,3,90.17,0.05
L0013101,O005218,P0001,2,205.34,0.2
L0013102,O005218,P0077,3,300.52,0.0
L0013103,O005218,P0149,2,37.96,0.1
L0013104,O005218,P0052,3,159.31,0.15
L0013105,O005219,P0108,3,185.15,0.0
L0013106,O005219,P0021,3,71.03,0.0
L0013107,O005219,P0003,1,271.26,0.0
L0013108,O005219,P0135,1,252.6,0.0
L0013109,O005220,P0116,1,281.31,0.15
L0013110,O005220,P0039,2,309.36,0.0
L0013111,O005220,P0165,1,128.66,0.0
L0013112,O005221,P0096,3,225.44,0.15
L0013113,O005222,P0099,1,322.42,0.05
L0013114,O005222,P0111,2,257.81,0.15
L0013115,O005223,P0159,2,133.69,0.0
L0013116,O005223,P0023,3,157.4,0.0
L0013117,O005223,P0157,3,240.11,0.05
L0013118,O005223,P0025,2,137.63,0.0
L0013119,O005224,P0016,3,60.22,0.0
L0013120,O005225,P0073,3,263.38,0.0
L0013121,O005225,P0178,3,210.73,0.05
L0013122,O005225,P0015,3,61.62,0.0
L0013123,O005225,P0129,1,114.65,0.1
L0013124,O005226,P0098,2,72.03,0.1
L0013125,O005227,P0023,2,157.4,0.0
L0013126,O005227,P0035,1,120.73,0.05
L0013127,O005227,P0058,2,308.29,0.0
L0013128,O005227,P0110,2,254.79,0.0
L0013129,O005228,P0131,3,13.96,0.0
L0013130,O005228,P0037,1,130.78,0.0
L0013131,O005228,P0130,1,33.93,0.15
L0013132,O005229,P0157,3,252.75,0.0
L0013133,O005229,P0067,3,177.25,0.0
L0013134,O005229,P0142,3,76.94,0.0
L0013135,O005230,P0046,3,307.69,0.1
L0013136,O005230,P0014,1,121.12,0.05
L0013137,O005231,P0074,3,182.57,0.0
L0013138,O005231,P0073,3,263.38,0.0
L0013139,O005231,P0067,1,159.53,0.1
L0013140,O005232,P0127,2,94.92,0.0
L0013141,O005233,P0140,2,138.91,0.1
L0013142,O005233,P0009,3,238.2,0.15
L0013143,O005234,P0041,3,77.93,0.0
L0013144,O005234,P0153,1,136.91,0.0
L0013145,O005234,P0013,3,36.47,0.05
L0013146,O005235,P0123,1,230.95,0.2
L0013147,O005236,P0141,3,287.24,0.1
L0013148,O005236,P0125,1,96.0,0.0
L0013149,O005236,P0178,3,199.64,0.1
L0013150,O005236,P0080,1,202.41,0.0
L0013151,O005237,P0021,3,67.48,0.05
L0013152,O005238,P0085,2,280.68,0.1
L0013153,O005238,P0072,1,101.55,0.0
L0013154,O005238,P0134,1,45.14,0.0
L0013155,O005238,P0173,2,177.0,0.0
L0013156,O005239,P0072,2,86.32,0.15
L0013157,O005240,P0087,3,97.26,0.0
L0013158,O005240,P0129,3,114.65,0.1
L0013159,O005240,P0124,2,68.89,0.0
L0013160,O005241,P0005,1,199.77,0.0
L0013161,O005241,P0179,1,142.6,0.0
L0013162,O005241,P0169,1,103.57,0.0
L0013163,O005241,P0093,3,21.93,0.0
L0013164,O005242,P0111,3,303.31,0.0
L0013165,O005243,P0013,2,36.47,0.05
L0013166,O005243,P0091,3,288.79,0.1
L0013167,O005243,P0138,2,91.75,0.0
L0013168,O005243,P0035,3,127.08,0.0
L0013169,O005244,P0129,2,127.39,0.0
L0013170,O005244,P0016,3,60.22,0.0
L0013171,O005244,P0158,1,73.76,0.0
L0013172,O005244,P0063,2,148.61,0.0
L0013173,O005245,P0167,3,162.27,0.0
L0013174,O005245,P0096,2,238.7,0.1
L0013175,O005245,P0155,3,121.7,0.0
L0013176,O005246,P0079,1,145.32,0.0
L0013177,O005246,P0042,2,107.66,0.0
L0013178,O005246,P0175,3,60.92,0.0
L0013179,O005246,P0072,1,96.47,0.05
L0013180,O005247,P0085,3,311.87,0.0
L0013181,O005247,P0041,2,77.93,0.0
L0013182,O005247,P0136,2,46.17,0.0
L0013183,O005247,P0061,1,14.91,0.05
L0013184,O005248,P0043,3,249.36,0.0
L0013185,O005248,P0002,2,224.8,0.15
L0013186,O005248,P0031,1,244.99,0.1
L0013187,O005249,P0166,1,178.94,0.1
L0013188,O005249,P0064,1,321.5,0.0
L0013189,O005249,P0048,2,53.61,0.0
L0013190,O005250,P0028,2,146.26,0.1
L0013191,O005250,P0101,3,349.83,0.0
L0013192,O005250,P0084,1,207.47,0.2
L0013193,O005251,P0074,1,182.57,0.0
L0013194,O005251,P0015,3,49.3,0.2
L0013195,O005251,P0178,3,221.82,0.0
L0013196,O005251,P0159,1,133.69,0.0
L0013197,O005252,P0100,1,83.1,0.0
L0013198,O005252,P0102,1,183.42,0.0
L0013199,O005252,P0024,2,151.71,0.1
L0013200,O005252,P0097,2,168.55,0.0
L0013201,O005253,P0063,2,126.32,0.15
L0013202,O005253,P0042,1,107.66,0.0
L0013203,O005254,P0051,2,63.09,0.0
L0013204,O005254,P0005,1,199.77,0.0
L0013205,O005254,P0092,3,308.09,0.0
L0013206,O005255,P0118,2,218.87,0.0
L0013207,O005256,P0114,3,307.4,0.0
L0013208,O005257,P0017,3,144.79,0.2
L0013209,O005257,P0108,2,157.38,0.15
L0013210,O005257,P0064,2,321.5,0.0
L0013211,O005257,P0018,3,166.39,0.05
L0013212,O005258,P0025,2,110.1,0.2
L0013213,O005258,P0114,1,307.4,0.0
L0013214,O005259,P0075,3,84.94,0.0
L0013215,O005259,P0150,1,289.34,0.1
L0013216,O005260,P0047,3,49.26,0.1
L0013217,O005261,P0095,3,249.25,0.1
L0013218,O005261,P0063,3,133.75,0.1
L0013219,O005261,P0019,2,73.92,0.15
L0013220,O005261,P0052,3,187.42,0.0
L0013221,O005262,P0025,2,137.63,0.0
L0013222,O005262,P0082,1,92.41,0.0
L0013223,O005263,P0027,3,275.92,0.1
L0013224,O005263,P0179,1,142.6,0.0
L0013225,O005263,P0137,1,50.88,0.0
L0013226,O005263,P0041,1,62.34,0.2
L0013227,O005264,P0069,3,60.37,0.0
L0013228,O005264,P0115,1,138.35,0.15
L0013229,O005264,P0097,1,168.55,0.0
L0013230,O005264,P0040,3,248.71,0.0
L0013231,O005265,P0033,3,170.01,0.05
L0013232,O005265,P0032,1,132.73,0.15
L0013233,O005265,P0070,1,241.83,0.0
L0013234,O005266,P0147,1,14.49,0.1
L0013235,O005266,P0045,3,246.46,0.2
L0013236,O005267,P0029,1,226.17,0.0
L0013237,O005267,P0168,3,273.42,0.05
L0013238,O005267,P0159,3,133.69,0.0
L0013239,O005267,P0111,3,303.31,0.0
L0013240,O005268,P0008,2,346.93,0.0
L0013241,O005268,P0090,2,135.94,0.0
L0013242,O005268,P0027,2,306.58,0.0
L0013243,O005269,P0033,1,178.96,0.0
L0013244,O005270,P0073,3,263.38,0.0
L0013245,O005270,P0107,3,313.17,0.0
L0013246,O005270,P0176,2,201.21,0.1
L0013247,O005271,P0028,2,162.51,0.0
L0013248,O005271,P0014,1,127.49,0.0
L0013249,O005272,P0084,3,233.41,0.1
L0013250,O005272,P0125,2,86.4,0.1
L0013251,O005273,P0085,1,311.87,0.0
L0013252,O005273,P0081,2,23.54,0.0
L0013253,O005274,P0150,2,305.42,0.05
L0013254,O005274,P0146,3,279.51,0.0
L0013255,O005274,P0121,3,210.59,0.05
L0013256,O005275,P0114,3,276.66,0.1
L0013257,O005275,P0045,3,308.07,0.0
L0013258,O005275,P0081,2,23.54,0.0
L0013259,O005275,P0089,2,12.19,0.0
L0013260,O005276,P0033,3,178.96,0.0
L0013261,O005276,P0083,2,267.02,0.0
L0013262,O005277,P0044,3,265.56,0.0
L0013263,O005277,P0068,2,271.68,0.05
L0013264,O005278,P0147,2,16.1,0.0
L0013265,O005278,P0059,3,118.47,0.05
L0013266,O005278,P0026,1,59.61,0.0
L0013267,O005279,P0167,1,146.04,0.1
L0013268,O005279,P0096,2,238.7,0.1
L0013269,O005279,P0114,3,292.03,0.05
L0013270,O005280,P0014,2,114.74,0.1
L0013271,O005280,P0096,3,265.22,0.0
L0013272,O005280,P0024,3,160.14,0.05
L0013273,O005280,P0139,2,284.51,0.0
L0013274,O005281,P0075,3,72.2,0.15
L0013275,O005282,P0120,1,193.85,0.1
L0013276,O005282,P0040,3,223.84,0.1
L0013277,O005282,P0030,3,177.24,0.0
L0013278,O005283,P0102,3,183.42,0.0
L0013279,O005284,P0165,3,115.79,0.1
L0013280,O005285,P0110,2,254.79,0.0
L0013281,O005285,P0042,2,107.66,0.0
L0013282,O005286,P0179,3,121.21,0.15
L0013283,O005287,P0097,2,160.12,0.05
L0013284,O005287,P0012,1,57.02,0.1
L0013285,O005287,P0172,2,49.86,0.0
L0013286,O005287,P0108,2,148.12,0.2
L0013287,O005288,P0143,3,215.66,0.1
L0013288,O005288,P0007,2,241.42,0.05
L0013289,O005288,P0044,1,265.56,0.0
L0013290,O005288,P0136,2,46.17,0.0
L0013291,O005289,P0085,3,280.68,0.1
L0013292,O005289,P0026,2,59.61,0.0
L0013293,O005289,P0161,1,52.17,0.05
L0013294,O005289,P0088,1,62.88,0.0
L0013295,O005290,P0172,3,49.86,0.0
L0013296,O005290,P0004,3,31.99,0.15
L0013297,O005290,P0119,1,197.73,0.2
L0013298,O005290,P0087,2,92.4,0.05
L0013299,O005291,P0089,3,10.36,0.15
L0013300,O005292,P0121,2,221.67,0.0
L0013301,O005292,P0148,2,105.36,0.15
L0013302,O005292,P0035,2,127.08,0.0
L0013303,O005293,P0126,1,242.75,0.2
L0013304,O005293,P0118,1,196.98,0.1
L0013305,O005293,P0018,3,175.15,0.0
L0013306,O005293,P0148,1,117.75,0.05
L0013307,O005294,P0073,1,263.38,0.0
L0013308,O005295,P0116,1,281.31,0.15
L0013309,O005295,P0164,2,275.47,0.05
L0013310,O005296,P0082,2,92.41,0.0
L0013311,O005297,P0067,3,141.8,0.2
L0013312,O005297,P0019,2,73.92,0.15
L0013313,O005297,P0048,1,48.25,0.1
L0013314,O005297,P0053,1,255.69,0.0
L0013315,O005298,P0017,2,180.99,0.0
L0013316,O005299,P0069,3,60.37,0.0
L0013317,O005299,P0052,2,187.42,0.0
L0013318,O005299,P0030,2,177.24,0.0
L0013319,O005300,P0174,1,215.24,0.0
L0013320,O005300,P0096,2,212.18,0.2
L0013321,O005300,P0003,2,257.7,0.05
L0013322,O005301,P0131,1,12.56,0.1
L0013323,O005302,P0079,1,145.32,0.0
L0013324,O005302,P0157,3,227.47,0.1
L0013325,O005302,P0100,2,83.1,0.0
L0013326,O005302,P0115,2,154.62,0.05
L0013327,O005303,P0024,2,151.71,0.1
L0013328,O005303,P0093,3,21.93,0.0
L0013329,O005303,P0167,1,162.27,0.0
L0013330,O005304,P0001,1,231.01,0.1
L0013331,O005305,P0070,2,241.83,0.0
L0013332,O005305,P0020,1,43.31,0.05
L0013333,O005306,P0171,2,74.85,0.15
L0013334,O005306,P0105,3,66.7,0.0
L0013335,O005307,P0015,2,55.46,0.1
L0013336,O005307,P0079,3,123.52,0.15
L0013337,O005308,P0057,2,61.86,0.0
L0013338,O005308,P0051,1,56.78,0.1
L0013339,O005308,P0038,2,167.67,0.15
L0013340,O005309,P0107,1,281.85,0.1
L0013341,O005309,P0119,1,247.16,0.0
L0013342,O005309,P0075,1,67.95,0.2
L0013343,O005309,P0065,1,140.88,0.0
L0013344,O005310,P0149,2,40.07,0.05
L0013345,O005310,P0165,3,115.79,0.1
L0013346,O005311,P0171,1,74.85,0.15
L0013347,O005311,P0109,1,297.26,0.0
L0013348,O005312,P0163,3,222.2,0.05
L0013349,O005312,P0029,1,180.94,0.2
L0013350,O005312,P0123,3,288.69,0.0
L0013351,O005313,P0046,1,341.88,0.0
L0013352,O005313,P0126,1,303.44,0.0
L0013353,O005313,P0127,3,85.43,0.1
L0013354,O005313,P0003,3,271.26,0.0
L0013355,O005314,P0118,2,218.87,0.0
L0013356,O005314,P0113,2,138.3,0.0
L0013357,O005315,P0020,3,45.59,0.0
L0013358,O005316,P0160,1,141.12,0.1
L0013359,O005316,P0102,3,183.42,0.0
L0013360,O005317,P0080,1,172.05,0.15
L0013361,O005318,P0136,2,46.17,0.0
L0013362,O005319,P0134,3,45.14,0.0
L0013363,O005320,P0085,3,280.68,0.1
L0013364,O005320,P0080,3,202.41,0.0
L0013365,O005320,P0081,3,21.19,0.1
L0013366,O005320,P0024,1,168.57,0.0
L0013367,O005321,P0152,2,187.58,0.0
L0013368,O005322,P0042,3,96.89,0.1
L0013369,O005322,P0048,1,53.61,0.0
L0013370,O005322,P0105,2,63.37,0.05
L0013371,O005322,P0008,2,346.93,0.0
L0013372,O005323,P0014,1,101.99,0.2
L0013373,O005324,P0009,1,266.23,0.05
L0013374,O005325,P0001,1,218.18,0.15
L0013375,O005325,P0005,3,159.82,0.2
L0013376,O005325,P0149,1,40.07,0.05
L0013377,O005326,P0110,3,254.79,0.0
L0013378,O005327,P0049,2,240.81,0.1
L0013379,O005327,P0038,3,177.53,0.1
L0013380,O005328,P0102,2,165.08,0.1
L0013381,O005328,P0139,2,227.61,0.2
L0013382,O005328,P0138,1,91.75,0.0
L0013383,O005328,P0049,2,267.57,0.0
L0013384,O005329,P0017,3,153.84,0.15
L0013385,O005329,P0073,3,210.7,0.2
L0013386,O005330,P0038,1,177.53,0.1
L0013387,O005330,P0059,3,124.7,0.0
L0013388,O005330,P0013,3,38.39,0.0
L0013389,O005330,P0129,2,127.39,0.0
L0013390,O005331,P0141,2,319.15,0.0
L0013391,O005331,P0052,2,187.42,0.0
L0013392,O005332,P0112,2,33.12,0.05
L0013393,O005332,P0167,2,137.93,0.15
L0013394,O005332,P0171,1,88.06,0.0
L0013395,O005332,P0050,3,158.76,0.2
L0013396,O005333,P0142,2,61.55,0.2
L0013397,O005334,P0009,2,238.2,0.15
L0013398,O005334,P0025,1,137.63,0.0
L0013399,O005334,P0019,1,82.62,0.05
L0013400,O005334,P0120,3,215.39,0.0
L0013401,O005335,P0122,1,339.37,0.0
L0013402,O005335,P0044,2,252.28,0.05
L0013403,O005335,P0092,2,292.69,0.05
L0013404,O005336,P0090,1,135.94,0.0
L0013405,O005336,P0129,2,121.02,0.05
L0013406,O005337,P0099,2,288.48,0.15
L0013407,O005337,P0143,2,227.64,0.05
L0013408,O005337,P0115,2,146.48,0.1
L0013409,O005337,P0178,1,221.82,0.0
L0013410,O005338,P0067,1,168.39,0.05
L0013411,O005338,P0014,1,121.12,0.05
L0013412,O005338,P0092,1,308.09,0.0
L0013413,O005338,P0068,2,285.98,0.0
L0013414,O005339,P0166,2,198.82,0.0
L0013415,O005339,P0069,3,51.31,0.15
L0013416,O005339,P0045,3,308.07,0.0
L0013417,O005339,P0066,1,300.18,0.0
L0013418,O005340,P0125,3,91.2,0.05
L0013419,O005340,P0018,2,175.15,0.0
L0013420,O005340,P0045,1,277.26,0.1
L0013421,O005340,P0073,3,210.7,0.2
L0013422,O005341,P0060,3,275.74,0.0
L0013423,O005341,P0160,3,148.96,0.05
L0013424,O005341,P0102,3,183.42,0.0
L0013425,O005341,P0023,1,125.92,0.2
L0013426,O005342,P0135,3,239.97,0.05
L0013427,O005343,P0087,2,97.26,0.0
L0013428,O005343,P0166,1,188.88,0.05
L0013429,O005344,P0155,2,121.7,0.0
L0013430,O005344,P0017,3,162.89,0.1
L0013431,O005344,P0041,1,70.14,0.1
L0013432,O005345,P0041,2,74.03,0.05
L0013433,O005346,P0150,2,321.49,0.0
L0013434,O005346,P0004,1,37.63,0.0
L0013435,O005346,P0057,3,61.86,0.0
L0013436,O005346,P0152,2,187.58,0.0
L0013437,O005347,P0173,3,177.0,0.0
L0013438,O005347,P0010,1,103.37,0.0
L0013439,O005347,P0060,1,275.74,0.0
L0013440,O005347,P0170,2,254.85,0.0
L0013441,O005348,P0167,3,162.27,0.0
L0013442,O005348,P0104,3,22.8,0.1
L0013443,O005348,P0127,3,85.43,0.1
L0013444,O005348,P0034,1,172.63,0.05
L0013445,O005349,P0102,1,183.42,0.0
L0013446,O005349,P0110,1,254.79,0.0
L0013447,O005350,P0034,3,163.55,0.1
L0013448,O005350,P0155,1,121.7,0.0
L0013449,O005350,P0067,3,177.25,0.0
L0013450,O005350,P0120,1,183.08,0.15
L0013451,O005351,P0103,2,96.64,0.05
L0013452,O005352,P0128,3,282.75,0.0
L0013453,O005352,P0013,2,30.71,0.2
L0013454,O005352,P0036,1,52.13,0.0
L0013455,O005352,P0073,3,210.7,0.2
L0013456,O005353,P0099,1,339.39,0.0
L0013457,O005353,P0045,2,292.67,0.05
L0013458,O005353,P0167,3,162.27,0.0
L0013459,O005353,P0102,3,183.42,0.0
L0013460,O005354,P0166,1,198.82,0.0
L0013461,O005354,P0109,3,267.53,0.1
L0013462,O005354,P0107,3,250.54,0.2
L0013463,O005355,P0018,2,175.15,0.0
L0013464,O005355,P0039,2,309.36,0.0
L0013465,O005355,P0038,2,177.53,0.1
L0013466,O005355,P0044,2,265.56,0.0
L0013467,O005356,P0019,2,86.97,0.0
L0013468,O005356,P0039,2,278.42,0.1
L0013469,O005356,P0035,2,114.37,0.1
L0013470,O005356,P0054,3,229.99,0.0
L0013471,O005357,P0173,3,177.0,0.0
L0013472,O005357,P0030,3,177.24,0.0
L0013473,O005358,P0134,1,45.14,0.0
L0013474,O005358,P0099,2,339.39,0.0
L0013475,O005358,P0084,2,259.34,0.0
L0013476,O005359,P0049,2,267.57,0.0
L0013477,O005360,P0173,3,168.15,0.05
L0013478,O005360,P0179,3,142.6,0.0
L0013479,O005361,P0135,3,239.97,0.05
L0013480,O005362,P0129,1,114.65,0.1
L0013481,O005362,P0032,3,132.73,0.15
L0013482,O005362,P0134,1,45.14,0.0
L0013483,O005362,P0159,3,133.69,0.0
L0013484,O005363,P0120,2,215.39,0.0
L0013485,O005363,P0019,1,73.92,0.15
L0013486,O005364,P0027,1,260.59,0.15
L0013487,O005365,P0085,1,296.28,0.05
L0013488,O005365,P0120,2,215.39,0.0
L0013489,O005366,P0082,2,92.41,0.0
L0013490,O005367,P0024,3,168.57,0.0
L0013491,O005367,P0045,3,261.86,0.15
L0013492,O005368,P0173,3,150.45,0.15
L0013493,O005369,P0094,1,167.49,0.2
L0013494,O005369,P0098,2,64.02,0.2
L0013495,O005369,P0172,3,49.86,0.0
L0013496,O005370,P0041,1,70.14,0.1
L0013497,O005371,P0037,2,111.16,0.15
L0013498,O005371,P0127,2,94.92,0.0
L0013499,O005372,P0032,1,156.15,0.0
L0013500,O005372,P0054,1,229.99,0.0
L0013501,O005372,P0070,1,241.83,0.0
L0013502,O005372,P0108,3,175.89,0.05
L0013503,O005373,P0135,2,239.97,0.05
L0013504,O005373,P0172,1,47.37,0.05
L0013505,O005373,P0054,1,218.49,0.05
L0013506,O005373,P0150,2,305.42,0.05
L0013507,O005374,P0117,2,244.09,0.0
L0013508,O005374,P0146,2,237.58,0.15
L0013509,O005375,P0127,3,85.43,0.1
L0013510,O005375,P0175,3,54.83,0.1
L0013511,O005376,P0096,3,265.22,0.0
L0013512,O005376,P0054,2,183.99,0.2
L0013513,O005376,P0023,1,149.53,0.05
L0013514,O005376,P0048,1,53.61,0.0
L0013515,O005377,P0091,1,272.75,0.15
L0013516,O005377,P0073,1,237.04,0.1
L0013517,O005377,P0128,1,282.75,0.0
L0013518,O005377,P0111,1,257.81,0.15
L0013519,O005378,P0117,2,244.09,0.0
L0013520,O005378,P0137,2,43.25,0.15
L0013521,O005379,P0131,1,11.87,0.15
L0013522,O005379,P0116,1,330.95,0.0
L0013523,O005379,P0119,1,247.16,0.0
L0013524,O005379,P0077,3,300.52,0.0
L0013525,O005380,P0057,2,49.49,0.2
L0013526,O005380,P0004,1,37.63,0.0
L0013527,O005381,P0136,1,46.17,0.0
L0013528,O005382,P0077,3,300.52,0.0
L0013529,O005382,P0048,2,48.25,0.1
L0013530,O005382,P0080,2,182.17,0.1
L0013531,O005382,P0035,1,127.08,0.0
L0013532,O005383,P0107,2,297.51,0.05
L0013533,O005383,P0015,3,61.62,0.0
L0013534,O005383,P0126,1,303.44,0.0
L0013535,O005384,P0080,2,161.93,0.2
L0013536,O005384,P0003,2,271.26,0.0
L0013537,O005385,P0167,1,162.27,0.0
L0013538,O005385,P0089,2,11.58,0.05
L0013539,O005385,P0172,1,39.89,0.2
L0013540,O005386,P0102,2,183.42,0.0
L0013541,O005386,P0042,1,107.66,0.0
L0013542,O005387,P0141,2,319.15,0.0
L0013543,O005388,P0006,3,110.16,0.1
L0013544,O005388,P0098,1,68.03,0.15
L0013545,O005388,P0139,1,227.61,0.2
L0013546,O005389,P0084,1,259.34,0.0
L0013547,O005389,P0128,3,282.75,0.0
L0013548,O005389,P0036,1,44.31,0.15
L0013549,O005390,P0156,1,268.7,0.1
L0013550,O005390,P0037,2,117.7,0.1
L0013551,O005390,P0063,3,141.18,0.05
L0013552,O005391,P0102,2,183.42,0.0
L0013553,O005391,P0016,2,60.22,0.0
L0013554,O005392,P0151,2,233.95,0.0
L0013555,O005392,P0004,2,33.87,0.1
L0013556,O005392,P0035,3,120.73,0.05
L0013557,O005392,P0046,2,341.88,0.0
L0013558,O005393,P0016,1,60.22,0.0
L0013559,O005393,P0033,3,178.96,0.0
L0013560,O005393,P0164,1,289.97,0.0
L0013561,O005394,P0172,3,39.89,0.2
L0013562,O005394,P0116,1,330.95,0.0
L0013563,O005395,P0016,2,60.22,0.0
L0013564,O005395,P0138,2,82.58,0.1
L0013565,O005395,P0139,3,256.06,0.1
L0013566,O005395,P0083,3,267.02,0.0
L0013567,O005396,P0139,1,256.06,0.1
L0013568,O005397,P0105,2,66.7,0.0
L0013569,O005398,P0113,3,124.47,0.1
L0013570,O005398,P0057,3,61.86,0.0
L0013571,O005398,P0083,1,240.32,0.1
L0013572,O005399,P0015,3,55.46,0.1
L0013573,O005399,P0139,1,227.61,0.2
L0013574,O005399,P0082,1,87.79,0.05
L0013575,O005399,P0173,1,177.0,0.0
L0013576,O005400,P0073,2,237.04,0.1
L0013577,O005400,P0166,1,198.82,0.0
L0013578,O005400,P0096,1,238.7,0.1
L0013579,O005401,P0040,3,248.71,0.0
L0013580,O005401,P0083,1,267.02,0.0
L0013581,O005401,P0166,1,198.82,0.0
L0013582,O005402,P0098,1,72.03,0.1
L0013583,O005402,P0140,1,154.35,0.0
L0013584,O005403,P0006,3,97.92,0.2
L0013585,O005404,P0112,3,34.86,0.0
L0013586,O005404,P0052,2,159.31,0.15
L0013587,O005404,P0121,3,188.42,0.15
L0013588,O005404,P0172,3,39.89,0.2
L0013589,O005405,P0007,3,203.3,0.2
L0013590,O005405,P0085,1,311.87,0.0
L0013591,O005405,P0088,1,50.3,0.2
L0013592,O005406,P0117,1,231.89,0.05
L0013593,O005406,P0074,2,182.57,0.0
L0013594,O005406,P0155,1,121.7,0.0
L0013595,O005406,P0051,2,63.09,0.0
L0013596,O005407,P0031,1,231.38,0.15
L0013597,O005407,P0156,3,268.7,0.1
L0013598,O005407,P0138,1,82.58,0.1
L0013599,O005408,P0039,3,309.36,0.0
L0013600,O005409,P0055,3,14.16,0.0
L0013601,O005409,P0164,3,289.97,0.0
L0013602,O005410,P0128,1,254.47,0.1
L0013603,O005411,P0054,1,229.99,0.0
L0013604,O005411,P0052,3,178.05,0.05
L0013605,O005411,P0087,1,97.26,0.0
L0013606,O005412,P0038,2,187.4,0.05
L0013607,O005412,P0003,3,271.26,0.0
L0013608,O005412,P0060,1,275.74,0.0
L0013609,O005412,P0144,2,185.54,0.1
L0013610,O005413,P0107,3,297.51,0.05
L0013611,O005413,P0038,1,177.53,0.1
L0013612,O005413,P0119,2,247.16,0.0
L0013613,O005414,P0117,3,244.09,0.0
L0013614,O005414,P0169,2,88.03,0.15
L0013615,O005415,P0136,1,46.17,0.0
L0013616,O005415,P0039,1,293.89,0.05
L0013617,O005416,P0095,1,276.95,0.0
L0013618,O005417,P0012,1,63.35,0.0
L0013619,O005417,P0167,2,162.27,0.0
L0013620,O005417,P0015,2,61.62,0.0
L0013621,O005418,P0050,2,198.45,0.0
L0013622,O005419,P0046,3,307.69,0.1
L0013623,O005419,P0061,2,15.7,0.0
L0013624,O005420,P0029,2,226.17,0.0
L0013625,O005420,P0169,3,82.86,0.2
L0013626,O005420,P0126,3,303.44,0.0
L0013627,O005420,P0044,3,265.56,0.0
L0013628,O005421,P0174,3,193.72,0.1
L0013629,O005421,P0050,2,168.68,0.15
L0013630,O005422,P0158,2,73.76,0.0
L0013631,O005422,P0068,2,257.38,0.1
L0013632,O005423,P0047,2,54.73,0.0
L0013633,O005424,P0105,3,66.7,0.0
L0013634,O005424,P0100,1,78.94,0.05
L0013635,O005424,P0158,3,73.76,0.0
L0013636,O005425,P0117,1,219.68,0.1
L0013637,O005426,P0043,1,249.36,0.0
L0013638,O005426,P0073,2,250.21,0.05
L0013639,O005426,P0122,2,339.37,0.0
L0013640,O005427,P0058,1,277.46,0.1
L0013641,O005427,P0145,2,93.02,0.05
L0013642,O005427,P0063,3,133.75,0.1
L0013643,O005427,P0019,2,69.58,0.2
L0013644,O005428,P0059,2,112.23,0.1
L0013645,O005428,P0065,3,140.88,0.0
L0013646,O005429,P0081,3,23.54,0.0
L0013647,O005429,P0030,2,177.24,0.0
L0013648,O005429,P0002,3,224.8,0.15
L0013649,O005429,P0119,1,247.16,0.0
L0013650,O005430,P0136,1,46.17,0.0
L0013651,O005430,P0021,1,71.03,0.0
L0013652,O005430,P0040,2,248.71,0.0
L0013653,O005430,P0050,3,198.45,0.0
L0013654,O005431,P0160,2,156.8,0.0
L0013655,O005431,P0121,1,221.67,0.0
L0013656,O005431,P0158,1,66.38,0.1
L0013657,O005431,P0018,1,175.15,0.0
L0013658,O005432,P0117,3,244.09,0.0
L0013659,O005432,P0163,2,187.12,0.2
L0013660,O005432,P0139,2,241.83,0.15
L0013661,O005432,P0138,3,87.16,0.05
L0013662,O005433,P0149,3,42.18,0.0
L0013663,O005433,P0033,3,170.01,0.05
L0013664,O005433,P0047,2,51.99,0.05
L0013665,O005434,P0010,3,103.37,0.0
L0013666,O005435,P0142,2,76.94,0.0
L0013667,O005435,P0089,2,9.75,0.2
L0013668,O005436,P0057,3,55.67,0.1
L0013669,O005436,P0034,2,154.46,0.15
L0013670,O005436,P0086,2,15.03,0.0
L0013671,O005436,P0143,3,239.62,0.0
L0013672,O005437,P0106,1,180.93,0.0
L0013673,O005437,P0094,1,188.42,0.1
L0013674,O005437,P0110,2,254.79,0.0
L0013675,O005438,P0050,2,158.76,0.2
L0013676,O005438,P0073,1,237.04,0.1
L0013677,O005439,P0114,2,245.92,0.2
L0013678,O005440,P0018,2,148.88,0.15
L0013679,O005440,P0086,3,13.53,0.1
L0013680,O005441,P0007,1,203.3,0.2
L0013681,O005441,P0051,1,56.78,0.1
L0013682,O005441,P0076,2,99.18,0.0
L0013683,O005442,P0058,1,308.29,0.0
L0013684,O005443,P0159,1,120.32,0.1
L0013685,O005443,P0178,1,221.82,0.0
L0013686,O005443,P0101,3,332.34,0.05
L0013687,O005443,P0004,2,37.63,0.0
L0013688,O005444,P0043,3,249.36,0.0
L0013689,O005444,P0022,2,145.84,0.0
L0013690,O005445,P0115,2,162.76,0.0
L0013691,O005445,P0031,2,258.6,0.05
L0013692,O005446,P0054,3,206.99,0.1
L0013693,O005446,P0035,1,127.08,0.0
L0013694,O005446,P0041,1,77.93,0.0
L0013695,O005446,P0020,2,45.59,0.0
L0013696,O005447,P0082,1,87.79,0.05
L0013697,O005447,P0029,2,226.17,0.0
L0013698,O005448,P0038,2,197.26,0.0
L0013699,O005449,P0087,3,92.4,0.05
L0013700,O005449,P0096,3,265.22,0.0
L0013701,O005450,P0114,2,261.29,0.15
L0013702,O005451,P0043,2,249.36,0.0
L0013703,O005451,P0071,3,109.0,0.0
L0013704,O005451,P0031,3,272.21,0.0
L0013705,O005451,P0014,3,114.74,0.1
L0013706,O005452,P0080,2,192.29,0.05
L0013707,O005452,P0141,1,287.24,0.1
L0013708,O005453,P0100,3,78.94,0.05
L0013709,O005453,P0008,3,346.93,0.0
L0013710,O005454,P0109,3,297.26,0.0
L0013711,O005454,P0039,1,309.36,0.0
L0013712,O005454,P0172,3,49.86,0.0
L0013713,O005454,P0006,3,110.16,0.1
L0013714,O005455,P0127,2,94.92,0.0
L0013715,O005455,P0055,3,12.04,0.15
L0013716,O005455,P0163,1,210.51,0.1
L0013717,O005455,P0147,3,16.1,0.0
L0013718,O005456,P0069,1,60.37,0.0
L0013719,O005456,P0098,3,76.03,0.05
L0013720,O005456,P0058,3,308.29,0.0
L0013721,O005457,P0045,1,308.07,0.0
L0013722,O005457,P0060,2,275.74,0.0
L0013723,O005457,P0113,1,138.3,0.0
L0013724,O005458,P0128,2,240.34,0.15
L0013725,O005458,P0162,3,19.31,0.05
L0013726,O005458,P0033,2,178.96,0.0
L0013727,O005458,P0087,1,97.26,0.0
L0013728,O005459,P0178,2,221.82,0.0
L0013729,O005460,P0064,3,321.5,0.0
L0013730,O005460,P0156,1,298.56,0.0
L0013731,O005460,P0085,2,249.5,0.2
L0013732,O005461,P0142,1,76.94,0.0
L0013733,O005461,P0102,2,183.42,0.0
L0013734,O005461,P0015,2,61.62,0.0
L0013735,O005462,P0102,2,183.42,0.0
L0013736,O005462,P0176,2,223.57,0.0
L0013737,O005462,P0154,1,249.76,0.1
L0013738,O005463,P0160,2,133.28,0.15
L0013739,O005464,P0155,2,121.7,0.0
L0013740,O005464,P0171,3,88.06,0.0
L0013741,O005465,P0093,1,21.93,0.0
L0013742,O005465,P0035,3,127.08,0.0
L0013743,O005465,P0166,2,188.88,0.05
L0013744,O005465,P0154,2,263.63,0.05
L0013745,O005466,P0114,3,261.29,0.15
L0013746,O005466,P0033,3,178.96,0.0
L0013747,O005467,P0018,1,175.15,0.0
L0013748,O005467,P0130,2,35.93,0.1
L0013749,O005468,P0157,3,252.75,0.0
L0013750,O005468,P0054,3,206.99,0.1
L0013751,O005468,P0063,1,148.61,0.0
L0013752,O005468,P0160,2,125.44,0.2
L0013753,O005469,P0088,2,62.88,0.0
L0013754,O005469,P0054,2,218.49,0.05
L0013755,O005470,P0040,3,236.27,0.05
L0013756,O005470,P0004,2,33.87,0.1
L0013757,O005470,P0155,2,121.7,0.0
L0013758,O005471,P0108,1,185.15,0.0
L0013759,O005471,P0114,1,292.03,0.05
L0013760,O005472,P0169,2,88.03,0.15
L0013761,O005472,P0178,2,221.82,0.0
L0013762,O005473,P0035,1,127.08,0.0
L0013763,O005473,P0059,2,124.7,0.0
L0013764,O005473,P0015,3,61.62,0.0
L0013765,O005474,P0067,2,177.25,0.0
L0013766,O005475,P0110,3,254.79,0.0
L0013767,O005475,P0168,2,273.42,0.05
L0013768,O005475,P0127,2,94.92,0.0
L0013769,O005476,P0092,3,308.09,0.0
L0013770,O005476,P0022,2,145.84,0.0
L0013771,O005477,P0017,3,180.99,0.0
L0013772,O005477,P0012,2,50.68,0.2
L0013773,O005478,P0080,2,202.41,0.0
L0013774,O005478,P0076,3,99.18,0.0
L0013775,O005478,P0051,2,63.09,0.0
L0013776,O005478,P0179,1,142.6,0.0
L0013777,O005479,P0029,1,203.55,0.1
L0013778,O005480,P0076,2,94.22,0.05
L0013779,O005480,P0158,1,73.76,0.0
L0013780,O005481,P0072,3,101.55,0.0
L0013781,O005481,P0104,2,21.53,0.15
L0013782,O005482,P0087,2,87.53,0.1
L0013783,O005482,P0052,1,159.31,0.15
L0013784,O005483,P0173,2,177.0,0.0
L0013785,O005484,P0033,1,178.96,0.0
L0013786,O005484,P0116,2,330.95,0.0
L0013787,O005484,P0048,1,53.61,0.0
L0013788,O005484,P0151,1,233.95,0.0
L0013789,O005485,P0070,1,229.74,0.05
L0013790,O005485,P0098,3,80.03,0.0
L0013791,O005485,P0100,2,70.63,0.15
L0013792,O005486,P0003,1,244.13,0.1
L0013793,O005486,P0114,2,307.4,0.0
L0013794,O005487,P0033,3,143.17,0.2
L0013795,O005488,P0032,2,140.53,0.1
L0013796,O005488,P0020,3,45.59,0.0
L0013797,O005488,P0059,3,124.7,0.0
L0013798,O005489,P0147,1,15.29,0.05
L0013799,O005489,P0056,1,315.21,0.05
L0013800,O005489,P0102,1,183.42,0.0
L0013801,O005489,P0065,2,140.88,0.0
L0013802,O005490,P0035,2,127.08,0.0
L0013803,O005491,P0148,2,105.36,0.15
L0013804,O005491,P0037,2,130.78,0.0
L0013805,O005491,P0010,2,93.03,0.1
L0013806,O005492,P0160,2,141.12,0.1
L0013807,O005492,P0060,2,261.95,0.05
L0013808,O005492,P0128,2,282.75,0.0
L0013809,O005492,P0094,3,209.36,0.0
L0013810,O005493,P0048,1,53.61,0.0
L0013811,O005493,P0045,3,261.86,0.15
L0013812,O005493,P0152,2,178.2,0.05
L0013813,O005493,P0125,2,96.0,0.0
L0013814,O005494,P0163,1,233.9,0.0
L0013815,O005495,P0116,3,330.95,0.0
L0013816,O005496,P0046,3,341.88,0.0
L0013817,O005497,P0062,1,167.61,0.0
L0013818,O005497,P0136,3,43.86,0.05
L0013819,O005498,P0002,3,238.02,0.1
L0013820,O005499,P0029,3,226.17,0.0
L0013821,O005499,P0089,3,9.75,0.2
L0013822,O005499,P0116,2,330.95,0.0
L0013823,O005499,P0081,1,23.54,0.0
L0013824,O005500,P0056,2,298.62,0.1
L0013825,O005500,P0041,3,70.14,0.1
L0013826,O005501,P0031,2,272.21,0.0
L0013827,O005502,P0013,3,38.39,0.0
L0013828,O005502,P0161,2,54.92,0.0
L0013829,O005502,P0050,3,198.45,0.0
L0013830,O005503,P0120,3,215.39,0.0
L0013831,O005503,P0115,1,162.76,0.0
L0013832,O005503,P0121,2,221.67,0.0
L0013833,O005504,P0045,2,246.46,0.2
L0013834,O005504,P0103,3,101.73,0.0
L0013835,O005505,P0096,2,265.22,0.0
L0013836,O005506,P0075,1,84.94,0.0
L0013837,O005506,P0128,3,268.61,0.05
L0013838,O005506,P0096,1,265.22,0.0
L0013839,O005507,P0036,1,52.13,0.0
L0013840,O005507,P0078,3,334.26,0.0
L0013841,O005507,P0068,2,285.98,0.0
L0013842,O005508,P0176,3,201.21,0.1
L0013843,O005509,P0060,2,248.17,0.1
L0013844,O005509,P0002,3,251.25,0.05
L0013845,O005509,P0086,3,15.03,0.0
L0013846,O005509,P0174,1,215.24,0.0
L0013847,O005510,P0087,2,97.26,0.0
L0013848,O005511,P0093,3,21.93,0.0
L0013849,O005511,P0121,3,221.67,0.0
L0013850,O005511,P0119,3,222.44,0.1
L0013851,O005512,P0081,2,21.19,0.1
L0013852,O005512,P0122,2,271.5,0.2
L0013853,O005512,P0101,1,349.83,0.0
L0013854,O005513,P0034,3,172.63,0.05
L0013855,O005513,P0119,2,247.16,0.0
L0013856,O005514,P0151,1,210.56,0.1
L0013857,O005515,P0069,3,54.33,0.1
L0013858,O005515,P0168,3,259.03,0.1
L0013859,O005515,P0106,1,180.93,0.0
L0013860,O005515,P0060,3,248.17,0.1
L0013861,O005516,P0172,1,49.86,0.0
L0013862,O005516,P0067,3,177.25,0.0
L0013863,O005516,P0053,3,255.69,0.0
L0013864,O005517,P0018,3,175.15,0.0
L0013865,O005518,P0081,2,23.54,0.0
L0013866,O005518,P0048,1,45.57,0.15
L0013867,O005518,P0104,1,25.33,0.0
L0013868,O005519,P0040,2,248.71,0.0
L0013869,O005519,P0030,1,177.24,0.0
L0013870,O005519,P0132,2,62.67,0.0
L0013871,O005519,P0007,3,203.3,0.2
L0013872,O005520,P0040,1,248.71,0.0
L0013873,O005520,P0163,1,233.9,0.0
L0013874,O005520,P0028,2,154.38,0.05
L0013875,O005520,P0010,1,103.37,0.0
L0013876,O005521,P0162,2,18.3,0.1
L0013877,O005521,P0177,2,295.0,0.0
L0013878,O005521,P0160,1,156.8,0.0
L0013879,O005521,P0016,3,60.22,0.0
L0013880,O005522,P0044,2,265.56,0.0
L0013881,O005522,P0117,3,244.09,0.0
L0013882,O005522,P0139,2,284.51,0.0
L0013883,O005522,P0114,2,307.4,0.0
L0013884,O005523,P0155,2,121.7,0.0
L0013885,O005523,P0012,3,57.02,0.1
L0013886,O005523,P0048,3,53.61,0.0
L0013887,O005524,P0092,3,308.09,0.0
L0013888,O005524,P0065,2,140.88,0.0
L0013889,O005524,P0040,1,248.71,0.0
L0013890,O005525,P0109,2,282.4,0.05
L0013891,O005525,P0045,2,308.07,0.0
L0013892,O005525,P0095,2,276.95,0.0
L0013893,O005526,P0177,2,295.0,0.0
L0013894,O005526,P0106,1,171.88,0.05
L0013895,O005526,P0058,1,292.88,0.05
L0013896,O005526,P0108,3,185.15,0.0
L0013897,O005527,P0128,2,282.75,0.0
L0013898,O005527,P0105,3,66.7,0.0
L0013899,O005527,P0030,3,168.38,0.05
L0013900,O005528,P0107,3,250.54,0.2
L0013901,O005528,P0094,3,209.36,0.0
L0013902,O005528,P0147,2,16.1,0.0
L0013903,O005529,P0013,2,34.55,0.1
L0013904,O005529,P0137,3,45.79,0.1
L0013905,O005530,P0117,2,195.27,0.2
L0013906,O005530,P0072,2,101.55,0.0
L0013907,O005530,P0154,2,277.51,0.0
L0013908,O005530,P0004,3,37.63,0.0
L0013909,O005531,P0078,2,284.12,0.15
L0013910,O005531,P0087,3,97.26,0.0
L0013911,O005531,P0064,2,321.5,0.0
L0013912,O005531,P0142,2,73.09,0.05
L0013913,O005532,P0172,1,49.86,0.0
L0013914,O005532,P0046,1,324.79,0.05
L0013915,O005532,P0113,1,110.64,0.2
L0013916,O005532,P0147,1,16.1,0.0
L0013917,O005533,P0116,2,281.31,0.15
L0013918,O005533,P0052,1,168.68,0.1
L0013919,O005534,P0151,1,233.95,0.0
L0013920,O005534,P0074,3,164.31,0.1
L0013921,O005534,P0066,3,300.18,0.0
L0013922,O005535,P0113,1,138.3,0.0
L0013923,O005535,P0148,1,123.95,0.0
L0013924,O005535,P0096,3,265.22,0.0
L0013925,O005536,P0023,3,125.92,0.2
L0013926,O005537,P0118,1,218.87,0.0
L0013927,O005538,P0112,1,31.37,0.1
L0013928,O005538,P0126,2,303.44,0.0
L0013929,O005538,P0090,1,135.94,0.0
L0013930,O005538,P0154,2,277.51,0.0
L0013931,O005539,P0157,2,252.75,0.0
L0013932,O005539,P0079,3,130.79,0.1
L0013933,O005540,P0047,1,49.26,0.1
L0013934,O005540,P0135,2,252.6,0.0
L0013935,O005540,P0136,2,46.17,0.0
L0013936,O005540,P0059,3,118.47,0.05
L0013937,O005541,P0046,2,341.88,0.0
L0013938,O005542,P0167,3,162.27,0.0
L0013939,O005543,P0152,2,187.58,0.0
L0013940,O005543,P0129,3,108.28,0.15
L0013941,O005544,P0175,1,60.92,0.0
L0013942,O005544,P0161,3,46.68,0.15
L0013943,O005545,P0175,2,54.83,0.1
L0013944,O005545,P0086,1,14.28,0.05
L0013945,O005546,P0102,1,183.42,0.0
L0013946,O005547,P0067,3,177.25,0.0
L0013947,O005547,P0175,2,60.92,0.0
L0013948,O005547,P0154,2,277.51,0.0
L0013949,O005547,P0070,2,241.83,0.0
L0013950,O005548,P0161,2,49.43,0.1
L0013951,O005548,P0090,1,135.94,0.0
L0013952,O005548,P0107,1,281.85,0.1
L0013953,O005549,P0040,1,248.71,0.0
L0013954,O005549,P0008,2,346.93,0.0
L0013955,O005549,P0120,1,215.39,0.0
L0013956,O005549,P0149,2,42.18,0.0
L0013957,O005550,P0067,2,177.25,0.0
L0013958,O005550,P0176,2,223.57,0.0
L0013959,O005550,P0162,2,20.33,0.0
L0013960,O005551,P0100,2,83.1,0.0
L0013961,O005551,P0003,2,257.7,0.05
L0013962,O005552,P0142,2,76.94,0.0
L0013963,O005553,P0020,3,38.75,0.15
L0013964,O005554,P0033,3,170.01,0.05
L0013965,O005554,P0047,1,49.26,0.1
L0013966,O005555,P0044,2,265.56,0.0
L0013967,O005555,P0162,1,20.33,0.0
L0013968,O005555,P0116,1,330.95,0.0
L0013969,O005556,P0180,3,52.22,0.0
L0013970,O005556,P0065,3,126.79,0.1
L0013971,O005557,P0170,2,229.37,0.1
L0013972,O005557,P0021,3,71.03,0.0
L0013973,O005558,P0024,3,134.86,0.2
L0013974,O005559,P0062,3,167.61,0.0
L0013975,O005560,P0034,1,181.72,0.0
L0013976,O005560,P0125,2,96.0,0.0
L0013977,O005560,P0010,2,103.37,0.0
L0013978,O005560,P0159,3,113.64,0.15
L0013979,O005561,P0109,3,297.26,0.0
L0013980,O005561,P0126,2,288.27,0.05
L0013981,O005561,P0076,2,99.18,0.0
L0013982,O005561,P0158,3,62.7,0.15
L0013983,O005562,P0091,2,320.88,0.0
L0013984,O005563,P0168,2,287.81,0.0
L0013985,O005563,P0060,3,248.17,0.1
L0013986,O005563,P0089,2,10.97,0.1
L0013987,O005563,P0145,1,97.92,0.0
L0013988,O005564,P0063,2,118.89,0.2
L0013989,O005564,P0028,1,162.51,0.0
L0013990,O005565,P0104,2,22.8,0.1
L0013991,O005565,P0179,2,142.6,0.0
L0013992,O005565,P0005,3,199.77,0.0
L0013993,O005565,P0016,3,60.22,0.0
L0013994,O005566,P0142,2,69.25,0.1
L0013995,O005567,P0141,2,287.24,0.1
L0013996,O005567,P0054,3,206.99,0.1
L0013997,O005567,P0152,2,178.2,0.05
L0013998,O005567,P0084,2,259.34,0.0
L0013999,O005568,P0134,2,38.37,0.15
L0014000,O005568,P0035,2,127.08,0.0
L0014001,O005568,P0120,1,215.39,0.0
L0014002,O005568,P0114,3,245.92,0.2
L0014003,O005569,P0160,2,148.96,0.05
L0014004,O005569,P0139,3,241.83,0.15
L0014005,O005569,P0111,2,242.65,0.2
L0014006,O005569,P0156,3,298.56,0.0
L0014007,O005570,P0118,3,207.93,0.05
L0014008,O005570,P0007,1,228.72,0.1
L0014009,O005570,P0149,2,42.18,0.0
L0014010,O005570,P0010,2,103.37,0.0
L0014011,O005571,P0154,1,277.51,0.0
L0014012,O005571,P0067,2,159.53,0.1
L0014013,O005571,P0158,2,62.7,0.15
L0014014,O005571,P0141,1,271.28,0.15
L0014015,O005572,P0057,2,61.86,0.0
L0014016,O005573,P0154,1,263.63,0.05
L0014017,O005573,P0115,2,130.21,0.2
L0014018,O005573,P0116,3,314.4,0.05
L0014019,O005573,P0126,2,257.92,0.15
L0014020,O005574,P0109,2,267.53,0.1
L0014021,O005574,P0049,3,227.43,0.15
L0014022,O005575,P0158,2,73.76,0.0
L0014023,O005575,P0078,3,317.55,0.05
L0014024,O005575,P0042,1,107.66,0.0
L0014025,O005576,P0007,2,254.13,0.0
L0014026,O005576,P0073,1,210.7,0.2
L0014027,O005576,P0009,2,238.2,0.15
L0014028,O005577,P0160,1,141.12,0.1
L0014029,O005578,P0060,3,261.95,0.05
L0014030,O005578,P0127,2,75.94,0.2
L0014031,O005578,P0082,3,92.41,0.0
L0014032,O005578,P0074,2,182.57,0.0
L0014033,O005579,P0046,3,341.88,0.0
L0014034,O005579,P0028,1,162.51,0.0
L0014035,O005579,P0085,2,265.09,0.15
L0014036,O005579,P0107,2,313.17,0.0
L0014037,O005580,P0012,3,63.35,0.0
L0014038,O005580,P0014,2,127.49,0.0
L0014039,O005580,P0176,3,212.39,0.05
L0014040,O005580,P0085,1,280.68,0.1
L0014041,O005581,P0051,3,63.09,0.0
L0014042,O005581,P0013,1,38.39,0.0
L0014043,O005581,P0161,3,54.92,0.0
L0014044,O005582,P0021,3,71.03,0.0
L0014045,O005582,P0066,3,300.18,0.0
L0014046,O005583,P0044,2,239.0,0.1
L0014047,O005583,P0112,3,31.37,0.1
L0014048,O005584,P0081,1,21.19,0.1
L0014049,O005584,P0084,1,259.34,0.0
L0014050,O005584,P0016,3,60.22,0.0
L0014051,O005585,P0093,3,21.93,0.0
L0014052,O005585,P0082,2,92.41,0.0
L0014053,O005585,P0148,3,117.75,0.05
L0014054,O005586,P0169,1,88.03,0.15
L0014055,O005586,P0159,2,120.32,0.1
L0014056,O005586,P0146,2,279.51,0.0
L0014057,O005586,P0058,3,308.29,0.0
L0014058,O005587,P0149,2,37.96,0.1
L0014059,O005587,P0078,2,284.12,0.15
L0014060,O005587,P0107,3,313.17,0.0
L0014061,O005588,P0109,2,252.67,0.15
L0014062,O005588,P0058,1,277.46,0.1
L0014063,O005588,P0071,3,109.0,0.0
L0014064,O005589,P0051,2,56.78,0.1
L0014065,O005589,P0050,1,198.45,0.0
L0014066,O005589,P0008,3,277.54,0.2
L0014067,O005590,P0067,3,168.39,0.05
L0014068,O005591,P0098,1,76.03,0.05
L0014069,O005591,P0102,1,183.42,0.0
L0014070,O005591,P0173,3,177.0,0.0
L0014071,O005592,P0004,3,37.63,0.0
L0014072,O005592,P0140,3,146.63,0.05
L0014073,O005592,P0008,3,346.93,0.0
L0014074,O005592,P0148,3,123.95,0.0
L0014075,O005593,P0129,1,127.39,0.0
L0014076,O005593,P0173,3,177.0,0.0
L0014077,O005594,P0053,1,230.12,0.1
L0014078,O005594,P0164,1,289.97,0.0
L0014079,O005594,P0099,1,339.39,0.0
L0014080,O005595,P0003,2,271.26,0.0
L0014081,O005595,P0177,2,295.0,0.0
L0014082,O005595,P0037,2,130.78,0.0
L0014083,O005596,P0019,2,82.62,0.05
L0014084,O005596,P0064,2,305.43,0.05
L0014085,O005596,P0178,2,188.55,0.15
L0014086,O005596,P0169,2,98.39,0.05
L0014087,O005597,P0040,2,248.71,0.0
L0014088,O005597,P0139,1,241.83,0.15
L0014089,O005598,P0071,2,109.0,0.0
L0014090,O005598,P0126,1,303.44,0.0
L0014091,O005598,P0157,3,214.84,0.15
L0014092,O005599,P0032,1,156.15,0.0
L0014093,O005599,P0155,1,121.7,0.0
L0014094,O005600,P0044,3,239.0,0.1
L0014095,O005601,P0139,3,270.28,0.05
L0014096,O005601,P0030,3,177.24,0.0
L0014097,O005602,P0057,3,61.86,0.0
L0014098,O005602,P0027,2,306.58,0.0
L0014099,O005602,P0067,2,177.25,0.0
L0014100,O005602,P0121,3,199.5,0.1
L0014101,O005603,P0002,2,238.02,0.1
L0014102,O005603,P0006,2,110.16,0.1
L0014103,O005603,P0102,2,165.08,0.1
L0014104,O005603,P0077,1,285.49,0.05
L0014105,O005604,P0006,3,122.4,0.0
L0014106,O005604,P0061,3,14.91,0.05
L0014107,O005604,P0005,1,189.78,0.05
L0014108,O005604,P0154,1,263.63,0.05
L0014109,O005605,P0007,1,254.13,0.0
L0014110,O005606,P0053,1,255.69,0.0
L0014111,O005606,P0171,3,88.06,0.0
L0014112,O005606,P0161,2,54.92,0.0
L0014113,O005606,P0098,2,80.03,0.0
L0014114,O005607,P0084,1,207.47,0.2
L0014115,O005607,P0051,3,53.63,0.15
L0014116,O005607,P0123,3,259.82,0.1
L0014117,O005607,P0063,3,148.61,0.0
L0014118,O005608,P0180,1,52.22,0.0
L0014119,O005608,P0031,3,272.21,0.0
L0014120,O005609,P0147,2,13.69,0.15
L0014121,O005610,P0177,2,280.25,0.05
L0014122,O005611,P0030,2,159.52,0.1
L0014123,O005611,P0040,3,223.84,0.1
L0014124,O005611,P0050,2,188.53,0.05
L0014125,O005612,P0109,1,297.26,0.0
L0014126,O005612,P0102,1,165.08,0.1
L0014127,O005613,P0173,3,150.45,0.15
L0014128,O005614,P0110,1,254.79,0.0
L0014129,O005614,P0037,2,130.78,0.0
L0014130,O005614,P0058,2,277.46,0.1
L0014131,O005615,P0059,1,118.47,0.05
L0014132,O005615,P0161,2,54.92,0.0
L0014133,O005615,P0144,3,175.24,0.15
L0014134,O005616,P0015,1,49.3,0.2
L0014135,O005616,P0069,3,60.37,0.0
L0014136,O005617,P0059,3,112.23,0.1
L0014137,O005617,P0152,2,187.58,0.0
L0014138,O005617,P0062,3,159.23,0.05
L0014139,O005618,P0063,1,148.61,0.0
L0014140,O005618,P0147,2,15.29,0.05
L0014141,O005619,P0145,2,97.92,0.0
L0014142,O005620,P0088,1,62.88,0.0
L0014143,O005620,P0068,1,243.08,0.15
L0014144,O005620,P0093,1,21.93,0.0
L0014145,O005621,P0146,2,279.51,0.0
L0014146,O005621,P0126,2,303.44,0.0
L0014147,O005622,P0166,3,198.82,0.0
L0014148,O005622,P0044,3,265.56,0.0
L0014149,O005623,P0060,1,261.95,0.05
L0014150,O005623,P0040,2,223.84,0.1
L0014151,O005623,P0107,2,250.54,0.2
L0014152,O005624,P0162,2,20.33,0.0
L0014153,O005625,P0114,3,245.92,0.2
L0014154,O005626,P0019,1,86.97,0.0
L0014155,O005626,P0130,2,39.92,0.0
L0014156,O005627,P0047,3,49.26,0.1
L0014157,O005628,P0167,3,162.27,0.0
L0014158,O005628,P0102,1,183.42,0.0
L0014159,O005628,P0054,3,229.99,0.0
L0014160,O005629,P0099,2,271.51,0.2
L0014161,O005629,P0010,3,93.03,0.1
L0014162,O005629,P0164,2,231.98,0.2
L0014163,O005629,P0073,1,263.38,0.0
L0014164,O005630,P0036,3,49.52,0.05
L0014165,O005630,P0024,3,168.57,0.0
L0014166,O005630,P0180,3,44.39,0.15
L0014167,O005630,P0041,2,77.93,0.0
L0014168,O005631,P0162,3,19.31,0.05
L0014169,O005631,P0085,1,311.87,0.0
L0014170,O005631,P0087,2,97.26,0.0
L0014171,O005631,P0002,1,264.47,0.0
L0014172,O005632,P0167,2,137.93,0.15
L0014173,O005633,P0022,2,145.84,0.0
L0014174,O005633,P0120,3,215.39,0.0
L0014175,O005633,P0072,1,101.55,0.0
L0014176,O005634,P0036,2,52.13,0.0
L0014177,O005634,P0153,1,136.91,0.0
L0014178,O005634,P0133,1,35.3,0.2
L0014179,O005635,P0062,3,159.23,0.05
L0014180,O005635,P0164,3,260.97,0.1
L0014181,O005636,P0006,2,122.4,0.0
L0014182,O005636,P0034,3,163.55,0.1
L0014183,O005636,P0111,1,303.31,0.0
L0014184,O005636,P0054,2,206.99,0.1
L0014185,O005637,P0076,3,79.34,0.2
L0014186,O005637,P0162,1,20.33,0.0
L0014187,O005638,P0165,1,128.66,0.0
L0014188,O005639,P0133,2,35.3,0.2
L0014189,O005640,P0158,2,73.76,0.0
L0014190,O005640,P0115,1,162.76,0.0
L0014191,O005640,P0103,2,101.73,0.0
L0014192,O005640,P0071,1,109.0,0.0
L0014193,O005641,P0055,3,12.04,0.15
L0014194,O005641,P0125,2,96.0,0.0
L0014195,O005641,P0126,1,303.44,0.0
L0014196,O005641,P0085,2,311.87,0.0
L0014197,O005642,P0044,2,265.56,0.0
L0014198,O005642,P0144,3,206.16,0.0
L0014199,O005642,P0150,2,321.49,0.0
L0014200,O005642,P0055,1,14.16,0.0
L0014201,O005643,P0166,2,198.82,0.0
L0014202,O005643,P0049,2,267.57,0.0
L0014203,O005643,P0134,3,42.88,0.05
L0014204,O005643,P0074,1,182.57,0.0
L0014205,O005644,P0130,2,39.92,0.0
L0014206,O005645,P0175,3,57.87,0.05
L0014207,O005645,P0161,2,49.43,0.1
L0014208,O005646,P0044,2,239.0,0.1
L0014209,O005646,P0160,1,148.96,0.05
L0014210,O005646,P0169,3,103.57,0.0
L0014211,O005646,P0027,3,306.58,0.0
L0014212,O005647,P0116,1,330.95,0.0
L0014213,O005647,P0140,1,154.35,0.0
L0014214,O005648,P0074,2,182.57,0.0
L0014215,O005648,P0037,2,111.16,0.15
L0014216,O005648,P0044,2,265.56,0.0
L0014217,O005648,P0132,2,59.54,0.05
L0014218,O005649,P0048,3,53.61,0.0
L0014219,O005650,P0024,1,168.57,0.0
L0014220,O005650,P0179,1,142.6,0.0
L0014221,O005650,P0114,3,261.29,0.15
L0014222,O005650,P0146,2,251.56,0.1
L0014223,O005651,P0116,2,264.76,0.2
L0014224,O005651,P0119,3,247.16,0.0
L0014225,O005651,P0178,2,199.64,0.1
L0014226,O005652,P0040,2,223.84,0.1
L0014227,O005653,P0005,3,189.78,0.05
L0014228,O005654,P0045,2,308.07,0.0
L0014229,O005655,P0160,3,156.8,0.0
L0014230,O005656,P0083,3,267.02,0.0
L0014231,O005656,P0173,2,168.15,0.05
L0014232,O005656,P0153,1,116.37,0.15
L0014233,O005656,P0073,3,263.38,0.0
L0014234,O005657,P0091,3,288.79,0.1
L0014235,O005657,P0101,3,314.85,0.1
L0014236,O005657,P0020,1,41.03,0.1
L0014237,O005658,P0053,2,230.12,0.1
L0014238,O005658,P0148,3,105.36,0.15
L0014239,O005659,P0059,3,99.76,0.2
L0014240,O005659,P0091,2,320.88,0.0
L0014241,O005660,P0046,3,341.88,0.0
L0014242,O005660,P0156,2,283.63,0.05
L0014243,O005661,P0142,1,69.25,0.1
L0014244,O005661,P0137,3,48.34,0.05
L0014245,O005661,P0040,3,211.4,0.15
L0014246,O005661,P0108,3,175.89,0.05
L0014247,O005662,P0048,3,50.93,0.05
L0014248,O005662,P0093,2,21.93,0.0
L0014249,O005662,P0013,2,30.71,0.2
L0014250,O005663,P0033,3,152.12,0.15
L0014251,O005663,P0164,2,260.97,0.1
L0014252,O005663,P0100,2,83.1,0.0
L0014253,O005664,P0064,1,305.43,0.05
L0014254,O005664,P0115,2,138.35,0.15
L0014255,O005664,P0128,1,282.75,0.0
L0014256,O005664,P0052,2,149.94,0.2
L0014257,O005665,P0046,2,273.5,0.2
L0014258,O005665,P0075,2,76.45,0.1
L0014259,O005665,P0062,3,150.85,0.1
L0014260,O005666,P0097,1,143.27,0.15
L0014261,O005666,P0142,3,65.4,0.15
L0014262,O005666,P0086,3,15.03,0.0
L0014263,O005666,P0091,1,256.7,0.2
L0014264,O005667,P0174,3,215.24,0.0
L0014265,O005667,P0029,1,226.17,0.0
L0014266,O005668,P0056,2,331.8,0.0
L0014267,O005668,P0103,3,101.73,0.0
L0014268,O005668,P0011,2,70.12,0.1
L0014269,O005668,P0122,3,339.37,0.0
L0014270,O005669,P0001,2,256.68,0.0
L0014271,O005669,P0139,1,284.51,0.0
L0014272,O005670,P0115,3,138.35,0.15
L0014273,O005671,P0112,3,34.86,0.0
L0014274,O005671,P0002,2,264.47,0.0
L0014275,O005671,P0117,3,244.09,0.0
L0014276,O005672,P0176,3,201.21,0.1
L0014277,O005672,P0146,2,279.51,0.0
L0014278,O005673,P0022,2,138.55,0.05
L0014279,O005673,P0004,3,37.63,0.0
L0014280,O005674,P0103,1,81.38,0.2
L0014281,O005674,P0163,1,187.12,0.2
L0014282,O005674,P0141,1,287.24,0.1
L0014283,O005675,P0056,1,331.8,0.0
L0014284,O005675,P0113,3,124.47,0.1
L0014285,O005676,P0055,3,14.16,0.0
L0014286,O005676,P0178,2,221.82,0.0
L0014287,O005676,P0142,3,76.94,0.0
L0014288,O005676,P0096,2,238.7,0.1
L0014289,O005677,P0033,1,152.12,0.15
L0014290,O005677,P0170,1,242.11,0.05
L0014291,O005678,P0133,1,44.12,0.0
L0014292,O005678,P0084,1,259.34,0.0
L0014293,O005678,P0093,2,21.93,0.0
L0014294,O005679,P0137,2,48.34,0.05
L0014295,O005680,P0047,3,46.52,0.15
L0014296,O005680,P0131,2,13.26,0.05
L0014297,O005680,P0016,3,51.19,0.15
L0014298,O005681,P0020,1,41.03,0.1
L0014299,O005682,P0121,2,221.67,0.0
L0014300,O005683,P0165,2,128.66,0.0
L0014301,O005683,P0168,3,287.81,0.0
L0014302,O005684,P0147,3,16.1,0.0
L0014303,O005684,P0074,3,182.57,0.0
L0014304,O005684,P0063,2,148.61,0.0
L0014305,O005685,P0044,3,239.0,0.1
L0014306,O005685,P0156,2,298.56,0.0
L0014307,O005685,P0118,1,218.87,0.0
L0014308,O005686,P0071,3,109.0,0.0
L0014309,O005686,P0106,3,180.93,0.0
L0014310,O005686,P0117,2,244.09,0.0
L0014311,O005687,P0072,2,96.47,0.05
L0014312,O005688,P0133,1,39.71,0.1
L0014313,O005688,P0139,1,227.61,0.2
L0014314,O005688,P0020,1,41.03,0.1
L0014315,O005688,P0064,2,289.35,0.1
L0014316,O005689,P0071,1,109.0,0.0
L0014317,O005689,P0156,1,298.56,0.0
L0014318,O005690,P0040,2,223.84,0.1
L0014319,O005691,P0041,2,77.93,0.0
L0014320,O005691,P0020,1,38.75,0.15
L0014321,O005691,P0040,3,248.71,0.0
L0014322,O005691,P0044,1,265.56,0.0
L0014323,O005692,P0173,1,177.0,0.0
L0014324,O005692,P0016,2,60.22,0.0
L0014325,O005692,P0171,1,88.06,0.0
L0014326,O005693,P0180,3,52.22,0.0
L0014327,O005693,P0139,2,284.51,0.0
L0014328,O005693,P0110,3,242.05,0.05
L0014329,O005693,P0157,2,202.2,0.2
L0014330,O005694,P0112,2,34.86,0.0
L0014331,O005694,P0047,3,54.73,0.0
L0014332,O005694,P0171,3,88.06,0.0
L0014333,O005694,P0057,1,55.67,0.1
L0014334,O005695,P0147,2,16.1,0.0
L0014335,O005696,P0094,1,209.36,0.0
L0014336,O005696,P0076,3,99.18,0.0
L0014337,O005697,P0157,3,252.75,0.0
L0014338,O005698,P0078,3,334.26,0.0
L0014339,O005698,P0060,2,261.95,0.05
L0014340,O005699,P0020,2,45.59,0.0
L0014341,O005699,P0142,2,76.94,0.0
L0014342,O005699,P0051,3,63.09,0.0
L0014343,O005699,P0025,2,137.63,0.0
L0014344,O005700,P0096,3,265.22,0.0
L0014345,O005700,P0160,3,156.8,0.0
L0014346,O005700,P0091,2,320.88,0.0
L0014347,O005701,P0137,3,50.88,0.0
L0014348,O005701,P0025,1,137.63,0.0
L0014349,O005701,P0177,3,265.5,0.1
L0014350,O005701,P0086,3,15.03,0.0
L0014351,O005702,P0125,2,81.6,0.15
L0014352,O005703,P0041,2,77.93,0.0
L0014353,O005703,P0086,3,12.02,0.2
L0014354,O005703,P0152,3,187.58,0.0
L0014355,O005703,P0096,2,251.96,0.05
L0014356,O005704,P0044,2,265.56,0.0
L0014357,O005704,P0160,3,156.8,0.0
L0014358,O005704,P0073,2,237.04,0.1
L0014359,O005705,P0170,3,229.37,0.1
L0014360,O005706,P0019,3,86.97,0.0
L0014361,O005706,P0026,2,56.63,0.05
L0014362,O005706,P0115,2,146.48,0.1
L0014363,O005707,P0048,1,45.57,0.15
L0014364,O005707,P0076,1,84.3,0.15
L0014365,O005707,P0066,3,300.18,0.0
L0014366,O005708,P0101,2,349.83,0.0
L0014367,O005708,P0043,3,249.36,0.0
L0014368,O005708,P0062,2,167.61,0.0
L0014369,O005708,P0174,3,182.95,0.15
L0014370,O005709,P0051,2,56.78,0.1
L0014371,O005709,P0137,3,50.88,0.0
L0014372,O005709,P0108,3,185.15,0.0
L0014373,O005709,P0099,1,305.45,0.1
L0014374,O005710,P0089,3,10.36,0.15
L0014375,O005711,P0082,2,92.41,0.0
L0014376,O005711,P0059,1,124.7,0.0
L0014377,O005712,P0168,1,259.03,0.1
L0014378,O005712,P0142,2,76.94,0.0
L0014379,O005712,P0041,2,77.93,0.0
L0014380,O005712,P0073,2,263.38,0.0
L0014381,O005713,P0136,2,39.24,0.15
L0014382,O005713,P0056,3,298.62,0.1
L0014383,O005714,P0094,3,209.36,0.0
L0014384,O005714,P0103,3,86.47,0.15
L0014385,O005714,P0036,3,52.13,0.0
L0014386,O005715,P0102,2,183.42,0.0
L0014387,O005715,P0030,2,150.65,0.15
L0014388,O005716,P0084,2,207.47,0.2
L0014389,O005716,P0176,1,223.57,0.0
L0014390,O005717,P0090,1,135.94,0.0
L0014391,O005717,P0020,3,45.59,0.0
L0014392,O005718,P0113,3,138.3,0.0
L0014393,O005719,P0050,1,198.45,0.0
L0014394,O005719,P0130,2,37.92,0.05
L0014395,O005720,P0031,2,272.21,0.0
L0014396,O005720,P0098,3,68.03,0.15
L0014397,O005720,P0023,3,157.4,0.0
L0014398,O005721,P0125,1,81.6,0.15
L0014399,O005721,P0142,2,65.4,0.15
L0014400,O005722,P0074,1,173.44,0.05
L0014401,O005722,P0148,2,123.95,0.0
L0014402,O005722,P0162,2,20.33,0.0
L0014403,O005722,P0138,3,91.75,0.0
L0014404,O005723,P0015,3,61.62,0.0
L0014405,O005723,P0065,2,119.75,0.15
L0014406,O005723,P0101,2,314.85,0.1
L0014407,O005724,P0129,2,127.39,0.0
L0014408,O005724,P0113,2,131.38,0.05
L0014409,O005725,P0039,3,278.42,0.1
L0014410,O005725,P0050,1,198.45,0.0
L0014411,O005725,P0001,1,256.68,0.0
L0014412,O005725,P0144,2,206.16,0.0
L0014413,O005726,P0139,2,284.51,0.0
L0014414,O005726,P0099,3,339.39,0.0
L0014415,O005726,P0041,1,77.93,0.0
L0014416,O005727,P0150,2,321.49,0.0
L0014417,O005727,P0074,2,182.57,0.0
L0014418,O005728,P0035,1,114.37,0.1
L0014419,O005729,P0097,2,168.55,0.0
L0014420,O005729,P0002,1,264.47,0.0
L0014421,O005729,P0041,3,77.93,0.0
L0014422,O005730,P0136,3,41.55,0.1
L0014423,O005730,P0097,3,143.27,0.15
L0014424,O005731,P0086,3,15.03,0.0
L0014425,O005732,P0001,1,256.68,0.0
L0014426,O005732,P0120,3,172.31,0.2
L0014427,O005733,P0096,3,238.7,0.1
L0014428,O005734,P0137,1,50.88,0.0
L0014429,O005735,P0079,2,145.32,0.0
L0014430,O005735,P0166,1,178.94,0.1
L0014431,O005735,P0145,2,97.92,0.0
L0014432,O005735,P0084,1,220.44,0.15
L0014433,O005736,P0135,3,227.34,0.1
L0014434,O005737,P0155,1,121.7,0.0
L0014435,O005737,P0026,1,47.69,0.2
L0014436,O005737,P0123,1,288.69,0.0
L0014437,O005737,P0028,3,146.26,0.1
L0014438,O005738,P0084,1,259.34,0.0
L0014439,O005738,P0070,2,205.56,0.15
L0014440,O005738,P0053,1,217.34,0.15
L0014441,O005739,P0007,2,241.42,0.05
L0014442,O005739,P0125,3,91.2,0.05
L0014443,O005739,P0134,3,45.14,0.0
L0014444,O005740,P0122,3,339.37,0.0
L0014445,O005740,P0152,2,159.44,0.15
L0014446,O005740,P0005,2,199.77,0.0
L0014447,O005740,P0149,3,42.18,0.0
L0014448,O005741,P0035,1,127.08,0.0
L0014449,O005741,P0031,3,272.21,0.0
L0014450,O005741,P0162,2,20.33,0.0
L0014451,O005742,P0096,2,225.44,0.15
L0014452,O005742,P0060,2,234.38,0.15
L0014453,O005743,P0076,1,79.34,0.2
L0014454,O005744,P0124,3,68.89,0.0
L0014455,O005744,P0049,3,267.57,0.0
L0014456,O005745,P0069,2,60.37,0.0
L0014457,O005745,P0032,1,156.15,0.0
L0014458,O005746,P0038,3,167.67,0.15
L0014459,O005746,P0119,3,247.16,0.0
L0014460,O005747,P0117,2,244.09,0.0
L0014461,O005747,P0171,1,88.06,0.0
L0014462,O005748,P0049,2,240.81,0.1
L0014463,O005749,P0063,2,126.32,0.15
L0014464,O005749,P0128,1,282.75,0.0
L0014465,O005749,P0096,1,265.22,0.0
L0014466,O005749,P0007,2,241.42,0.05
L0014467,O005750,P0086,2,15.03,0.0
L0014468,O005750,P0020,3,45.59,0.0
L0014469,O005750,P0130,3,39.92,0.0
L0014470,O005751,P0054,1,218.49,0.05
L0014471,O005752,P0134,2,45.14,0.0
L0014472,O005753,P0156,1,298.56,0.0
L0014473,O005753,P0129,2,127.39,0.0
L0014474,O005753,P0019,3,86.97,0.0
L0014475,O005753,P0045,1,308.07,0.0
L0014476,O005754,P0080,3,182.17,0.1
L0014477,O005755,P0055,1,12.74,0.1
L0014478,O005755,P0145,2,93.02,0.05
L0014479,O005756,P0175,3,57.87,0.05
L0014480,O005756,P0010,2,103.37,0.0
L0014481,O005756,P0011,2,77.91,0.0
L0014482,O005756,P0145,2,97.92,0.0
L0014483,O005757,P0043,1,224.42,0.1
L0014484,O005757,P0121,1,210.59,0.05
L0014485,O005758,P0125,2,91.2,0.05
L0014486,O005758,P0077,3,300.52,0.0
L0014487,O005758,P0147,2,16.1,0.0
L0014488,O005758,P0062,2,167.61,0.0
L0014489,O005759,P0089,1,12.19,0.0
L0014490,O005760,P0115,2,162.76,0.0
L0014491,O005760,P0024,3,143.28,0.15
L0014492,O005760,P0066,2,300.18,0.0
L0014493,O005760,P0092,2,292.69,0.05
L0014494,O005761,P0136,2,41.55,0.1
L0014495,O005761,P0071,2,109.0,0.0
L0014496,O005762,P0050,2,188.53,0.05
L0014497,O005762,P0008,2,294.89,0.15
L0014498,O005763,P0180,1,52.22,0.0
L0014499,O005764,P0120,3,215.39,0.0
L0014500,O005765,P0075,2,84.94,0.0
L0014501,O005765,P0006,3,122.4,0.0
L0014502,O005766,P0162,3,18.3,0.1
L0014503,O005766,P0031,2,272.21,0.0
L0014504,O005766,P0100,1,83.1,0.0
L0014505,O005767,P0122,1,339.37,0.0
L0014506,O005767,P0158,3,73.76,0.0
L0014507,O005768,P0093,3,21.93,0.0
L0014508,O005769,P0083,2,267.02,0.0
L0014509,O005769,P0174,2,215.24,0.0
L0014510,O005769,P0079,3,116.26,0.2
L0014511,O005770,P0171,2,88.06,0.0
L0014512,O005770,P0031,2,231.38,0.15
L0014513,O005770,P0166,3,198.82,0.0
L0014514,O005770,P0010,3,103.37,0.0
L0014515,O005771,P0023,3,133.79,0.15
L0014516,O005772,P0004,3,33.87,0.1
L0014517,O005772,P0029,2,203.55,0.1
L0014518,O005772,P0122,3,339.37,0.0
L0014519,O005773,P0177,1,295.0,0.0
L0014520,O005774,P0015,1,61.62,0.0
L0014521,O005775,P0101,2,314.85,0.1
L0014522,O005775,P0068,2,285.98,0.0
L0014523,O005775,P0039,3,309.36,0.0
L0014524,O005776,P0131,1,12.56,0.1
L0014525,O005776,P0039,2,309.36,0.0
L0014526,O005776,P0033,1,178.96,0.0
L0014527,O005777,P0047,1,54.73,0.0
L0014528,O005777,P0170,1,229.37,0.1
L0014529,O005778,P0148,3,123.95,0.0
L0014530,O005778,P0139,2,227.61,0.2
L0014531,O005778,P0095,3,276.95,0.0
L0014532,O005779,P0174,1,215.24,0.0
L0014533,O005779,P0117,2,219.68,0.1
L0014534,O005779,P0100,1,83.1,0.0
L0014535,O005780,P0007,1,254.13,0.0
L0014536,O005780,P0009,1,280.24,0.0
L0014537,O005780,P0105,1,60.03,0.1
L0014538,O005781,P0166,1,198.82,0.0
L0014539,O005782,P0097,1,143.27,0.15
L0014540,O005782,P0113,1,138.3,0.0
L0014541,O005782,P0081,1,23.54,0.0
L0014542,O005782,P0139,3,284.51,0.0
L0014543,O005783,P0062,3,167.61,0.0
L0014544,O005783,P0083,1,213.62,0.2
L0014545,O005784,P0018,3,175.15,0.0
L0014546,O005784,P0126,1,303.44,0.0
L0014547,O005784,P0147,3,16.1,0.0
L0014548,O005785,P0160,1,156.8,0.0
L0014549,O005785,P0083,1,267.02,0.0
L0014550,O005785,P0179,1,128.34,0.1
L0014551,O005786,P0159,1,133.69,0.0
L0014552,O005786,P0091,1,320.88,0.0
L0014553,O005786,P0037,1,111.16,0.15
L0014554,O005786,P0073,1,263.38,0.0
L0014555,O005787,P0117,1,244.09,0.0
L0014556,O005787,P0124,2,62.0,0.1
L0014557,O005787,P0051,1,53.63,0.15
L0014558,O005788,P0161,3,54.92,0.0
L0014559,O005788,P0016,2,51.19,0.15
L0014560,O005789,P0123,1,288.69,0.0
L0014561,O005790,P0109,1,297.26,0.0
L0014562,O005790,P0045,2,261.86,0.15
L0014563,O005790,P0095,1,249.25,0.1
L0014564,O005790,P0147,1,16.1,0.0
L0014565,O005791,P0098,2,80.03,0.0
L0014566,O005791,P0042,1,107.66,0.0
L0014567,O005791,P0010,1,82.7,0.2
L0014568,O005791,P0012,2,60.18,0.05
L0014569,O005792,P0025,2,137.63,0.0
L0014570,O005792,P0137,1,45.79,0.1
L0014571,O005792,P0109,1,297.26,0.0
L0014572,O005793,P0029,3,226.17,0.0
L0014573,O005793,P0126,3,257.92,0.15
L0014574,O005793,P0166,2,198.82,0.0
L0014575,O005793,P0168,2,287.81,0.0
L0014576,O005794,P0177,2,295.0,0.0
L0014577,O005795,P0162,2,19.31,0.05
L0014578,O005795,P0092,2,308.09,0.0
L0014579,O005796,P0007,1,228.72,0.1
L0014580,O005796,P0017,3,180.99,0.0
L0014581,O005797,P0169,3,103.57,0.0
L0014582,O005797,P0086,3,13.53,0.1
L0014583,O005797,P0149,2,42.18,0.0
L0014584,O005797,P0115,1,162.76,0.0
L0014585,O005798,P0084,2,246.37,0.05
L0014586,O005798,P0165,1,115.79,0.1
L0014587,O005799,P0155,3,103.44,0.15
L0014588,O005800,P0104,1,21.53,0.15
L0014589,O005801,P0096,2,238.7,0.1
L0014590,O005801,P0020,3,45.59,0.0
L0014591,O005801,P0080,1,172.05,0.15
L0014592,O005802,P0017,2,162.89,0.1
L0014593,O005803,P0046,1,307.69,0.1
L0014594,O005803,P0135,2,252.6,0.0
L0014595,O005803,P0166,3,169.0,0.15
L0014596,O005803,P0125,1,86.4,0.1
L0014597,O005804,P0072,1,101.55,0.0
L0014598,O005805,P0010,2,93.03,0.1
L0014599,O005806,P0154,1,222.01,0.2
L0014600,O005806,P0041,2,66.24,0.15
L0014601,O005806,P0167,2,146.04,0.1
L0014602,O005806,P0121,2,199.5,0.1
L0014603,O005807,P0155,1,97.36,0.2
L0014604,O005807,P0028,3,138.13,0.15
L0014605,O005807,P0001,1,231.01,0.1
L0014606,O005808,P0121,1,221.67,0.0
L0014607,O005809,P0141,3,319.15,0.0
L0014608,O005809,P0043,1,224.42,0.1
L0014609,O005809,P0137,3,45.79,0.1
L0014610,O005810,P0074,2,182.57,0.0
L0014611,O005811,P0042,2,107.66,0.0
L0014612,O005811,P0077,1,285.49,0.05
L0014613,O005811,P0049,1,240.81,0.1
L0014614,O005812,P0056,2,315.21,0.05
L0014615,O005812,P0073,1,237.04,0.1
L0014616,O005813,P0057,3,55.67,0.1
L0014617,O005813,P0129,3,127.39,0.0
L0014618,O005814,P0145,2,97.92,0.0
L0014619,O005814,P0060,2,275.74,0.0
L0014620,O005814,P0132,1,56.4,0.1
L0014621,O005815,P0068,2,271.68,0.05
L0014622,O005815,P0168,3,287.81,0.0
L0014623,O005816,P0130,2,35.93,0.1
L0014624,O005816,P0016,1,57.21,0.05
L0014625,O005816,P0055,2,14.16,0.0
L0014626,O005816,P0106,2,171.88,0.05
L0014627,O005817,P0148,3,105.36,0.15
L0014628,O005817,P0029,1,214.86,0.05
L0014629,O005817,P0151,3,210.56,0.1
L0014630,O005817,P0011,2,77.91,0.0
L0014631,O005818,P0115,3,162.76,0.0
L0014632,O005818,P0088,3,50.3,0.2
L0014633,O005819,P0035,2,127.08,0.0
L0014634,O005819,P0019,1,86.97,0.0
L0014635,O005819,P0037,2,130.78,0.0
L0014636,O005820,P0172,2,49.86,0.0
L0014637,O005820,P0085,3,311.87,0.0
L0014638,O005820,P0073,2,250.21,0.05
L0014639,O005821,P0064,3,321.5,0.0
L0014640,O005821,P0099,2,305.45,0.1
L0014641,O005821,P0146,1,279.51,0.0
L0014642,O005822,P0140,2,154.35,0.0
L0014643,O005822,P0023,1,141.66,0.1
L0014644,O005823,P0168,1,259.03,0.1
L0014645,O005823,P0113,2,131.38,0.05
L0014646,O005824,P0137,3,50.88,0.0
L0014647,O005824,P0042,3,96.89,0.1
L0014648,O005824,P0072,3,101.55,0.0
L0014649,O005824,P0049,1,240.81,0.1
L0014650,O005825,P0136,2,46.17,0.0
L0014651,O005825,P0043,2,224.42,0.1
L0014652,O005825,P0085,3,296.28,0.05
L0014653,O005826,P0049,2,267.57,0.0
L0014654,O005826,P0176,2,223.57,0.0
L0014655,O005826,P0037,3,130.78,0.0
L0014656,O005827,P0044,1,239.0,0.1
L0014657,O005827,P0079,3,116.26,0.2
L0014658,O005827,P0011,3,66.22,0.15
L0014659,O005827,P0093,3,21.93,0.0
L0014660,O005828,P0149,3,35.85,0.15
L0014661,O005829,P0103,1,86.47,0.15
L0014662,O005829,P0085,2,280.68,0.1
L0014663,O005830,P0157,3,240.11,0.05
L0014664,O005830,P0059,1,112.23,0.1
L0014665,O005830,P0133,1,44.12,0.0
L0014666,O005831,P0094,1,209.36,0.0
L0014667,O005831,P0140,1,154.35,0.0
L0014668,O005831,P0118,2,218.87,0.0
L0014669,O005832,P0106,2,144.74,0.2
L0014670,O005832,P0172,2,49.86,0.0
L0014671,O005832,P0096,2,265.22,0.0
L0014672,O005832,P0136,1,46.17,0.0
L0014673,O005833,P0151,2,233.95,0.0
L0014674,O005833,P0105,3,66.7,0.0
L0014675,O005834,P0152,2,168.82,0.1
L0014676,O005834,P0094,2,209.36,0.0
L0014677,O005834,P0081,2,23.54,0.0
L0014678,O005834,P0146,1,279.51,0.0
L0014679,O005835,P0106,3,153.79,0.15
L0014680,O005835,P0067,3,177.25,0.0
L0014681,O005835,P0010,3,103.37,0.0
L0014682,O005836,P0127,2,90.17,0.05
L0014683,O005836,P0091,2,304.84,0.05
L0014684,O005836,P0154,1,277.51,0.0
L0014685,O005836,P0173,3,150.45,0.15
L0014686,O005837,P0050,1,188.53,0.05
L0014687,O005838,P0060,1,234.38,0.15
L0014688,O005838,P0050,1,198.45,0.0
L0014689,O005838,P0125,1,96.0,0.0
L0014690,O005839,P0092,3,308.09,0.0
L0014691,O005840,P0010,1,82.7,0.2
L0014692,O005840,P0016,2,57.21,0.05
L0014693,O005840,P0034,2,163.55,0.1
L0014694,O005841,P0095,3,263.1,0.05
L0014695,O005841,P0124,3,68.89,0.0
L0014696,O005842,P0114,2,307.4,0.0
L0014697,O005842,P0143,2,239.62,0.0
L0014698,O005842,P0160,1,141.12,0.1
L0014699,O005843,P0027,2,275.92,0.1
L0014700,O005843,P0127,1,94.92,0.0
L0014701,O005844,P0157,2,252.75,0.0
L0014702,O005844,P0166,1,198.82,0.0
L0014703,O005845,P0180,2,52.22,0.0
L0014704,O005845,P0041,3,74.03,0.05
L0014705,O005846,P0039,3,293.89,0.05
L0014706,O005846,P0096,3,265.22,0.0
L0014707,O005847,P0138,3,91.75,0.0
L0014708,O005847,P0120,3,215.39,0.0
L0014709,O005847,P0178,2,221.82,0.0
L0014710,O005848,P0099,3,339.39,0.0
L0014711,O005848,P0047,2,49.26,0.1
L0014712,O005849,P0180,2,52.22,0.0
L0014713,O005849,P0122,1,339.37,0.0
L0014714,O005849,P0067,2,177.25,0.0
L0014715,O005849,P0061,3,15.7,0.0
L0014716,O005850,P0096,2,225.44,0.15
L0014717,O005850,P0106,3,162.84,0.1
L0014718,O005850,P0133,1,44.12,0.0
L0014719,O005851,P0087,1,97.26,0.0
L0014720,O005851,P0078,1,334.26,0.0
L0014721,O005851,P0019,2,82.62,0.05
L0014722,O005851,P0024,2,168.57,0.0
L0014723,O005852,P0060,1,261.95,0.05
L0014724,O005852,P0052,3,178.05,0.05
L0014725,O005853,P0124,2,68.89,0.0
L0014726,O005853,P0065,3,140.88,0.0
L0014727,O005854,P0175,2,60.92,0.0
L0014728,O005854,P0138,1,91.75,0.0
L0014729,O005854,P0059,1,124.7,0.0
L0014730,O005855,P0121,1,221.67,0.0
L0014731,O005855,P0151,1,233.95,0.0
L0014732,O005855,P0114,1,307.4,0.0
L0014733,O005856,P0142,1,76.94,0.0
L0014734,O005856,P0161,3,43.94,0.2
L0014735,O005857,P0056,1,315.21,0.05
L0014736,O005857,P0058,3,262.05,0.15
L0014737,O005857,P0100,3,70.63,0.15
L0014738,O005857,P0114,3,292.03,0.05
L0014739,O005858,P0138,3,91.75,0.0
L0014740,O005858,P0042,2,107.66,0.0
L0014741,O005858,P0080,3,172.05,0.15
L0014742,O005859,P0113,3,138.3,0.0
L0014743,O005860,P0011,3,70.12,0.1
L0014744,O005861,P0078,1,334.26,0.0
L0014745,O005861,P0042,3,107.66,0.0
L0014746,O005861,P0066,3,300.18,0.0
L0014747,O005862,P0126,3,303.44,0.0
L0014748,O005863,P0127,2,80.68,0.15
L0014749,O005863,P0128,3,240.34,0.15
L0014750,O005864,P0111,1,272.98,0.1
L0014751,O005865,P0034,1,145.38,0.2
L0014752,O005865,P0159,2,106.95,0.2
L0014753,O005865,P0177,2,295.0,0.0
L0014754,O005865,P0119,2,210.09,0.15
L0014755,O005866,P0013,3,38.39,0.0
L0014756,O005866,P0062,2,167.61,0.0
L0014757,O005866,P0028,2,162.51,0.0
L0014758,O005867,P0174,1,182.95,0.15
L0014759,O005867,P0076,3,99.18,0.0
L0014760,O005867,P0064,3,321.5,0.0
L0014761,O005868,P0168,2,244.64,0.15
L0014762,O005868,P0169,3,103.57,0.0
L0014763,O005868,P0013,3,34.55,0.1
L0014764,O005868,P0094,3,209.36,0.0
L0014765,O005869,P0082,1,83.17,0.1
L0014766,O005870,P0022,2,145.84,0.0
L0014767,O005870,P0037,3,111.16,0.15
L0014768,O005870,P0132,1,59.54,0.05
L0014769,O005871,P0037,1,130.78,0.0
L0014770,O005871,P0174,2,204.48,0.05
L0014771,O005871,P0140,1,154.35,0.0
L0014772,O005871,P0033,1,178.96,0.0
L0014773,O005872,P0109,1,237.81,0.2
L0014774,O005872,P0014,2,127.49,0.0
L0014775,O005872,P0071,1,109.0,0.0
L0014776,O005873,P0021,1,71.03,0.0
L0014777,O005873,P0145,3,97.92,0.0
L0014778,O005873,P0098,2,68.03,0.15
L0014779,O005873,P0077,1,300.52,0.0
L0014780,O005874,P0155,2,97.36,0.2
L0014781,O005874,P0096,1,238.7,0.1
L0014782,O005874,P0126,1,288.27,0.05
L0014783,O005875,P0072,2,101.55,0.0
L0014784,O005875,P0040,1,248.71,0.0
L0014785,O005875,P0156,2,298.56,0.0
L0014786,O005875,P0094,1,188.42,0.1
L0014787,O005876,P0052,2,149.94,0.2
L0014788,O005876,P0096,1,238.7,0.1
L0014789,O005877,P0023,1,157.4,0.0
L0014790,O005878,P0035,3,127.08,0.0
L0014791,O005879,P0071,1,109.0,0.0
L0014792,O005879,P0120,3,215.39,0.0
L0014793,O005880,P0048,1,50.93,0.05
L0014794,O005880,P0077,1,300.52,0.0
L0014795,O005881,P0143,1,239.62,0.0
L0014796,O005881,P0014,3,127.49,0.0
L0014797,O005882,P0029,2,226.17,0.0
L0014798,O005883,P0086,1,12.78,0.15
L0014799,O005884,P0033,3,161.06,0.1
L0014800,O005884,P0157,1,252.75,0.0
L0014801,O005884,P0178,2,199.64,0.1
L0014802,O005884,P0020,3,45.59,0.0
L0014803,O005885,P0044,3,265.56,0.0
L0014804,O005885,P0005,1,199.77,0.0
L0014805,O005885,P0082,1,92.41,0.0
L0014806,O005885,P0121,1,199.5,0.1
L0014807,O005886,P0018,3,175.15,0.0
L0014808,O005886,P0059,1,124.7,0.0
L0014809,O005887,P0144,2,206.16,0.0
L0014810,O005888,P0043,1,249.36,0.0
L0014811,O005888,P0135,2,239.97,0.05
L0014812,O005888,P0036,3,49.52,0.05
L0014813,O005888,P0144,2,185.54,0.1
L0014814,O005889,P0075,2,84.94,0.0
L0014815,O005889,P0117,1,244.09,0.0
L0014816,O005889,P0092,1,308.09,0.0
L0014817,O005890,P0174,2,215.24,0.0
L0014818,O005890,P0163,1,210.51,0.1
L0014819,O005891,P0121,2,210.59,0.05
L0014820,O005891,P0045,1,308.07,0.0
L0014821,O005891,P0090,3,135.94,0.0
L0014822,O005891,P0160,2,125.44,0.2
L0014823,O005892,P0048,2,50.93,0.05
L0014824,O005892,P0129,1,108.28,0.15
L0014825,O005892,P0166,1,198.82,0.0
L0014826,O005893,P0009,3,280.24,0.0
L0014827,O005893,P0013,3,38.39,0.0
L0014828,O005894,P0045,1,308.07,0.0
L0014829,O005894,P0087,3,87.53,0.1
L0014830,O005895,P0134,2,45.14,0.0
L0014831,O005895,P0117,3,219.68,0.1
L0014832,O005895,P0045,1,277.26,0.1
L0014833,O005896,P0170,2,254.85,0.0
L0014834,O005896,P0173,1,159.3,0.1
L0014835,O005896,P0068,1,285.98,0.0
L0014836,O005897,P0113,2,138.3,0.0
L0014837,O005898,P0176,1,190.03,0.15
L0014838,O005898,P0095,1,249.25,0.1
L0014839,O005898,P0157,3,214.84,0.15
L0014840,O005898,P0065,1,140.88,0.0
L0014841,O005899,P0164,1,246.47,0.15
L0014842,O005900,P0134,3,38.37,0.15
L0014843,O005900,P0162,2,20.33,0.0
L0014844,O005901,P0048,1,53.61,0.0
L0014845,O005901,P0056,1,315.21,0.05
L0014846,O005902,P0089,3,12.19,0.0
L0014847,O005902,P0174,3,215.24,0.0
L0014848,O005902,P0067,2,177.25,0.0
L0014849,O005902,P0020,1,45.59,0.0
L0014850,O005903,P0147,2,13.69,0.15
L0014851,O005903,P0171,2,88.06,0.0
L0014852,O005903,P0115,2,162.76,0.0
L0014853,O005903,P0119,2,197.73,0.2
L0014854,O005904,P0174,3,215.24,0.0
L0014855,O005904,P0133,3,44.12,0.0
L0014856,O005904,P0095,3,276.95,0.0
L0014857,O005905,P0120,2,204.62,0.05
L0014858,O005905,P0075,1,84.94,0.0
L0014859,O005905,P0141,3,271.28,0.15
L0014860,O005905,P0130,3,39.92,0.0
L0014861,O005906,P0036,3,52.13,0.0
L0014862,O005907,P0061,2,15.7,0.0
L0014863,O005907,P0137,3,45.79,0.1
L0014864,O005907,P0048,3,45.57,0.15
L0014865,O005908,P0107,3,266.19,0.15
L0014866,O005908,P0117,3,244.09,0.0
L0014867,O005908,P0178,2,221.82,0.0
L0014868,O005909,P0123,2,288.69,0.0
L0014869,O005909,P0073,1,237.04,0.1
L0014870,O005909,P0026,1,59.61,0.0
L0014871,O005910,P0095,3,221.56,0.2
L0014872,O005910,P0058,3,308.29,0.0
L0014873,O005910,P0003,2,230.57,0.15
L0014874,O005910,P0034,3,181.72,0.0
L0014875,O005911,P0049,1,267.57,0.0
L0014876,O005911,P0012,3,53.85,0.15
L0014877,O005912,P0061,3,14.13,0.1
L0014878,O005912,P0179,3,142.6,0.0
L0014879,O005913,P0070,3,241.83,0.0
L0014880,O005913,P0020,3,45.59,0.0
L0014881,O005913,P0088,2,62.88,0.0
L0014882,O005914,P0172,3,49.86,0.0
L0014883,O005914,P0019,1,82.62,0.05
L0014884,O005915,P0046,1,341.88,0.0
L0014885,O005915,P0154,3,222.01,0.2
L0014886,O005916,P0010,1,103.37,0.0
L0014887,O005916,P0027,3,291.25,0.05
L0014888,O005917,P0156,2,298.56,0.0
L0014889,O005917,P0096,3,251.96,0.05
L0014890,O005917,P0139,1,256.06,0.1
L0014891,O005917,P0070,1,241.83,0.0
L0014892,O005918,P0117,1,219.68,0.1
L0014893,O005918,P0036,3,52.13,0.0
L0014894,O005919,P0133,3,44.12,0.0
L0014895,O005919,P0032,2,140.53,0.1
L0014896,O005919,P0009,3,252.22,0.1
L0014897,O005920,P0068,3,285.98,0.0
L0014898,O005920,P0063,3,148.61,0.0
L0014899,O005920,P0004,3,37.63,0.0
L0014900,O005920,P0041,3,77.93,0.0
L0014901,O005921,P0021,1,67.48,0.05
L0014902,O005921,P0133,1,35.3,0.2
L0014903,O005922,P0085,3,311.87,0.0
L0014904,O005922,P0138,1,91.75,0.0
L0014905,O005922,P0133,2,39.71,0.1
L0014906,O005922,P0045,3,308.07,0.0
L0014907,O005923,P0079,1,145.32,0.0
L0014908,O005923,P0171,2,79.25,0.1
L0014909,O005923,P0040,1,248.71,0.0
L0014910,O005924,P0030,3,177.24,0.0
L0014911,O005924,P0159,2,127.01,0.05
L0014912,O005924,P0145,2,97.92,0.0
L0014913,O005925,P0113,2,138.3,0.0
L0014914,O005925,P0172,3,49.86,0.0
L0014915,O005925,P0032,2,140.53,0.1
L0014916,O005926,P0087,2,97.26,0.0
L0014917,O005926,P0154,2,277.51,0.0
L0014918,O005926,P0039,1,293.89,0.05
L0014919,O005926,P0135,3,214.71,0.15
L0014920,O005927,P0108,1,185.15,0.0
L0014921,O005927,P0156,2,238.85,0.2
L0014922,O005928,P0108,1,166.64,0.1
L0014923,O005928,P0122,1,339.37,0.0
L0014924,O005928,P0087,3,97.26,0.0
L0014925,O005929,P0136,2,46.17,0.0
L0014926,O005929,P0007,1,228.72,0.1
L0014927,O005930,P0038,2,197.26,0.0
L0014928,O005930,P0079,1,138.05,0.05
L0014929,O005931,P0160,1,141.12,0.1
L0014930,O005931,P0129,1,127.39,0.0
L0014931,O005932,P0159,1,113.64,0.15
L0014932,O005933,P0088,3,50.3,0.2
L0014933,O005933,P0166,3,159.06,0.2
L0014934,O005933,P0150,3,321.49,0.0
L0014935,O005933,P0059,2,124.7,0.0
L0014936,O005934,P0121,2,210.59,0.05
L0014937,O005934,P0050,1,198.45,0.0
L0014938,O005935,P0159,1,120.32,0.1
L0014939,O005935,P0139,3,284.51,0.0
L0014940,O005935,P0130,3,35.93,0.1
L0014941,O005936,P0089,1,9.75,0.2
L0014942,O005936,P0072,3,91.39,0.1
L0014943,O005936,P0106,3,180.93,0.0
L0014944,O005936,P0062,1,159.23,0.05
L0014945,O005937,P0100,1,78.94,0.05
L0014946,O005938,P0018,1,175.15,0.0
L0014947,O005938,P0030,1,177.24,0.0
L0014948,O005939,P0070,3,229.74,0.05
L0014949,O005940,P0155,3,109.53,0.1
L0014950,O005940,P0014,3,127.49,0.0
L0014951,O005941,P0084,3,246.37,0.05
L0014952,O005941,P0006,2,122.4,0.0
L0014953,O005941,P0024,1,143.28,0.15
L0014954,O005941,P0141,3,287.24,0.1
L0014955,O005942,P0046,2,341.88,0.0
L0014956,O005942,P0053,3,242.91,0.05
L0014957,O005942,P0080,1,202.41,0.0
L0014958,O005942,P0137,1,50.88,0.0
L0014959,O005943,P0032,3,156.15,0.0
L0014960,O005944,P0053,3,230.12,0.1
L0014961,O005944,P0106,1,180.93,0.0
L0014962,O005945,P0002,3,264.47,0.0
L0014963,O005945,P0120,2,215.39,0.0
L0014964,O005946,P0091,1,320.88,0.0
L0014965,O005947,P0099,3,339.39,0.0
L0014966,O005947,P0169,1,88.03,0.15
L0014967,O005947,P0046,3,290.6,0.15
L0014968,O005947,P0069,2,54.33,0.1
L0014969,O005948,P0018,2,175.15,0.0
L0014970,O005949,P0028,2,162.51,0.0
L0014971,O005949,P0083,2,267.02,0.0
L0014972,O005950,P0052,3,187.42,0.0
L0014973,O005950,P0044,3,265.56,0.0
L0014974,O005951,P0090,2,135.94,0.0
L0014975,O005951,P0108,3,185.15,0.0
L0014976,O005951,P0157,2,252.75,0.0
L0014977,O005951,P0011,2,70.12,0.1
L0014978,O005952,P0074,2,182.57,0.0
L0014979,O005952,P0026,3,59.61,0.0
L0014980,O005952,P0120,3,215.39,0.0
L0014981,O005952,P0027,1,291.25,0.05
L0014982,O005953,P0006,3,122.4,0.0
L0014983,O005953,P0007,1,254.13,0.0
L0014984,O005953,P0130,2,33.93,0.15
L0014985,O005954,P0154,2,222.01,0.2
L0014986,O005954,P0045,1,277.26,0.1
L0014987,O005954,P0138,3,77.99,0.15
L0014988,O005954,P0091,3,304.84,0.05
L0014989,O005955,P0110,2,254.79,0.0
L0014990,O005955,P0126,2,303.44,0.0
L0014991,O005955,P0134,3,42.88,0.05
L0014992,O005956,P0004,1,33.87,0.1
L0014993,O005956,P0016,3,51.19,0.15
L0014994,O005957,P0122,1,322.4,0.05
L0014995,O005957,P0090,3,135.94,0.0
L0014996,O005957,P0106,1,171.88,0.05
L0014997,O005958,P0023,2,157.4,0.0
L0014998,O005958,P0101,1,332.34,0.05
L0014999,O005958,P0166,3,198.82,0.0
L0015000,O005958,P0122,2,305.43,0.1
L0015001,O005959,P0123,1,288.69,0.0
L0015002,O005959,P0168,3,287.81,0.0
L0015003,O005960,P0079,1,145.32,0.0
L0015004,O005960,P0065,2,112.7,0.2
L0015005,O005961,P0112,1,34.86,0.0
L0015006,O005961,P0108,3,185.15,0.0
L0015007,O005962,P0084,2,220.44,0.15
L0015008,O005962,P0158,2,73.76,0.0
L0015009,O005963,P0008,2,312.24,0.1
L0015010,O005963,P0154,3,277.51,0.0
L0015011,O005964,P0051,1,63.09,0.0
L0015012,O005965,P0121,3,221.67,0.0
L0015013,O005965,P0139,3,284.51,0.0
L0015014,O005966,P0065,2,140.88,0.0
L0015015,O005966,P0152,1,187.58,0.0
L0015016,O005966,P0008,3,312.24,0.1
L0015017,O005967,P0180,2,52.22,0.0
L0015018,O005968,P0004,1,35.75,0.05
L0015019,O005969,P0121,1,210.59,0.05
L0015020,O005969,P0154,3,277.51,0.0
L0015021,O005970,P0178,2,210.73,0.05
L0015022,O005970,P0062,1,150.85,0.1
L0015023,O005970,P0026,2,59.61,0.0
L0015024,O005971,P0131,3,12.56,0.1
L0015025,O005971,P0032,3,140.53,0.1
L0015026,O005971,P0166,1,198.82,0.0
L0015027,O005972,P0129,3,127.39,0.0
L0015028,O005973,P0113,1,131.38,0.05
L0015029,O005973,P0015,3,58.54,0.05
L0015030,O005973,P0133,1,44.12,0.0
L0015031,O005974,P0170,3,229.37,0.1
L0015032,O005974,P0093,1,18.64,0.15
L0015033,O005974,P0023,2,157.4,0.0
L0015034,O005974,P0037,2,130.78,0.0
L0015035,O005975,P0129,2,121.02,0.05
L0015036,O005975,P0178,2,199.64,0.1
L0015037,O005976,P0047,2,46.52,0.15
L0015038,O005976,P0139,3,284.51,0.0
L0015039,O005976,P0149,1,42.18,0.0
L0015040,O005977,P0011,1,70.12,0.1
L0015041,O005978,P0095,2,263.1,0.05
L0015042,O005978,P0170,1,203.88,0.2
L0015043,O005978,P0063,1,148.61,0.0
L0015044,O005979,P0073,2,237.04,0.1
L0015045,O005979,P0172,3,49.86,0.0
L0015046,O005979,P0144,3,206.16,0.0
L0015047,O005980,P0104,2,21.53,0.15
L0015048,O005980,P0021,3,63.93,0.1
L0015049,O005980,P0009,2,266.23,0.05
L0015050,O005980,P0155,1,115.61,0.05
L0015051,O005981,P0039,3,309.36,0.0
L0015052,O005981,P0060,2,275.74,0.0
L0015053,O005982,P0007,1,241.42,0.05
L0015054,O005982,P0088,2,59.74,0.05
L0015055,O005982,P0034,1,181.72,0.0
L0015056,O005982,P0132,2,59.54,0.05
L0015057,O005983,P0027,2,275.92,0.1
L0015058,O005984,P0131,2,13.96,0.0
L0015059,O005985,P0133,2,44.12,0.0
L0015060,O005985,P0171,3,83.66,0.05
L0015061,O005985,P0116,2,281.31,0.15
L0015062,O005985,P0119,3,247.16,0.0
L0015063,O005986,P0149,2,42.18,0.0
L0015064,O005986,P0037,3,130.78,0.0
L0015065,O005987,P0132,1,50.14,0.2
L0015066,O005987,P0144,1,195.85,0.05
L0015067,O005987,P0070,3,241.83,0.0
L0015068,O005988,P0166,2,198.82,0.0
L0015069,O005988,P0115,3,146.48,0.1
L0015070,O005988,P0161,1,49.43,0.1
L0015071,O005988,P0165,1,115.79,0.1
L0015072,O005989,P0089,1,12.19,0.0
L0015073,O005989,P0102,3,183.42,0.0
L0015074,O005989,P0002,2,224.8,0.15
L0015075,O005990,P0099,1,288.48,0.15
L0015076,O005990,P0158,1,59.01,0.2
L0015077,O005990,P0022,2,123.96,0.15
L0015078,O005990,P0115,2,146.48,0.1
L0015079,O005991,P0162,2,17.28,0.15
L0015080,O005991,P0161,3,54.92,0.0
L0015081,O005991,P0144,2,206.16,0.0
L0015082,O005992,P0081,3,23.54,0.0
L0015083,O005992,P0173,3,159.3,0.1
L0015084,O005992,P0076,2,84.3,0.15
L0015085,O005992,P0080,2,202.41,0.0
L0015086,O005993,P0126,1,303.44,0.0
L0015087,O005993,P0083,2,240.32,0.1
L0015088,O005993,P0064,1,321.5,0.0
L0015089,O005993,P0055,2,14.16,0.0
L0015090,O005994,P0142,2,76.94,0.0
L0015091,O005994,P0013,1,30.71,0.2
L0015092,O005995,P0039,1,309.36,0.0
L0015093,O005995,P0144,1,206.16,0.0
L0015094,O005995,P0063,1,126.32,0.15
L0015095,O005996,P0081,3,20.01,0.15
L0015096,O005997,P0159,1,133.69,0.0
L0015097,O005997,P0064,3,321.5,0.0
L0015098,O005998,P0083,3,267.02,0.0
L0015099,O005999,P0180,2,49.61,0.05
L0015100,O006000,P0028,2,146.26,0.1
L0015101,O006000,P0150,2,321.49,0.0
L0015102,O006000,P0005,1,179.79,0.1
L0015103,O006000,P0108,1,185.15,0.0
L0015104,O006001,P0086,2,12.02,0.2
L0015105,O006001,P0081,2,22.36,0.05
L0015106,O006001,P0019,1,78.27,0.1
L0015107,O006002,P0123,3,288.69,0.0
L0015108,O006003,P0107,2,313.17,0.0
L0015109,O006003,P0094,2,209.36,0.0
L0015110,O006004,P0068,1,257.38,0.1
L0015111,O006004,P0099,3,305.45,0.1
L0015112,O006005,P0116,3,330.95,0.0
L0015113,O006005,P0001,3,256.68,0.0
L0015114,O006005,P0133,2,44.12,0.0
L0015115,O006005,P0170,3,254.85,0.0
L0015116,O006006,P0104,1,22.8,0.1
L0015117,O006006,P0141,1,319.15,0.0
L0015118,O006007,P0091,3,320.88,0.0
L0015119,O006007,P0047,3,54.73,0.0
L0015120,O006007,P0035,1,127.08,0.0
L0015121,O006007,P0008,3,312.24,0.1
L0015122,O006008,P0087,3,97.26,0.0
L0015123,O006008,P0170,2,254.85,0.0
L0015124,O006009,P0096,1,265.22,0.0
L0015125,O006009,P0106,1,162.84,0.1
L0015126,O006010,P0053,3,255.69,0.0
L0015127,O006010,P0052,3,187.42,0.0
L0015128,O006011,P0050,2,198.45,0.0
L0015129,O006011,P0094,1,209.36,0.0
L0015130,O006011,P0026,2,59.61,0.0
L0015131,O006011,P0076,1,99.18,0.0
L0015132,O006012,P0122,2,339.37,0.0
L0015133,O006012,P0066,1,270.16,0.1
L0015134,O006012,P0159,2,113.64,0.15
L0015135,O006012,P0075,3,84.94,0.0
L0015136,O006013,P0032,1,140.53,0.1
L0015137,O006013,P0101,2,349.83,0.0
L0015138,O006013,P0161,3,46.68,0.15
L0015139,O006013,P0106,1,144.74,0.2
L0015140,O006014,P0061,1,15.7,0.0
L0015141,O006014,P0035,1,127.08,0.0
L0015142,O006014,P0033,2,152.12,0.15
L0015143,O006014,P0129,1,127.39,0.0
L0015144,O006015,P0131,2,13.96,0.0
L0015145,O006015,P0022,3,138.55,0.05
L0015146,O006016,P0007,3,254.13,0.0
L0015147,O006016,P0117,3,219.68,0.1
L0015148,O006017,P0021,2,71.03,0.0
L0015149,O006017,P0152,3,187.58,0.0
L0015150,O006017,P0062,1,167.61,0.0
L0015151,O006017,P0164,2,289.97,0.0
L0015152,O006018,P0044,1,265.56,0.0
L0015153,O006018,P0018,2,175.15,0.0
L0015154,O006018,P0131,1,13.96,0.0
L0015155,O006019,P0110,2,254.79,0.0
L0015156,O006019,P0084,2,259.34,0.0
L0015157,O006019,P0143,2,239.62,0.0
L0015158,O006020,P0180,1,52.22,0.0
L0015159,O006021,P0137,3,45.79,0.1
L0015160,O006021,P0012,3,57.02,0.1
L0015161,O006021,P0049,2,267.57,0.0
L0015162,O006022,P0144,1,195.85,0.05
L0015163,O006023,P0170,2,229.37,0.1
L0015164,O006023,P0033,2,178.96,0.0
L0015165,O006023,P0077,2,270.47,0.1
L0015166,O006023,P0133,1,35.3,0.2
L0015167,O006024,P0006,3,122.4,0.0
L0015168,O006024,P0148,2,123.95,0.0
L0015169,O006025,P0158,1,70.07,0.05
L0015170,O006026,P0024,1,134.86,0.2
L0015171,O006026,P0150,3,321.49,0.0
L0015172,O006026,P0108,2,185.15,0.0
L0015173,O006026,P0171,2,70.45,0.2
L0015174,O006027,P0172,1,49.86,0.0
L0015175,O006028,P0092,1,308.09,0.0
L0015176,O006028,P0052,1,159.31,0.15
L0015177,O006028,P0098,1,76.03,0.05
L0015178,O006029,P0158,2,66.38,0.1
L0015179,O006029,P0112,2,34.86,0.0
L0015180,O006030,P0083,3,267.02,0.0
L0015181,O006030,P0125,2,96.0,0.0
L0015182,O006030,P0090,3,135.94,0.0
L0015183,O006031,P0073,3,250.21,0.05
L0015184,O006031,P0152,2,150.06,0.2
L0015185,O006031,P0021,2,71.03,0.0
L0015186,O006032,P0005,2,159.82,0.2
L0015187,O006032,P0121,3,221.67,0.0
L0015188,O006033,P0168,1,287.81,0.0
L0015189,O006033,P0098,2,80.03,0.0
L0015190,O006034,P0013,3,38.39,0.0
L0015191,O006034,P0037,2,130.78,0.0
L0015192,O006035,P0037,2,111.16,0.15
L0015193,O006036,P0006,1,110.16,0.1
L0015194,O006036,P0105,2,60.03,0.1
L0015195,O006036,P0159,2,120.32,0.1
L0015196,O006037,P0038,1,197.26,0.0
L0015197,O006037,P0061,1,15.7,0.0
L0015198,O006037,P0053,2,255.69,0.0
L0015199,O006038,P0046,1,341.88,0.0
L0015200,O006038,P0077,1,300.52,0.0
L0015201,O006038,P0100,2,83.1,0.0
L0015202,O006039,P0062,1,167.61,0.0
L0015203,O006039,P0087,3,97.26,0.0
L0015204,O006039,P0068,3,285.98,0.0
L0015205,O006040,P0071,1,109.0,0.0
L0015206,O006041,P0025,2,123.87,0.1
L0015207,O006041,P0156,2,298.56,0.0
L0015208,O006041,P0120,1,183.08,0.15
L0015209,O006041,P0113,1,117.56,0.15
L0015210,O006042,P0180,2,47.0,0.1
L0015211,O006042,P0133,2,44.12,0.0
L0015212,O006042,P0119,3,234.8,0.05
L0015213,O006042,P0140,3,154.35,0.0
L0015214,O006043,P0014,3,101.99,0.2
L0015215,O006043,P0097,3,151.7,0.1
L0015216,O006043,P0039,3,247.49,0.2
L0015217,O006044,P0061,3,14.91,0.05
L0015218,O006045,P0003,3,271.26,0.0
L0015219,O006046,P0054,2,218.49,0.05
L0015220,O006046,P0018,3,175.15,0.0
L0015221,O006047,P0161,1,49.43,0.1
L0015222,O006047,P0006,3,104.04,0.15
L0015223,O006047,P0092,3,308.09,0.0
L0015224,O006047,P0010,1,98.2,0.05
L0015225,O006048,P0054,1,229.99,0.0
L0015226,O006048,P0094,2,198.89,0.05
L0015227,O006048,P0046,2,324.79,0.05
L0015228,O006049,P0077,1,300.52,0.0
L0015229,O006049,P0141,2,287.24,0.1
L0015230,O006049,P0043,2,224.42,0.1
L0015231,O006050,P0167,3,146.04,0.1
L0015232,O006051,P0099,1,339.39,0.0
L0015233,O006052,P0169,3,82.86,0.2
L0015234,O006053,P0084,2,220.44,0.15
L0015235,O006053,P0002,3,264.47,0.0
L0015236,O006053,P0069,1,51.31,0.15
L0015237,O006053,P0030,3,159.52,0.1
L0015238,O006054,P0088,3,50.3,0.2
L0015239,O006054,P0138,3,91.75,0.0
L0015240,O006054,P0017,1,180.99,0.0
L0015241,O006054,P0073,2,263.38,0.0
L0015242,O006055,P0004,3,37.63,0.0
L0015243,O006055,P0107,3,281.85,0.1
L0015244,O006056,P0030,2,177.24,0.0
L0015245,O006056,P0059,3,99.76,0.2
L0015246,O006056,P0109,1,267.53,0.1
L0015247,O006057,P0075,2,67.95,0.2
L0015248,O006057,P0140,1,154.35,0.0
L0015249,O006057,P0030,2,177.24,0.0
L0015250,O006057,P0039,2,309.36,0.0
L0015251,O006058,P0104,1,25.33,0.0
L0015252,O006059,P0078,1,334.26,0.0
L0015253,O006060,P0131,2,13.96,0.0
L0015254,O006060,P0051,2,56.78,0.1
L0015255,O006061,P0026,1,59.61,0.0
L0015256,O006062,P0084,2,220.44,0.15
L0015257,O006062,P0018,3,175.15,0.0
L0015258,O006063,P0039,3,278.42,0.1
L0015259,O006063,P0112,1,31.37,0.1
L0015260,O006064,P0055,2,14.16,0.0
L0015261,O006064,P0144,1,195.85,0.05
L0015262,O006065,P0147,1,15.29,0.05
L0015263,O006065,P0175,2,60.92,0.0
L0015264,O006066,P0007,3,254.13,0.0
L0015265,O006066,P0021,2,63.93,0.1
L0015266,O006067,P0121,3,221.67,0.0
L0015267,O006067,P0001,2,256.68,0.0
L0015268,O006067,P0083,1,240.32,0.1
L0015269,O006068,P0129,3,127.39,0.0
L0015270,O006069,P0036,1,52.13,0.0
L0015271,O006069,P0122,3,288.46,0.15
L0015272,O006069,P0042,3,96.89,0.1
L0015273,O006069,P0136,3,43.86,0.05
L0015274,O006070,P0046,2,341.88,0.0
L0015275,O006071,P0097,2,143.27,0.15
L0015276,O006072,P0028,1,162.51,0.0
L0015277,O006073,P0111,2,272.98,0.1
L0015278,O006074,P0135,3,227.34,0.1
L0015279,O006074,P0179,3,142.6,0.0
L0015280,O006074,P0149,2,37.96,0.1
L0015281,O006074,P0043,1,224.42,0.1
L0015282,O006075,P0052,3,187.42,0.0
L0015283,O006075,P0071,1,109.0,0.0
L0015284,O006076,P0031,1,272.21,0.0
L0015285,O006076,P0030,1,168.38,0.05
L0015286,O006076,P0135,3,252.6,0.0
L0015287,O006076,P0065,3,140.88,0.0
L0015288,O006077,P0059,1,112.23,0.1
L0015289,O006077,P0096,1,238.7,0.1
L0015290,O006077,P0155,3,115.61,0.05
L0015291,O006078,P0136,1,39.24,0.15
L0015292,O006078,P0091,1,288.79,0.1
L0015293,O006078,P0042,1,91.51,0.15
L0015294,O006079,P0033,1,178.96,0.0
L0015295,O006079,P0060,1,275.74,0.0
L0015296,O006080,P0091,1,272.75,0.15
L0015297,O006080,P0103,3,101.73,0.0
L0015298,O006080,P0034,1,163.55,0.1
L0015299,O006080,P0105,3,53.36,0.2
L0015300,O006081,P0104,3,25.33,0.0
L0015301,O006081,P0038,3,197.26,0.0
L0015302,O006081,P0044,3,212.45,0.2
L0015303,O006082,P0083,3,240.32,0.1
L0015304,O006082,P0148,3,117.75,0.05
L0015305,O006083,P0060,3,275.74,0.0
L0015306,O006084,P0172,2,49.86,0.0
L0015307,O006084,P0109,2,297.26,0.0
L0015308,O006084,P0019,2,86.97,0.0
L0015309,O006084,P0104,3,21.53,0.15
L0015310,O006085,P0043,1,249.36,0.0
L0015311,O006085,P0175,2,57.87,0.05
L0015312,O006086,P0006,3,104.04,0.15
L0015313,O006086,P0010,2,103.37,0.0
L0015314,O006086,P0134,3,45.14,0.0
L0015315,O006087,P0040,2,236.27,0.05
L0015316,O006087,P0165,1,128.66,0.0
L0015317,O006087,P0027,2,291.25,0.05
L0015318,O006087,P0128,1,282.75,0.0
L0015319,O006088,P0029,2,214.86,0.05
L0015320,O006088,P0007,2,254.13,0.0
L0015321,O006089,P0091,3,272.75,0.15
L0015322,O006089,P0170,1,229.37,0.1
L0015323,O006089,P0070,1,241.83,0.0
L0015324,O006090,P0142,1,76.94,0.0
L0015325,O006091,P0074,1,182.57,0.0
L0015326,O006091,P0017,2,144.79,0.2
L0015327,O006091,P0070,3,241.83,0.0
L0015328,O006092,P0088,3,62.88,0.0
L0015329,O006092,P0034,2,181.72,0.0
L0015330,O006093,P0091,2,320.88,0.0
L0015331,O006093,P0180,3,52.22,0.0
L0015332,O006093,P0042,1,91.51,0.15
L0015333,O006093,P0009,3,280.24,0.0
L0015334,O006094,P0077,3,300.52,0.0
L0015335,O006094,P0151,2,233.95,0.0
L0015336,O006094,P0137,3,40.7,0.2
L0015337,O006095,P0143,3,239.62,0.0
L0015338,O006095,P0124,2,68.89,0.0
L0015339,O006095,P0036,1,52.13,0.0
L0015340,O006095,P0097,1,168.55,0.0
L0015341,O006096,P0021,2,63.93,0.1
L0015342,O006096,P0090,3,135.94,0.0
L0015343,O006097,P0146,1,251.56,0.1
L0015344,O006098,P0161,1,54.92,0.0
L0015345,O006099,P0152,3,187.58,0.0
L0015346,O006099,P0083,1,226.97,0.15
L0015347,O006099,P0008,2,346.93,0.0
L0015348,O006099,P0007,1,254.13,0.0
L0015349,O006100,P0091,2,320.88,0.0
L0015350,O006100,P0103,1,101.73,0.0
L0015351,O006101,P0109,3,297.26,0.0
L0015352,O006101,P0151,1,210.56,0.1
L0015353,O006102,P0114,2,307.4,0.0
L0015354,O006102,P0059,1,118.47,0.05
L0015355,O006102,P0045,2,308.07,0.0
L0015356,O006103,P0015,3,55.46,0.1
L0015357,O006104,P0131,2,12.56,0.1
L0015358,O006104,P0067,3,150.66,0.15
L0015359,O006104,P0006,3,122.4,0.0
L0015360,O006104,P0156,2,298.56,0.0
L0015361,O006105,P0001,2,231.01,0.1
L0015362,O006105,P0132,1,62.67,0.0
L0015363,O006106,P0123,1,288.69,0.0
L0015364,O006106,P0168,3,230.25,0.2
L0015365,O006106,P0090,2,135.94,0.0
L0015366,O006106,P0137,3,50.88,0.0
L0015367,O006107,P0071,1,109.0,0.0
L0015368,O006107,P0083,2,240.32,0.1
L0015369,O006107,P0041,3,77.93,0.0
L0015370,O006108,P0095,1,276.95,0.0
L0015371,O006108,P0040,1,248.71,0.0
L0015372,O006108,P0073,2,263.38,0.0
L0015373,O006108,P0136,2,43.86,0.05
L0015374,O006109,P0055,2,13.45,0.05
L0015375,O006110,P0035,3,108.02,0.15
L0015376,O006111,P0072,3,101.55,0.0
L0015377,O006111,P0171,2,79.25,0.1
L0015378,O006111,P0101,2,349.83,0.0
L0015379,O006112,P0167,2,146.04,0.1
L0015380,O006113,P0137,1,48.34,0.05
L0015381,O006113,P0128,3,282.75,0.0
L0015382,O006113,P0029,3,226.17,0.0
L0015383,O006113,P0121,1,221.67,0.0
L0015384,O006114,P0026,1,59.61,0.0
L0015385,O006114,P0031,2,244.99,0.1
L0015386,O006115,P0036,3,52.13,0.0
L0015387,O006115,P0066,1,300.18,0.0
L0015388,O006116,P0148,3,117.75,0.05
L0015389,O006117,P0145,2,97.92,0.0
L0015390,O006117,P0144,3,206.16,0.0
L0015391,O006117,P0066,1,300.18,0.0
L0015392,O006118,P0027,1,275.92,0.1
L0015393,O006118,P0014,2,127.49,0.0
L0015394,O006118,P0102,1,174.25,0.05
L0015395,O006119,P0154,1,277.51,0.0
L0015396,O006120,P0081,3,21.19,0.1
L0015397,O006121,P0158,2,73.76,0.0
L0015398,O006121,P0040,2,248.71,0.0
L0015399,O006121,P0075,2,72.2,0.15
L0015400,O006121,P0137,3,50.88,0.0
L0015401,O006122,P0005,1,199.77,0.0
L0015402,O006122,P0099,1,305.45,0.1
L0015403,O006122,P0069,3,57.35,0.05
L0015404,O006122,P0093,1,21.93,0.0
L0015405,O006123,P0040,1,248.71,0.0
L0015406,O006123,P0089,2,10.36,0.15
L0015407,O006123,P0084,3,246.37,0.05
L0015408,O006124,P0008,3,294.89,0.15
L0015409,O006124,P0084,1,233.41,0.1
L0015410,O006125,P0094,3,177.96,0.15
L0015411,O006125,P0065,3,140.88,0.0
L0015412,O006126,P0138,2,91.75,0.0
L0015413,O006126,P0064,1,321.5,0.0
L0015414,O006127,P0057,2,61.86,0.0
L0015415,O006127,P0032,1,156.15,0.0
L0015416,O006128,P0079,1,123.52,0.15
L0015417,O006128,P0099,2,322.42,0.05
L0015418,O006128,P0143,1,239.62,0.0
L0015419,O006128,P0153,2,136.91,0.0
L0015420,O006129,P0120,2,215.39,0.0
L0015421,O006129,P0162,1,16.26,0.2
L0015422,O006129,P0053,2,255.69,0.0
L0015423,O006130,P0095,3,249.25,0.1
L0015424,O006130,P0120,2,204.62,0.05
L0015425,O006130,P0065,2,112.7,0.2
L0015426,O006130,P0124,3,68.89,0.0
L0015427,O006131,P0057,3,61.86,0.0
L0015428,O006131,P0089,1,11.58,0.05
L0015429,O006131,P0133,1,37.5,0.15
L0015430,O006132,P0105,3,63.37,0.05
L0015431,O006132,P0033,1,178.96,0.0
L0015432,O006132,P0017,1,180.99,0.0
L0015433,O006133,P0086,3,14.28,0.05
L0015434,O006133,P0166,2,198.82,0.0
L0015435,O006133,P0061,3,15.7,0.0
L0015436,O006133,P0009,3,266.23,0.05
L0015437,O006134,P0091,2,320.88,0.0
L0015438,O006134,P0027,2,306.58,0.0
L0015439,O006134,P0082,2,92.41,0.0
L0015440,O006134,P0154,1,222.01,0.2
L0015441,O006135,P0061,2,15.7,0.0
L0015442,O006135,P0158,2,66.38,0.1
L0015443,O006135,P0021,1,71.03,0.0
L0015444,O006135,P0097,3,143.27,0.15
L0015445,O006136,P0048,3,53.61,0.0
L0015446,O006137,P0178,3,177.46,0.2
L0015447,O006137,P0036,2,41.7,0.2
L0015448,O006137,P0126,2,257.92,0.15
L0015449,O006137,P0064,2,321.5,0.0
L0015450,O006138,P0068,2,257.38,0.1
L0015451,O006138,P0087,1,87.53,0.1
L0015452,O006139,P0088,2,56.59,0.1
L0015453,O006139,P0116,3,281.31,0.15
L0015454,O006139,P0102,3,183.42,0.0
L0015455,O006140,P0164,2,289.97,0.0
L0015456,O006140,P0026,3,59.61,0.0
L0015457,O006140,P0120,3,183.08,0.15
L0015458,O006140,P0157,2,252.75,0.0
L0015459,O006141,P0002,1,264.47,0.0
L0015460,O006141,P0089,3,11.58,0.05
L0015461,O006141,P0013,2,34.55,0.1
L0015462,O006141,P0136,3,46.17,0.0
L0015463,O006142,P0040,1,248.71,0.0
L0015464,O006142,P0139,3,284.51,0.0
L0015465,O006142,P0103,2,101.73,0.0
L0015466,O006142,P0176,2,223.57,0.0
L0015467,O006143,P0125,3,96.0,0.0
L0015468,O006144,P0134,2,36.11,0.2
L0015469,O006145,P0065,3,140.88,0.0
L0015470,O006145,P0113,1,138.3,0.0
L0015471,O006146,P0070,3,217.65,0.1
L0015472,O006147,P0049,1,267.57,0.0
L0015473,O006147,P0002,1,211.58,0.2
L0015474,O006147,P0174,1,215.24,0.0
L0015475,O006147,P0001,2,205.34,0.2
L0015476,O006148,P0001,1,256.68,0.0
L0015477,O006148,P0031,2,244.99,0.1
L0015478,O006148,P0133,2,44.12,0.0
L0015479,O006149,P0072,2,96.47,0.05
L0015480,O006150,P0128,3,240.34,0.15
L0015481,O006150,P0121,2,221.67,0.0
L0015482,O006150,P0027,1,275.92,0.1
L0015483,O006150,P0149,3,42.18,0.0
L0015484,O006151,P0106,3,180.93,0.0
L0015485,O006151,P0014,2,127.49,0.0
L0015486,O006151,P0145,3,78.34,0.2
L0015487,O006152,P0115,1,162.76,0.0
L0015488,O006153,P0102,3,165.08,0.1
L0015489,O006153,P0140,1,131.2,0.15
L0015490,O006153,P0090,1,135.94,0.0
L0015491,O006153,P0012,3,63.35,0.0
L0015492,O006154,P0161,1,46.68,0.15
L0015493,O006155,P0129,1,114.65,0.1
L0015494,O006155,P0128,2,282.75,0.0
L0015495,O006155,P0035,3,114.37,0.1
L0015496,O006155,P0154,2,263.63,0.05
L0015497,O006156,P0162,2,18.3,0.1
L0015498,O006157,P0078,2,300.83,0.1
L0015499,O006158,P0013,3,36.47,0.05
L0015500,O006159,P0171,2,88.06,0.0
L0015501,O006159,P0154,3,277.51,0.0
L0015502,O006159,P0163,3,222.2,0.05
L0015503,O006159,P0004,2,33.87,0.1
L0015504,O006160,P0149,1,33.74,0.2
L0015505,O006160,P0005,1,179.79,0.1
L0015506,O006160,P0180,1,52.22,0.0
L0015507,O006161,P0123,3,274.26,0.05
L0015508,O006161,P0073,1,263.38,0.0
L0015509,O006161,P0176,2,223.57,0.0
L0015510,O006161,P0026,2,59.61,0.0
L0015511,O006162,P0044,2,265.56,0.0
L0015512,O006162,P0027,2,291.25,0.05
L0015513,O006163,P0045,3,308.07,0.0
L0015514,O006163,P0082,3,92.41,0.0
L0015515,O006164,P0007,1,254.13,0.0
L0015516,O006164,P0014,1,127.49,0.0
L0015517,O006164,P0015,2,52.38,0.15
L0015518,O006164,P0078,3,300.83,0.1
L0015519,O006165,P0165,3,122.23,0.05
L0015520,O006165,P0113,3,117.56,0.15
L0015521,O006166,P0176,3,212.39,0.05
L0015522,O006166,P0100,1,78.94,0.05
L0015523,O006167,P0147,1,16.1,0.0
L0015524,O006168,P0073,3,263.38,0.0
L0015525,O006169,P0125,1,96.0,0.0
L0015526,O006169,P0070,3,229.74,0.05
L0015527,O006170,P0095,2,235.41,0.15
L0015528,O006170,P0076,1,89.26,0.1
L0015529,O006171,P0114,2,307.4,0.0
L0015530,O006171,P0039,3,293.89,0.05
L0015531,O006171,P0175,2,51.78,0.15
L0015532,O006172,P0170,3,254.85,0.0
L0015533,O006172,P0093,2,20.83,0.05
L0015534,O006173,P0048,1,45.57,0.15
L0015535,O006173,P0161,2,43.94,0.2
L0015536,O006173,P0060,3,275.74,0.0
L0015537,O006174,P0081,1,21.19,0.1
L0015538,O006174,P0009,3,252.22,0.1
L0015539,O006174,P0036,2,52.13,0.0
L0015540,O006174,P0145,3,97.92,0.0
L0015541,O006175,P0062,2,167.61,0.0
L0015542,O006175,P0033,3,161.06,0.1
L0015543,O006175,P0038,1,177.53,0.1
L0015544,O006176,P0029,1,226.17,0.0
L0015545,O006176,P0131,1,13.96,0.0
L0015546,O006177,P0071,1,98.1,0.1
L0015547,O006177,P0040,2,248.71,0.0
L0015548,O006177,P0042,1,102.28,0.05
L0015549,O006177,P0013,1,34.55,0.1
L0015550,O006178,P0038,1,197.26,0.0
L0015551,O006178,P0153,2,136.91,0.0
L0015552,O006178,P0152,1,187.58,0.0
L0015553,O006178,P0109,3,252.67,0.15
L0015554,O006179,P0171,3,88.06,0.0
L0015555,O006179,P0124,3,68.89,0.0
L0015556,O006179,P0005,3,199.77,0.0
L0015557,O006179,P0150,2,289.34,0.1
L0015558,O006180,P0146,2,279.51,0.0
L0015559,O006180,P0172,2,49.86,0.0
L0015560,O006180,P0161,3,54.92,0.0
L0015561,O006181,P0072,1,101.55,0.0
L0015562,O006181,P0048,3,53.61,0.0
L0015563,O006182,P0074,2,173.44,0.05
L0015564,O006183,P0038,3,197.26,0.0
L0015565,O006183,P0162,3,17.28,0.15
L0015566,O006183,P0157,2,214.84,0.15
L0015567,O006184,P0053,3,255.69,0.0
L0015568,O006184,P0012,3,63.35,0.0
L0015569,O006185,P0106,2,180.93,0.0
L0015570,O006185,P0009,3,252.22,0.1
L0015571,O006185,P0164,2,275.47,0.05
L0015572,O006185,P0034,3,181.72,0.0
L0015573,O006186,P0173,2,168.15,0.05
L0015574,O006186,P0007,3,254.13,0.0
L0015575,O006186,P0129,2,127.39,0.0
L0015576,O006187,P0022,1,123.96,0.15
L0015577,O006187,P0180,3,41.78,0.2
L0015578,O006187,P0054,1,229.99,0.0
L0015579,O006187,P0107,2,250.54,0.2
L0015580,O006188,P0110,2,254.79,0.0
L0015581,O006189,P0019,1,78.27,0.1
L0015582,O006189,P0141,3,287.24,0.1
L0015583,O006189,P0138,2,91.75,0.0
L0015584,O006189,P0061,3,15.7,0.0
L0015585,O006190,P0031,2,231.38,0.15
L0015586,O006191,P0151,3,222.25,0.05
L0015587,O006192,P0080,2,202.41,0.0
L0015588,O006192,P0170,1,229.37,0.1
L0015589,O006193,P0171,1,88.06,0.0
L0015590,O006193,P0156,3,268.7,0.1
L0015591,O006194,P0167,2,146.04,0.1
L0015592,O006194,P0164,3,289.97,0.0
L0015593,O006194,P0026,2,50.67,0.15
L0015594,O006195,P0119,1,210.09,0.15
L0015595,O006195,P0178,2,221.82,0.0
L0015596,O006195,P0048,3,53.61,0.0
L0015597,O006196,P0096,2,265.22,0.0
L0015598,O006196,P0127,2,94.92,0.0
L0015599,O006197,P0059,1,124.7,0.0
L0015600,O006197,P0112,1,34.86,0.0
L0015601,O006197,P0015,3,61.62,0.0
L0015602,O006198,P0005,1,199.77,0.0
L0015603,O006198,P0120,2,172.31,0.2
L0015604,O006198,P0066,3,300.18,0.0
L0015605,O006199,P0046,2,341.88,0.0
L0015606,O006200,P0105,1,66.7,0.0
L0015607,O006200,P0088,1,62.88,0.0
L0015608,O006200,P0090,1,135.94,0.0
L0015609,O006200,P0171,3,83.66,0.05
L0015610,O006201,P0060,2,275.74,0.0
L0015611,O006201,P0081,1,21.19,0.1
L0015612,O006201,P0169,3,103.57,0.0
L0015613,O006202,P0158,3,70.07,0.05
L0015614,O006202,P0020,3,45.59,0.0
L0015615,O006202,P0093,3,21.93,0.0
L0015616,O006202,P0113,1,131.38,0.05
L0015617,O006203,P0020,2,45.59,0.0
L0015618,O006204,P0134,3,40.63,0.1
L0015619,O006205,P0092,2,277.28,0.1
L0015620,O006205,P0007,2,254.13,0.0
L0015621,O006205,P0015,2,61.62,0.0
L0015622,O006206,P0171,3,88.06,0.0
L0015623,O006206,P0016,2,48.18,0.2
L0015624,O006206,P0009,3,238.2,0.15
L0015625,O006207,P0117,2,219.68,0.1
L0015626,O006208,P0106,3,180.93,0.0
L0015627,O006208,P0131,3,13.26,0.05
L0015628,O006208,P0161,3,49.43,0.1
L0015629,O006208,P0103,2,101.73,0.0
L0015630,O006209,P0054,3,229.99,0.0
L0015631,O006209,P0114,3,261.29,0.15
L0015632,O006209,P0028,3,138.13,0.15
L0015633,O006209,P0100,2,83.1,0.0
L0015634,O006210,P0180,2,52.22,0.0
L0015635,O006210,P0145,1,97.92,0.0
L0015636,O006210,P0098,2,72.03,0.1
L0015637,O006210,P0164,2,289.97,0.0
L0015638,O006211,P0123,2,259.82,0.1
L0015639,O006211,P0152,1,168.82,0.1
L0015640,O006211,P0177,3,295.0,0.0
L0015641,O006211,P0068,2,285.98,0.0
L0015642,O006212,P0030,3,177.24,0.0
L0015643,O006213,P0084,2,233.41,0.1
L0015644,O006214,P0168,2,287.81,0.0
L0015645,O006214,P0158,2,66.38,0.1
L0015646,O006214,P0037,2,130.78,0.0
L0015647,O006215,P0018,3,140.12,0.2
L0015648,O006215,P0137,3,50.88,0.0
L0015649,O006215,P0090,2,135.94,0.0
L0015650,O006216,P0047,1,54.73,0.0
L0015651,O006216,P0022,1,145.84,0.0
L0015652,O006216,P0056,3,331.8,0.0
L0015653,O006216,P0139,2,241.83,0.15
L0015654,O006217,P0114,1,307.4,0.0
L0015655,O006217,P0082,3,87.79,0.05
L0015656,O006217,P0050,2,198.45,0.0
L0015657,O006217,P0138,1,87.16,0.05
L0015658,O006218,P0154,1,277.51,0.0
L0015659,O006218,P0153,2,136.91,0.0
L0015660,O006218,P0137,3,50.88,0.0
L0015661,O006218,P0078,3,334.26,0.0
L0015662,O006219,P0042,1,91.51,0.15
L0015663,O006219,P0051,2,63.09,0.0
L0015664,O006219,P0177,2,295.0,0.0
L0015665,O006219,P0080,3,202.41,0.0
L0015666,O006220,P0085,2,311.87,0.0
L0015667,O006220,P0175,2,60.92,0.0
L0015668,O006220,P0025,2,123.87,0.1
L0015669,O006221,P0031,1,217.77,0.2
L0015670,O006221,P0033,3,143.17,0.2
L0015671,O006221,P0039,1,293.89,0.05
L0015672,O006221,P0075,3,72.2,0.15
L0015673,O006222,P0105,1,66.7,0.0
L0015674,O006222,P0055,1,13.45,0.05
L0015675,O006223,P0004,2,31.99,0.15
L0015676,O006223,P0080,3,192.29,0.05
L0015677,O006223,P0084,2,246.37,0.05
L0015678,O006223,P0137,1,40.7,0.2
L0015679,O006224,P0008,1,346.93,0.0
L0015680,O006224,P0035,3,120.73,0.05
L0015681,O006225,P0067,1,177.25,0.0
L0015682,O006225,P0077,1,300.52,0.0
L0015683,O006225,P0058,2,246.63,0.2
L0015684,O006225,P0049,3,240.81,0.1
L0015685,O006226,P0154,1,277.51,0.0
L0015686,O006226,P0101,2,279.86,0.2
L0015687,O006227,P0002,1,238.02,0.1
L0015688,O006227,P0088,1,62.88,0.0
L0015689,O006227,P0096,1,265.22,0.0
L0015690,O006228,P0148,2,123.95,0.0
L0015691,O006228,P0121,3,199.5,0.1
L0015692,O006229,P0156,3,283.63,0.05
L0015693,O006229,P0107,1,250.54,0.2
L0015694,O006230,P0144,2,175.24,0.15
L0015695,O006231,P0021,3,71.03,0.0
L0015696,O006231,P0089,3,12.19,0.0
L0015697,O006231,P0034,3,154.46,0.15
L0015698,O006231,P0081,3,22.36,0.05
L0015699,O006232,P0109,3,282.4,0.05
L0015700,O006233,P0051,3,56.78,0.1
L0015701,O006233,P0021,2,63.93,0.1
L0015702,O006234,P0105,1,66.7,0.0
L0015703,O006235,P0169,2,103.57,0.0
L0015704,O006235,P0119,1,234.8,0.05
L0015705,O006236,P0110,3,242.05,0.05
L0015706,O006236,P0134,2,45.14,0.0
L0015707,O006236,P0153,2,123.22,0.1
L0015708,O006236,P0140,1,154.35,0.0
L0015709,O006237,P0158,3,70.07,0.05
L0015710,O006237,P0031,2,272.21,0.0
L0015711,O006237,P0152,1,168.82,0.1
L0015712,O006237,P0022,1,145.84,0.0
L0015713,O006238,P0145,1,97.92,0.0
L0015714,O006238,P0154,1,249.76,0.1
L0015715,O006239,P0125,1,81.6,0.15
L0015716,O006239,P0017,2,162.89,0.1
L0015717,O006239,P0001,3,231.01,0.1
L0015718,O006240,P0034,2,181.72,0.0
L0015719,O006241,P0087,3,77.81,0.2
L0015720,O006242,P0051,3,63.09,0.0
L0015721,O006243,P0074,3,182.57,0.0
L0015722,O006243,P0014,2,108.37,0.15
L0015723,O006243,P0054,3,229.99,0.0
L0015724,O006243,P0084,3,259.34,0.0
L0015725,O006244,P0132,3,62.67,0.0
L0015726,O006244,P0173,2,141.6,0.2
L0015727,O006245,P0118,3,207.93,0.05
L0015728,O006245,P0049,3,240.81,0.1
L0015729,O006245,P0036,1,52.13,0.0
L0015730,O006245,P0115,3,154.62,0.05
L0015731,O006246,P0067,2,177.25,0.0
L0015732,O006246,P0142,2,76.94,0.0
L0015733,O006246,P0170,3,216.62,0.15
L0015734,O006247,P0149,3,42.18,0.0
L0015735,O006247,P0089,1,12.19,0.0
L0015736,O006248,P0166,3,198.82,0.0
L0015737,O006248,P0062,1,167.61,0.0
L0015738,O006249,P0139,3,270.28,0.05
L0015739,O006249,P0023,3,157.4,0.0
L0015740,O006250,P0130,3,33.93,0.15
L0015741,O006250,P0114,2,276.66,0.1
L0015742,O006250,P0145,1,93.02,0.05
L0015743,O006250,P0047,1,49.26,0.1
L0015744,O006251,P0099,1,288.48,0.15
L0015745,O006252,P0153,2,136.91,0.0
L0015746,O006252,P0133,2,44.12,0.0
L0015747,O006253,P0133,2,44.12,0.0
L0015748,O006254,P0031,1,258.6,0.05
L0015749,O006254,P0114,2,261.29,0.15
L0015750,O006255,P0050,2,198.45,0.0
L0015751,O006255,P0029,1,192.24,0.15
L0015752,O006255,P0051,3,59.94,0.05
L0015753,O006256,P0049,3,267.57,0.0
L0015754,O006256,P0018,3,175.15,0.0
L0015755,O006256,P0105,3,56.7,0.15
L0015756,O006257,P0073,2,263.38,0.0
L0015757,O006257,P0153,1,136.91,0.0
L0015758,O006257,P0013,1,38.39,0.0
L0015759,O006257,P0170,1,229.37,0.1
L0015760,O006258,P0160,1,156.8,0.0
L0015761,O006258,P0002,2,251.25,0.05
L0015762,O006258,P0030,2,177.24,0.0
L0015763,O006259,P0107,1,313.17,0.0
L0015764,O006259,P0111,3,303.31,0.0
L0015765,O006259,P0152,3,178.2,0.05
L0015766,O006259,P0102,1,165.08,0.1
L0015767,O006260,P0037,2,117.7,0.1
L0015768,O006261,P0119,2,247.16,0.0
L0015769,O006261,P0167,3,162.27,0.0
L0015770,O006261,P0005,3,199.77,0.0
L0015771,O006261,P0171,1,88.06,0.0
L0015772,O006262,P0057,3,55.67,0.1
L0015773,O006262,P0165,1,128.66,0.0
L0015774,O006263,P0037,1,111.16,0.15
L0015775,O006264,P0143,2,239.62,0.0
L0015776,O006264,P0106,3,180.93,0.0
L0015777,O006264,P0059,2,124.7,0.0
L0015778,O006264,P0090,3,135.94,0.0
L0015779,O006265,P0119,3,210.09,0.15
L0015780,O006265,P0010,2,98.2,0.05
L0015781,O006265,P0038,2,197.26,0.0
L0015782,O006266,P0052,3,187.42,0.0
L0015783,O006266,P0083,3,267.02,0.0
L0015784,O006266,P0164,1,289.97,0.0
L0015785,O006267,P0175,2,48.74,0.2
L0015786,O006268,P0136,3,36.94,0.2
L0015787,O006268,P0009,2,252.22,0.1
L0015788,O006268,P0035,1,120.73,0.05
L0015789,O006269,P0049,3,254.19,0.05
L0015790,O006269,P0106,1,144.74,0.2
L0015791,O006269,P0174,1,204.48,0.05
L0015792,O006269,P0172,3,49.86,0.0
L0015793,O006270,P0158,3,66.38,0.1
L0015794,O006270,P0142,1,73.09,0.05
L0015795,O006270,P0171,3,79.25,0.1
L0015796,O006270,P0105,2,63.37,0.05
L0015797,O006271,P0002,1,238.02,0.1
L0015798,O006271,P0020,1,43.31,0.05
L0015799,O006271,P0003,3,271.26,0.0
L0015800,O006271,P0070,1,241.83,0.0
L0015801,O006272,P0046,2,324.79,0.05
L0015802,O006272,P0032,3,156.15,0.0
L0015803,O006272,P0161,1,49.43,0.1
L0015804,O006272,P0075,3,67.95,0.2
L0015805,O006273,P0043,1,249.36,0.0
L0015806,O006274,P0104,2,25.33,0.0
L0015807,O006274,P0007,1,216.01,0.15
L0015808,O006275,P0151,2,233.95,0.0
L0015809,O006275,P0054,1,229.99,0.0
L0015810,O006275,P0037,3,130.78,0.0
L0015811,O006276,P0101,3,349.83,0.0
L0015812,O006277,P0132,1,62.67,0.0
L0015813,O006277,P0048,1,53.61,0.0
L0015814,O006277,P0049,1,214.06,0.2
L0015815,O006278,P0081,2,20.01,0.15
L0015816,O006278,P0136,1,46.17,0.0
L0015817,O006278,P0066,2,270.16,0.1
L0015818,O006279,P0158,3,73.76,0.0
L0015819,O006279,P0153,2,109.53,0.2
L0015820,O006279,P0152,3,187.58,0.0
L0015821,O006279,P0023,1,141.66,0.1
L0015822,O006280,P0012,2,57.02,0.1
L0015823,O006280,P0161,1,52.17,0.05
L0015824,O006280,P0071,2,87.2,0.2
L0015825,O006281,P0094,2,209.36,0.0
L0015826,O006282,P0124,1,65.45,0.05
L0015827,O006283,P0032,1,132.73,0.15
L0015828,O006284,P0161,1,54.92,0.0
L0015829,O006284,P0060,1,220.59,0.2
L0015830,O006285,P0066,2,300.18,0.0
L0015831,O006286,P0013,1,38.39,0.0
L0015832,O006286,P0078,3,317.55,0.05
L0015833,O006287,P0010,2,87.86,0.15
L0015834,O006287,P0096,3,265.22,0.0
L0015835,O006288,P0170,2,242.11,0.05
L0015836,O006288,P0091,2,304.84,0.05
L0015837,O006288,P0160,2,156.8,0.0
L0015838,O006288,P0009,1,224.19,0.2
L0015839,O006289,P0170,3,216.62,0.15
L0015840,O006289,P0168,3,287.81,0.0
L0015841,O006290,P0125,3,86.4,0.1
L0015842,O006290,P0055,1,14.16,0.0
L0015843,O006290,P0179,1,128.34,0.1
L0015844,O006290,P0123,1,288.69,0.0
L0015845,O006291,P0060,1,275.74,0.0
L0015846,O006291,P0123,3,288.69,0.0
L0015847,O006292,P0108,3,185.15,0.0
L0015848,O006292,P0174,1,215.24,0.0
L0015849,O006293,P0077,2,300.52,0.0
L0015850,O006294,P0117,2,219.68,0.1
L0015851,O006294,P0023,2,157.4,0.0
L0015852,O006294,P0034,3,181.72,0.0
L0015853,O006295,P0170,3,242.11,0.05
L0015854,O006295,P0097,1,168.55,0.0
L0015855,O006295,P0001,2,256.68,0.0
L0015856,O006295,P0155,2,103.44,0.15
L0015857,O006296,P0057,2,55.67,0.1
L0015858,O006296,P0003,2,257.7,0.05
L0015859,O006297,P0004,2,37.63,0.0
L0015860,O006298,P0105,2,66.7,0.0
L0015861,O006298,P0127,2,94.92,0.0
L0015862,O006299,P0146,1,223.61,0.2
L0015863,O006299,P0129,1,127.39,0.0
L0015864,O006299,P0018,3,175.15,0.0
L0015865,O006299,P0150,3,321.49,0.0
L0015866,O006300,P0055,1,14.16,0.0
L0015867,O006300,P0135,3,252.6,0.0
L0015868,O006300,P0127,1,94.92,0.0
L0015869,O006301,P0065,2,140.88,0.0
L0015870,O006301,P0151,1,233.95,0.0
L0015871,O006302,P0106,2,162.84,0.1
L0015872,O006302,P0118,1,218.87,0.0
L0015873,O006302,P0125,1,91.2,0.05
L0015874,O006302,P0156,1,298.56,0.0
L0015875,O006303,P0044,2,239.0,0.1
L0015876,O006303,P0097,3,168.55,0.0
L0015877,O006304,P0110,1,254.79,0.0
L0015878,O006304,P0178,2,221.82,0.0
L0015879,O006304,P0050,2,198.45,0.0
L0015880,O006305,P0127,1,75.94,0.2
L0015881,O006305,P0081,1,18.83,0.2
L0015882,O006305,P0109,2,297.26,0.0
L0015883,O006305,P0151,2,222.25,0.05
L0015884,O006306,P0100,3,74.79,0.1
L0015885,O006306,P0149,2,37.96,0.1
L0015886,O006307,P0062,1,134.09,0.2
L0015887,O006307,P0082,2,92.41,0.0
L0015888,O006308,P0147,3,16.1,0.0
L0015889,O006308,P0139,3,270.28,0.05
L0015890,O006308,P0118,2,196.98,0.1
L0015891,O006308,P0021,2,71.03,0.0
L0015892,O006309,P0044,1,265.56,0.0
L0015893,O006310,P0005,2,189.78,0.05
L0015894,O006310,P0017,2,180.99,0.0
L0015895,O006311,P0179,3,142.6,0.0
L0015896,O006311,P0097,2,143.27,0.15
L0015897,O006311,P0051,3,63.09,0.0
L0015898,O006312,P0141,1,319.15,0.0
L0015899,O006312,P0116,3,314.4,0.05
L0015900,O006313,P0164,2,289.97,0.0
L0015901,O006313,P0068,2,285.98,0.0
L0015902,O006313,P0150,2,321.49,0.0
L0015903,O006313,P0045,3,277.26,0.1
L0015904,O006314,P0159,3,113.64,0.15
L0015905,O006314,P0034,1,172.63,0.05
L0015906,O006314,P0123,1,274.26,0.05
L0015907,O006314,P0105,1,63.37,0.05
L0015908,O006315,P0004,1,35.75,0.05
L0015909,O006316,P0064,1,321.5,0.0
L0015910,O006316,P0159,1,120.32,0.1
L0015911,O006317,P0107,1,313.17,0.0
L0015912,O006317,P0005,2,199.77,0.0
L0015913,O006317,P0158,3,73.76,0.0
L0015914,O006318,P0076,2,79.34,0.2
L0015915,O006318,P0021,2,71.03,0.0
L0015916,O006318,P0004,2,37.63,0.0
L0015917,O006318,P0079,2,138.05,0.05
L0015918,O006319,P0028,3,138.13,0.15
L0015919,O006319,P0164,2,289.97,0.0
L0015920,O006319,P0147,1,14.49,0.1
L0015921,O006319,P0178,3,221.82,0.0
L0015922,O006320,P0110,3,203.83,0.2
L0015923,O006320,P0010,1,103.37,0.0
L0015924,O006321,P0172,2,49.86,0.0
L0015925,O006321,P0003,1,271.26,0.0
L0015926,O006321,P0014,2,114.74,0.1
L0015927,O006322,P0007,3,228.72,0.1
L0015928,O006323,P0052,2,187.42,0.0
L0015929,O006323,P0151,2,198.86,0.15
L0015930,O006324,P0010,1,87.86,0.15
L0015931,O006324,P0164,3,289.97,0.0
L0015932,O006324,P0099,2,339.39,0.0
L0015933,O006324,P0120,3,215.39,0.0
L0015934,O006325,P0115,3,138.35,0.15
L0015935,O006326,P0118,2,186.04,0.15
L0015936,O006326,P0155,3,121.7,0.0
L0015937,O006327,P0022,1,116.67,0.2
L0015938,O006327,P0019,3,86.97,0.0
L0015939,O006327,P0144,2,175.24,0.15
L0015940,O006328,P0023,3,141.66,0.1
L0015941,O006328,P0037,1,117.7,0.1
L0015942,O006328,P0071,3,98.1,0.1
L0015943,O006328,P0082,1,92.41,0.0
L0015944,O006329,P0173,2,177.0,0.0
L0015945,O006329,P0102,2,183.42,0.0
L0015946,O006330,P0038,3,197.26,0.0
L0015947,O006330,P0135,3,252.6,0.0
L0015948,O006330,P0173,2,141.6,0.2
L0015949,O006330,P0131,3,13.96,0.0
L0015950,O006331,P0129,1,108.28,0.15
L0015951,O006332,P0061,3,15.7,0.0
L0015952,O006333,P0134,3,45.14,0.0
L0015953,O006334,P0084,1,220.44,0.15
L0015954,O006335,P0084,2,259.34,0.0
L0015955,O006335,P0162,2,18.3,0.1
L0015956,O006336,P0001,2,231.01,0.1
L0015957,O006336,P0145,1,83.23,0.15
L0015958,O006337,P0134,3,45.14,0.0
L0015959,O006337,P0174,1,193.72,0.1
L0015960,O006338,P0025,3,137.63,0.0
L0015961,O006338,P0161,3,54.92,0.0
L0015962,O006339,P0066,3,270.16,0.1
L0015963,O006339,P0163,3,233.9,0.0
L0015964,O006339,P0144,3,185.54,0.1
L0015965,O006339,P0065,1,140.88,0.0
L0015966,O006340,P0152,3,187.58,0.0
L0015967,O006340,P0124,2,65.45,0.05
L0015968,O006340,P0056,3,331.8,0.0
L0015969,O006341,P0142,2,73.09,0.05
L0015970,O006342,P0142,1,76.94,0.0
L0015971,O006342,P0060,2,275.74,0.0
L0015972,O006342,P0052,2,187.42,0.0
L0015973,O006343,P0080,1,182.17,0.1
L0015974,O006343,P0052,3,168.68,0.1
L0015975,O006343,P0170,1,229.37,0.1
L0015976,O006344,P0016,2,60.22,0.0
L0015977,O006344,P0026,1,59.61,0.0
L0015978,O006344,P0050,2,198.45,0.0
L0015979,O006344,P0031,3,272.21,0.0
L0015980,O006345,P0136,3,39.24,0.15
L0015981,O006345,P0100,2,70.63,0.15
L0015982,O006345,P0039,3,309.36,0.0
L0015983,O006346,P0112,3,31.37,0.1
L0015984,O006346,P0175,1,60.92,0.0
L0015985,O006347,P0091,2,304.84,0.05
L0015986,O006347,P0061,1,14.13,0.1
L0015987,O006348,P0116,3,264.76,0.2
L0015988,O006349,P0178,3,210.73,0.05
L0015989,O006349,P0112,3,34.86,0.0
L0015990,O006349,P0147,2,16.1,0.0
L0015991,O006349,P0138,1,91.75,0.0
L0015992,O006350,P0075,1,84.94,0.0
L0015993,O006350,P0073,1,210.7,0.2
L0015994,O006350,P0137,2,50.88,0.0
L0015995,O006351,P0044,2,252.28,0.05
L0015996,O006352,P0002,3,264.47,0.0
L0015997,O006352,P0050,2,198.45,0.0
L0015998,O006353,P0172,3,39.89,0.2
L0015999,O006353,P0129,3,127.39,0.0
L0016000,O006353,P0067,3,168.39,0.05
L0016001,O006353,P0170,2,229.37,0.1
L0016002,O006354,P0094,1,198.89,0.05
L0016003,O006354,P0085,3,249.5,0.2
L0016004,O006354,P0087,3,82.67,0.15
L0016005,O006355,P0174,1,172.19,0.2
L0016006,O006355,P0085,2,311.87,0.0
L0016007,O006355,P0002,2,264.47,0.0
L0016008,O006356,P0029,2,192.24,0.15
L0016009,O006356,P0019,2,73.92,0.15
L0016010,O006356,P0079,2,145.32,0.0
L0016011,O006356,P0020,1,45.59,0.0
L0016012,O006357,P0029,2,226.17,0.0
L0016013,O006357,P0042,1,107.66,0.0
L0016014,O006357,P0168,3,287.81,0.0
L0016015,O006357,P0058,1,292.88,0.05
L0016016,O006358,P0019,1,73.92,0.15
L0016017,O006358,P0114,2,276.66,0.1
L0016018,O006359,P0140,3,138.91,0.1
L0016019,O006359,P0103,3,91.56,0.1
L0016020,O006359,P0160,1,156.8,0.0
L0016021,O006360,P0104,3,25.33,0.0
L0016022,O006360,P0132,3,62.67,0.0
L0016023,O006360,P0026,1,59.61,0.0
L0016024,O006360,P0043,3,236.89,0.05
L0016025,O006361,P0010,3,82.7,0.2
L0016026,O006361,P0059,2,112.23,0.1
L0016027,O006361,P0034,2,181.72,0.0
L0016028,O006362,P0069,2,48.3,0.2
L0016029,O006363,P0143,1,227.64,0.05
L0016030,O006363,P0122,1,339.37,0.0
L0016031,O006363,P0058,2,292.88,0.05
L0016032,O006364,P0123,2,274.26,0.05
L0016033,O006365,P0034,3,181.72,0.0
L0016034,O006366,P0089,2,12.19,0.0
L0016035,O006366,P0142,1,73.09,0.05
L0016036,O006366,P0091,1,320.88,0.0
L0016037,O006367,P0145,1,97.92,0.0
L0016038,O006367,P0029,1,226.17,0.0
L0016039,O006368,P0105,3,66.7,0.0
L0016040,O006368,P0015,2,58.54,0.05
L0016041,O006368,P0038,1,197.26,0.0
L0016042,O006369,P0011,1,70.12,0.1
L0016043,O006369,P0017,3,153.84,0.15
L0016044,O006369,P0176,2,212.39,0.05
L0016045,O006369,P0091,1,256.7,0.2
L0016046,O006370,P0100,1,66.48,0.2
L0016047,O006371,P0075,2,84.94,0.0
L0016048,O006372,P0088,1,62.88,0.0
L0016049,O006372,P0113,2,138.3,0.0
L0016050,O006373,P0014,2,127.49,0.0
L0016051,O006374,P0149,1,40.07,0.05
L0016052,O006374,P0133,1,44.12,0.0
L0016053,O006375,P0175,1,57.87,0.05
L0016054,O006375,P0089,1,10.36,0.15
L0016055,O006375,P0115,1,162.76,0.0
L0016056,O006375,P0178,3,221.82,0.0
L0016057,O006376,P0011,1,77.91,0.0
L0016058,O006377,P0069,2,60.37,0.0
L0016059,O006378,P0129,2,127.39,0.0
L0016060,O006379,P0158,3,73.76,0.0
L0016061,O006379,P0128,2,282.75,0.0
L0016062,O006379,P0119,3,247.16,0.0
L0016063,O006379,P0001,2,256.68,0.0
L0016064,O006380,P0066,3,300.18,0.0
L0016065,O006381,P0156,2,268.7,0.1
L0016066,O006382,P0079,1,145.32,0.0
L0016067,O006382,P0048,1,53.61,0.0
L0016068,O006382,P0139,2,241.83,0.15
L0016069,O006383,P0155,3,121.7,0.0
L0016070,O006384,P0118,1,218.87,0.0
L0016071,O006385,P0160,1,156.8,0.0
L0016072,O006385,P0097,1,134.84,0.2
L0016073,O006385,P0070,1,241.83,0.0
L0016074,O006385,P0044,1,252.28,0.05
L0016075,O006386,P0079,2,145.32,0.0
L0016076,O006387,P0068,1,257.38,0.1
L0016077,O006387,P0098,1,64.02,0.2
L0016078,O006388,P0053,2,230.12,0.1
L0016079,O006388,P0037,3,111.16,0.15
L0016080,O006388,P0136,1,39.24,0.15
L0016081,O006388,P0112,1,29.63,0.15
L0016082,O006389,P0124,3,68.89,0.0
L0016083,O006389,P0153,1,136.91,0.0
L0016084,O006389,P0074,3,164.31,0.1
L0016085,O006390,P0114,2,307.4,0.0
L0016086,O006390,P0073,1,263.38,0.0
L0016087,O006391,P0170,1,229.37,0.1
L0016088,O006392,P0016,3,57.21,0.05
L0016089,O006393,P0097,2,168.55,0.0
L0016090,O006393,P0046,2,307.69,0.1
L0016091,O006394,P0053,2,255.69,0.0
L0016092,O006394,P0061,1,12.56,0.2
L0016093,O006395,P0122,3,305.43,0.1
L0016094,O006395,P0163,2,233.9,0.0
L0016095,O006396,P0076,2,94.22,0.05
L0016096,O006396,P0064,3,305.43,0.05
L0016097,O006396,P0017,2,180.99,0.0
L0016098,O006396,P0095,2,276.95,0.0
L0016099,O006397,P0180,1,52.22,0.0
L0016100,O006397,P0044,1,265.56,0.0
L0016101,O006397,P0106,1,180.93,0.0
L0016102,O006398,P0023,1,133.79,0.15
L0016103,O006398,P0027,2,306.58,0.0
L0016104,O006399,P0001,1,205.34,0.2
L0016105,O006400,P0019,1,78.27,0.1
L0016106,O006400,P0062,2,159.23,0.05
L0016107,O006400,P0177,3,295.0,0.0
L0016108,O006401,P0159,3,127.01,0.05
L0016109,O006401,P0080,3,202.41,0.0
L0016110,O006401,P0112,3,34.86,0.0
L0016111,O006401,P0060,3,275.74,0.0
L0016112,O006402,P0009,3,280.24,0.0
L0016113,O006402,P0157,1,252.75,0.0
L0016114,O006402,P0178,2,188.55,0.15
L0016115,O006403,P0173,3,177.0,0.0
L0016116,O006403,P0126,1,303.44,0.0
L0016117,O006404,P0079,1,116.26,0.2
L0016118,O006405,P0032,1,156.15,0.0
L0016119,O006406,P0134,1,45.14,0.0
L0016120,O006406,P0137,1,50.88,0.0
L0016121,O006406,P0088,2,62.88,0.0
L0016122,O006407,P0147,3,16.1,0.0
L0016123,O006408,P0180,1,47.0,0.1
L0016124,O006408,P0110,1,254.79,0.0
L0016125,O006409,P0069,3,51.31,0.15
L0016126,O006410,P0165,1,122.23,0.05
L0016127,O006410,P0014,1,114.74,0.1
L0016128,O006410,P0027,3,306.58,0.0
L0016129,O006410,P0100,3,78.94,0.05
L0016130,O006411,P0041,3,77.93,0.0
L0016131,O006412,P0103,2,101.73,0.0
L0016132,O006412,P0106,3,180.93,0.0
L0016133,O006412,P0105,1,63.37,0.05
L0016134,O006413,P0044,1,265.56,0.0
L0016135,O006413,P0087,1,97.26,0.0
L0016136,O006414,P0053,3,255.69,0.0
L0016137,O006414,P0111,2,303.31,0.0
L0016138,O006415,P0022,1,116.67,0.2
L0016139,O006415,P0049,1,254.19,0.05
L0016140,O006416,P0180,1,41.78,0.2
L0016141,O006417,P0027,3,306.58,0.0
L0016142,O006418,P0024,3,160.14,0.05
L0016143,O006418,P0072,1,96.47,0.05
L0016144,O006418,P0063,2,148.61,0.0
L0016145,O006418,P0175,1,60.92,0.0
L0016146,O006419,P0046,2,307.69,0.1
L0016147,O006419,P0119,2,234.8,0.05
L0016148,O006419,P0168,1,273.42,0.05
L0016149,O006420,P0018,1,166.39,0.05
L0016150,O006420,P0155,1,121.7,0.0
L0016151,O006420,P0064,1,321.5,0.0
L0016152,O006420,P0157,1,252.75,0.0
L0016153,O006421,P0005,2,199.77,0.0
L0016154,O006422,P0103,3,101.73,0.0
L0016155,O006422,P0078,3,334.26,0.0
L0016156,O006422,P0019,1,86.97,0.0
L0016157,O006423,P0180,1,52.22,0.0
L0016158,O006423,P0121,2,199.5,0.1
L0016159,O006423,P0111,2,303.31,0.0
L0016160,O006424,P0079,3,130.79,0.1
L0016161,O006424,P0150,3,321.49,0.0
L0016162,O006424,P0065,3,133.84,0.05
L0016163,O006424,P0036,2,41.7,0.2
L0016164,O006425,P0133,1,41.91,0.05
L0016165,O006426,P0106,3,180.93,0.0
L0016166,O006426,P0172,1,49.86,0.0
L0016167,O006426,P0145,2,97.92,0.0
L0016168,O006427,P0121,3,221.67,0.0
L0016169,O006427,P0091,1,320.88,0.0
L0016170,O006428,P0117,1,207.48,0.15
L0016171,O006429,P0146,2,279.51,0.0
L0016172,O006430,P0168,3,259.03,0.1
L0016173,O006431,P0060,2,261.95,0.05
L0016174,O006432,P0052,1,187.42,0.0
L0016175,O006432,P0042,2,107.66,0.0
L0016176,O006432,P0172,2,44.87,0.1
L0016177,O006432,P0024,2,168.57,0.0
L0016178,O006433,P0055,2,12.74,0.1
L0016179,O006433,P0010,1,103.37,0.0
L0016180,O006433,P0019,3,86.97,0.0
L0016181,O006433,P0037,2,130.78,0.0
L0016182,O006434,P0067,1,141.8,0.2
L0016183,O006434,P0012,3,63.35,0.0
L0016184,O006435,P0171,3,83.66,0.05
L0016185,O006436,P0069,2,51.31,0.15
L0016186,O006436,P0099,3,288.48,0.15
L0016187,O006437,P0140,1,154.35,0.0
L0016188,O006437,P0155,1,115.61,0.05
L0016189,O006437,P0048,2,50.93,0.05
L0016190,O006437,P0070,3,217.65,0.1
L0016191,O006438,P0037,3,117.7,0.1
L0016192,O006438,P0010,1,98.2,0.05
L0016193,O006439,P0078,1,267.41,0.2
L0016194,O006439,P0046,1,290.6,0.15
L0016195,O006440,P0008,3,346.93,0.0
L0016196,O006440,P0141,1,319.15,0.0
L0016197,O006441,P0071,1,98.1,0.1
L0016198,O006441,P0149,1,42.18,0.0
L0016199,O006441,P0156,3,298.56,0.0
L0016200,O006441,P0067,1,177.25,0.0
L0016201,O006442,P0051,1,53.63,0.15
L0016202,O006442,P0004,2,35.75,0.05
L0016203,O006442,P0126,1,303.44,0.0
L0016204,O006443,P0122,2,339.37,0.0
L0016205,O006443,P0090,1,122.35,0.1
L0016206,O006444,P0165,2,115.79,0.1
L0016207,O006444,P0148,1,111.56,0.1
L0016208,O006444,P0067,1,168.39,0.05
L0016209,O006444,P0003,1,271.26,0.0
L0016210,O006445,P0140,1,131.2,0.15
L0016211,O006445,P0043,2,236.89,0.05
L0016212,O006445,P0135,1,252.6,0.0
L0016213,O006446,P0125,2,96.0,0.0
L0016214,O006446,P0160,1,141.12,0.1
L0016215,O006447,P0031,3,258.6,0.05
L0016216,O006447,P0037,2,117.7,0.1
L0016217,O006448,P0084,2,246.37,0.05
L0016218,O006449,P0104,3,22.8,0.1
L0016219,O006449,P0099,2,339.39,0.0
L0016220,O006450,P0143,1,239.62,0.0
L0016221,O006450,P0030,2,150.65,0.15
L0016222,O006450,P0142,1,73.09,0.05
L0016223,O006451,P0136,3,36.94,0.2
L0016224,O006451,P0022,1,131.26,0.1
L0016225,O006451,P0134,3,40.63,0.1
L0016226,O006452,P0115,2,130.21,0.2
L0016227,O006453,P0118,1,218.87,0.0
L0016228,O006453,P0020,2,45.59,0.0
L0016229,O006453,P0093,3,18.64,0.15
L0016230,O006454,P0030,1,177.24,0.0
L0016231,O006454,P0150,1,289.34,0.1
L0016232,O006454,P0147,3,16.1,0.0
L0016233,O006454,P0120,3,215.39,0.0
L0016234,O006455,P0063,1,148.61,0.0
L0016235,O006455,P0073,3,210.7,0.2
L0016236,O006455,P0067,1,177.25,0.0
L0016237,O006456,P0077,2,300.52,0.0
L0016238,O006456,P0021,2,71.03,0.0
L0016239,O006456,P0020,3,38.75,0.15
L0016240,O006457,P0035,1,127.08,0.0
L0016241,O006457,P0027,3,306.58,0.0
L0016242,O006457,P0005,3,159.82,0.2
L0016243,O006458,P0022,2,145.84,0.0
L0016244,O006458,P0021,1,63.93,0.1
L0016245,O006458,P0077,1,255.44,0.15
L0016246,O006459,P0030,3,177.24,0.0
L0016247,O006459,P0088,1,53.45,0.15
L0016248,O006459,P0105,2,66.7,0.0
L0016249,O006460,P0024,2,168.57,0.0
L0016250,O006460,P0016,1,57.21,0.05
L0016251,O006461,P0011,3,74.01,0.05
L0016252,O006461,P0163,3,233.9,0.0
L0016253,O006461,P0021,2,67.48,0.05
L0016254,O006461,P0043,2,224.42,0.1
L0016255,O006462,P0176,3,190.03,0.15
L0016256,O006463,P0011,2,74.01,0.05
L0016257,O006463,P0099,2,339.39,0.0
L0016258,O006463,P0078,3,334.26,0.0
L0016259,O006464,P0083,2,240.32,0.1
L0016260,O006465,P0003,3,271.26,0.0
L0016261,O006466,P0171,1,88.06,0.0
L0016262,O006466,P0092,2,308.09,0.0
L0016263,O006467,P0052,2,187.42,0.0
L0016264,O006467,P0091,3,304.84,0.05
L0016265,O006467,P0014,2,127.49,0.0
L0016266,O006468,P0088,3,59.74,0.05
L0016267,O006468,P0061,2,15.7,0.0
L0016268,O006468,P0168,3,287.81,0.0
L0016269,O006468,P0045,3,292.67,0.05
L0016270,O006469,P0039,1,309.36,0.0
L0016271,O006469,P0026,1,59.61,0.0
L0016272,O006469,P0170,3,229.37,0.1
L0016273,O006470,P0110,1,254.79,0.0
L0016274,O006471,P0072,2,101.55,0.0
L0016275,O006471,P0006,3,110.16,0.1
L0016276,O006471,P0021,3,71.03,0.0
L0016277,O006471,P0032,3,140.53,0.1
L0016278,O006472,P0141,3,319.15,0.0
L0016279,O006472,P0129,2,114.65,0.1
L0016280,O006472,P0150,3,305.42,0.05
L0016281,O006473,P0128,2,282.75,0.0
L0016282,O006473,P0149,3,42.18,0.0
L0016283,O006473,P0101,2,349.83,0.0
L0016284,O006474,P0016,2,51.19,0.15
L0016285,O006474,P0179,1,128.34,0.1
L0016286,O006474,P0079,1,130.79,0.1
L0016287,O006475,P0003,2,271.26,0.0
L0016288,O006475,P0076,3,94.22,0.05
L0016289,O006475,P0065,3,140.88,0.0
L0016290,O006475,P0081,3,21.19,0.1
L0016291,O006476,P0106,2,180.93,0.0
L0016292,O006477,P0144,1,206.16,0.0
L0016293,O006478,P0021,1,71.03,0.0
L0016294,O006478,P0063,2,141.18,0.05
L0016295,O006479,P0139,1,270.28,0.05
L0016296,O006479,P0173,2,177.0,0.0
L0016297,O006479,P0057,2,61.86,0.0
L0016298,O006480,P0004,2,33.87,0.1
L0016299,O006480,P0130,1,35.93,0.1
L0016300,O006480,P0148,1,117.75,0.05
L0016301,O006481,P0124,1,62.0,0.1
L0016302,O006482,P0032,3,156.15,0.0
L0016303,O006482,P0175,2,51.78,0.15
L0016304,O006483,P0007,1,241.42,0.05
L0016305,O006483,P0115,2,162.76,0.0
L0016306,O006483,P0148,3,105.36,0.15
L0016307,O006484,P0154,1,235.88,0.15
L0016308,O006484,P0140,1,138.91,0.1
L0016309,O006485,P0144,2,206.16,0.0
L0016310,O006486,P0072,2,81.24,0.2
L0016311,O006486,P0087,3,97.26,0.0
L0016312,O006487,P0124,3,68.89,0.0
L0016313,O006487,P0172,2,49.86,0.0
L0016314,O006487,P0060,2,248.17,0.1
L0016315,O006487,P0170,2,242.11,0.05
L0016316,O006488,P0092,2,261.88,0.15
L0016317,O006489,P0054,1,206.99,0.1
L0016318,O006489,P0180,3,49.61,0.05
L0016319,O006489,P0170,1,254.85,0.0
L0016320,O006490,P0072,1,101.55,0.0
L0016321,O006491,P0118,3,186.04,0.15
L0016322,O006491,P0156,3,298.56,0.0
L0016323,O006491,P0111,1,303.31,0.0
L0016324,O006492,P0180,3,44.39,0.15
L0016325,O006493,P0173,1,177.0,0.0
L0016326,O006493,P0031,2,272.21,0.0
L0016327,O006493,P0101,1,349.83,0.0
L0016328,O006494,P0164,3,260.97,0.1
L0016329,O006494,P0052,3,187.42,0.0
L0016330,O006495,P0061,2,15.7,0.0
L0016331,O006495,P0151,2,222.25,0.05
L0016332,O006495,P0062,1,142.47,0.15
L0016333,O006496,P0005,1,199.77,0.0
L0016334,O006496,P0055,2,12.74,0.1
L0016335,O006497,P0034,1,181.72,0.0
L0016336,O006497,P0117,3,231.89,0.05
L0016337,O006498,P0143,3,239.62,0.0
L0016338,O006498,P0142,1,76.94,0.0
L0016339,O006499,P0135,3,227.34,0.1
L0016340,O006500,P0057,1,61.86,0.0
L0016341,O006500,P0078,3,267.41,0.2
L0016342,O006500,P0148,1,123.95,0.0
L0016343,O006501,P0080,2,202.41,0.0
L0016344,O006501,P0069,1,60.37,0.0
L0016345,O006502,P0002,3,224.8,0.15
L0016346,O006502,P0145,1,97.92,0.0
L0016347,O006502,P0088,1,62.88,0.0
L0016348,O006502,P0120,2,215.39,0.0
L0016349,O006503,P0067,2,177.25,0.0
L0016350,O006503,P0068,1,285.98,0.0
L0016351,O006503,P0043,2,249.36,0.0
L0016352,O006504,P0062,1,134.09,0.2
L0016353,O006504,P0131,3,13.96,0.0
L0016354,O006504,P0024,1,143.28,0.15
L0016355,O006504,P0058,3,308.29,0.0
L0016356,O006505,P0173,3,141.6,0.2
L0016357,O006505,P0063,2,148.61,0.0
L0016358,O006505,P0180,2,44.39,0.15
L0016359,O006506,P0159,3,120.32,0.1
L0016360,O006506,P0163,2,233.9,0.0
L0016361,O006506,P0089,2,10.97,0.1
L0016362,O006506,P0054,2,183.99,0.2
L0016363,O006507,P0158,2,59.01,0.2
L0016364,O006507,P0094,1,209.36,0.0
L0016365,O006508,P0099,2,339.39,0.0
L0016366,O006508,P0163,2,233.9,0.0
L0016367,O006508,P0138,3,91.75,0.0
L0016368,O006508,P0097,3,151.7,0.1
L0016369,O006509,P0047,1,54.73,0.0
L0016370,O006510,P0059,3,124.7,0.0
L0016371,O006510,P0174,1,215.24,0.0
L0016372,O006510,P0177,3,280.25,0.05
L0016373,O006511,P0168,2,287.81,0.0
L0016374,O006511,P0149,1,33.74,0.2
L0016375,O006511,P0052,2,178.05,0.05
L0016376,O006511,P0093,3,21.93,0.0
L0016377,O006512,P0048,2,53.61,0.0
L0016378,O006512,P0003,3,271.26,0.0
L0016379,O006512,P0083,3,267.02,0.0
L0016380,O006513,P0104,1,22.8,0.1
L0016381,O006513,P0108,2,157.38,0.15
L0016382,O006513,P0074,1,164.31,0.1
L0016383,O006513,P0027,2,306.58,0.0
L0016384,O006514,P0051,1,63.09,0.0
L0016385,O006514,P0096,2,238.7,0.1
L0016386,O006514,P0027,1,306.58,0.0
L0016387,O006514,P0150,1,321.49,0.0
L0016388,O006515,P0033,2,178.96,0.0
L0016389,O006515,P0121,3,188.42,0.15
L0016390,O006515,P0051,1,63.09,0.0
L0016391,O006515,P0125,1,96.0,0.0
L0016392,O006516,P0061,1,13.34,0.15
L0016393,O006517,P0175,1,51.78,0.15
L0016394,O006517,P0070,3,241.83,0.0
L0016395,O006517,P0019,1,86.97,0.0
L0016396,O006518,P0149,1,42.18,0.0
L0016397,O006518,P0064,3,273.27,0.15
L0016398,O006519,P0053,3,255.69,0.0
L0016399,O006519,P0127,1,94.92,0.0
L0016400,O006520,P0149,2,42.18,0.0
L0016401,O006521,P0165,2,128.66,0.0
L0016402,O006521,P0088,2,53.45,0.15
L0016403,O006522,P0115,2,146.48,0.1
L0016404,O006523,P0058,1,308.29,0.0
L0016405,O006523,P0103,1,101.73,0.0
L0016406,O006524,P0110,3,216.57,0.15
L0016407,O006524,P0029,3,192.24,0.15
L0016408,O006525,P0177,1,250.75,0.15
L0016409,O006525,P0138,1,91.75,0.0
L0016410,O006525,P0168,2,287.81,0.0
L0016411,O006525,P0156,1,298.56,0.0
L0016412,O006526,P0179,2,135.47,0.05
L0016413,O006526,P0171,3,88.06,0.0
L0016414,O006526,P0153,3,136.91,0.0
L0016415,O006527,P0026,2,59.61,0.0
L0016416,O006527,P0172,2,44.87,0.1
L0016417,O006528,P0113,3,138.3,0.0
L0016418,O006528,P0089,2,10.97,0.1
L0016419,O006528,P0090,3,122.35,0.1
L0016420,O006528,P0062,2,150.85,0.1
L0016421,O006529,P0071,2,98.1,0.1
L0016422,O006529,P0092,2,308.09,0.0
L0016423,O006529,P0075,1,84.94,0.0
L0016424,O006530,P0081,1,23.54,0.0
L0016425,O006530,P0130,2,39.92,0.0
L0016426,O006530,P0037,3,130.78,0.0
L0016427,O006531,P0038,1,197.26,0.0
L0016428,O006531,P0174,3,193.72,0.1
L0016429,O006532,P0039,2,262.96,0.15
L0016430,O006532,P0148,1,123.95,0.0
L0016431,O006532,P0135,1,252.6,0.0
L0016432,O006533,P0129,1,101.91,0.2
L0016433,O006533,P0028,3,130.01,0.2
L0016434,O006533,P0071,1,109.0,0.0
L0016435,O006533,P0009,3,280.24,0.0
L0016436,O006534,P0081,1,21.19,0.1
L0016437,O006534,P0115,2,162.76,0.0
L0016438,O006535,P0173,2,177.0,0.0
L0016439,O006535,P0170,1,203.88,0.2
L0016440,O006535,P0063,2,148.61,0.0
L0016441,O006535,P0094,1,177.96,0.15
L0016442,O006536,P0068,2,243.08,0.15
L0016443,O006537,P0013,1,38.39,0.0
L0016444,O006537,P0035,1,108.02,0.15
L0016445,O006537,P0152,3,187.58,0.0
L0016446,O006537,P0109,2,297.26,0.0
L0016447,O006538,P0151,1,233.95,0.0
L0016448,O006538,P0024,2,160.14,0.05
L0016449,O006539,P0129,3,127.39,0.0
L0016450,O006539,P0079,2,145.32,0.0
L0016451,O006540,P0111,3,303.31,0.0
L0016452,O006540,P0008,2,346.93,0.0
L0016453,O006541,P0066,3,300.18,0.0
L0016454,O006541,P0166,2,159.06,0.2
L0016455,O006541,P0167,2,162.27,0.0
L0016456,O006542,P0086,2,15.03,0.0
L0016457,O006542,P0121,1,221.67,0.0
L0016458,O006543,P0120,1,215.39,0.0
L0016459,O006543,P0005,3,179.79,0.1
L0016460,O006544,P0076,2,99.18,0.0
L0016461,O006544,P0094,3,177.96,0.15
L0016462,O006544,P0100,3,78.94,0.05
L0016463,O006544,P0086,2,15.03,0.0
L0016464,O006545,P0018,2,175.15,0.0
L0016465,O006545,P0017,1,153.84,0.15
L0016466,O006546,P0138,1,91.75,0.0
L0016467,O006546,P0084,3,233.41,0.1
L0016468,O006546,P0026,1,59.61,0.0
L0016469,O006546,P0038,2,187.4,0.05
L0016470,O006547,P0004,1,31.99,0.15
L0016471,O006548,P0174,3,215.24,0.0
L0016472,O006548,P0098,3,68.03,0.15
L0016473,O006548,P0045,2,277.26,0.1
L0016474,O006548,P0129,1,114.65,0.1
L0016475,O006549,P0160,1,156.8,0.0
L0016476,O006550,P0008,3,277.54,0.2
L0016477,O006550,P0068,2,285.98,0.0
L0016478,O006551,P0119,3,222.44,0.1
L0016479,O006551,P0121,1,221.67,0.0
L0016480,O006552,P0100,3,74.79,0.1
L0016481,O006552,P0065,2,133.84,0.05
L0016482,O006552,P0004,2,37.63,0.0
L0016483,O006552,P0038,3,197.26,0.0
L0016484,O006553,P0024,1,160.14,0.05
L0016485,O006554,P0177,2,280.25,0.05
L0016486,O006554,P0142,2,61.55,0.2
L0016487,O006554,P0124,1,68.89,0.0
L0016488,O006554,P0041,3,77.93,0.0
L0016489,O006555,P0158,1,73.76,0.0
L0016490,O006555,P0106,2,180.93,0.0
L0016491,O006555,P0178,1,221.82,0.0
L0016492,O006556,P0140,2,154.35,0.0
L0016493,O006557,P0063,1,148.61,0.0
L0016494,O006557,P0032,2,156.15,0.0
L0016495,O006557,P0168,1,287.81,0.0
L0016496,O006558,P0145,2,88.13,0.1
L0016497,O006558,P0134,2,45.14,0.0
L0016498,O006558,P0068,2,285.98,0.0
L0016499,O006558,P0122,2,271.5,0.2
L0016500,O006559,P0020,1,36.47,0.2
L0016501,O006559,P0094,2,209.36,0.0
L0016502,O006560,P0140,1,154.35,0.0
L0016503,O006560,P0069,1,60.37,0.0
L0016504,O006561,P0108,3,185.15,0.0
L0016505,O006561,P0102,3,155.91,0.15
L0016506,O006561,P0011,3,70.12,0.1
L0016507,O006562,P0078,2,334.26,0.0
L0016508,O006563,P0083,3,240.32,0.1
L0016509,O006563,P0148,2,123.95,0.0
L0016510,O006564,P0057,3,61.86,0.0
L0016511,O006564,P0126,1,273.1,0.1
L0016512,O006564,P0021,3,63.93,0.1
L0016513,O006565,P0114,2,261.29,0.15
L0016514,O006565,P0103,1,101.73,0.0
L0016515,O006566,P0177,2,295.0,0.0
L0016516,O006566,P0141,3,319.15,0.0
L0016517,O006566,P0020,3,45.59,0.0
L0016518,O006567,P0072,2,96.47,0.05
L0016519,O006567,P0116,1,330.95,0.0
L0016520,O006568,P0173,1,177.0,0.0
L0016521,O006569,P0148,2,105.36,0.15
L0016522,O006569,P0011,3,70.12,0.1
L0016523,O006569,P0064,3,321.5,0.0
L0016524,O006570,P0042,3,91.51,0.15
L0016525,O006570,P0068,2,285.98,0.0
L0016526,O006571,P0111,2,303.31,0.0
L0016527,O006571,P0023,3,157.4,0.0
L0016528,O006572,P0109,3,297.26,0.0
L0016529,O006572,P0091,3,272.75,0.15
L0016530,O006572,P0156,3,298.56,0.0
L0016531,O006572,P0088,3,53.45,0.15
L0016532,O006573,P0102,1,174.25,0.05
L0016533,O006574,P0076,3,89.26,0.1
L0016534,O006574,P0054,2,229.99,0.0
L0016535,O006574,P0139,2,284.51,0.0
L0016536,O006574,P0125,2,86.4,0.1
L0016537,O006575,P0017,2,153.84,0.15
L0016538,O006575,P0103,1,81.38,0.2
L0016539,O006575,P0149,1,37.96,0.1
L0016540,O006575,P0133,1,44.12,0.0
L0016541,O006576,P0174,2,182.95,0.15
L0016542,O006576,P0169,1,93.21,0.1
L0016543,O006576,P0067,3,141.8,0.2
L0016544,O006576,P0106,2,162.84,0.1
L0016545,O006577,P0064,2,321.5,0.0
L0016546,O006577,P0167,2,129.82,0.2
L0016547,O006577,P0140,3,154.35,0.0
L0016548,O006577,P0143,1,227.64,0.05
L0016549,O006578,P0130,2,37.92,0.05
L0016550,O006578,P0120,1,215.39,0.0
L0016551,O006578,P0091,3,320.88,0.0
L0016552,O006578,P0031,2,272.21,0.0
L0016553,O006579,P0061,3,15.7,0.0
L0016554,O006579,P0029,2,214.86,0.05
L0016555,O006579,P0081,2,23.54,0.0
L0016556,O006580,P0171,3,74.85,0.15
L0016557,O006580,P0012,3,63.35,0.0
L0016558,O006580,P0031,1,272.21,0.0
L0016559,O006581,P0154,2,235.88,0.15
L0016560,O006581,P0068,2,257.38,0.1
L0016561,O006581,P0037,3,117.7,0.1
L0016562,O006582,P0013,1,36.47,0.05
L0016563,O006583,P0140,3,131.2,0.15
L0016564,O006583,P0102,3,183.42,0.0
L0016565,O006584,P0166,2,198.82,0.0
L0016566,O006584,P0173,1,141.6,0.2
L0016567,O006584,P0050,2,198.45,0.0
L0016568,O006585,P0066,2,300.18,0.0
L0016569,O006585,P0121,3,199.5,0.1
L0016570,O006586,P0054,2,229.99,0.0
L0016571,O006586,P0055,3,14.16,0.0
L0016572,O006586,P0051,2,53.63,0.15
L0016573,O006587,P0046,1,341.88,0.0
L0016574,O006587,P0176,2,201.21,0.1
L0016575,O006587,P0057,2,61.86,0.0
L0016576,O006587,P0160,2,133.28,0.15
L0016577,O006588,P0067,1,168.39,0.05
L0016578,O006588,P0086,2,15.03,0.0
L0016579,O006588,P0145,2,93.02,0.05
L0016580,O006589,P0055,3,12.74,0.1
L0016581,O006589,P0090,1,135.94,0.0
L0016582,O006589,P0046,2,341.88,0.0
L0016583,O006589,P0019,1,86.97,0.0
L0016584,O006590,P0131,2,11.17,0.2
L0016585,O006590,P0111,1,303.31,0.0
L0016586,O006591,P0002,2,251.25,0.05
L0016587,O006591,P0087,1,92.4,0.05
L0016588,O006592,P0007,3,241.42,0.05
L0016589,O006592,P0091,3,320.88,0.0
L0016590,O006593,P0094,2,209.36,0.0
L0016591,O006593,P0021,2,63.93,0.1
L0016592,O006594,P0009,2,280.24,0.0
L0016593,O006594,P0175,1,51.78,0.15
L0016594,O006594,P0142,3,76.94,0.0
L0016595,O006595,P0161,3,43.94,0.2
L0016596,O006596,P0148,1,105.36,0.15
L0016597,O006596,P0028,3,138.13,0.15
L0016598,O006596,P0079,3,123.52,0.15
L0016599,O006596,P0018,1,157.64,0.1
L0016600,O006597,P0129,1,127.39,0.0
L0016601,O006597,P0009,3,266.23,0.05
L0016602,O006597,P0057,1,61.86,0.0
L0016603,O006597,P0101,2,349.83,0.0
L0016604,O006598,P0040,1,236.27,0.05
L0016605,O006598,P0079,3,145.32,0.0
L0016606,O006598,P0136,1,46.17,0.0
L0016607,O006598,P0144,1,164.93,0.2
L0016608,O006599,P0113,1,138.3,0.0
L0016609,O006599,P0075,2,84.94,0.0
L0016610,O006599,P0018,3,166.39,0.05
L0016611,O006600,P0155,1,121.7,0.0
L0016612,O006601,P0032,2,140.53,0.1
L0016613,O006601,P0107,3,313.17,0.0
L0016614,O006601,P0171,2,88.06,0.0
L0016615,O006601,P0129,3,108.28,0.15
L0016616,O006602,P0118,3,207.93,0.05
L0016617,O006602,P0092,1,308.09,0.0
L0016618,O006602,P0059,3,124.7,0.0
L0016619,O006603,P0126,1,303.44,0.0
L0016620,O006604,P0126,1,288.27,0.05
L0016621,O006604,P0033,2,178.96,0.0
L0016622,O006605,P0026,1,50.67,0.15
L0016623,O006606,P0021,3,71.03,0.0
L0016624,O006606,P0067,2,177.25,0.0
L0016625,O006606,P0081,1,23.54,0.0
L0016626,O006606,P0154,2,263.63,0.05
L0016627,O006607,P0154,2,277.51,0.0
L0016628,O006607,P0052,3,149.94,0.2
L0016629,O006608,P0067,1,150.66,0.15
L0016630,O006609,P0002,1,264.47,0.0
L0016631,O006609,P0083,2,226.97,0.15
L0016632,O006609,P0137,2,50.88,0.0
L0016633,O006610,P0150,2,289.34,0.1
L0016634,O006611,P0178,1,221.82,0.0
L0016635,O006612,P0166,1,169.0,0.15
L0016636,O006612,P0168,2,287.81,0.0
L0016637,O006612,P0123,2,288.69,0.0
L0016638,O006612,P0114,2,261.29,0.15
L0016639,O006613,P0160,1,156.8,0.0
L0016640,O006613,P0113,1,138.3,0.0
L0016641,O006613,P0116,2,264.76,0.2
L0016642,O006613,P0035,2,127.08,0.0
L0016643,O006614,P0173,2,159.3,0.1
L0016644,O006614,P0038,3,177.53,0.1
L0016645,O006615,P0134,2,42.88,0.05
L0016646,O006615,P0003,1,271.26,0.0
L0016647,O006616,P0033,1,178.96,0.0
L0016648,O006616,P0087,1,97.26,0.0
L0016649,O006616,P0089,1,9.75,0.2
L0016650,O006616,P0067,3,177.25,0.0
L0016651,O006617,P0150,1,289.34,0.1
L0016652,O006618,P0112,3,34.86,0.0
L0016653,O006619,P0036,1,46.92,0.1
L0016654,O006620,P0136,3,46.17,0.0
L0016655,O006620,P0025,3,137.63,0.0
L0016656,O006620,P0121,3,221.67,0.0
L0016657,O006620,P0011,2,77.91,0.0
L0016658,O006621,P0050,1,198.45,0.0
L0016659,O006622,P0110,2,254.79,0.0
L0016660,O006622,P0174,2,193.72,0.1
L0016661,O006622,P0021,2,71.03,0.0
L0016662,O006623,P0009,3,238.2,0.15
L0016663,O006623,P0137,3,50.88,0.0
L0016664,O006624,P0048,2,53.61,0.0
L0016665,O006625,P0156,2,298.56,0.0
L0016666,O006625,P0003,3,271.26,0.0
L0016667,O006625,P0027,3,291.25,0.05
L0016668,O006625,P0024,2,160.14,0.05
L0016669,O006626,P0144,1,175.24,0.15
L0016670,O006627,P0003,1,271.26,0.0
L0016671,O006627,P0147,2,14.49,0.1
L0016672,O006627,P0136,3,43.86,0.05
L0016673,O006628,P0125,1,96.0,0.0
L0016674,O006628,P0091,1,320.88,0.0
L0016675,O006628,P0115,3,146.48,0.1
L0016676,O006628,P0052,1,168.68,0.1
L0016677,O006629,P0168,2,287.81,0.0
L0016678,O006630,P0148,3,111.56,0.1
L0016679,O006630,P0177,3,295.0,0.0
L0016680,O006631,P0102,2,183.42,0.0
L0016681,O006631,P0020,3,45.59,0.0
L0016682,O006632,P0093,2,20.83,0.05
L0016683,O006632,P0018,1,175.15,0.0
L0016684,O006633,P0144,1,206.16,0.0
L0016685,O006633,P0028,2,162.51,0.0
L0016686,O006634,P0071,3,109.0,0.0
L0016687,O006634,P0040,1,248.71,0.0
L0016688,O006634,P0131,3,13.96,0.0
L0016689,O006635,P0115,3,154.62,0.05
L0016690,O006636,P0059,1,124.7,0.0
L0016691,O006636,P0056,2,315.21,0.05
L0016692,O006637,P0101,2,349.83,0.0
L0016693,O006638,P0119,2,234.8,0.05
L0016694,O006638,P0001,3,231.01,0.1
L0016695,O006639,P0049,3,267.57,0.0
L0016696,O006639,P0170,2,254.85,0.0
L0016697,O006640,P0124,3,65.45,0.05
L0016698,O006640,P0017,2,153.84,0.15
L0016699,O006641,P0116,3,330.95,0.0
L0016700,O006641,P0038,1,167.67,0.15
L0016701,O006641,P0114,1,307.4,0.0
L0016702,O006642,P0060,3,275.74,0.0
L0016703,O006642,P0061,2,15.7,0.0
L0016704,O006643,P0115,3,146.48,0.1
L0016705,O006643,P0170,3,229.37,0.1
L0016706,O006643,P0112,2,27.89,0.2
L0016707,O006644,P0124,3,68.89,0.0
L0016708,O006645,P0150,2,257.19,0.2
L0016709,O006645,P0069,1,51.31,0.15
L0016710,O006645,P0006,1,122.4,0.0
L0016711,O006646,P0013,1,38.39,0.0
L0016712,O006646,P0167,1,137.93,0.15
L0016713,O006646,P0067,2,141.8,0.2
L0016714,O006646,P0096,3,265.22,0.0
L0016715,O006647,P0076,2,99.18,0.0
L0016716,O006647,P0167,1,162.27,0.0
L0016717,O006647,P0180,3,52.22,0.0
L0016718,O006647,P0177,3,250.75,0.15
L0016719,O006648,P0142,2,76.94,0.0
L0016720,O006648,P0086,1,15.03,0.0
L0016721,O006648,P0009,1,266.23,0.05
L0016722,O006649,P0139,1,284.51,0.0
L0016723,O006649,P0137,1,50.88,0.0
L0016724,O006649,P0044,3,265.56,0.0
L0016725,O006649,P0111,1,288.14,0.05
L0016726,O006650,P0084,2,207.47,0.2
L0016727,O006651,P0114,1,245.92,0.2
L0016728,O006651,P0004,2,37.63,0.0
L0016729,O006651,P0157,3,214.84,0.15
L0016730,O006652,P0115,3,146.48,0.1
L0016731,O006653,P0071,2,103.55,0.05
L0016732,O006654,P0159,1,120.32,0.1
L0016733,O006654,P0095,3,263.1,0.05
L0016734,O006654,P0080,2,172.05,0.15
L0016735,O006655,P0069,2,60.37,0.0
L0016736,O006656,P0172,2,49.86,0.0
L0016737,O006656,P0152,1,159.44,0.15
L0016738,O006657,P0143,1,215.66,0.1
L0016739,O006658,P0012,3,50.68,0.2
L0016740,O006658,P0157,2,240.11,0.05
L0016741,O006659,P0179,2,142.6,0.0
L0016742,O006659,P0040,3,248.71,0.0
L0016743,O006659,P0030,1,177.24,0.0
L0016744,O006659,P0119,3,247.16,0.0
L0016745,O006660,P0001,1,231.01,0.1
L0016746,O006660,P0037,2,111.16,0.15
L0016747,O006660,P0081,3,23.54,0.0
L0016748,O006660,P0145,1,97.92,0.0
L0016749,O006661,P0093,1,21.93,0.0
L0016750,O006661,P0108,1,166.64,0.1
L0016751,O006661,P0097,3,168.55,0.0
L0016752,O006662,P0004,2,35.75,0.05
L0016753,O006663,P0123,2,288.69,0.0
L0016754,O006663,P0115,2,146.48,0.1
L0016755,O006663,P0138,2,91.75,0.0
L0016756,O006663,P0081,3,23.54,0.0
L0016757,O006664,P0022,1,145.84,0.0
L0016758,O006664,P0116,3,297.86,0.1
L0016759,O006664,P0009,3,280.24,0.0
L0016760,O006665,P0048,1,42.89,0.2
L0016761,O006666,P0075,3,84.94,0.0
L0016762,O006666,P0017,3,180.99,0.0
L0016763,O006666,P0065,3,119.75,0.15
L0016764,O006667,P0059,3,124.7,0.0
L0016765,O006667,P0025,3,130.75,0.05
L0016766,O006667,P0133,1,44.12,0.0
L0016767,O006668,P0169,3,103.57,0.0
L0016768,O006668,P0088,1,56.59,0.1
L0016769,O006668,P0148,3,123.95,0.0
L0016770,O006669,P0173,1,177.0,0.0
L0016771,O006670,P0045,3,308.07,0.0
L0016772,O006670,P0110,2,242.05,0.05
L0016773,O006671,P0128,2,282.75,0.0
L0016774,O006671,P0150,1,321.49,0.0
L0016775,O006671,P0091,1,320.88,0.0
L0016776,O006672,P0082,1,92.41,0.0
L0016777,O006673,P0006,2,104.04,0.15
L0016778,O006673,P0174,1,215.24,0.0
L0016779,O006674,P0056,1,331.8,0.0
L0016780,O006674,P0011,1,77.91,0.0
L0016781,O006675,P0083,3,267.02,0.0
L0016782,O006676,P0047,3,49.26,0.1
L0016783,O006676,P0009,3,280.24,0.0
L0016784,O006677,P0136,3,46.17,0.0
L0016785,O006677,P0179,2,128.34,0.1
L0016786,O006677,P0059,1,112.23,0.1
L0016787,O006678,P0180,2,52.22,0.0
L0016788,O006678,P0036,3,46.92,0.1
L0016789,O006678,P0092,1,292.69,0.05
L0016790,O006679,P0111,3,272.98,0.1
L0016791,O006679,P0127,1,85.43,0.1
L0016792,O006679,P0098,2,80.03,0.0
L0016793,O006680,P0159,3,113.64,0.15
L0016794,O006680,P0099,3,322.42,0.05
L0016795,O006681,P0175,2,60.92,0.0
L0016796,O006681,P0158,1,73.76,0.0
L0016797,O006681,P0161,1,54.92,0.0
L0016798,O006682,P0115,2,130.21,0.2
L0016799,O006682,P0154,2,235.88,0.15
L0016800,O006683,P0094,1,209.36,0.0
L0016801,O006683,P0107,1,313.17,0.0
L0016802,O006684,P0074,1,173.44,0.05
L0016803,O006684,P0180,3,44.39,0.15
L0016804,O006684,P0010,2,87.86,0.15
L0016805,O006685,P0084,2,259.34,0.0
L0016806,O006685,P0088,1,56.59,0.1
L0016807,O006685,P0116,1,314.4,0.05
L0016808,O006685,P0058,1,308.29,0.0
L0016809,O006686,P0068,1,285.98,0.0
L0016810,O006686,P0030,3,168.38,0.05
L0016811,O006687,P0001,1,231.01,0.1
L0016812,O006687,P0158,1,73.76,0.0
L0016813,O006687,P0126,3,242.75,0.2
L0016814,O006688,P0092,2,308.09,0.0
L0016815,O006689,P0167,1,154.16,0.05
L0016816,O006689,P0162,2,18.3,0.1
L0016817,O006689,P0011,2,77.91,0.0
L0016818,O006690,P0056,1,331.8,0.0
L0016819,O006690,P0031,3,231.38,0.15
L0016820,O006691,P0077,1,285.49,0.05
L0016821,O006691,P0098,2,64.02,0.2
L0016822,O006691,P0022,3,145.84,0.0
L0016823,O006692,P0090,2,108.75,0.2
L0016824,O006693,P0084,3,259.34,0.0
L0016825,O006693,P0081,1,21.19,0.1
L0016826,O006693,P0083,2,267.02,0.0
L0016827,O006693,P0087,3,97.26,0.0
L0016828,O006694,P0122,3,305.43,0.1
L0016829,O006695,P0171,3,74.85,0.15
L0016830,O006695,P0089,3,11.58,0.05
L0016831,O006695,P0164,3,289.97,0.0
L0016832,O006695,P0003,1,271.26,0.0
L0016833,O006696,P0112,3,34.86,0.0
L0016834,O006696,P0168,2,244.64,0.15
L0016835,O006696,P0060,2,275.74,0.0
L0016836,O006697,P0121,1,221.67,0.0
L0016837,O006697,P0111,3,303.31,0.0
L0016838,O006697,P0122,3,339.37,0.0
L0016839,O006698,P0178,1,221.82,0.0
L0016840,O006698,P0063,2,126.32,0.15
L0016841,O006698,P0051,1,63.09,0.0
L0016842,O006699,P0073,3,263.38,0.0
L0016843,O006700,P0118,3,218.87,0.0
L0016844,O006701,P0163,2,210.51,0.1
L0016845,O006701,P0047,1,46.52,0.15
L0016846,O006701,P0150,2,257.19,0.2
L0016847,O006701,P0081,2,23.54,0.0
L0016848,O006702,P0053,2,255.69,0.0
L0016849,O006702,P0064,3,321.5,0.0
L0016850,O006702,P0156,2,298.56,0.0
L0016851,O006703,P0046,3,341.88,0.0
L0016852,O006703,P0094,2,198.89,0.05
L0016853,O006704,P0088,2,62.88,0.0
L0016854,O006704,P0046,3,324.79,0.05
L0016855,O006705,P0072,1,91.39,0.1
L0016856,O006705,P0108,1,185.15,0.0
L0016857,O006705,P0148,1,123.95,0.0
L0016858,O006706,P0099,2,339.39,0.0
L0016859,O006706,P0010,1,93.03,0.1
L0016860,O006706,P0078,3,267.41,0.2
L0016861,O006706,P0027,3,275.92,0.1
L0016862,O006707,P0043,3,249.36,0.0
L0016863,O006707,P0176,2,223.57,0.0
L0016864,O006708,P0052,1,187.42,0.0
L0016865,O006708,P0071,1,109.0,0.0
L0016866,O006708,P0010,1,103.37,0.0
L0016867,O006708,P0020,2,45.59,0.0
L0016868,O006709,P0011,1,77.91,0.0
L0016869,O006709,P0114,3,261.29,0.15
L0016870,O006709,P0044,2,225.73,0.15
L0016871,O006710,P0130,1,39.92,0.0
L0016872,O006710,P0086,1,13.53,0.1
L0016873,O006710,P0044,1,265.56,0.0
L0016874,O006710,P0049,2,240.81,0.1
L0016875,O006711,P0064,2,321.5,0.0
L0016876,O006712,P0101,3,349.83,0.0
L0016877,O006712,P0041,1,77.93,0.0
L0016878,O006713,P0055,2,12.74,0.1
L0016879,O006713,P0136,1,46.17,0.0
L0016880,O006713,P0177,1,250.75,0.15
L0016881,O006714,P0101,2,349.83,0.0
L0016882,O006715,P0032,1,156.15,0.0
L0016883,O006715,P0082,3,83.17,0.1
L0016884,O006715,P0175,2,60.92,0.0
L0016885,O006715,P0034,1,154.46,0.15
L0016886,O006716,P0148,3,123.95,0.0
L0016887,O006716,P0154,3,277.51,0.0
L0016888,O006716,P0040,1,248.71,0.0
L0016889,O006717,P0166,2,198.82,0.0
L0016890,O006717,P0005,1,199.77,0.0
L0016891,O006717,P0050,3,198.45,0.0
L0016892,O006718,P0158,1,73.76,0.0
L0016893,O006718,P0111,2,303.31,0.0
L0016894,O006718,P0033,1,143.17,0.2
L0016895,O006718,P0122,2,339.37,0.0
L0016896,O006719,P0010,3,87.86,0.15
L0016897,O006720,P0152,2,187.58,0.0
L0016898,O006720,P0054,3,183.99,0.2
L0016899,O006721,P0079,3,145.32,0.0
L0016900,O006721,P0100,1,74.79,0.1
L0016901,O006721,P0007,2,254.13,0.0
L0016902,O006722,P0055,3,12.74,0.1
L0016903,O006722,P0058,3,308.29,0.0
L0016904,O006723,P0080,3,202.41,0.0
L0016905,O006723,P0082,3,83.17,0.1
L0016906,O006724,P0044,2,239.0,0.1
L0016907,O006724,P0118,3,218.87,0.0
L0016908,O006725,P0010,3,103.37,0.0
L0016909,O006725,P0178,3,221.82,0.0
L0016910,O006726,P0005,2,199.77,0.0
L0016911,O006727,P0105,3,63.37,0.05
L0016912,O006728,P0003,2,257.7,0.05
L0016913,O006728,P0074,1,164.31,0.1
L0016914,O006728,P0103,1,101.73,0.0
L0016915,O006729,P0155,3,121.7,0.0
L0016916,O006730,P0162,2,18.3,0.1
L0016917,O006730,P0065,3,140.88,0.0
L0016918,O006730,P0015,2,55.46,0.1
L0016919,O006731,P0025,1,123.87,0.1
L0016920,O006732,P0164,2,289.97,0.0
L0016921,O006733,P0001,3,243.85,0.05
L0016922,O006734,P0109,1,267.53,0.1
L0016923,O006734,P0093,3,20.83,0.05
L0016924,O006735,P0173,2,177.0,0.0
L0016925,O006735,P0059,3,124.7,0.0
L0016926,O006736,P0019,3,82.62,0.05
L0016927,O006737,P0003,2,230.57,0.15
L0016928,O006737,P0058,1,308.29,0.0
L0016929,O006737,P0143,2,215.66,0.1
L0016930,O006737,P0065,3,140.88,0.0
L0016931,O006738,P0113,2,138.3,0.0
L0016932,O006738,P0153,3,109.53,0.2
L0016933,O006739,P0098,3,72.03,0.1
L0016934,O006739,P0168,1,244.64,0.15
L0016935,O006739,P0153,3,136.91,0.0
L0016936,O006739,P0114,2,307.4,0.0
L0016937,O006740,P0142,3,69.25,0.1
L0016938,O006740,P0128,3,240.34,0.15
L0016939,O006740,P0131,3,13.26,0.05
L0016940,O006740,P0084,3,259.34,0.0
L0016941,O006741,P0037,3,117.7,0.1
L0016942,O006741,P0177,3,236.0,0.2
L0016943,O006741,P0149,1,42.18,0.0
L0016944,O006741,P0098,3,80.03,0.0
L0016945,O006742,P0036,2,52.13,0.0
L0016946,O006742,P0050,1,178.6,0.1
L0016947,O006743,P0070,2,193.46,0.2
L0016948,O006743,P0079,3,145.32,0.0
L0016949,O006743,P0017,2,180.99,0.0
L0016950,O006743,P0161,2,54.92,0.0
L0016951,O006744,P0131,1,13.96,0.0
L0016952,O006744,P0032,1,156.15,0.0
L0016953,O006745,P0049,1,267.57,0.0
L0016954,O006745,P0081,1,21.19,0.1
L0016955,O006745,P0015,2,61.62,0.0
L0016956,O006745,P0124,2,62.0,0.1
L0016957,O006746,P0050,1,198.45,0.0
L0016958,O006746,P0153,2,136.91,0.0
L0016959,O006746,P0097,2,168.55,0.0
L0016960,O006747,P0045,3,308.07,0.0
L0016961,O006747,P0120,3,215.39,0.0
L0016962,O006747,P0008,2,277.54,0.2
L0016963,O006747,P0133,2,41.91,0.05
L0016964,O006748,P0109,1,297.26,0.0
L0016965,O006749,P0044,2,225.73,0.15
L0016966,O006749,P0101,3,332.34,0.05
L0016967,O006749,P0126,2,303.44,0.0
L0016968,O006749,P0180,3,52.22,0.0
L0016969,O006750,P0179,1,135.47,0.05
L0016970,O006751,P0043,1,224.42,0.1
L0016971,O006752,P0037,1,124.24,0.05
L0016972,O006753,P0087,2,97.26,0.0
L0016973,O006753,P0090,2,122.35,0.1
L0016974,O006753,P0151,2,210.56,0.1
L0016975,O006753,P0122,3,305.43,0.1
L0016976,O006754,P0091,2,320.88,0.0
L0016977,O006754,P0084,1,246.37,0.05
L0016978,O006754,P0140,3,138.91,0.1
L0016979,O006754,P0033,2,178.96,0.0
L0016980,O006755,P0010,1,103.37,0.0
L0016981,O006755,P0107,1,313.17,0.0
L0016982,O006755,P0084,3,220.44,0.15
L0016983,O006755,P0146,1,251.56,0.1
L0016984,O006756,P0166,2,159.06,0.2
L0016985,O006756,P0172,1,39.89,0.2
L0016986,O006756,P0037,3,111.16,0.15
L0016987,O006756,P0019,1,86.97,0.0
L0016988,O006757,P0164,1,289.97,0.0
L0016989,O006757,P0120,3,215.39,0.0
L0016990,O006757,P0060,2,275.74,0.0
L0016991,O006758,P0176,3,223.57,0.0
L0016992,O006758,P0145,3,88.13,0.1
L0016993,O006758,P0035,3,127.08,0.0
L0016994,O006758,P0102,3,174.25,0.05
L0016995,O006759,P0128,1,282.75,0.0
L0016996,O006759,P0009,1,252.22,0.1
L0016997,O006760,P0063,2,148.61,0.0
L0016998,O006760,P0140,2,154.35,0.0
L0016999,O006761,P0026,3,59.61,0.0
L0017000,O006761,P0052,2,178.05,0.05
L0017001,O006761,P0130,2,31.94,0.2
L0017002,O006761,P0088,2,62.88,0.0
L0017003,O006762,P0057,1,61.86,0.0
L0017004,O006762,P0083,2,267.02,0.0
L0017005,O006763,P0107,2,281.85,0.1
L0017006,O006763,P0143,1,239.62,0.0
L0017007,O006764,P0057,3,61.86,0.0
L0017008,O006764,P0161,1,49.43,0.1
L0017009,O006764,P0054,1,229.99,0.0
L0017010,O006764,P0004,1,37.63,0.0
L0017011,O006765,P0035,2,108.02,0.15
L0017012,O006765,P0086,2,15.03,0.0
L0017013,O006765,P0037,2,124.24,0.05
L0017014,O006765,P0013,1,38.39,0.0
L0017015,O006766,P0061,1,14.13,0.1
L0017016,O006767,P0002,3,264.47,0.0
L0017017,O006767,P0152,3,187.58,0.0
L0017018,O006767,P0113,2,117.56,0.15
L0017019,O006768,P0116,1,264.76,0.2
L0017020,O006769,P0131,1,13.96,0.0
L0017021,O006769,P0115,2,162.76,0.0
L0017022,O006770,P0085,1,280.68,0.1
L0017023,O006770,P0068,1,271.68,0.05
L0017024,O006770,P0142,3,76.94,0.0
L0017025,O006770,P0062,1,150.85,0.1
L0017026,O006771,P0053,2,242.91,0.05
L0017027,O006772,P0017,2,162.89,0.1
L0017028,O006772,P0109,2,297.26,0.0
L0017029,O006772,P0015,3,61.62,0.0
L0017030,O006773,P0096,2,238.7,0.1
L0017031,O006774,P0045,2,308.07,0.0
L0017032,O006774,P0174,3,215.24,0.0
L0017033,O006774,P0138,1,82.58,0.1
L0017034,O006775,P0048,2,53.61,0.0
L0017035,O006775,P0130,2,35.93,0.1
L0017036,O006775,P0129,2,127.39,0.0
L0017037,O006776,P0063,1,148.61,0.0
L0017038,O006776,P0119,3,247.16,0.0
L0017039,O006777,P0067,2,177.25,0.0
L0017040,O006777,P0137,2,50.88,0.0
L0017041,O006777,P0036,2,52.13,0.0
L0017042,O006778,P0066,2,300.18,0.0
L0017043,O006778,P0142,2,69.25,0.1
L0017044,O006778,P0166,2,198.82,0.0
L0017045,O006778,P0143,3,215.66,0.1
L0017046,O006779,P0133,1,41.91,0.05
L0017047,O006779,P0015,3,58.54,0.05
L0017048,O006779,P0112,2,34.86,0.0
L0017049,O006780,P0045,3,308.07,0.0
L0017050,O006781,P0113,2,138.3,0.0
L0017051,O006781,P0107,3,313.17,0.0
L0017052,O006781,P0071,3,92.65,0.15
L0017053,O006781,P0019,2,86.97,0.0
L0017054,O006782,P0056,2,331.8,0.0
L0017055,O006782,P0047,1,54.73,0.0
L0017056,O006783,P0162,1,20.33,0.0
L0017057,O006784,P0178,2,199.64,0.1
L0017058,O006784,P0116,1,330.95,0.0
L0017059,O006784,P0018,1,175.15,0.0
L0017060,O006784,P0162,3,20.33,0.0
L0017061,O006785,P0096,2,265.22,0.0
L0017062,O006785,P0098,1,76.03,0.05
L0017063,O006785,P0069,3,57.35,0.05
L0017064,O006786,P0060,2,275.74,0.0
L0017065,O006787,P0054,1,229.99,0.0
L0017066,O006788,P0019,1,86.97,0.0
L0017067,O006788,P0178,3,221.82,0.0
L0017068,O006789,P0104,2,25.33,0.0
L0017069,O006789,P0169,2,103.57,0.0
L0017070,O006789,P0150,3,321.49,0.0
L0017071,O006790,P0089,2,11.58,0.05
L0017072,O006790,P0099,3,339.39,0.0
L0017073,O006790,P0151,1,233.95,0.0
L0017074,O006790,P0116,1,264.76,0.2
L0017075,O006791,P0180,3,49.61,0.05
L0017076,O006791,P0070,3,193.46,0.2
L0017077,O006791,P0097,1,168.55,0.0
L0017078,O006791,P0144,3,206.16,0.0
L0017079,O006792,P0126,3,288.27,0.05
L0017080,O006793,P0129,3,127.39,0.0
L0017081,O006793,P0110,3,254.79,0.0
L0017082,O006794,P0157,2,252.75,0.0
L0017083,O006794,P0003,3,244.13,0.1
L0017084,O006795,P0023,2,157.4,0.0
L0017085,O006796,P0154,1,222.01,0.2
L0017086,O006797,P0162,2,20.33,0.0
L0017087,O006797,P0013,1,32.63,0.15
L0017088,O006797,P0032,3,140.53,0.1
L0017089,O006797,P0116,1,281.31,0.15
L0017090,O006798,P0007,2,254.13,0.0
L0017091,O006799,P0110,3,216.57,0.15
L0017092,O006799,P0054,1,206.99,0.1
L0017093,O006799,P0120,1,215.39,0.0
L0017094,O006799,P0151,2,233.95,0.0
L0017095,O006800,P0114,1,307.4,0.0
L0017096,O006801,P0151,3,187.16,0.2
L0017097,O006801,P0001,3,243.85,0.05
L0017098,O006802,P0083,1,267.02,0.0
L0017099,O006802,P0175,1,60.92,0.0
L0017100,O006802,P0114,1,307.4,0.0
L0017101,O006802,P0052,2,187.42,0.0
L0017102,O006803,P0171,3,74.85,0.15
L0017103,O006803,P0127,1,94.92,0.0
L0017104,O006803,P0100,3,83.1,0.0
L0017105,O006803,P0017,1,180.99,0.0
L0017106,O006804,P0157,3,227.47,0.1
L0017107,O006804,P0002,2,211.58,0.2
L0017108,O006804,P0036,2,46.92,0.1
L0017109,O006805,P0132,1,59.54,0.05
L0017110,O006806,P0046,3,341.88,0.0
L0017111,O006807,P0107,1,281.85,0.1
L0017112,O006807,P0173,3,177.0,0.0
L0017113,O006808,P0137,2,50.88,0.0
L0017114,O006808,P0099,3,339.39,0.0
L0017115,O006808,P0127,3,75.94,0.2
L0017116,O006809,P0168,1,259.03,0.1
L0017117,O006809,P0078,1,284.12,0.15
L0017118,O006809,P0031,3,272.21,0.0
L0017119,O006810,P0063,3,148.61,0.0
L0017120,O006810,P0032,2,156.15,0.0
L0017121,O006811,P0006,1,122.4,0.0
L0017122,O006811,P0098,3,80.03,0.0
L0017123,O006811,P0140,3,154.35,0.0
L0017124,O006812,P0029,1,226.17,0.0
L0017125,O006813,P0162,1,20.33,0.0
L0017126,O006814,P0008,2,346.93,0.0
L0017127,O006814,P0106,2,180.93,0.0
L0017128,O006814,P0152,1,187.58,0.0
L0017129,O006815,P0160,1,141.12,0.1
L0017130,O006815,P0155,1,121.7,0.0
L0017131,O006816,P0029,2,226.17,0.0
L0017132,O006816,P0050,2,198.45,0.0
L0017133,O006816,P0165,2,109.36,0.15
L0017134,O006816,P0086,2,13.53,0.1
L0017135,O006817,P0068,2,257.38,0.1
L0017136,O006817,P0033,3,152.12,0.15
L0017137,O006818,P0042,3,107.66,0.0
L0017138,O006818,P0084,2,259.34,0.0
L0017139,O006818,P0057,1,61.86,0.0
L0017140,O006819,P0153,3,116.37,0.15
L0017141,O006819,P0029,1,214.86,0.05
L0017142,O006819,P0033,3,161.06,0.1
L0017143,O006820,P0006,1,116.28,0.05
L0017144,O006820,P0108,2,185.15,0.0
L0017145,O006821,P0097,1,168.55,0.0
L0017146,O006821,P0077,2,240.42,0.2
L0017147,O006821,P0177,2,265.5,0.1
L0017148,O006821,P0138,2,82.58,0.1
L0017149,O006822,P0158,3,70.07,0.05
L0017150,O006822,P0151,1,210.56,0.1
L0017151,O006822,P0053,3,255.69,0.0
L0017152,O006822,P0006,3,104.04,0.15
L0017153,O006823,P0094,1,209.36,0.0
L0017154,O006824,P0005,1,189.78,0.05
L0017155,O006824,P0123,3,230.95,0.2
L0017156,O006825,P0129,1,127.39,0.0
L0017157,O006826,P0005,3,179.79,0.1
L0017158,O006826,P0012,1,60.18,0.05
L0017159,O006826,P0117,1,244.09,0.0
L0017160,O006827,P0092,1,308.09,0.0
L0017161,O006827,P0131,3,13.96,0.0
L0017162,O006827,P0148,1,123.95,0.0
L0017163,O006828,P0117,3,231.89,0.05
L0017164,O006828,P0121,2,221.67,0.0
L0017165,O006828,P0004,1,37.63,0.0
L0017166,O006829,P0169,3,103.57,0.0
L0017167,O006829,P0002,2,264.47,0.0
L0017168,O006829,P0125,1,96.0,0.0
L0017169,O006830,P0059,3,124.7,0.0
L0017170,O006830,P0121,2,221.67,0.0
L0017171,O006830,P0014,3,127.49,0.0
L0017172,O006831,P0010,2,103.37,0.0
L0017173,O006831,P0169,1,103.57,0.0
L0017174,O006832,P0009,1,224.19,0.2
L0017175,O006832,P0028,1,146.26,0.1
L0017176,O006833,P0157,3,252.75,0.0
L0017177,O006834,P0054,3,229.99,0.0
L0017178,O006834,P0180,1,47.0,0.1
L0017179,O006834,P0123,1,288.69,0.0
L0017180,O006835,P0134,1,40.63,0.1
L0017181,O006835,P0120,1,172.31,0.2
L0017182,O006835,P0174,2,215.24,0.0
L0017183,O006835,P0027,3,306.58,0.0
L0017184,O006836,P0011,1,77.91,0.0
L0017185,O006836,P0048,1,42.89,0.2
L0017186,O006836,P0053,3,255.69,0.0
L0017187,O006836,P0054,3,229.99,0.0
L0017188,O006837,P0086,2,14.28,0.05
L0017189,O006837,P0047,1,54.73,0.0
L0017190,O006838,P0114,3,307.4,0.0
L0017191,O006838,P0076,1,99.18,0.0
L0017192,O006838,P0012,3,57.02,0.1
L0017193,O006839,P0053,2,255.69,0.0
L0017194,O006839,P0033,1,178.96,0.0
L0017195,O006839,P0048,1,48.25,0.1
L0017196,O006840,P0154,1,263.63,0.05
L0017197,O006840,P0113,1,138.3,0.0
L0017198,O006840,P0042,1,107.66,0.0
L0017199,O006841,P0072,2,101.55,0.0
L0017200,O006841,P0097,3,160.12,0.05
L0017201,O006841,P0068,2,257.38,0.1
L0017202,O006842,P0082,2,83.17,0.1
L0017203,O006842,P0151,1,233.95,0.0
L0017204,O006842,P0123,2,288.69,0.0
L0017205,O006842,P0036,3,52.13,0.0
L0017206,O006843,P0091,3,320.88,0.0
L0017207,O006843,P0057,2,58.77,0.05
L0017208,O006844,P0096,2,212.18,0.2
L0017209,O006844,P0131,3,13.96,0.0
L0017210,O006845,P0109,2,297.26,0.0
L0017211,O006846,P0119,1,197.73,0.2
L0017212,O006846,P0173,3,177.0,0.0
L0017213,O006846,P0107,1,313.17,0.0
L0017214,O006847,P0021,3,60.38,0.15
L0017215,O006848,P0059,3,112.23,0.1
L0017216,O006849,P0069,1,60.37,0.0
L0017217,O006849,P0099,1,339.39,0.0
L0017218,O006849,P0135,1,227.34,0.1
L0017219,O006849,P0057,3,61.86,0.0
L0017220,O006850,P0018,1,175.15,0.0
L0017221,O006850,P0002,2,238.02,0.1
L0017222,O006851,P0137,1,50.88,0.0
L0017223,O006852,P0096,2,225.44,0.15
L0017224,O006852,P0089,3,10.97,0.1
L0017225,O006853,P0083,2,267.02,0.0
L0017226,O006854,P0098,3,76.03,0.05
L0017227,O006854,P0143,3,239.62,0.0
L0017228,O006854,P0105,3,56.7,0.15
L0017229,O006855,P0133,3,37.5,0.15
L0017230,O006856,P0017,2,162.89,0.1
L0017231,O006856,P0114,2,245.92,0.2
L0017232,O006857,P0179,1,114.08,0.2
L0017233,O006857,P0017,3,180.99,0.0
L0017234,O006857,P0100,3,74.79,0.1
L0017235,O006857,P0064,1,321.5,0.0
L0017236,O006858,P0077,2,300.52,0.0
L0017237,O006858,P0050,1,198.45,0.0
L0017238,O006859,P0175,3,54.83,0.1
L0017239,O006860,P0149,2,42.18,0.0
L0017240,O006860,P0079,2,138.05,0.05
L0017241,O006860,P0020,3,45.59,0.0
L0017242,O006861,P0070,1,241.83,0.0
L0017243,O006861,P0023,1,157.4,0.0
L0017244,O006861,P0001,1,256.68,0.0
L0017245,O006862,P0019,3,86.97,0.0
L0017246,O006862,P0105,2,66.7,0.0
L0017247,O006862,P0038,2,177.53,0.1
L0017248,O006863,P0022,3,123.96,0.15
L0017249,O006863,P0127,3,94.92,0.0
L0017250,O006863,P0106,1,180.93,0.0
L0017251,O006863,P0113,3,138.3,0.0
L0017252,O006864,P0121,1,177.34,0.2
L0017253,O006865,P0059,2,124.7,0.0
L0017254,O006865,P0075,3,76.45,0.1
L0017255,O006866,P0022,2,116.67,0.2
L0017256,O006866,P0082,1,87.79,0.05
L0017257,O006867,P0035,3,127.08,0.0
L0017258,O006867,P0114,2,292.03,0.05
L0017259,O006868,P0034,3,163.55,0.1
L0017260,O006868,P0024,1,168.57,0.0
L0017261,O006868,P0098,1,72.03,0.1
L0017262,O006869,P0041,2,70.14,0.1
L0017263,O006869,P0055,1,12.74,0.1
L0017264,O006869,P0002,3,264.47,0.0
L0017265,O006870,P0009,1,266.23,0.05
L0017266,O006870,P0130,2,37.92,0.05
L0017267,O006870,P0105,2,60.03,0.1
L0017268,O006871,P0086,1,15.03,0.0
L0017269,O006871,P0012,3,57.02,0.1
L0017270,O006872,P0106,1,162.84,0.1
L0017271,O006872,P0046,1,307.69,0.1
L0017272,O006872,P0168,2,287.81,0.0
L0017273,O006872,P0087,3,87.53,0.1
L0017274,O006873,P0130,1,37.92,0.05
L0017275,O006873,P0078,1,300.83,0.1
L0017276,O006873,P0055,2,12.74,0.1
L0017277,O006873,P0068,1,228.78,0.2
L0017278,O006874,P0092,1,292.69,0.05
L0017279,O006874,P0126,1,257.92,0.15
L0017280,O006875,P0082,3,92.41,0.0
L0017281,O006875,P0161,2,46.68,0.15
L0017282,O006876,P0097,2,160.12,0.05
L0017283,O006876,P0009,3,280.24,0.0
L0017284,O006876,P0030,3,168.38,0.05
L0017285,O006876,P0066,3,300.18,0.0
L0017286,O006877,P0079,1,130.79,0.1
L0017287,O006877,P0058,2,262.05,0.15
L0017288,O006877,P0154,1,235.88,0.15
L0017289,O006878,P0114,1,307.4,0.0
L0017290,O006878,P0064,1,289.35,0.1
L0017291,O006879,P0024,2,160.14,0.05
L0017292,O006879,P0023,2,157.4,0.0
L0017293,O006879,P0069,3,51.31,0.15
L0017294,O006880,P0068,2,243.08,0.15
L0017295,O006880,P0136,2,36.94,0.2
L0017296,O006880,P0144,1,195.85,0.05
L0017297,O006881,P0072,3,101.55,0.0
L0017298,O006882,P0126,2,288.27,0.05
L0017299,O006882,P0089,1,9.75,0.2
L0017300,O006882,P0128,1,282.75,0.0
L0017301,O006882,P0016,1,60.22,0.0
L0017302,O006883,P0137,2,45.79,0.1
L0017303,O006884,P0149,2,37.96,0.1
L0017304,O006884,P0118,3,218.87,0.0
L0017305,O006884,P0140,1,146.63,0.05
L0017306,O006884,P0088,2,62.88,0.0
L0017307,O006885,P0059,2,124.7,0.0
L0017308,O006885,P0078,3,334.26,0.0
L0017309,O006885,P0081,3,20.01,0.15
L0017310,O006885,P0136,3,36.94,0.2
L0017311,O006886,P0130,3,39.92,0.0
L0017312,O006887,P0081,2,23.54,0.0
L0017313,O006887,P0073,3,263.38,0.0
L0017314,O006887,P0007,2,228.72,0.1
L0017315,O006888,P0035,2,127.08,0.0
L0017316,O006888,P0007,1,241.42,0.05
L0017317,O006888,P0129,2,127.39,0.0
L0017318,O006889,P0101,3,349.83,0.0
L0017319,O006889,P0141,1,255.32,0.2
L0017320,O006890,P0049,1,254.19,0.05
L0017321,O006890,P0107,1,313.17,0.0
L0017322,O006890,P0071,1,87.2,0.2
L0017323,O006890,P0024,3,168.57,0.0
L0017324,O006891,P0135,1,214.71,0.15
L0017325,O006891,P0018,1,140.12,0.2
L0017326,O006892,P0137,2,50.88,0.0
L0017327,O006892,P0120,3,183.08,0.15
L0017328,O006892,P0053,1,230.12,0.1
L0017329,O006893,P0124,3,68.89,0.0
L0017330,O006893,P0061,2,15.7,0.0
L0017331,O006894,P0011,1,77.91,0.0
L0017332,O006895,P0006,1,110.16,0.1
L0017333,O006895,P0047,3,49.26,0.1
L0017334,O006895,P0012,3,63.35,0.0
L0017335,O006895,P0136,3,46.17,0.0
L0017336,O006896,P0162,2,16.26,0.2
L0017337,O006897,P0174,2,193.72,0.1
L0017338,O006897,P0105,1,66.7,0.0
L0017339,O006897,P0126,2,273.1,0.1
L0017340,O006898,P0104,2,25.33,0.0
L0017341,O006898,P0135,1,252.6,0.0
L0017342,O006898,P0084,1,259.34,0.0
L0017343,O006899,P0048,1,53.61,0.0
L0017344,O006899,P0046,2,307.69,0.1
L0017345,O006899,P0155,3,109.53,0.1
L0017346,O006900,P0108,2,185.15,0.0
L0017347,O006900,P0080,2,202.41,0.0
L0017348,O006901,P0020,3,43.31,0.05
L0017349,O006901,P0104,2,20.26,0.2
L0017350,O006901,P0149,2,42.18,0.0
L0017351,O006901,P0135,1,252.6,0.0
L0017352,O006902,P0055,3,14.16,0.0
L0017353,O006902,P0159,3,133.69,0.0
L0017354,O006902,P0023,2,133.79,0.15
L0017355,O006902,P0124,3,68.89,0.0
L0017356,O006903,P0112,3,27.89,0.2
L0017357,O006904,P0138,3,77.99,0.15
L0017358,O006905,P0152,3,150.06,0.2
L0017359,O006905,P0129,1,127.39,0.0
L0017360,O006906,P0154,1,277.51,0.0
L0017361,O006906,P0042,1,96.89,0.1
L0017362,O006906,P0173,2,168.15,0.05
L0017363,O006906,P0179,1,142.6,0.0
L0017364,O006907,P0034,3,181.72,0.0
L0017365,O006908,P0049,1,267.57,0.0
L0017366,O006908,P0062,3,167.61,0.0
L0017367,O006909,P0161,1,49.43,0.1
L0017368,O006909,P0063,2,148.61,0.0
L0017369,O006909,P0137,3,50.88,0.0
L0017370,O006909,P0005,1,199.77,0.0
L0017371,O006910,P0125,3,96.0,0.0
L0017372,O006910,P0111,1,303.31,0.0
L0017373,O006910,P0166,2,198.82,0.0
L0017374,O006910,P0022,3,131.26,0.1
L0017375,O006911,P0091,3,320.88,0.0
L0017376,O006911,P0042,3,107.66,0.0
L0017377,O006912,P0083,1,240.32,0.1
L0017378,O006912,P0031,3,258.6,0.05
L0017379,O006912,P0025,3,137.63,0.0
L0017380,O006913,P0066,2,285.17,0.05
L0017381,O006914,P0147,1,13.69,0.15
L0017382,O006914,P0157,1,252.75,0.0
L0017383,O006914,P0026,2,59.61,0.0
L0017384,O006915,P0118,3,218.87,0.0
L0017385,O006915,P0093,3,21.93,0.0
L0017386,O006916,P0141,1,319.15,0.0
L0017387,O006916,P0013,3,38.39,0.0
L0017388,O006916,P0114,2,245.92,0.2
L0017389,O006917,P0176,3,223.57,0.0
L0017390,O006917,P0097,2,151.7,0.1
L0017391,O006917,P0004,2,30.1,0.2
L0017392,O006918,P0046,1,341.88,0.0
L0017393,O006918,P0107,1,266.19,0.15
L0017394,O006918,P0116,2,330.95,0.0
L0017395,O006918,P0143,2,227.64,0.05
L0017396,O006919,P0066,3,300.18,0.0
L0017397,O006919,P0079,3,145.32,0.0
L0017398,O006919,P0128,3,282.75,0.0
L0017399,O006920,P0060,1,275.74,0.0
L0017400,O006920,P0004,1,30.1,0.2
L0017401,O006920,P0174,2,215.24,0.0
L0017402,O006920,P0072,2,101.55,0.0
L0017403,O006921,P0174,1,215.24,0.0
L0017404,O006921,P0007,1,254.13,0.0
L0017405,O006921,P0040,3,248.71,0.0
L0017406,O006921,P0152,2,178.2,0.05
L0017407,O006922,P0017,1,180.99,0.0
L0017408,O006922,P0007,1,216.01,0.15
L0017409,O006922,P0161,3,54.92,0.0
L0017410,O006922,P0172,1,49.86,0.0
L0017411,O006923,P0045,1,277.26,0.1
L0017412,O006923,P0162,1,20.33,0.0
L0017413,O006924,P0164,2,289.97,0.0
L0017414,O006924,P0047,2,54.73,0.0
L0017415,O006924,P0100,1,78.94,0.05
L0017416,O006924,P0143,3,215.66,0.1
L0017417,O006925,P0143,2,227.64,0.05
L0017418,O006926,P0098,1,68.03,0.15
L0017419,O006927,P0100,3,83.1,0.0
L0017420,O006927,P0037,2,130.78,0.0
L0017421,O006927,P0121,3,221.67,0.0
L0017422,O006928,P0016,3,60.22,0.0
L0017423,O006928,P0014,2,101.99,0.2
L0017424,O006929,P0062,2,167.61,0.0
L0017425,O006929,P0108,2,166.64,0.1
L0017426,O006929,P0138,1,91.75,0.0
L0017427,O006930,P0135,3,252.6,0.0
L0017428,O006930,P0168,1,287.81,0.0
L0017429,O006931,P0084,2,259.34,0.0
L0017430,O006931,P0092,2,292.69,0.05
L0017431,O006931,P0106,1,180.93,0.0
L0017432,O006931,P0153,3,136.91,0.0
L0017433,O006932,P0032,2,156.15,0.0
L0017434,O006932,P0165,2,109.36,0.15
L0017435,O006933,P0060,2,275.74,0.0
L0017436,O006934,P0127,2,94.92,0.0
L0017437,O006935,P0166,3,188.88,0.05
L0017438,O006935,P0023,3,133.79,0.15
L0017439,O006935,P0107,3,297.51,0.05
L0017440,O006935,P0123,3,288.69,0.0
L0017441,O006936,P0004,3,37.63,0.0
L0017442,O006936,P0134,3,36.11,0.2
L0017443,O006936,P0001,2,231.01,0.1
L0017444,O006937,P0179,2,135.47,0.05
L0017445,O006937,P0060,3,248.17,0.1
L0017446,O006938,P0015,2,52.38,0.15
L0017447,O006939,P0110,1,254.79,0.0
L0017448,O006939,P0029,3,226.17,0.0
L0017449,O006939,P0113,1,131.38,0.05
L0017450,O006940,P0162,1,20.33,0.0
L0017451,O006940,P0112,1,34.86,0.0
L0017452,O006941,P0063,3,148.61,0.0
L0017453,O006942,P0146,2,223.61,0.2
L0017454,O006942,P0017,3,144.79,0.2
L0017455,O006942,P0060,1,248.17,0.1
L0017456,O006943,P0082,1,87.79,0.05
L0017457,O006943,P0058,3,308.29,0.0
L0017458,O006943,P0077,1,240.42,0.2
L0017459,O006944,P0174,1,215.24,0.0
L0017460,O006944,P0173,3,177.0,0.0
L0017461,O006944,P0123,2,245.39,0.15
L0017462,O006945,P0123,3,274.26,0.05
L0017463,O006945,P0050,3,158.76,0.2
L0017464,O006945,P0112,3,27.89,0.2
L0017465,O006945,P0046,3,290.6,0.15
L0017466,O006946,P0111,1,303.31,0.0
L0017467,O006946,P0130,2,39.92,0.0
L0017468,O006947,P0113,1,138.3,0.0
L0017469,O006947,P0023,2,157.4,0.0
L0017470,O006948,P0053,1,255.69,0.0
L0017471,O006949,P0057,1,55.67,0.1
L0017472,O006949,P0015,2,61.62,0.0
L0017473,O006949,P0049,1,267.57,0.0
L0017474,O006950,P0154,1,277.51,0.0
L0017475,O006950,P0163,3,233.9,0.0
L0017476,O006951,P0124,1,55.11,0.2
L0017477,O006951,P0117,3,244.09,0.0
L0017478,O006951,P0059,2,99.76,0.2
L0017479,O006952,P0113,3,138.3,0.0
L0017480,O006953,P0160,3,156.8,0.0
L0017481,O006953,P0168,1,287.81,0.0
L0017482,O006953,P0163,2,233.9,0.0
L0017483,O006953,P0115,2,162.76,0.0
L0017484,O006954,P0113,2,138.3,0.0
L0017485,O006954,P0169,3,103.57,0.0
L0017486,O006954,P0027,3,245.26,0.2
L0017487,O006955,P0171,2,88.06,0.0
L0017488,O006955,P0078,1,334.26,0.0
L0017489,O006955,P0009,1,280.24,0.0
L0017490,O006956,P0125,2,96.0,0.0
L0017491,O006956,P0011,3,66.22,0.15
L0017492,O006956,P0153,3,136.91,0.0
L0017493,O006957,P0171,3,83.66,0.05
L0017494,O006958,P0026,1,59.61,0.0
L0017495,O006958,P0162,3,18.3,0.1
L0017496,O006959,P0129,3,114.65,0.1
L0017497,O006959,P0113,3,131.38,0.05
L0017498,O006960,P0145,3,83.23,0.15
L0017499,O006960,P0094,3,209.36,0.0
L0017500,O006960,P0174,2,204.48,0.05
L0017501,O006961,P0142,3,69.25,0.1
L0017502,O006961,P0011,2,77.91,0.0
L0017503,O006961,P0144,1,175.24,0.15
L0017504,O006962,P0174,1,215.24,0.0
L0017505,O006962,P0138,2,87.16,0.05
L0017506,O006962,P0123,2,230.95,0.2
L0017507,O006963,P0107,2,266.19,0.15
L0017508,O006963,P0071,2,109.0,0.0
L0017509,O006963,P0090,2,135.94,0.0
L0017510,O006964,P0122,1,322.4,0.05
L0017511,O006964,P0178,1,210.73,0.05
L0017512,O006964,P0125,3,96.0,0.0
L0017513,O006965,P0175,1,60.92,0.0
L0017514,O006965,P0114,3,307.4,0.0
L0017515,O006966,P0029,3,226.17,0.0
L0017516,O006966,P0153,1,136.91,0.0
L0017517,O006966,P0121,2,221.67,0.0
L0017518,O006966,P0096,1,265.22,0.0
L0017519,O006967,P0055,2,14.16,0.0
L0017520,O006967,P0114,2,307.4,0.0
L0017521,O006968,P0062,2,159.23,0.05
L0017522,O006968,P0031,2,258.6,0.05
L0017523,O006968,P0155,1,121.7,0.0
L0017524,O006968,P0148,3,117.75,0.05
L0017525,O006969,P0141,2,319.15,0.0
L0017526,O006969,P0171,1,88.06,0.0
L0017527,O006969,P0133,1,41.91,0.05
L0017528,O006970,P0002,3,238.02,0.1
L0017529,O006970,P0067,3,168.39,0.05
L0017530,O006970,P0116,3,330.95,0.0
L0017531,O006970,P0125,1,96.0,0.0
L0017532,O006971,P0166,1,169.0,0.15
L0017533,O006971,P0027,1,306.58,0.0
L0017534,O006971,P0068,3,271.68,0.05
L0017535,O006971,P0122,2,305.43,0.1
L0017536,O006972,P0016,3,54.2,0.1
L0017537,O006972,P0172,1,49.86,0.0
L0017538,O006973,P0075,1,84.94,0.0
L0017539,O006973,P0170,3,242.11,0.05
L0017540,O006974,P0108,2,185.15,0.0
L0017541,O006975,P0175,3,57.87,0.05
L0017542,O006975,P0176,3,201.21,0.1
L0017543,O006975,P0017,3,171.94,0.05
L0017544,O006976,P0009,1,280.24,0.0
L0017545,O006976,P0163,1,233.9,0.0
L0017546,O006977,P0152,2,187.58,0.0
L0017547,O006977,P0155,2,103.44,0.15
L0017548,O006977,P0168,2,273.42,0.05
L0017549,O006977,P0017,1,180.99,0.0
L0017550,O006978,P0129,2,127.39,0.0
L0017551,O006978,P0045,1,261.86,0.15
L0017552,O006978,P0104,1,24.06,0.05
L0017553,O006978,P0055,2,14.16,0.0
L0017554,O006979,P0018,3,157.64,0.1
L0017555,O006979,P0051,1,53.63,0.15
L0017556,O006980,P0076,1,99.18,0.0
L0017557,O006981,P0098,3,72.03,0.1
L0017558,O006981,P0050,3,178.6,0.1
L0017559,O006981,P0093,1,18.64,0.15
L0017560,O006982,P0098,3,76.03,0.05
L0017561,O006982,P0103,2,91.56,0.1
L0017562,O006982,P0102,1,183.42,0.0
L0017563,O006983,P0040,2,211.4,0.15
L0017564,O006983,P0057,2,58.77,0.05
L0017565,O006984,P0120,2,193.85,0.1
L0017566,O006984,P0018,1,175.15,0.0
L0017567,O006984,P0026,3,59.61,0.0
L0017568,O006984,P0116,1,330.95,0.0
L0017569,O006985,P0007,3,241.42,0.05
L0017570,O006985,P0137,1,40.7,0.2
L0017571,O006986,P0146,1,279.51,0.0
L0017572,O006986,P0085,2,311.87,0.0
L0017573,O006986,P0130,3,39.92,0.0
L0017574,O006986,P0094,3,209.36,0.0
L0017575,O006987,P0013,2,36.47,0.05
L0017576,O006988,P0158,1,73.76,0.0
L0017577,O006989,P0136,3,46.17,0.0
L0017578,O006989,P0157,1,252.75,0.0
L0017579,O006990,P0092,2,308.09,0.0
L0017580,O006990,P0115,1,162.76,0.0
L0017581,O006990,P0176,2,190.03,0.15
L0017582,O006990,P0094,3,209.36,0.0
L0017583,O006991,P0160,1,156.8,0.0
L0017584,O006992,P0055,3,12.74,0.1
L0017585,O006992,P0102,3,174.25,0.05
L0017586,O006993,P0120,3,193.85,0.1
L0017587,O006993,P0173,1,159.3,0.1
L0017588,O006993,P0164,3,289.97,0.0
L0017589,O006993,P0048,2,53.61,0.0
L0017590,O006994,P0164,2,289.97,0.0
L0017591,O006994,P0078,2,334.26,0.0
L0017592,O006994,P0031,3,231.38,0.15
L0017593,O006995,P0115,2,146.48,0.1
L0017594,O006996,P0130,2,39.92,0.0
L0017595,O006997,P0019,3,78.27,0.1
L0017596,O006998,P0127,3,94.92,0.0
L0017597,O006999,P0065,3,140.88,0.0
L0017598,O006999,P0127,1,94.92,0.0
L0017599,O006999,P0032,2,132.73,0.15
L0017600,O007000,P0168,3,244.64,0.15
L0017601,O007000,P0081,1,23.54,0.0
L0017602,O007000,P0031,2,244.99,0.1
L0017603,O007001,P0076,2,89.26,0.1
L0017604,O007001,P0158,1,73.76,0.0
L0017605,O007002,P0060,1,248.17,0.1
L0017606,O007002,P0123,3,288.69,0.0
L0017607,O007003,P0173,2,177.0,0.0
L0017608,O007003,P0166,1,178.94,0.1
L0017609,O007004,P0037,1,104.62,0.2
L0017610,O007004,P0048,1,53.61,0.0
L0017611,O007005,P0141,2,319.15,0.0
L0017612,O007005,P0135,1,252.6,0.0
L0017613,O007005,P0010,1,103.37,0.0
L0017614,O007006,P0101,2,279.86,0.2
L0017615,O007006,P0151,1,233.95,0.0
L0017616,O007007,P0065,3,119.75,0.15
L0017617,O007007,P0067,2,168.39,0.05
L0017618,O007007,P0178,2,177.46,0.2
L0017619,O007007,P0033,2,178.96,0.0
L0017620,O007008,P0117,3,244.09,0.0
L0017621,O007008,P0094,1,209.36,0.0
L0017622,O007008,P0121,1,210.59,0.05
L0017623,O007009,P0152,3,150.06,0.2
L0017624,O007009,P0147,1,16.1,0.0
L0017625,O007010,P0086,2,13.53,0.1
L0017626,O007010,P0134,3,45.14,0.0
L0017627,O007010,P0094,2,209.36,0.0
L0017628,O007010,P0116,3,330.95,0.0
L0017629,O007011,P0121,1,221.67,0.0
L0017630,O007012,P0083,2,267.02,0.0
L0017631,O007012,P0014,3,101.99,0.2
L0017632,O007013,P0087,2,97.26,0.0
L0017633,O007013,P0029,2,226.17,0.0
L0017634,O007014,P0002,3,264.47,0.0
L0017635,O007014,P0066,1,255.15,0.15
L0017636,O007015,P0160,1,156.8,0.0
L0017637,O007016,P0143,3,239.62,0.0
L0017638,O007016,P0044,2,265.56,0.0
L0017639,O007017,P0155,1,115.61,0.05
L0017640,O007017,P0086,1,13.53,0.1
L0017641,O007018,P0016,1,60.22,0.0
L0017642,O007018,P0109,1,282.4,0.05
L0017643,O007018,P0123,2,288.69,0.0
L0017644,O007019,P0089,2,12.19,0.0
L0017645,O007019,P0056,2,331.8,0.0
L0017646,O007020,P0153,2,136.91,0.0
L0017647,O007020,P0101,2,349.83,0.0
L0017648,O007021,P0147,3,16.1,0.0
L0017649,O007022,P0096,1,238.7,0.1
L0017650,O007022,P0058,1,308.29,0.0
L0017651,O007023,P0100,2,83.1,0.0
L0017652,O007024,P0155,3,103.44,0.15
L0017653,O007024,P0094,3,209.36,0.0
L0017654,O007025,P0048,2,42.89,0.2
L0017655,O007025,P0117,3,207.48,0.15
L0017656,O007025,P0049,1,240.81,0.1
L0017657,O007026,P0174,1,215.24,0.0
L0017658,O007027,P0103,3,91.56,0.1
L0017659,O007027,P0175,1,60.92,0.0
L0017660,O007028,P0141,2,271.28,0.15
L0017661,O007028,P0171,1,79.25,0.1
L0017662,O007028,P0093,1,19.74,0.1
L0017663,O007029,P0035,3,127.08,0.0
L0017664,O007029,P0015,3,58.54,0.05
L0017665,O007029,P0155,3,97.36,0.2
L0017666,O007030,P0152,3,187.58,0.0
L0017667,O007030,P0173,2,159.3,0.1
L0017668,O007030,P0028,3,162.51,0.0
L0017669,O007030,P0177,1,295.0,0.0
L0017670,O007031,P0153,1,136.91,0.0
L0017671,O007032,P0098,3,80.03,0.0
L0017672,O007033,P0038,1,187.4,0.05
L0017673,O007033,P0073,2,263.38,0.0
L0017674,O007034,P0119,3,247.16,0.0
L0017675,O007034,P0040,2,223.84,0.1
L0017676,O007035,P0027,1,291.25,0.05
L0017677,O007035,P0180,1,49.61,0.05
L0017678,O007035,P0128,2,282.75,0.0
L0017679,O007035,P0036,3,52.13,0.0
L0017680,O007036,P0132,3,56.4,0.1
L0017681,O007036,P0118,3,186.04,0.15
L0017682,O007037,P0043,2,249.36,0.0
L0017683,O007038,P0020,2,45.59,0.0
L0017684,O007039,P0174,2,215.24,0.0
L0017685,O007040,P0007,1,254.13,0.0
L0017686,O007041,P0150,3,305.42,0.05
L0017687,O007041,P0072,1,101.55,0.0
L0017688,O007042,P0011,1,77.91,0.0
L0017689,O007042,P0072,1,96.47,0.05
L0017690,O007042,P0105,2,66.7,0.0
L0017691,O007042,P0091,3,304.84,0.05
L0017692,O007043,P0108,2,185.15,0.0
L0017693,O007043,P0158,2,62.7,0.15
L0017694,O007043,P0118,3,218.87,0.0
L0017695,O007044,P0107,3,297.51,0.05
L0017696,O007044,P0109,2,297.26,0.0
L0017697,O007045,P0119,3,247.16,0.0
L0017698,O007046,P0041,2,77.93,0.0
L0017699,O007046,P0046,1,324.79,0.05
L0017700,O007047,P0057,1,61.86,0.0
L0017701,O007047,P0168,3,287.81,0.0
L0017702,O007048,P0146,3,251.56,0.1
L0017703,O007048,P0149,2,35.85,0.15
L0017704,O007049,P0016,1,60.22,0.0
L0017705,O007050,P0102,2,183.42,0.0
L0017706,O007051,P0075,1,84.94,0.0
L0017707,O007051,P0116,3,330.95,0.0
L0017708,O007051,P0074,1,182.57,0.0
L0017709,O007052,P0155,3,103.44,0.15
L0017710,O007052,P0130,2,35.93,0.1
L0017711,O007052,P0141,3,287.24,0.1
L0017712,O007052,P0075,3,84.94,0.0
L0017713,O007053,P0127,2,94.92,0.0
L0017714,O007053,P0125,3,86.4,0.1
L0017715,O007054,P0110,3,254.79,0.0
L0017716,O007054,P0159,2,113.64,0.15
L0017717,O007054,P0145,3,97.92,0.0
L0017718,O007054,P0040,2,248.71,0.0
L0017719,O007055,P0134,2,45.14,0.0
L0017720,O007055,P0177,3,295.0,0.0
L0017721,O007055,P0008,2,346.93,0.0
L0017722,O007055,P0057,2,61.86,0.0
L0017723,O007056,P0114,1,307.4,0.0
L0017724,O007056,P0039,1,278.42,0.1
L0017725,O007056,P0030,3,177.24,0.0
L0017726,O007057,P0168,1,287.81,0.0
L0017727,O007057,P0164,3,289.97,0.0
L0017728,O007057,P0056,2,298.62,0.1
L0017729,O007057,P0031,2,272.21,0.0
L0017730,O007058,P0059,1,112.23,0.1
L0017731,O007059,P0019,2,86.97,0.0
L0017732,O007060,P0079,2,145.32,0.0
L0017733,O007060,P0100,1,83.1,0.0
L0017734,O007060,P0180,3,44.39,0.15
L0017735,O007060,P0055,1,14.16,0.0
L0017736,O007061,P0144,3,206.16,0.0
L0017737,O007061,P0180,1,49.61,0.05
L0017738,O007062,P0131,3,12.56,0.1
L0017739,O007062,P0015,1,61.62,0.0
L0017740,O007063,P0054,1,229.99,0.0
L0017741,O007063,P0097,1,151.7,0.1
L0017742,O007063,P0112,1,34.86,0.0
L0017743,O007064,P0138,1,77.99,0.15
L0017744,O007064,P0090,1,115.55,0.15
L0017745,O007064,P0038,2,197.26,0.0
L0017746,O007064,P0080,3,202.41,0.0
L0017747,O007065,P0069,2,54.33,0.1
L0017748,O007065,P0125,3,96.0,0.0
L0017749,O007066,P0095,3,276.95,0.0
L0017750,O007066,P0158,1,73.76,0.0
L0017751,O007067,P0051,2,56.78,0.1
L0017752,O007068,P0079,2,130.79,0.1
L0017753,O007068,P0162,3,18.3,0.1
L0017754,O007068,P0128,2,282.75,0.0
L0017755,O007069,P0157,1,214.84,0.15
L0017756,O007069,P0125,3,76.8,0.2
L0017757,O007069,P0098,1,68.03,0.15
L0017758,O007070,P0120,2,193.85,0.1
L0017759,O007071,P0117,1,231.89,0.05
L0017760,O007071,P0093,2,18.64,0.15
L0017761,O007071,P0106,1,162.84,0.1
L0017762,O007071,P0088,1,50.3,0.2
L0017763,O007072,P0156,3,283.63,0.05
L0017764,O007073,P0002,1,264.47,0.0
L0017765,O007073,P0084,3,259.34,0.0
L0017766,O007074,P0167,1,146.04,0.1
L0017767,O007074,P0041,3,77.93,0.0
L0017768,O007075,P0129,3,114.65,0.1
L0017769,O007076,P0032,3,148.34,0.05
L0017770,O007076,P0086,1,15.03,0.0
L0017771,O007077,P0131,3,11.17,0.2
L0017772,O007077,P0088,1,62.88,0.0
L0017773,O007078,P0119,1,222.44,0.1
L0017774,O007078,P0130,2,39.92,0.0
L0017775,O007078,P0123,3,259.82,0.1
L0017776,O007078,P0109,3,297.26,0.0
L0017777,O007079,P0024,3,168.57,0.0
L0017778,O007079,P0053,1,255.69,0.0
L0017779,O007080,P0057,2,61.86,0.0
L0017780,O007080,P0058,2,308.29,0.0
L0017781,O007080,P0071,3,109.0,0.0
L0017782,O007081,P0099,2,305.45,0.1
L0017783,O007081,P0122,1,339.37,0.0
L0017784,O007081,P0124,1,62.0,0.1
L0017785,O007082,P0059,3,124.7,0.0
L0017786,O007083,P0082,2,92.41,0.0
L0017787,O007083,P0106,3,171.88,0.05
L0017788,O007083,P0015,2,55.46,0.1
L0017789,O007084,P0031,2,258.6,0.05
L0017790,O007085,P0011,1,77.91,0.0
L0017791,O007086,P0007,1,254.13,0.0
L0017792,O007087,P0079,2,145.32,0.0
L0017793,O007088,P0015,2,61.62,0.0
L0017794,O007089,P0134,3,45.14,0.0
L0017795,O007089,P0022,2,145.84,0.0
L0017796,O007089,P0021,3,71.03,0.0
L0017797,O007089,P0049,1,267.57,0.0
L0017798,O007090,P0023,2,157.4,0.0
L0017799,O007090,P0093,1,21.93,0.0
L0017800,O007090,P0081,1,23.54,0.0
L0017801,O007090,P0176,2,223.57,0.0
L0017802,O007091,P0024,3,143.28,0.15
L0017803,O007092,P0035,1,127.08,0.0
L0017804,O007092,P0024,3,168.57,0.0
L0017805,O007092,P0046,1,341.88,0.0
L0017806,O007093,P0162,2,19.31,0.05
L0017807,O007093,P0138,1,82.58,0.1
L0017808,O007093,P0008,3,346.93,0.0
L0017809,O007093,P0083,1,267.02,0.0
L0017810,O007094,P0083,1,267.02,0.0
L0017811,O007094,P0155,1,115.61,0.05
L0017812,O007095,P0092,1,308.09,0.0
L0017813,O007095,P0146,1,237.58,0.15
L0017814,O007096,P0089,1,12.19,0.0
L0017815,O007096,P0106,3,162.84,0.1
L0017816,O007096,P0110,3,254.79,0.0
L0017817,O007096,P0155,1,121.7,0.0
L0017818,O007097,P0061,3,15.7,0.0
L0017819,O007097,P0042,2,86.13,0.2
L0017820,O007097,P0022,2,145.84,0.0
L0017821,O007097,P0035,3,127.08,0.0
L0017822,O007098,P0161,1,54.92,0.0
L0017823,O007099,P0031,1,244.99,0.1
L0017824,O007099,P0051,2,63.09,0.0
L0017825,O007100,P0013,2,34.55,0.1
L0017826,O007100,P0060,1,220.59,0.2
L0017827,O007100,P0057,1,55.67,0.1
L0017828,O007101,P0044,3,265.56,0.0
L0017829,O007102,P0102,2,183.42,0.0
L0017830,O007102,P0068,3,228.78,0.2
L0017831,O007102,P0075,2,84.94,0.0
L0017832,O007102,P0013,2,34.55,0.1
L0017833,O007103,P0175,2,51.78,0.15
L0017834,O007103,P0011,3,77.91,0.0
L0017835,O007104,P0172,1,44.87,0.1
L0017836,O007105,P0150,3,273.27,0.15
L0017837,O007105,P0066,1,300.18,0.0
L0017838,O007105,P0173,3,150.45,0.15
L0017839,O007106,P0042,3,107.66,0.0
L0017840,O007106,P0138,2,91.75,0.0
L0017841,O007106,P0024,1,160.14,0.05
L0017842,O007107,P0034,1,181.72,0.0
L0017843,O007108,P0161,2,46.68,0.15
L0017844,O007109,P0134,2,45.14,0.0
L0017845,O007109,P0148,1,123.95,0.0
L0017846,O007110,P0179,3,128.34,0.1
L0017847,O007110,P0106,2,171.88,0.05
L0017848,O007110,P0123,3,288.69,0.0
L0017849,O007111,P0119,1,247.16,0.0
L0017850,O007111,P0009,3,238.2,0.15
L0017851,O007111,P0024,1,168.57,0.0
L0017852,O007111,P0086,3,13.53,0.1
L0017853,O007112,P0076,1,89.26,0.1
L0017854,O007112,P0160,2,156.8,0.0
L0017855,O007112,P0144,3,206.16,0.0
L0017856,O007113,P0072,2,81.24,0.2
L0017857,O007113,P0154,3,277.51,0.0
L0017858,O007114,P0013,3,38.39,0.0
L0017859,O007114,P0134,1,42.88,0.05
L0017860,O007114,P0025,3,137.63,0.0
L0017861,O007114,P0122,1,322.4,0.05
L0017862,O007115,P0112,3,34.86,0.0
L0017863,O007115,P0031,3,272.21,0.0
L0017864,O007116,P0172,2,49.86,0.0
L0017865,O007117,P0157,2,227.47,0.1
L0017866,O007117,P0070,1,229.74,0.05
L0017867,O007118,P0150,2,289.34,0.1
L0017868,O007118,P0108,1,166.64,0.1
L0017869,O007119,P0071,2,87.2,0.2
L0017870,O007120,P0120,3,215.39,0.0
L0017871,O007120,P0052,1,159.31,0.15
L0017872,O007121,P0092,2,308.09,0.0
L0017873,O007121,P0177,1,295.0,0.0
L0017874,O007121,P0115,3,162.76,0.0
L0017875,O007122,P0157,3,252.75,0.0
L0017876,O007122,P0170,3,254.85,0.0
L0017877,O007122,P0015,1,52.38,0.15
L0017878,O007122,P0054,1,206.99,0.1
L0017879,O007123,P0153,3,116.37,0.15
L0017880,O007123,P0087,3,97.26,0.0
L0017881,O007123,P0059,3,99.76,0.2
L0017882,O007123,P0048,1,53.61,0.0
L0017883,O007124,P0060,1,275.74,0.0
L0017884,O007124,P0090,2,115.55,0.15
L0017885,O007125,P0172,1,49.86,0.0
L0017886,O007125,P0119,3,247.16,0.0
L0017887,O007125,P0039,1,309.36,0.0
L0017888,O007126,P0150,3,289.34,0.1
L0017889,O007126,P0002,3,238.02,0.1
L0017890,O007127,P0083,2,226.97,0.15
L0017891,O007127,P0121,3,210.59,0.05
L0017892,O007127,P0001,3,218.18,0.15
L0017893,O007127,P0027,3,291.25,0.05
L0017894,O007128,P0102,3,183.42,0.0
L0017895,O007128,P0081,2,23.54,0.0
L0017896,O007128,P0024,3,168.57,0.0
L0017897,O007128,P0032,3,140.53,0.1
L0017898,O007129,P0156,3,268.7,0.1
L0017899,O007129,P0110,2,242.05,0.05
L0017900,O007130,P0166,1,178.94,0.1
L0017901,O007130,P0174,3,215.24,0.0
L0017902,O007131,P0136,1,41.55,0.1
L0017903,O007131,P0140,2,138.91,0.1
L0017904,O007131,P0115,2,162.76,0.0
L0017905,O007131,P0011,3,77.91,0.0
L0017906,O007132,P0129,3,127.39,0.0
L0017907,O007132,P0105,3,53.36,0.2
L0017908,O007132,P0072,2,96.47,0.05
L0017909,O007132,P0134,1,36.11,0.2
L0017910,O007133,P0153,2,136.91,0.0
L0017911,O007133,P0003,1,244.13,0.1
L0017912,O007133,P0146,1,223.61,0.2
L0017913,O007133,P0137,3,45.79,0.1
L0017914,O007134,P0141,2,319.15,0.0
L0017915,O007135,P0127,1,80.68,0.15
L0017916,O007135,P0077,2,270.47,0.1
L0017917,O007136,P0089,2,12.19,0.0
L0017918,O007136,P0172,1,44.87,0.1
L0017919,O007137,P0022,1,145.84,0.0
L0017920,O007138,P0015,2,58.54,0.05
L0017921,O007138,P0080,2,202.41,0.0
L0017922,O007138,P0135,3,252.6,0.0
L0017923,O007138,P0109,3,297.26,0.0
L0017924,O007139,P0065,3,140.88,0.0
L0017925,O007139,P0049,2,214.06,0.2
L0017926,O007139,P0143,1,239.62,0.0
L0017927,O007140,P0076,1,99.18,0.0
L0017928,O007140,P0011,3,74.01,0.05
L0017929,O007140,P0046,3,341.88,0.0
L0017930,O007140,P0026,2,59.61,0.0
L0017931,O007141,P0099,1,339.39,0.0
L0017932,O007142,P0041,1,77.93,0.0
L0017933,O007142,P0087,3,92.4,0.05
L0017934,O007142,P0048,1,53.61,0.0
L0017935,O007143,P0035,1,127.08,0.0
L0017936,O007143,P0053,2,255.69,0.0
L0017937,O007143,P0136,1,36.94,0.2
L0017938,O007144,P0015,1,61.62,0.0
L0017939,O007144,P0089,3,10.36,0.15
L0017940,O007145,P0180,2,52.22,0.0
L0017941,O007146,P0132,1,56.4,0.1
L0017942,O007146,P0166,2,198.82,0.0
L0017943,O007146,P0163,3,210.51,0.1
L0017944,O007147,P0150,3,321.49,0.0
L0017945,O007147,P0165,3,109.36,0.15
L0017946,O007147,P0068,2,285.98,0.0
L0017947,O007147,P0178,1,221.82,0.0
L0017948,O007148,P0049,1,240.81,0.1
L0017949,O007148,P0107,1,281.85,0.1
L0017950,O007149,P0052,2,187.42,0.0
L0017951,O007149,P0084,3,259.34,0.0
L0017952,O007149,P0149,2,42.18,0.0
L0017953,O007149,P0094,2,209.36,0.0
L0017954,O007150,P0143,3,239.62,0.0
L0017955,O007150,P0114,3,292.03,0.05
L0017956,O007150,P0134,1,40.63,0.1
L0017957,O007150,P0145,2,78.34,0.2
L0017958,O007151,P0135,3,252.6,0.0
L0017959,O007152,P0017,2,180.99,0.0
L0017960,O007152,P0005,1,199.77,0.0
L0017961,O007152,P0035,1,101.66,0.2
L0017962,O007153,P0083,1,253.67,0.05
L0017963,O007153,P0095,1,249.25,0.1
L0017964,O007153,P0040,3,236.27,0.05
L0017965,O007153,P0052,3,187.42,0.0
L0017966,O007154,P0039,1,309.36,0.0
L0017967,O007154,P0106,1,162.84,0.1
L0017968,O007155,P0134,2,40.63,0.1
L0017969,O007155,P0064,2,305.43,0.05
L0017970,O007155,P0036,3,46.92,0.1
L0017971,O007155,P0143,2,239.62,0.0
L0017972,O007156,P0110,1,216.57,0.15
L0017973,O007157,P0147,1,14.49,0.1
L0017974,O007157,P0112,3,31.37,0.1
L0017975,O007158,P0085,2,296.28,0.05
L0017976,O007158,P0021,2,71.03,0.0
L0017977,O007159,P0065,3,140.88,0.0
L0017978,O007160,P0143,2,239.62,0.0
L0017979,O007160,P0078,1,267.41,0.2
L0017980,O007160,P0164,1,246.47,0.15
L0017981,O007161,P0131,1,13.96,0.0
L0017982,O007161,P0158,2,70.07,0.05
L0017983,O007161,P0169,3,103.57,0.0
L0017984,O007162,P0102,2,183.42,0.0
L0017985,O007162,P0136,2,41.55,0.1
L0017986,O007163,P0123,1,288.69,0.0
L0017987,O007163,P0154,1,277.51,0.0
L0017988,O007164,P0095,3,235.41,0.15
L0017989,O007165,P0061,2,15.7,0.0
L0017990,O007166,P0074,2,164.31,0.1
L0017991,O007166,P0021,2,71.03,0.0
L0017992,O007166,P0176,2,190.03,0.15
L0017993,O007166,P0059,2,124.7,0.0
L0017994,O007167,P0151,1,198.86,0.15
L0017995,O007167,P0090,1,135.94,0.0
L0017996,O007167,P0166,2,198.82,0.0
L0017997,O007167,P0149,2,42.18,0.0
L0017998,O007168,P0075,3,84.94,0.0
L0017999,O007169,P0158,3,73.76,0.0
L0018000,O007169,P0114,1,307.4,0.0
L0018001,O007169,P0175,2,54.83,0.1
L0018002,O007169,P0036,3,46.92,0.1
L0018003,O007170,P0034,3,181.72,0.0
L0018004,O007170,P0148,3,105.36,0.15
L0018005,O007170,P0008,3,329.58,0.05
L0018006,O007170,P0132,2,62.67,0.0
L0018007,O007171,P0127,1,94.92,0.0
L0018008,O007172,P0047,1,54.73,0.0
L0018009,O007172,P0090,3,129.14,0.05
L0018010,O007173,P0117,1,231.89,0.05
L0018011,O007174,P0024,2,168.57,0.0
L0018012,O007175,P0123,3,288.69,0.0
L0018013,O007175,P0050,1,178.6,0.1
L0018014,O007175,P0044,2,265.56,0.0
L0018015,O007175,P0107,2,313.17,0.0
L0018016,O007176,P0154,3,235.88,0.15
L0018017,O007176,P0164,3,289.97,0.0
L0018018,O007176,P0163,2,233.9,0.0
L0018019,O007177,P0056,2,315.21,0.05
L0018020,O007177,P0007,2,241.42,0.05
L0018021,O007178,P0118,1,218.87,0.0
L0018022,O007179,P0005,2,159.82,0.2
L0018023,O007179,P0008,1,294.89,0.15
L0018024,O007179,P0003,1,244.13,0.1
L0018025,O007180,P0158,3,73.76,0.0
L0018026,O007181,P0042,1,91.51,0.15
L0018027,O007181,P0103,1,91.56,0.1
L0018028,O007181,P0040,1,248.71,0.0
L0018029,O007182,P0083,1,240.32,0.1
L0018030,O007183,P0002,1,264.47,0.0
L0018031,O007183,P0071,3,109.0,0.0
L0018032,O007183,P0013,3,36.47,0.05
L0018033,O007184,P0173,1,159.3,0.1
L0018034,O007185,P0031,3,272.21,0.0
L0018035,O007185,P0029,1,214.86,0.05
L0018036,O007185,P0152,2,168.82,0.1
L0018037,O007185,P0171,2,88.06,0.0
L0018038,O007186,P0127,1,94.92,0.0
L0018039,O007186,P0055,3,14.16,0.0
L0018040,O007186,P0100,1,83.1,0.0
L0018041,O007187,P0095,2,221.56,0.2
L0018042,O007187,P0157,2,252.75,0.0
L0018043,O007187,P0136,1,46.17,0.0
L0018044,O007188,P0041,1,77.93,0.0
L0018045,O007188,P0010,2,103.37,0.0
L0018046,O007188,P0011,1,74.01,0.05
L0018047,O007189,P0047,1,54.73,0.0
L0018048,O007189,P0035,1,114.37,0.1
L0018049,O007190,P0108,1,185.15,0.0
L0018050,O007191,P0063,3,133.75,0.1
L0018051,O007192,P0108,3,185.15,0.0
L0018052,O007192,P0041,2,74.03,0.05
L0018053,O007192,P0128,2,268.61,0.05
L0018054,O007192,P0117,1,219.68,0.1
L0018055,O007193,P0050,1,178.6,0.1
L0018056,O007193,P0064,1,305.43,0.05
L0018057,O007193,P0150,2,321.49,0.0
L0018058,O007193,P0107,1,313.17,0.0
L0018059,O007194,P0019,2,86.97,0.0
L0018060,O007194,P0143,3,239.62,0.0
L0018061,O007195,P0018,2,175.15,0.0
L0018062,O007195,P0147,3,16.1,0.0
L0018063,O007196,P0025,3,123.87,0.1
L0018064,O007197,P0051,2,53.63,0.15
L0018065,O007197,P0063,3,133.75,0.1
L0018066,O007198,P0089,2,12.19,0.0
L0018067,O007198,P0104,1,21.53,0.15
L0018068,O007198,P0068,2,271.68,0.05
L0018069,O007199,P0025,2,137.63,0.0
L0018070,O007199,P0097,1,143.27,0.15
L0018071,O007199,P0136,3,39.24,0.15
L0018072,O007200,P0007,2,216.01,0.15
L0018073,O007200,P0134,2,42.88,0.05
L0018074,O007200,P0017,3,162.89,0.1
L0018075,O007201,P0017,2,180.99,0.0
L0018076,O007201,P0019,1,86.97,0.0
L0018077,O007201,P0061,1,15.7,0.0
L0018078,O007201,P0078,3,300.83,0.1
L0018079,O007202,P0063,2,126.32,0.15
L0018080,O007203,P0021,2,71.03,0.0
L0018081,O007204,P0141,1,319.15,0.0
L0018082,O007204,P0035,1,127.08,0.0
L0018083,O007204,P0042,2,91.51,0.15
L0018084,O007204,P0149,1,42.18,0.0
L0018085,O007205,P0070,2,205.56,0.15
L0018086,O007205,P0081,1,22.36,0.05
L0018087,O007205,P0057,2,61.86,0.0
L0018088,O007205,P0088,1,59.74,0.05
L0018089,O007206,P0125,2,81.6,0.15
L0018090,O007207,P0124,3,68.89,0.0
L0018091,O007208,P0094,1,198.89,0.05
L0018092,O007209,P0023,1,157.4,0.0
L0018093,O007210,P0121,3,221.67,0.0
L0018094,O007210,P0062,1,167.61,0.0
L0018095,O007211,P0091,3,272.75,0.15
L0018096,O007212,P0146,3,251.56,0.1
L0018097,O007212,P0083,1,226.97,0.15
L0018098,O007212,P0117,2,219.68,0.1
L0018099,O007213,P0150,1,321.49,0.0
L0018100,O007214,P0015,2,55.46,0.1
L0018101,O007214,P0136,3,46.17,0.0
L0018102,O007214,P0120,2,215.39,0.0
L0018103,O007214,P0086,1,15.03,0.0
L0018104,O007215,P0155,2,103.44,0.15
L0018105,O007215,P0095,3,276.95,0.0
L0018106,O007215,P0003,1,217.01,0.2
L0018107,O007216,P0034,1,181.72,0.0
L0018108,O007216,P0065,1,140.88,0.0
L0018109,O007216,P0147,2,16.1,0.0
L0018110,O007216,P0107,1,313.17,0.0
L0018111,O007217,P0154,2,277.51,0.0
L0018112,O007217,P0116,3,314.4,0.05
L0018113,O007217,P0029,1,226.17,0.0
L0018114,O007218,P0063,3,148.61,0.0
L0018115,O007218,P0090,3,135.94,0.0
L0018116,O007218,P0074,3,182.57,0.0
L0018117,O007218,P0032,3,156.15,0.0
L0018118,O007219,P0129,3,127.39,0.0
L0018119,O007219,P0119,2,247.16,0.0
L0018120,O007220,P0144,2,206.16,0.0
L0018121,O007220,P0104,1,22.8,0.1
L0018122,O007220,P0075,3,84.94,0.0
L0018123,O007220,P0099,2,322.42,0.05
L0018124,O007221,P0077,2,270.47,0.1
L0018125,O007221,P0017,2,162.89,0.1
L0018126,O007221,P0177,2,295.0,0.0
L0018127,O007221,P0096,1,238.7,0.1
L0018128,O007222,P0033,1,178.96,0.0
L0018129,O007222,P0087,2,82.67,0.15
L0018130,O007222,P0124,1,68.89,0.0
L0018131,O007222,P0145,1,97.92,0.0
L0018132,O007223,P0045,1,277.26,0.1
L0018133,O007224,P0120,2,215.39,0.0
L0018134,O007224,P0026,3,56.63,0.05
L0018135,O007224,P0169,3,103.57,0.0
L0018136,O007224,P0027,2,306.58,0.0
L0018137,O007225,P0078,1,334.26,0.0
L0018138,O007225,P0014,2,114.74,0.1
L0018139,O007226,P0055,2,12.04,0.15
L0018140,O007226,P0014,1,127.49,0.0
L0018141,O007226,P0066,2,300.18,0.0
L0018142,O007226,P0122,2,339.37,0.0
L0018143,O007227,P0179,2,142.6,0.0
L0018144,O007228,P0101,1,314.85,0.1
L0018145,O007228,P0128,3,254.47,0.1
L0018146,O007228,P0103,3,81.38,0.2
L0018147,O007228,P0008,1,346.93,0.0
L0018148,O007229,P0099,1,339.39,0.0
L0018149,O007229,P0016,1,60.22,0.0
L0018150,O007230,P0046,1,341.88,0.0
L0018151,O007231,P0105,2,56.7,0.15
L0018152,O007232,P0149,1,42.18,0.0
L0018153,O007232,P0116,2,281.31,0.15
L0018154,O007232,P0034,1,163.55,0.1
L0018155,O007232,P0121,3,188.42,0.15
L0018156,O007233,P0141,3,319.15,0.0
L0018157,O007233,P0122,1,339.37,0.0
L0018158,O007234,P0136,2,41.55,0.1
L0018159,O007235,P0060,1,234.38,0.15
L0018160,O007235,P0126,3,303.44,0.0
L0018161,O007236,P0097,1,168.55,0.0
L0018162,O007236,P0157,3,202.2,0.2
L0018163,O007237,P0150,3,273.27,0.15
L0018164,O007238,P0089,1,12.19,0.0
L0018165,O007239,P0039,3,262.96,0.15
L0018166,O007239,P0109,2,237.81,0.2
L0018167,O007239,P0090,3,115.55,0.15
L0018168,O007240,P0036,1,46.92,0.1
L0018169,O007240,P0050,1,198.45,0.0
L0018170,O007240,P0113,3,138.3,0.0
L0018171,O007241,P0126,2,303.44,0.0
L0018172,O007242,P0080,3,182.17,0.1
L0018173,O007242,P0057,2,52.58,0.15
L0018174,O007242,P0047,3,43.78,0.2
L0018175,O007243,P0138,2,77.99,0.15
L0018176,O007244,P0128,2,282.75,0.0
L0018177,O007244,P0149,1,42.18,0.0
L0018178,O007244,P0118,1,218.87,0.0
L0018179,O007245,P0003,1,271.26,0.0
L0018180,O007245,P0120,3,193.85,0.1
L0018181,O007245,P0170,1,254.85,0.0
L0018182,O007246,P0061,3,15.7,0.0
L0018183,O007247,P0004,3,37.63,0.0
L0018184,O007247,P0167,3,162.27,0.0
L0018185,O007247,P0180,2,47.0,0.1
L0018186,O007248,P0003,1,244.13,0.1
L0018187,O007248,P0111,1,303.31,0.0
L0018188,O007249,P0013,2,38.39,0.0
L0018189,O007249,P0028,3,162.51,0.0
L0018190,O007249,P0082,1,87.79,0.05
L0018191,O007250,P0139,3,284.51,0.0
L0018192,O007250,P0147,1,16.1,0.0
L0018193,O007251,P0135,3,252.6,0.0
L0018194,O007251,P0178,3,199.64,0.1
L0018195,O007252,P0157,2,240.11,0.05
L0018196,O007252,P0083,1,213.62,0.2
L0018197,O007252,P0146,1,279.51,0.0
L0018198,O007253,P0040,2,248.71,0.0
L0018199,O007254,P0122,2,339.37,0.0
L0018200,O007254,P0102,1,183.42,0.0
L0018201,O007254,P0012,2,53.85,0.15
L0018202,O007255,P0177,1,250.75,0.15
L0018203,O007255,P0111,3,303.31,0.0
L0018204,O007255,P0100,2,83.1,0.0
L0018205,O007256,P0029,2,192.24,0.15
L0018206,O007256,P0118,1,218.87,0.0
L0018207,O007257,P0101,2,349.83,0.0
L0018208,O007258,P0032,3,156.15,0.0
L0018209,O007259,P0092,1,292.69,0.05
L0018210,O007259,P0039,3,262.96,0.15
L0018211,O007259,P0175,1,60.92,0.0
L0018212,O007259,P0009,1,252.22,0.1
L0018213,O007260,P0141,1,303.19,0.05
L0018214,O007260,P0156,3,253.78,0.15
L0018215,O007261,P0016,1,54.2,0.1
L0018216,O007261,P0144,3,195.85,0.05
L0018217,O007261,P0112,1,34.86,0.0
L0018218,O007262,P0062,1,150.85,0.1
L0018219,O007263,P0130,3,39.92,0.0
L0018220,O007263,P0070,2,241.83,0.0
L0018221,O007264,P0125,3,91.2,0.05
L0018222,O007265,P0111,1,303.31,0.0
L0018223,O007265,P0077,2,300.52,0.0
L0018224,O007266,P0086,2,15.03,0.0
L0018225,O007266,P0050,3,168.68,0.15
L0018226,O007266,P0021,2,67.48,0.05
L0018227,O007267,P0025,2,123.87,0.1
L0018228,O007267,P0128,2,254.47,0.1
L0018229,O007267,P0084,3,233.41,0.1
L0018230,O007268,P0038,3,197.26,0.0
L0018231,O007268,P0149,2,37.96,0.1
L0018232,O007268,P0146,2,279.51,0.0
L0018233,O007269,P0058,1,308.29,0.0
L0018234,O007269,P0118,2,207.93,0.05
L0018235,O007269,P0055,3,14.16,0.0
L0018236,O007269,P0006,2,122.4,0.0
L0018237,O007270,P0128,2,268.61,0.05
L0018238,O007270,P0006,2,122.4,0.0
L0018239,O007270,P0009,1,280.24,0.0
L0018240,O007270,P0098,2,68.03,0.15
L0018241,O007271,P0032,1,140.53,0.1
L0018242,O007271,P0089,1,12.19,0.0
L0018243,O007271,P0171,1,79.25,0.1
L0018244,O007272,P0045,1,308.07,0.0
L0018245,O007272,P0073,2,250.21,0.05
L0018246,O007272,P0157,2,252.75,0.0
L0018247,O007272,P0012,1,60.18,0.05
L0018248,O007273,P0055,2,12.74,0.1
L0018249,O007273,P0063,2,141.18,0.05
L0018250,O007273,P0144,1,185.54,0.1
L0018251,O007273,P0065,2,140.88,0.0
L0018252,O007274,P0082,3,92.41,0.0
L0018253,O007275,P0066,2,300.18,0.0
L0018254,O007275,P0133,1,44.12,0.0
L0018255,O007276,P0080,2,172.05,0.15
L0018256,O007276,P0037,3,130.78,0.0
L0018257,O007276,P0151,1,233.95,0.0
L0018258,O007276,P0078,3,334.26,0.0
L0018259,O007277,P0039,1,309.36,0.0
L0018260,O007277,P0035,2,127.08,0.0
L0018261,O007277,P0041,1,77.93,0.0
L0018262,O007278,P0068,2,257.38,0.1
L0018263,O007278,P0022,1,145.84,0.0
L0018264,O007278,P0064,2,321.5,0.0
L0018265,O007278,P0026,3,47.69,0.2
L0018266,O007279,P0128,3,268.61,0.05
L0018267,O007279,P0144,1,206.16,0.0
L0018268,O007280,P0177,3,295.0,0.0
L0018269,O007280,P0067,2,177.25,0.0
L0018270,O007280,P0030,1,150.65,0.15
L0018271,O007281,P0013,2,30.71,0.2
L0018272,O007282,P0112,3,34.86,0.0
L0018273,O007283,P0007,1,216.01,0.15
L0018274,O007284,P0038,1,177.53,0.1
L0018275,O007284,P0081,1,22.36,0.05
L0018276,O007284,P0106,2,180.93,0.0
L0018277,O007285,P0048,1,48.25,0.1
L0018278,O007285,P0151,2,233.95,0.0
L0018279,O007286,P0101,2,314.85,0.1
L0018280,O007286,P0028,1,146.26,0.1
L0018281,O007286,P0115,3,162.76,0.0
L0018282,O007287,P0062,2,167.61,0.0
L0018283,O007287,P0003,2,271.26,0.0
L0018284,O007288,P0145,1,97.92,0.0
L0018285,O007289,P0137,2,40.7,0.2
L0018286,O007290,P0145,2,97.92,0.0
L0018287,O007290,P0172,1,39.89,0.2
L0018288,O007290,P0130,2,39.92,0.0
L0018289,O007290,P0115,2,154.62,0.05
L0018290,O007291,P0141,1,287.24,0.1
L0018291,O007292,P0116,3,264.76,0.2
L0018292,O007292,P0051,2,56.78,0.1
L0018293,O007293,P0015,3,61.62,0.0
L0018294,O007293,P0175,1,54.83,0.1
L0018295,O007293,P0089,2,12.19,0.0
L0018296,O007294,P0022,2,131.26,0.1
L0018297,O007294,P0139,1,284.51,0.0
L0018298,O007295,P0120,1,215.39,0.0
L0018299,O007295,P0002,3,264.47,0.0
L0018300,O007296,P0132,2,62.67,0.0
L0018301,O007296,P0075,2,76.45,0.1
L0018302,O007296,P0177,2,295.0,0.0
L0018303,O007297,P0053,3,217.34,0.15
L0018304,O007298,P0068,1,285.98,0.0
L0018305,O007298,P0066,1,300.18,0.0
L0018306,O007298,P0156,1,298.56,0.0
L0018307,O007299,P0106,3,171.88,0.05
L0018308,O007299,P0178,3,210.73,0.05
L0018309,O007299,P0096,3,225.44,0.15
L0018310,O007300,P0013,3,38.39,0.0
L0018311,O007300,P0170,1,254.85,0.0
L0018312,O007300,P0085,2,311.87,0.0
L0018313,O007301,P0013,1,38.39,0.0
L0018314,O007301,P0108,3,185.15,0.0
L0018315,O007301,P0074,3,164.31,0.1
L0018316,O007301,P0019,1,86.97,0.0
L0018317,O007302,P0117,3,244.09,0.0
L0018318,O007302,P0060,3,275.74,0.0
L0018319,O007302,P0085,1,249.5,0.2
L0018320,O007303,P0114,2,292.03,0.05
L0018321,O007303,P0092,1,308.09,0.0
L0018322,O007303,P0100,2,83.1,0.0
L0018323,O007304,P0177,3,236.0,0.2
L0018324,O007304,P0134,2,45.14,0.0
L0018325,O007304,P0113,1,138.3,0.0
L0018326,O007305,P0099,2,339.39,0.0
L0018327,O007305,P0084,2,259.34,0.0
L0018328,O007305,P0103,1,101.73,0.0
L0018329,O007306,P0008,3,346.93,0.0
L0018330,O007306,P0045,2,261.86,0.15
L0018331,O007306,P0047,1,51.99,0.05
L0018332,O007306,P0023,2,141.66,0.1
L0018333,O007307,P0033,3,178.96,0.0
L0018334,O007307,P0056,2,331.8,0.0
L0018335,O007308,P0131,3,13.96,0.0
L0018336,O007308,P0035,3,127.08,0.0
L0018337,O007308,P0079,1,145.32,0.0
L0018338,O007309,P0005,3,179.79,0.1
L0018339,O007309,P0034,3,181.72,0.0
L0018340,O007309,P0131,1,13.96,0.0
L0018341,O007310,P0120,3,215.39,0.0
L0018342,O007310,P0111,3,303.31,0.0
L0018343,O007310,P0081,1,23.54,0.0
L0018344,O007311,P0012,1,63.35,0.0
L0018345,O007312,P0013,2,38.39,0.0
L0018346,O007312,P0043,3,249.36,0.0
L0018347,O007312,P0167,2,146.04,0.1
L0018348,O007312,P0029,2,226.17,0.0
L0018349,O007313,P0035,3,127.08,0.0
L0018350,O007313,P0008,1,346.93,0.0
L0018351,O007314,P0122,1,339.37,0.0
L0018352,O007315,P0035,2,127.08,0.0
L0018353,O007315,P0119,2,234.8,0.05
L0018354,O007316,P0055,2,13.45,0.05
L0018355,O007316,P0143,2,239.62,0.0
L0018356,O007317,P0088,2,59.74,0.05
L0018357,O007317,P0138,3,91.75,0.0
L0018358,O007317,P0006,2,122.4,0.0
L0018359,O007318,P0065,2,140.88,0.0
L0018360,O007318,P0092,1,277.28,0.1
L0018361,O007318,P0038,1,197.26,0.0
L0018362,O007319,P0100,2,66.48,0.2
L0018363,O007319,P0164,3,289.97,0.0
L0018364,O007319,P0094,3,209.36,0.0
L0018365,O007319,P0074,3,182.57,0.0
L0018366,O007320,P0092,2,277.28,0.1
L0018367,O007320,P0013,2,38.39,0.0
L0018368,O007320,P0132,3,59.54,0.05
L0018369,O007321,P0035,3,127.08,0.0
L0018370,O007322,P0146,1,279.51,0.0
L0018371,O007322,P0118,1,218.87,0.0
L0018372,O007322,P0179,2,142.6,0.0
L0018373,O007322,P0027,2,306.58,0.0
L0018374,O007323,P0160,3,156.8,0.0
L0018375,O007324,P0103,3,101.73,0.0
L0018376,O007324,P0014,2,114.74,0.1
L0018377,O007325,P0079,3,145.32,0.0
L0018378,O007325,P0163,1,210.51,0.1
L0018379,O007325,P0152,3,187.58,0.0
L0018380,O007325,P0167,3,162.27,0.0
L0018381,O007326,P0079,2,123.52,0.15
L0018382,O007327,P0007,3,228.72,0.1
L0018383,O007328,P0066,2,300.18,0.0
L0018384,O007328,P0109,2,297.26,0.0
L0018385,O007329,P0147,2,16.1,0.0
L0018386,O007330,P0172,3,47.37,0.05
L0018387,O007330,P0013,3,38.39,0.0
L0018388,O007331,P0138,2,91.75,0.0
L0018389,O007331,P0140,2,138.91,0.1
L0018390,O007331,P0110,1,229.31,0.1
L0018391,O007331,P0026,1,59.61,0.0
L0018392,O007332,P0084,1,246.37,0.05
L0018393,O007332,P0171,3,79.25,0.1
L0018394,O007332,P0118,3,218.87,0.0
L0018395,O007332,P0077,3,285.49,0.05
L0018396,O007333,P0179,2,135.47,0.05
L0018397,O007334,P0012,2,63.35,0.0
L0018398,O007335,P0011,3,66.22,0.15
L0018399,O007336,P0123,1,230.95,0.2
L0018400,O007336,P0011,1,70.12,0.1
L0018401,O007337,P0170,3,216.62,0.15
L0018402,O007338,P0154,2,277.51,0.0
L0018403,O007339,P0098,3,80.03,0.0
L0018404,O007339,P0171,1,88.06,0.0
L0018405,O007339,P0093,1,21.93,0.0
L0018406,O007339,P0139,2,284.51,0.0
L0018407,O007340,P0155,3,121.7,0.0
L0018408,O007340,P0148,3,99.16,0.2
L0018409,O007341,P0033,2,178.96,0.0
L0018410,O007341,P0171,1,74.85,0.15
L0018411,O007341,P0014,1,127.49,0.0
L0018412,O007342,P0018,2,166.39,0.05
L0018413,O007342,P0065,1,140.88,0.0
L0018414,O007342,P0053,2,204.55,0.2
L0018415,O007342,P0024,1,134.86,0.2
L0018416,O007343,P0110,2,254.79,0.0
L0018417,O007343,P0121,2,199.5,0.1
L0018418,O007343,P0037,1,130.78,0.0
L0018419,O007344,P0099,2,305.45,0.1
L0018420,O007344,P0097,2,160.12,0.05
L0018421,O007344,P0044,1,265.56,0.0
L0018422,O007345,P0066,3,270.16,0.1
L0018423,O007346,P0142,1,76.94,0.0
L0018424,O007346,P0015,1,61.62,0.0
L0018425,O007347,P0139,3,284.51,0.0
L0018426,O007347,P0066,2,300.18,0.0
L0018427,O007348,P0014,3,114.74,0.1
L0018428,O007348,P0053,3,255.69,0.0
L0018429,O007348,P0036,1,44.31,0.15
L0018430,O007349,P0037,2,117.7,0.1
L0018431,O007349,P0167,1,162.27,0.0
L0018432,O007350,P0013,2,36.47,0.05
L0018433,O007350,P0136,1,41.55,0.1
L0018434,O007350,P0094,1,209.36,0.0
L0018435,O007351,P0022,3,131.26,0.1
L0018436,O007351,P0133,2,44.12,0.0
L0018437,O007351,P0174,2,215.24,0.0
L0018438,O007351,P0023,3,141.66,0.1
L0018439,O007352,P0031,1,272.21,0.0
L0018440,O007352,P0123,2,288.69,0.0
L0018441,O007352,P0046,1,341.88,0.0
L0018442,O007353,P0165,2,109.36,0.15
L0018443,O007353,P0072,2,101.55,0.0
L0018444,O007353,P0129,1,121.02,0.05
L0018445,O007354,P0132,1,62.67,0.0
L0018446,O007354,P0074,1,146.06,0.2
L0018447,O007354,P0105,3,66.7,0.0
L0018448,O007355,P0139,2,284.51,0.0
L0018449,O007356,P0116,2,330.95,0.0
L0018450,O007356,P0132,2,50.14,0.2
L0018451,O007356,P0036,3,52.13,0.0
L0018452,O007356,P0045,2,308.07,0.0
L0018453,O007357,P0156,2,298.56,0.0
L0018454,O007358,P0135,3,239.97,0.05
L0018455,O007358,P0175,2,51.78,0.15
L0018456,O007358,P0084,2,246.37,0.05
L0018457,O007358,P0114,1,261.29,0.15
L0018458,O007359,P0164,3,246.47,0.15
L0018459,O007359,P0109,3,252.67,0.15
L0018460,O007359,P0033,1,152.12,0.15
L0018461,O007359,P0024,3,168.57,0.0
L0018462,O007360,P0127,1,94.92,0.0
L0018463,O007361,P0078,2,334.26,0.0
L0018464,O007361,P0067,1,177.25,0.0
L0018465,O007361,P0061,3,14.91,0.05
L0018466,O007362,P0064,3,321.5,0.0
L0018467,O007362,P0024,1,168.57,0.0
L0018468,O007362,P0154,3,277.51,0.0
L0018469,O007362,P0124,2,68.89,0.0
L0018470,O007363,P0034,3,181.72,0.0
L0018471,O007364,P0047,3,54.73,0.0
L0018472,O007364,P0094,3,209.36,0.0
L0018473,O007364,P0040,2,248.71,0.0
L0018474,O007365,P0047,2,54.73,0.0
L0018475,O007366,P0106,3,162.84,0.1
L0018476,O007366,P0011,2,74.01,0.05
L0018477,O007366,P0081,1,23.54,0.0
L0018478,O007367,P0145,2,83.23,0.15
L0018479,O007367,P0017,1,162.89,0.1
L0018480,O007368,P0177,1,295.0,0.0
L0018481,O007368,P0116,3,330.95,0.0
L0018482,O007369,P0160,3,125.44,0.2
L0018483,O007369,P0065,3,140.88,0.0
L0018484,O007370,P0088,3,62.88,0.0
L0018485,O007370,P0048,3,53.61,0.0
L0018486,O007370,P0049,1,214.06,0.2
L0018487,O007371,P0105,3,63.37,0.05
L0018488,O007371,P0137,1,40.7,0.2
L0018489,O007371,P0060,1,261.95,0.05
L0018490,O007371,P0004,1,37.63,0.0
L0018491,O007372,P0080,2,202.41,0.0
L0018492,O007372,P0103,1,86.47,0.15
L0018493,O007372,P0037,1,111.16,0.15
L0018494,O007373,P0018,3,175.15,0.0
L0018495,O007373,P0053,2,255.69,0.0
L0018496,O007373,P0089,2,12.19,0.0
L0018497,O007374,P0151,3,187.16,0.2
L0018498,O007374,P0070,1,229.74,0.05
L0018499,O007374,P0021,3,63.93,0.1
L0018500,O007374,P0147,2,16.1,0.0
L0018501,O007375,P0137,2,50.88,0.0
L0018502,O007375,P0155,3,121.7,0.0
L0018503,O007376,P0162,1,20.33,0.0
L0018504,O007376,P0132,2,62.67,0.0
L0018505,O007376,P0126,3,242.75,0.2
L0018506,O007377,P0008,2,312.24,0.1
L0018507,O007378,P0025,2,123.87,0.1
L0018508,O007379,P0107,2,313.17,0.0
L0018509,O007380,P0010,2,93.03,0.1
L0018510,O007380,P0170,2,254.85,0.0
L0018511,O007380,P0126,1,303.44,0.0
L0018512,O007381,P0132,3,62.67,0.0
L0018513,O007381,P0112,1,34.86,0.0
L0018514,O007381,P0092,2,308.09,0.0
L0018515,O007381,P0149,2,40.07,0.05
L0018516,O007382,P0155,3,103.44,0.15
L0018517,O007382,P0152,2,187.58,0.0
L0018518,O007382,P0074,2,173.44,0.05
L0018519,O007382,P0127,3,94.92,0.0
L0018520,O007383,P0125,3,96.0,0.0
L0018521,O007383,P0165,3,128.66,0.0
L0018522,O007384,P0120,3,204.62,0.05
L0018523,O007384,P0104,1,25.33,0.0
L0018524,O007384,P0061,3,15.7,0.0
L0018525,O007384,P0121,2,210.59,0.05
L0018526,O007385,P0091,3,320.88,0.0
L0018527,O007385,P0059,2,118.47,0.05
L0018528,O007386,P0042,2,107.66,0.0
L0018529,O007387,P0131,3,13.96,0.0
L0018530,O007388,P0054,2,206.99,0.1
L0018531,O007389,P0180,1,49.61,0.05
L0018532,O007389,P0071,3,109.0,0.0
L0018533,O007389,P0061,1,15.7,0.0
L0018534,O007389,P0147,1,12.88,0.2
L0018535,O007390,P0143,2,239.62,0.0
L0018536,O007390,P0014,3,121.12,0.05
L0018537,O007391,P0040,3,248.71,0.0
L0018538,O007392,P0179,1,142.6,0.0
L0018539,O007393,P0172,3,49.86,0.0
L0018540,O007393,P0123,1,288.69,0.0
L0018541,O007394,P0052,2,149.94,0.2
L0018542,O007394,P0095,2,221.56,0.2
L0018543,O007394,P0127,3,94.92,0.0
L0018544,O007394,P0145,3,97.92,0.0
L0018545,O007395,P0155,3,115.61,0.05
L0018546,O007395,P0059,2,124.7,0.0
L0018547,O007396,P0063,2,148.61,0.0
L0018548,O007396,P0078,3,334.26,0.0
L0018549,O007396,P0093,3,20.83,0.05
L0018550,O007396,P0173,3,177.0,0.0
L0018551,O007397,P0119,2,247.16,0.0
L0018552,O007398,P0010,1,103.37,0.0
L0018553,O007399,P0079,1,138.05,0.05
L0018554,O007399,P0056,2,265.44,0.2
L0018555,O007399,P0109,3,297.26,0.0
L0018556,O007400,P0019,2,86.97,0.0
L0018557,O007400,P0104,3,20.26,0.2
L0018558,O007400,P0163,3,222.2,0.05
L0018559,O007401,P0050,1,198.45,0.0
L0018560,O007401,P0105,1,53.36,0.2
L0018561,O007401,P0151,2,187.16,0.2
L0018562,O007402,P0017,1,162.89,0.1
L0018563,O007402,P0048,2,53.61,0.0
L0018564,O007402,P0009,2,280.24,0.0
L0018565,O007402,P0116,2,314.4,0.05
L0018566,O007403,P0105,1,66.7,0.0
L0018567,O007404,P0001,2,256.68,0.0
L0018568,O007404,P0107,1,313.17,0.0
L0018569,O007404,P0113,3,124.47,0.1
L0018570,O007404,P0144,2,206.16,0.0
L0018571,O007405,P0157,1,227.47,0.1
L0018572,O007405,P0064,2,321.5,0.0
L0018573,O007405,P0117,2,244.09,0.0
L0018574,O007405,P0177,2,295.0,0.0
L0018575,O007406,P0180,1,41.78,0.2
L0018576,O007406,P0026,2,59.61,0.0
L0018577,O007406,P0055,2,12.74,0.1
L0018578,O007406,P0066,3,300.18,0.0
L0018579,O007407,P0109,1,252.67,0.15
L0018580,O007407,P0152,2,187.58,0.0
L0018581,O007408,P0030,1,177.24,0.0
L0018582,O007408,P0043,2,249.36,0.0
L0018583,O007408,P0021,3,71.03,0.0
L0018584,O007408,P0032,3,148.34,0.05
L0018585,O007409,P0069,1,57.35,0.05
L0018586,O007409,P0042,1,107.66,0.0
L0018587,O007409,P0073,1,263.38,0.0
L0018588,O007410,P0112,2,34.86,0.0
L0018589,O007410,P0008,1,346.93,0.0
L0018590,O007411,P0170,2,229.37,0.1
L0018591,O007411,P0174,1,182.95,0.15
L0018592,O007412,P0009,3,266.23,0.05
L0018593,O007413,P0114,2,307.4,0.0
L0018594,O007414,P0024,1,168.57,0.0
L0018595,O007415,P0066,3,270.16,0.1
L0018596,O007415,P0124,1,68.89,0.0
L0018597,O007415,P0149,2,35.85,0.15
L0018598,O007415,P0045,1,308.07,0.0
L0018599,O007416,P0099,3,339.39,0.0
L0018600,O007416,P0060,2,275.74,0.0
L0018601,O007416,P0077,2,300.52,0.0
L0018602,O007416,P0155,2,121.7,0.0
L0018603,O007417,P0127,1,90.17,0.05
L0018604,O007418,P0116,1,330.95,0.0
L0018605,O007418,P0074,2,173.44,0.05
L0018606,O007419,P0030,1,177.24,0.0
L0018607,O007419,P0028,1,138.13,0.15
L0018608,O007419,P0107,1,313.17,0.0
L0018609,O007420,P0094,3,188.42,0.1
L0018610,O007420,P0060,2,248.17,0.1
L0018611,O007420,P0047,3,54.73,0.0
L0018612,O007421,P0035,2,127.08,0.0
L0018613,O007422,P0104,3,25.33,0.0
L0018614,O007422,P0119,3,247.16,0.0
L0018615,O007422,P0045,1,261.86,0.15
L0018616,O007422,P0084,2,259.34,0.0
L0018617,O007423,P0141,3,303.19,0.05
L0018618,O007423,P0029,1,226.17,0.0
L0018619,O007424,P0096,2,225.44,0.15
L0018620,O007424,P0122,3,288.46,0.15
L0018621,O007424,P0144,2,185.54,0.1
L0018622,O007425,P0094,2,209.36,0.0
L0018623,O007425,P0175,3,60.92,0.0
L0018624,O007425,P0062,3,167.61,0.0
L0018625,O007426,P0170,3,229.37,0.1
L0018626,O007426,P0156,3,298.56,0.0
L0018627,O007427,P0057,3,61.86,0.0
L0018628,O007428,P0147,3,13.69,0.15
L0018629,O007428,P0043,2,236.89,0.05
L0018630,O007428,P0116,2,330.95,0.0
L0018631,O007428,P0135,3,252.6,0.0
L0018632,O007429,P0072,2,101.55,0.0
L0018633,O007429,P0117,1,231.89,0.05
L0018634,O007429,P0035,1,114.37,0.1
L0018635,O007429,P0050,1,198.45,0.0
L0018636,O007430,P0026,3,47.69,0.2
L0018637,O007430,P0002,1,264.47,0.0
L0018638,O007430,P0150,2,321.49,0.0
L0018639,O007431,P0042,2,107.66,0.0
L0018640,O007432,P0141,2,271.28,0.15
L0018641,O007433,P0046,2,273.5,0.2
L0018642,O007434,P0003,2,271.26,0.0
L0018643,O007434,P0080,2,182.17,0.1
L0018644,O007434,P0016,2,51.19,0.15
L0018645,O007435,P0006,1,116.28,0.05
L0018646,O007435,P0096,2,265.22,0.0
L0018647,O007435,P0112,3,34.86,0.0
L0018648,O007436,P0038,1,187.4,0.05
L0018649,O007437,P0163,1,233.9,0.0
L0018650,O007437,P0064,2,305.43,0.05
L0018651,O007437,P0151,2,198.86,0.15
L0018652,O007438,P0098,1,76.03,0.05
L0018653,O007438,P0113,2,138.3,0.0
L0018654,O007438,P0168,1,259.03,0.1
L0018655,O007438,P0115,3,130.21,0.2
L0018656,O007439,P0166,1,198.82,0.0
L0018657,O007439,P0161,2,49.43,0.1
L0018658,O007440,P0168,1,287.81,0.0
L0018659,O007440,P0157,1,252.75,0.0
L0018660,O007441,P0017,3,180.99,0.0
L0018661,O007442,P0033,3,178.96,0.0
L0018662,O007443,P0051,1,63.09,0.0
L0018663,O007444,P0016,1,60.22,0.0
L0018664,O007445,P0161,1,54.92,0.0
L0018665,O007446,P0112,2,34.86,0.0
L0018666,O007446,P0121,2,188.42,0.15
L0018667,O007446,P0058,2,277.46,0.1
L0018668,O007447,P0007,2,228.72,0.1
L0018669,O007447,P0145,2,93.02,0.05
L0018670,O007447,P0166,1,169.0,0.15
L0018671,O007447,P0037,3,117.7,0.1
L0018672,O007448,P0120,3,215.39,0.0
L0018673,O007448,P0088,2,59.74,0.05
L0018674,O007448,P0055,2,14.16,0.0
L0018675,O007449,P0122,2,339.37,0.0
L0018676,O007449,P0018,2,175.15,0.0
L0018677,O007449,P0102,1,183.42,0.0
L0018678,O007449,P0052,1,187.42,0.0
L0018679,O007450,P0104,1,24.06,0.05
L0018680,O007450,P0112,3,34.86,0.0
L0018681,O007451,P0012,1,63.35,0.0
L0018682,O007451,P0015,2,55.46,0.1
L0018683,O007451,P0084,2,220.44,0.15
L0018684,O007452,P0177,2,236.0,0.2
L0018685,O007452,P0128,3,254.47,0.1
L0018686,O007452,P0096,1,265.22,0.0
L0018687,O007452,P0028,1,130.01,0.2
L0018688,O007453,P0088,1,59.74,0.05
L0018689,O007453,P0144,2,206.16,0.0
L0018690,O007453,P0072,3,101.55,0.0
L0018691,O007453,P0106,2,153.79,0.15
L0018692,O007454,P0117,2,244.09,0.0
L0018693,O007454,P0162,3,19.31,0.05
L0018694,O007454,P0126,3,288.27,0.05
L0018695,O007454,P0142,3,69.25,0.1
L0018696,O007455,P0045,1,277.26,0.1
L0018697,O007455,P0016,2,54.2,0.1
L0018698,O007455,P0032,3,140.53,0.1
L0018699,O007456,P0103,3,96.64,0.05
L0018700,O007456,P0153,1,123.22,0.1
L0018701,O007456,P0107,2,313.17,0.0
L0018702,O007457,P0124,1,55.11,0.2
L0018703,O007457,P0042,1,91.51,0.15
L0018704,O007457,P0064,2,321.5,0.0
L0018705,O007458,P0042,3,107.66,0.0
L0018706,O007458,P0142,1,76.94,0.0
L0018707,O007459,P0009,2,280.24,0.0
L0018708,O007459,P0026,1,59.61,0.0
L0018709,O007459,P0166,1,198.82,0.0
L0018710,O007459,P0082,3,92.41,0.0
L0018711,O007460,P0122,2,288.46,0.15
L0018712,O007460,P0138,2,82.58,0.1
L0018713,O007461,P0031,3,272.21,0.0
L0018714,O007461,P0169,1,103.57,0.0
L0018715,O007461,P0084,2,220.44,0.15
L0018716,O007461,P0037,2,117.7,0.1
L0018717,O007462,P0141,2,319.15,0.0
L0018718,O007462,P0164,3,289.97,0.0
L0018719,O007462,P0058,2,292.88,0.05
L0018720,O007462,P0178,2,221.82,0.0
L0018721,O007463,P0153,2,136.91,0.0
L0018722,O007463,P0025,2,110.1,0.2
L0018723,O007463,P0079,3,145.32,0.0
L0018724,O007464,P0158,2,66.38,0.1
L0018725,O007464,P0156,1,253.78,0.15
L0018726,O007465,P0152,2,187.58,0.0
L0018727,O007466,P0171,3,88.06,0.0
L0018728,O007467,P0039,2,309.36,0.0
L0018729,O007468,P0167,2,162.27,0.0
L0018730,O007468,P0088,2,53.45,0.15
L0018731,O007468,P0004,1,35.75,0.05
L0018732,O007468,P0047,2,43.78,0.2
L0018733,O007469,P0084,1,259.34,0.0
L0018734,O007469,P0038,2,157.81,0.2
L0018735,O007469,P0177,2,280.25,0.05
L0018736,O007469,P0004,2,37.63,0.0
L0018737,O007470,P0058,1,292.88,0.05
L0018738,O007470,P0068,2,243.08,0.15
L0018739,O007470,P0162,1,19.31,0.05
L0018740,O007471,P0096,2,265.22,0.0
L0018741,O007472,P0116,3,314.4,0.05
L0018742,O007472,P0057,3,49.49,0.2
L0018743,O007473,P0151,3,233.95,0.0
L0018744,O007473,P0069,1,51.31,0.15
L0018745,O007474,P0052,3,187.42,0.0
L0018746,O007475,P0078,2,317.55,0.05
L0018747,O007475,P0172,3,44.87,0.1
L0018748,O007476,P0058,1,262.05,0.15
L0018749,O007477,P0044,2,225.73,0.15
L0018750,O007477,P0165,2,115.79,0.1
L0018751,O007477,P0058,1,308.29,0.0
L0018752,O007477,P0011,1,66.22,0.15
L0018753,O007478,P0113,3,138.3,0.0
L0018754,O007478,P0167,1,162.27,0.0
L0018755,O007479,P0082,2,92.41,0.0
L0018756,O007479,P0029,2,214.86,0.05
L0018757,O007479,P0162,2,17.28,0.15
L0018758,O007480,P0007,2,254.13,0.0
L0018759,O007480,P0049,3,254.19,0.05
L0018760,O007480,P0034,3,181.72,0.0
L0018761,O007480,P0179,1,121.21,0.15
L0018762,O007481,P0040,3,236.27,0.05
L0018763,O007481,P0180,1,49.61,0.05
L0018764,O007481,P0125,2,96.0,0.0
L0018765,O007482,P0166,2,198.82,0.0
L0018766,O007482,P0122,2,339.37,0.0
L0018767,O007482,P0109,3,297.26,0.0
L0018768,O007482,P0156,3,298.56,0.0
L0018769,O007483,P0040,3,236.27,0.05
L0018770,O007483,P0027,3,306.58,0.0
L0018771,O007484,P0142,1,69.25,0.1
L0018772,O007484,P0157,3,214.84,0.15
L0018773,O007484,P0109,3,282.4,0.05
L0018774,O007485,P0097,3,168.55,0.0
L0018775,O007485,P0013,3,38.39,0.0
L0018776,O007485,P0011,2,62.33,0.2
L0018777,O007486,P0103,3,101.73,0.0
L0018778,O007486,P0161,1,46.68,0.15
L0018779,O007486,P0028,1,162.51,0.0
L0018780,O007486,P0015,3,61.62,0.0
L0018781,O007487,P0164,1,289.97,0.0
L0018782,O007487,P0015,3,61.62,0.0
L0018783,O007487,P0114,1,307.4,0.0
L0018784,O007488,P0161,2,54.92,0.0
L0018785,O007488,P0038,2,157.81,0.2
L0018786,O007488,P0162,2,20.33,0.0
L0018787,O007488,P0003,3,271.26,0.0
L0018788,O007489,P0131,1,12.56,0.1
L0018789,O007489,P0158,1,62.7,0.15
L0018790,O007489,P0141,3,319.15,0.0
L0018791,O007490,P0111,1,303.31,0.0
L0018792,O007490,P0112,2,33.12,0.05
L0018793,O007490,P0044,1,265.56,0.0
L0018794,O007491,P0025,3,110.1,0.2
L0018795,O007491,P0173,2,177.0,0.0
L0018796,O007491,P0171,1,88.06,0.0
L0018797,O007492,P0023,1,157.4,0.0
L0018798,O007492,P0055,2,13.45,0.05
L0018799,O007493,P0002,1,238.02,0.1
L0018800,O007493,P0085,2,311.87,0.0
L0018801,O007493,P0031,1,258.6,0.05
L0018802,O007494,P0004,3,30.1,0.2
L0018803,O007495,P0162,2,18.3,0.1
L0018804,O007496,P0002,3,211.58,0.2
L0018805,O007496,P0165,3,128.66,0.0
L0018806,O007496,P0146,3,279.51,0.0
L0018807,O007496,P0170,3,254.85,0.0
L0018808,O007497,P0001,2,218.18,0.15
L0018809,O007497,P0179,2,142.6,0.0
L0018810,O007497,P0065,1,140.88,0.0
L0018811,O007498,P0088,1,53.45,0.15
L0018812,O007498,P0020,2,45.59,0.0
L0018813,O007498,P0108,2,185.15,0.0
L0018814,O007499,P0014,3,127.49,0.0
L0018815,O007499,P0085,2,311.87,0.0
L0018816,O007500,P0150,2,305.42,0.05
L0018817,O007501,P0168,1,273.42,0.05
L0018818,O007501,P0067,1,159.53,0.1
L0018819,O007502,P0063,2,141.18,0.05
L0018820,O007502,P0072,2,91.39,0.1
L0018821,O007503,P0128,1,268.61,0.05
L0018822,O007503,P0019,3,78.27,0.1
L0018823,O007503,P0039,1,309.36,0.0
L0018824,O007504,P0076,2,99.18,0.0
L0018825,O007504,P0081,2,23.54,0.0
L0018826,O007505,P0147,2,16.1,0.0
L0018827,O007506,P0018,2,175.15,0.0
L0018828,O007506,P0167,3,162.27,0.0
L0018829,O007506,P0121,3,199.5,0.1
L0018830,O007507,P0124,2,68.89,0.0
L0018831,O007508,P0170,2,254.85,0.0
L0018832,O007508,P0029,1,226.17,0.0
L0018833,O007508,P0032,3,148.34,0.05
L0018834,O007509,P0044,3,265.56,0.0
L0018835,O007509,P0179,3,135.47,0.05
L0018836,O007509,P0085,2,311.87,0.0
L0018837,O007509,P0079,3,145.32,0.0
L0018838,O007510,P0055,3,14.16,0.0
L0018839,O007511,P0176,3,223.57,0.0
L0018840,O007511,P0030,2,177.24,0.0
L0018841,O007511,P0093,3,21.93,0.0
L0018842,O007511,P0012,3,60.18,0.05
L0018843,O007512,P0047,2,51.99,0.05
L0018844,O007512,P0056,3,331.8,0.0
L0018845,O007512,P0023,2,157.4,0.0
L0018846,O007513,P0050,3,198.45,0.0
L0018847,O007513,P0100,3,83.1,0.0
L0018848,O007513,P0148,2,99.16,0.2
L0018849,O007513,P0109,1,267.53,0.1
L0018850,O007514,P0154,2,277.51,0.0
L0018851,O007514,P0061,2,15.7,0.0
L0018852,O007514,P0008,3,277.54,0.2
L0018853,O007515,P0035,1,127.08,0.0
L0018854,O007515,P0091,1,320.88,0.0
L0018855,O007516,P0130,3,39.92,0.0
L0018856,O007516,P0162,2,16.26,0.2
L0018857,O007516,P0137,2,50.88,0.0
L0018858,O007517,P0061,3,13.34,0.15
L0018859,O007517,P0062,2,159.23,0.05
L0018860,O007517,P0166,3,198.82,0.0
L0018861,O007517,P0025,1,123.87,0.1
L0018862,O007518,P0025,3,137.63,0.0
L0018863,O007518,P0107,2,266.19,0.15
L0018864,O007518,P0119,3,222.44,0.1
L0018865,O007519,P0062,2,167.61,0.0
L0018866,O007519,P0169,1,103.57,0.0
L0018867,O007519,P0165,1,128.66,0.0
L0018868,O007519,P0092,1,308.09,0.0
L0018869,O007520,P0132,2,53.27,0.15
L0018870,O007521,P0033,3,178.96,0.0
L0018871,O007522,P0116,3,330.95,0.0
L0018872,O007522,P0035,2,127.08,0.0
L0018873,O007522,P0076,3,79.34,0.2
L0018874,O007523,P0122,3,339.37,0.0
L0018875,O007524,P0082,1,92.41,0.0
L0018876,O007524,P0053,2,255.69,0.0
L0018877,O007524,P0155,2,121.7,0.0
L0018878,O007524,P0135,1,214.71,0.15
L0018879,O007525,P0162,3,19.31,0.05
L0018880,O007525,P0036,2,52.13,0.0
L0018881,O007525,P0128,3,240.34,0.15
L0018882,O007526,P0110,1,254.79,0.0
L0018883,O007526,P0180,3,49.61,0.05
L0018884,O007526,P0050,1,158.76,0.2
L0018885,O007527,P0012,3,50.68,0.2
L0018886,O007527,P0093,2,21.93,0.0
L0018887,O007527,P0165,1,128.66,0.0
L0018888,O007527,P0138,2,91.75,0.0
L0018889,O007528,P0119,3,234.8,0.05
L0018890,O007528,P0008,2,329.58,0.05
L0018891,O007528,P0130,1,39.92,0.0
L0018892,O007529,P0056,1,298.62,0.1
L0018893,O007529,P0057,1,61.86,0.0
L0018894,O007529,P0004,2,37.63,0.0
L0018895,O007530,P0117,1,244.09,0.0
L0018896,O007530,P0101,3,279.86,0.2
L0018897,O007531,P0092,3,308.09,0.0
L0018898,O007531,P0060,3,261.95,0.05
L0018899,O007531,P0132,1,62.67,0.0
L0018900,O007532,P0038,3,177.53,0.1
L0018901,O007532,P0067,2,177.25,0.0
L0018902,O007532,P0070,3,241.83,0.0
L0018903,O007533,P0105,3,66.7,0.0
L0018904,O007533,P0049,3,240.81,0.1
L0018905,O007534,P0056,2,331.8,0.0
L0018906,O007535,P0119,1,247.16,0.0
L0018907,O007535,P0098,3,80.03,0.0
L0018908,O007536,P0090,3,135.94,0.0
L0018909,O007536,P0160,3,125.44,0.2
L0018910,O007536,P0127,2,90.17,0.05
L0018911,O007536,P0096,1,265.22,0.0
L0018912,O007537,P0134,2,36.11,0.2
L0018913,O007538,P0022,2,131.26,0.1
L0018914,O007538,P0005,3,159.82,0.2
L0018915,O007539,P0054,1,206.99,0.1
L0018916,O007539,P0118,2,207.93,0.05
L0018917,O007540,P0033,2,178.96,0.0
L0018918,O007540,P0099,1,339.39,0.0
L0018919,O007540,P0007,1,203.3,0.2
L0018920,O007541,P0173,3,159.3,0.1
L0018921,O007542,P0010,3,103.37,0.0
L0018922,O007542,P0112,2,34.86,0.0
L0018923,O007543,P0176,1,223.57,0.0
L0018924,O007543,P0071,1,109.0,0.0
L0018925,O007544,P0041,1,77.93,0.0
L0018926,O007544,P0034,1,145.38,0.2
L0018927,O007545,P0111,3,303.31,0.0
L0018928,O007546,P0081,2,23.54,0.0
L0018929,O007547,P0032,1,156.15,0.0
L0018930,O007547,P0037,3,117.7,0.1
L0018931,O007547,P0113,1,138.3,0.0
L0018932,O007548,P0033,2,178.96,0.0
L0018933,O007549,P0050,2,178.6,0.1
L0018934,O007549,P0077,3,300.52,0.0
L0018935,O007549,P0078,2,334.26,0.0
L0018936,O007550,P0056,1,282.03,0.15
L0018937,O007550,P0064,1,289.35,0.1
L0018938,O007550,P0026,2,59.61,0.0
L0018939,O007550,P0159,3,106.95,0.2
L0018940,O007551,P0119,2,247.16,0.0
L0018941,O007551,P0180,1,41.78,0.2
L0018942,O007552,P0128,1,282.75,0.0
L0018943,O007552,P0160,2,156.8,0.0
L0018944,O007552,P0139,2,284.51,0.0
L0018945,O007552,P0138,1,91.75,0.0
L0018946,O007553,P0040,3,248.71,0.0
L0018947,O007553,P0004,2,31.99,0.15
L0018948,O007553,P0098,1,80.03,0.0
L0018949,O007553,P0086,1,12.78,0.15
L0018950,O007554,P0129,3,101.91,0.2
L0018951,O007554,P0152,3,187.58,0.0
L0018952,O007555,P0151,1,198.86,0.15
L0018953,O007555,P0168,2,287.81,0.0
L0018954,O007555,P0150,2,321.49,0.0
L0018955,O007555,P0177,2,265.5,0.1
L0018956,O007556,P0089,3,12.19,0.0
L0018957,O007556,P0019,1,78.27,0.1
L0018958,O007556,P0033,1,178.96,0.0
L0018959,O007557,P0067,3,177.25,0.0
L0018960,O007557,P0179,3,142.6,0.0
L0018961,O007557,P0062,1,167.61,0.0
L0018962,O007558,P0160,1,156.8,0.0
L0018963,O007558,P0037,2,130.78,0.0
L0018964,O007558,P0130,3,31.94,0.2
L0018965,O007559,P0039,2,309.36,0.0
L0018966,O007559,P0048,3,50.93,0.05
L0018967,O007560,P0076,2,84.3,0.15
L0018968,O007561,P0167,1,162.27,0.0
L0018969,O007562,P0096,3,265.22,0.0
L0018970,O007562,P0143,2,239.62,0.0
L0018971,O007562,P0040,1,236.27,0.05
L0018972,O007563,P0174,3,215.24,0.0
L0018973,O007563,P0166,3,178.94,0.1
L0018974,O007563,P0030,3,177.24,0.0
L0018975,O007563,P0046,1,341.88,0.0
L0018976,O007564,P0166,1,169.0,0.15
L0018977,O007564,P0047,3,54.73,0.0
L0018978,O007565,P0135,2,239.97,0.05
L0018979,O007565,P0074,2,182.57,0.0
L0018980,O007565,P0156,3,298.56,0.0
L0018981,O007566,P0056,3,265.44,0.2
L0018982,O007566,P0025,3,137.63,0.0
L0018983,O007566,P0013,1,34.55,0.1
L0018984,O007567,P0049,3,254.19,0.05
L0018985,O007567,P0083,2,267.02,0.0
L0018986,O007568,P0125,2,96.0,0.0
L0018987,O007568,P0002,3,264.47,0.0
L0018988,O007569,P0067,1,177.25,0.0
L0018989,O007569,P0101,3,314.85,0.1
L0018990,O007569,P0017,1,162.89,0.1
L0018991,O007569,P0005,1,199.77,0.0
L0018992,O007570,P0062,1,159.23,0.05
L0018993,O007570,P0160,3,133.28,0.15
L0018994,O007570,P0023,1,157.4,0.0
L0018995,O007571,P0179,2,142.6,0.0
L0018996,O007572,P0103,2,101.73,0.0
L0018997,O007572,P0075,1,84.94,0.0
L0018998,O007572,P0010,2,103.37,0.0
L0018999,O007573,P0052,2,187.42,0.0
L0019000,O007573,P0055,2,14.16,0.0
L0019001,O007573,P0080,1,202.41,0.0
L0019002,O007574,P0038,2,157.81,0.2
L0019003,O007575,P0169,2,93.21,0.1
L0019004,O007575,P0080,1,182.17,0.1
L0019005,O007576,P0162,3,19.31,0.05
L0019006,O007576,P0165,3,128.66,0.0
L0019007,O007577,P0139,1,256.06,0.1
L0019008,O007577,P0156,2,298.56,0.0
L0019009,O007577,P0069,2,60.37,0.0
L0019010,O007577,P0135,3,214.71,0.15
L0019011,O007578,P0095,1,263.1,0.05
L0019012,O007579,P0179,3,128.34,0.1
L0019013,O007579,P0053,2,255.69,0.0
L0019014,O007580,P0017,1,180.99,0.0
L0019015,O007580,P0117,2,244.09,0.0
L0019016,O007580,P0088,1,62.88,0.0
L0019017,O007581,P0149,1,42.18,0.0
L0019018,O007582,P0172,3,47.37,0.05
L0019019,O007583,P0156,2,298.56,0.0
L0019020,O007584,P0105,1,66.7,0.0
L0019021,O007584,P0016,1,60.22,0.0
L0019022,O007585,P0116,2,264.76,0.2
L0019023,O007585,P0065,2,119.75,0.15
L0019024,O007585,P0074,1,182.57,0.0
L0019025,O007585,P0090,3,122.35,0.1
L0019026,O007586,P0169,2,103.57,0.0
L0019027,O007587,P0127,1,94.92,0.0
L0019028,O007587,P0071,1,109.0,0.0
L0019029,O007587,P0003,2,271.26,0.0
L0019030,O007588,P0106,2,153.79,0.15
L0019031,O007589,P0147,3,12.88,0.2
L0019032,O007590,P0100,1,70.63,0.15
L0019033,O007590,P0001,3,256.68,0.0
L0019034,O007590,P0002,2,264.47,0.0
L0019035,O007591,P0010,1,103.37,0.0
L0019036,O007592,P0015,2,61.62,0.0
L0019037,O007592,P0124,2,68.89,0.0
L0019038,O007592,P0123,2,288.69,0.0
L0019039,O007593,P0169,1,93.21,0.1
L0019040,O007593,P0024,2,168.57,0.0
L0019041,O007593,P0128,2,282.75,0.0
L0019042,O007594,P0019,3,78.27,0.1
L0019043,O007594,P0126,1,273.1,0.1
L0019044,O007595,P0119,2,210.09,0.15
L0019045,O007595,P0041,1,77.93,0.0
L0019046,O007595,P0137,1,50.88,0.0
L0019047,O007595,P0064,1,257.2,0.2
L0019048,O007596,P0176,1,212.39,0.05
L0019049,O007596,P0065,2,140.88,0.0
L0019050,O007596,P0167,3,154.16,0.05
L0019051,O007596,P0061,3,14.13,0.1
L0019052,O007597,P0123,2,259.82,0.1
L0019053,O007597,P0041,3,77.93,0.0
L0019054,O007597,P0122,2,322.4,0.05
L0019055,O007598,P0124,2,55.11,0.2
L0019056,O007598,P0067,2,177.25,0.0
L0019057,O007598,P0103,3,101.73,0.0
L0019058,O007599,P0130,2,37.92,0.05
L0019059,O007599,P0159,2,120.32,0.1
L0019060,O007599,P0025,1,137.63,0.0
L0019061,O007600,P0019,1,86.97,0.0
L0019062,O007600,P0050,2,198.45,0.0
L0019063,O007601,P0117,2,195.27,0.2
L0019064,O007601,P0178,3,221.82,0.0
L0019065,O007601,P0155,2,121.7,0.0
L0019066,O007602,P0137,1,40.7,0.2
L0019067,O007602,P0037,2,130.78,0.0
L0019068,O007602,P0170,2,254.85,0.0
L0019069,O007602,P0113,2,138.3,0.0
L0019070,O007603,P0167,1,162.27,0.0
L0019071,O007603,P0051,1,53.63,0.15
L0019072,O007603,P0054,1,206.99,0.1
L0019073,O007604,P0062,3,134.09,0.2
L0019074,O007604,P0156,1,268.7,0.1
L0019075,O007604,P0178,3,210.73,0.05
L0019076,O007605,P0144,3,206.16,0.0
L0019077,O007606,P0071,3,109.0,0.0
L0019078,O007606,P0065,3,140.88,0.0
L0019079,O007607,P0143,3,215.66,0.1
L0019080,O007607,P0105,2,60.03,0.1
L0019081,O007607,P0092,3,308.09,0.0
L0019082,O007607,P0065,3,133.84,0.05
L0019083,O007608,P0136,2,46.17,0.0
L0019084,O007608,P0037,1,117.7,0.1
L0019085,O007609,P0076,3,99.18,0.0
L0019086,O007609,P0014,3,101.99,0.2
L0019087,O007610,P0061,1,13.34,0.15
L0019088,O007610,P0157,2,252.75,0.0
L0019089,O007611,P0088,1,62.88,0.0
L0019090,O007611,P0155,1,109.53,0.1
L0019091,O007611,P0173,2,177.0,0.0
L0019092,O007611,P0154,3,263.63,0.05
L0019093,O007612,P0107,3,313.17,0.0
L0019094,O007612,P0046,2,341.88,0.0
L0019095,O007612,P0018,3,157.64,0.1
L0019096,O007613,P0066,3,300.18,0.0
L0019097,O007613,P0174,3,204.48,0.05
L0019098,O007613,P0136,2,41.55,0.1
L0019099,O007613,P0135,3,252.6,0.0
L0019100,O007614,P0023,2,157.4,0.0
L0019101,O007614,P0079,3,145.32,0.0
L0019102,O007614,P0062,1,142.47,0.15
L0019103,O007615,P0153,2,130.06,0.05
L0019104,O007615,P0140,2,154.35,0.0
L0019105,O007615,P0076,1,99.18,0.0
L0019106,O007615,P0120,1,193.85,0.1
L0019107,O007616,P0124,1,58.56,0.15
L0019108,O007616,P0041,1,74.03,0.05
L0019109,O007617,P0111,3,272.98,0.1
L0019110,O007617,P0028,3,162.51,0.0
L0019111,O007617,P0078,1,267.41,0.2
L0019112,O007618,P0168,1,273.42,0.05
L0019113,O007618,P0091,2,320.88,0.0
L0019114,O007619,P0155,3,121.7,0.0
L0019115,O007619,P0139,1,256.06,0.1
L0019116,O007620,P0173,1,159.3,0.1
L0019117,O007620,P0176,3,201.21,0.1
L0019118,O007620,P0137,1,48.34,0.05
L0019119,O007621,P0174,2,215.24,0.0
L0019120,O007621,P0134,1,40.63,0.1
L0019121,O007621,P0175,1,60.92,0.0
L0019122,O007621,P0093,3,21.93,0.0
L0019123,O007622,P0179,2,142.6,0.0
L0019124,O007622,P0126,2,257.92,0.15
L0019125,O007622,P0076,2,79.34,0.2
L0019126,O007622,P0090,1,115.55,0.15
L0019127,O007623,P0157,1,214.84,0.15
L0019128,O007623,P0117,1,219.68,0.1
L0019129,O007623,P0027,2,291.25,0.05
L0019130,O007624,P0139,3,284.51,0.0
L0019131,O007624,P0082,3,92.41,0.0
L0019132,O007624,P0041,2,70.14,0.1
L0019133,O007625,P0012,2,57.02,0.1
L0019134,O007626,P0143,3,239.62,0.0
L0019135,O007626,P0153,3,136.91,0.0
L0019136,O007627,P0108,3,148.12,0.2
L0019137,O007627,P0082,3,92.41,0.0
L0019138,O007627,P0042,3,107.66,0.0
L0019139,O007628,P0125,3,81.6,0.15
L0019140,O007628,P0009,2,238.2,0.15
L0019141,O007628,P0033,2,178.96,0.0
L0019142,O007628,P0066,1,300.18,0.0
L0019143,O007629,P0060,3,261.95,0.05
L0019144,O007630,P0132,1,56.4,0.1
L0019145,O007631,P0147,2,13.69,0.15
L0019146,O007631,P0020,1,41.03,0.1
L0019147,O007631,P0108,2,166.64,0.1
L0019148,O007631,P0031,1,258.6,0.05
L0019149,O007632,P0172,2,44.87,0.1
L0019150,O007632,P0080,3,192.29,0.05
L0019151,O007633,P0084,1,259.34,0.0
L0019152,O007634,P0137,2,50.88,0.0
L0019153,O007634,P0060,2,275.74,0.0
L0019154,O007635,P0074,1,182.57,0.0
L0019155,O007635,P0163,1,233.9,0.0
L0019156,O007635,P0004,3,33.87,0.1
L0019157,O007636,P0105,1,66.7,0.0
L0019158,O007636,P0072,3,101.55,0.0
L0019159,O007637,P0070,2,241.83,0.0
L0019160,O007638,P0039,2,247.49,0.2
L0019161,O007638,P0038,1,187.4,0.05
L0019162,O007638,P0131,3,13.96,0.0
L0019163,O007639,P0076,2,99.18,0.0
L0019164,O007639,P0067,3,177.25,0.0
L0019165,O007639,P0030,3,159.52,0.1
L0019166,O007640,P0023,2,141.66,0.1
L0019167,O007641,P0124,3,68.89,0.0
L0019168,O007641,P0096,3,238.7,0.1
L0019169,O007642,P0012,2,53.85,0.15
L0019170,O007642,P0101,1,349.83,0.0
L0019171,O007643,P0030,3,150.65,0.15
L0019172,O007643,P0017,3,180.99,0.0
L0019173,O007644,P0062,3,150.85,0.1
L0019174,O007644,P0090,1,135.94,0.0
L0019175,O007644,P0120,2,215.39,0.0
L0019176,O007644,P0039,3,309.36,0.0
L0019177,O007645,P0047,1,54.73,0.0
L0019178,O007645,P0105,1,60.03,0.1
L0019179,O007645,P0048,1,42.89,0.2
L0019180,O007645,P0101,3,332.34,0.05
L0019181,O007646,P0156,2,298.56,0.0
L0019182,O007647,P0136,2,46.17,0.0
L0019183,O007648,P0130,1,37.92,0.05
L0019184,O007648,P0104,2,25.33,0.0
L0019185,O007648,P0003,2,271.26,0.0
L0019186,O007648,P0159,3,127.01,0.05
L0019187,O007649,P0130,2,35.93,0.1
L0019188,O007649,P0121,1,210.59,0.05
L0019189,O007650,P0029,2,226.17,0.0
L0019190,O007651,P0151,1,210.56,0.1
L0019191,O007652,P0049,1,267.57,0.0
L0019192,O007653,P0005,3,189.78,0.05
L0019193,O007654,P0124,2,68.89,0.0
L0019194,O007655,P0051,1,53.63,0.15
L0019195,O007655,P0052,3,187.42,0.0
L0019196,O007656,P0160,1,156.8,0.0
L0019197,O007656,P0123,2,259.82,0.1
L0019198,O007656,P0136,1,46.17,0.0
L0019199,O007656,P0015,3,61.62,0.0
L0019200,O007657,P0166,1,198.82,0.0
L0019201,O007658,P0050,2,198.45,0.0
L0019202,O007659,P0102,1,155.91,0.15
L0019203,O007659,P0094,2,177.96,0.15
L0019204,O007660,P0017,2,180.99,0.0
L0019205,O007660,P0007,2,228.72,0.1
L0019206,O007661,P0132,2,56.4,0.1
L0019207,O007661,P0028,1,146.26,0.1
L0019208,O007662,P0151,3,233.95,0.0
L0019209,O007663,P0098,3,72.03,0.1
L0019210,O007663,P0099,2,288.48,0.15
L0019211,O007663,P0120,1,215.39,0.0
L0019212,O007664,P0043,1,199.49,0.2
L0019213,O007665,P0165,2,122.23,0.05
L0019214,O007666,P0027,1,291.25,0.05
L0019215,O007667,P0064,2,321.5,0.0
L0019216,O007667,P0113,2,110.64,0.2
L0019217,O007667,P0156,1,298.56,0.0
L0019218,O007667,P0007,1,254.13,0.0
L0019219,O007668,P0068,2,285.98,0.0
L0019220,O007669,P0113,1,117.56,0.15
L0019221,O007669,P0156,2,298.56,0.0
L0019222,O007670,P0019,2,73.92,0.15
L0019223,O007670,P0140,2,154.35,0.0
L0019224,O007670,P0017,1,180.99,0.0
L0019225,O007671,P0160,1,156.8,0.0
L0019226,O007671,P0015,3,61.62,0.0
L0019227,O007671,P0169,2,103.57,0.0
L0019228,O007672,P0094,1,209.36,0.0
L0019229,O007672,P0079,2,138.05,0.05
L0019230,O007672,P0167,3,154.16,0.05
L0019231,O007672,P0027,2,275.92,0.1
L0019232,O007673,P0128,1,282.75,0.0
L0019233,O007674,P0043,3,249.36,0.0
L0019234,O007674,P0162,2,17.28,0.15
L0019235,O007674,P0084,2,220.44,0.15
L0019236,O007675,P0118,2,218.87,0.0
L0019237,O007675,P0066,3,300.18,0.0
L0019238,O007675,P0153,1,123.22,0.1
L0019239,O007675,P0060,3,275.74,0.0
L0019240,O007676,P0144,2,195.85,0.05
L0019241,O007677,P0114,1,292.03,0.05
L0019242,O007678,P0030,3,159.52,0.1
L0019243,O007678,P0072,3,81.24,0.2
L0019244,O007678,P0059,1,112.23,0.1
L0019245,O007678,P0129,2,127.39,0.0
L0019246,O007679,P0173,3,159.3,0.1
L0019247,O007679,P0116,1,314.4,0.05
L0019248,O007680,P0131,3,13.96,0.0
L0019249,O007680,P0072,2,91.39,0.1
L0019250,O007681,P0027,2,245.26,0.2
L0019251,O007681,P0071,2,109.0,0.0
L0019252,O007681,P0094,2,209.36,0.0
L0019253,O007681,P0120,3,215.39,0.0
L0019254,O007682,P0104,3,25.33,0.0
L0019255,O007682,P0123,3,288.69,0.0
L0019256,O007683,P0174,3,172.19,0.2
L0019257,O007684,P0176,2,223.57,0.0
L0019258,O007684,P0140,1,123.48,0.2
L0019259,O007685,P0018,2,175.15,0.0
L0019260,O007686,P0118,1,218.87,0.0
L0019261,O007687,P0148,3,117.75,0.05
L0019262,O007687,P0101,1,349.83,0.0
L0019263,O007687,P0163,2,222.2,0.05
L0019264,O007687,P0093,3,21.93,0.0
L0019265,O007688,P0170,2,229.37,0.1
L0019266,O007688,P0107,2,313.17,0.0
L0019267,O007688,P0069,3,60.37,0.0
L0019268,O007689,P0084,1,259.34,0.0
L0019269,O007689,P0127,2,80.68,0.15
L0019270,O007689,P0087,3,97.26,0.0
L0019271,O007690,P0002,2,264.47,0.0
L0019272,O007691,P0015,1,61.62,0.0
L0019273,O007691,P0170,2,254.85,0.0
L0019274,O007691,P0130,1,39.92,0.0
L0019275,O007691,P0118,2,196.98,0.1
L0019276,O007692,P0080,2,202.41,0.0
L0019277,O007693,P0021,3,56.82,0.2
L0019278,O007693,P0048,3,53.61,0.0
L0019279,O007693,P0080,1,161.93,0.2
L0019280,O007693,P0136,2,41.55,0.1
L0019281,O007694,P0077,1,300.52,0.0
L0019282,O007694,P0171,3,79.25,0.1
L0019283,O007695,P0179,1,142.6,0.0
L0019284,O007695,P0057,1,49.49,0.2
L0019285,O007695,P0080,3,202.41,0.0
L0019286,O007695,P0173,2,177.0,0.0
L0019287,O007696,P0117,1,244.09,0.0
L0019288,O007697,P0025,3,137.63,0.0
L0019289,O007697,P0163,3,233.9,0.0
L0019290,O007697,P0047,1,54.73,0.0
L0019291,O007698,P0120,2,215.39,0.0
L0019292,O007698,P0148,1,123.95,0.0
L0019293,O007698,P0075,3,67.95,0.2
L0019294,O007699,P0004,1,37.63,0.0
L0019295,O007699,P0152,1,159.44,0.15
L0019296,O007699,P0104,2,25.33,0.0
L0019297,O007699,P0036,2,46.92,0.1
L0019298,O007700,P0177,2,295.0,0.0
L0019299,O007700,P0162,1,20.33,0.0
L0019300,O007700,P0010,1,82.7,0.2
L0019301,O007701,P0103,3,86.47,0.15
L0019302,O007701,P0151,2,222.25,0.05
L0019303,O007701,P0173,2,150.45,0.15
L0019304,O007702,P0071,1,98.1,0.1
L0019305,O007703,P0053,3,255.69,0.0
L0019306,O007703,P0158,2,73.76,0.0
L0019307,O007704,P0059,1,124.7,0.0
L0019308,O007704,P0019,1,82.62,0.05
L0019309,O007705,P0174,2,182.95,0.15
L0019310,O007705,P0030,1,177.24,0.0
L0019311,O007705,P0013,1,32.63,0.15
L0019312,O007705,P0108,1,185.15,0.0
L0019313,O007706,P0105,3,56.7,0.15
L0019314,O007706,P0164,2,289.97,0.0
L0019315,O007707,P0014,3,114.74,0.1
L0019316,O007707,P0027,1,306.58,0.0
L0019317,O007707,P0066,3,285.17,0.05
L0019318,O007708,P0057,2,52.58,0.15
L0019319,O007708,P0002,1,251.25,0.05
L0019320,O007708,P0093,3,21.93,0.0
L0019321,O007709,P0002,1,251.25,0.05
L0019322,O007709,P0179,3,135.47,0.05
L0019323,O007710,P0077,2,300.52,0.0
L0019324,O007710,P0150,2,273.27,0.15
L0019325,O007711,P0117,3,195.27,0.2
L0019326,O007712,P0109,3,297.26,0.0
L0019327,O007712,P0055,1,14.16,0.0
L0019328,O007712,P0117,3,231.89,0.05
L0019329,O007712,P0153,2,116.37,0.15
L0019330,O007713,P0163,2,233.9,0.0
L0019331,O007713,P0019,1,86.97,0.0
L0019332,O007713,P0021,1,71.03,0.0
L0019333,O007714,P0138,3,91.75,0.0
L0019334,O007714,P0005,2,199.77,0.0
L0019335,O007714,P0108,1,185.15,0.0
L0019336,O007714,P0115,2,162.76,0.0
L0019337,O007715,P0069,3,60.37,0.0
L0019338,O007716,P0071,2,109.0,0.0
L0019339,O007716,P0159,2,133.69,0.0
L0019340,O007717,P0143,2,239.62,0.0
L0019341,O007717,P0056,1,298.62,0.1
L0019342,O007717,P0125,2,76.8,0.2
L0019343,O007718,P0174,3,193.72,0.1
L0019344,O007718,P0042,1,96.89,0.1
L0019345,O007719,P0004,1,37.63,0.0
L0019346,O007719,P0014,2,127.49,0.0
L0019347,O007719,P0043,2,211.96,0.15
L0019348,O007719,P0139,1,270.28,0.05
L0019349,O007720,P0008,2,329.58,0.05
L0019350,O007720,P0133,3,41.91,0.05
L0019351,O007720,P0012,2,63.35,0.0
L0019352,O007721,P0083,1,267.02,0.0
L0019353,O007722,P0115,1,162.76,0.0
L0019354,O007722,P0030,1,177.24,0.0
L0019355,O007722,P0033,1,161.06,0.1
L0019356,O007723,P0146,2,279.51,0.0
L0019357,O007724,P0094,1,209.36,0.0
L0019358,O007724,P0075,3,76.45,0.1
L0019359,O007725,P0141,3,319.15,0.0
L0019360,O007725,P0050,3,178.6,0.1
L0019361,O007725,P0064,3,321.5,0.0
L0019362,O007725,P0162,3,20.33,0.0
L0019363,O007726,P0137,3,48.34,0.05
L0019364,O007726,P0085,1,311.87,0.0
L0019365,O007727,P0111,3,303.31,0.0
L0019366,O007727,P0163,1,187.12,0.2
L0019367,O007728,P0107,3,313.17,0.0
L0019368,O007728,P0140,3,154.35,0.0
L0019369,O007728,P0002,1,264.47,0.0
L0019370,O007729,P0160,2,156.8,0.0
L0019371,O007729,P0152,3,168.82,0.1
L0019372,O007730,P0024,3,151.71,0.1
L0019373,O007730,P0104,1,21.53,0.15
L0019374,O007731,P0058,3,262.05,0.15
L0019375,O007731,P0116,3,297.86,0.1
L0019376,O007732,P0136,1,41.55,0.1
L0019377,O007732,P0020,3,38.75,0.15
L0019378,O007732,P0044,3,265.56,0.0
L0019379,O007733,P0071,3,92.65,0.15
L0019380,O007734,P0047,3,54.73,0.0
L0019381,O007735,P0091,3,320.88,0.0
L0019382,O007735,P0081,1,23.54,0.0
L0019383,O007735,P0152,3,159.44,0.15
L0019384,O007735,P0035,2,114.37,0.1
L0019385,O007736,P0072,2,101.55,0.0
L0019386,O007736,P0049,3,267.57,0.0
L0019387,O007736,P0005,3,189.78,0.05
L0019388,O007736,P0059,2,124.7,0.0
L0019389,O007737,P0134,2,40.63,0.1
L0019390,O007738,P0042,1,107.66,0.0
L0019391,O007738,P0149,2,42.18,0.0
L0019392,O007738,P0056,3,331.8,0.0
L0019393,O007739,P0089,3,10.36,0.15
L0019394,O007740,P0002,3,238.02,0.1
L0019395,O007740,P0064,1,273.27,0.15
L0019396,O007741,P0017,2,180.99,0.0
L0019397,O007741,P0165,2,128.66,0.0
L0019398,O007741,P0022,3,131.26,0.1
L0019399,O007742,P0139,2,284.51,0.0
L0019400,O007743,P0127,3,90.17,0.05
L0019401,O007744,P0082,1,92.41,0.0
L0019402,O007744,P0042,3,107.66,0.0
L0019403,O007745,P0078,3,334.26,0.0
L0019404,O007745,P0055,3,12.74,0.1
L0019405,O007746,P0168,2,259.03,0.1
L0019406,O007746,P0049,3,267.57,0.0
L0019407,O007747,P0146,2,237.58,0.15
L0019408,O007747,P0073,2,263.38,0.0
L0019409,O007747,P0130,2,33.93,0.15
L0019410,O007747,P0135,2,227.34,0.1
L0019411,O007748,P0107,2,313.17,0.0
L0019412,O007748,P0062,1,167.61,0.0
L0019413,O007749,P0145,1,93.02,0.05
L0019414,O007750,P0173,1,150.45,0.15
L0019415,O007751,P0088,2,62.88,0.0
L0019416,O007751,P0010,1,87.86,0.15
L0019417,O007751,P0119,2,247.16,0.0
L0019418,O007751,P0053,2,204.55,0.2
L0019419,O007752,P0071,2,109.0,0.0
L0019420,O007753,P0037,1,117.7,0.1
L0019421,O007754,P0177,1,265.5,0.1
L0019422,O007754,P0038,3,177.53,0.1
L0019423,O007755,P0176,3,223.57,0.0
L0019424,O007756,P0125,2,96.0,0.0
L0019425,O007756,P0084,1,259.34,0.0
L0019426,O007756,P0047,3,54.73,0.0
L0019427,O007756,P0173,1,150.45,0.15
L0019428,O007757,P0036,3,52.13,0.0
L0019429,O007757,P0060,3,275.74,0.0
L0019430,O007758,P0144,3,206.16,0.0
L0019431,O007758,P0008,1,312.24,0.1
L0019432,O007759,P0067,1,159.53,0.1
L0019433,O007759,P0001,1,256.68,0.0
L0019434,O007760,P0111,3,303.31,0.0
L0019435,O007760,P0104,1,21.53,0.15
L0019436,O007760,P0034,3,145.38,0.2
L0019437,O007761,P0109,3,297.26,0.0
L0019438,O007761,P0023,1,157.4,0.0
L0019439,O007761,P0044,1,225.73,0.15
L0019440,O007762,P0026,3,59.61,0.0
L0019441,O007762,P0171,2,74.85,0.15
L0019442,O007762,P0024,2,168.57,0.0
L0019443,O007762,P0091,1,320.88,0.0
L0019444,O007763,P0112,1,34.86,0.0
L0019445,O007763,P0134,3,38.37,0.15
L0019446,O007763,P0053,1,255.69,0.0
L0019447,O007763,P0160,2,148.96,0.05
L0019448,O007764,P0018,2,175.15,0.0
L0019449,O007764,P0036,1,46.92,0.1
L0019450,O007765,P0026,2,59.61,0.0
L0019451,O007765,P0027,1,306.58,0.0
L0019452,O007765,P0005,2,179.79,0.1
L0019453,O007765,P0072,3,101.55,0.0
L0019454,O007766,P0177,1,280.25,0.05
L0019455,O007767,P0018,1,175.15,0.0
L0019456,O007768,P0025,1,110.1,0.2
L0019457,O007768,P0013,2,34.55,0.1
L0019458,O007768,P0008,3,346.93,0.0
L0019459,O007768,P0135,1,214.71,0.15
L0019460,O007769,P0067,2,177.25,0.0
L0019461,O007769,P0177,3,295.0,0.0
L0019462,O007769,P0107,2,281.85,0.1
L0019463,O007769,P0094,2,209.36,0.0
L0019464,O007770,P0149,2,42.18,0.0
L0019465,O007770,P0063,2,126.32,0.15
L0019466,O007771,P0065,1,140.88,0.0
L0019467,O007771,P0055,2,12.04,0.15
L0019468,O007772,P0046,3,341.88,0.0
L0019469,O007772,P0061,3,15.7,0.0
L0019470,O007772,P0114,1,307.4,0.0
L0019471,O007772,P0141,2,319.15,0.0
L0019472,O007773,P0029,3,203.55,0.1
L0019473,O007774,P0050,2,198.45,0.0
L0019474,O007774,P0167,3,162.27,0.0
L0019475,O007774,P0132,3,62.67,0.0
L0019476,O007775,P0084,2,259.34,0.0
L0019477,O007775,P0065,3,140.88,0.0
L0019478,O007776,P0028,3,154.38,0.05
L0019479,O007776,P0086,1,13.53,0.1
L0019480,O007776,P0115,1,162.76,0.0
L0019481,O007777,P0082,1,87.79,0.05
L0019482,O007778,P0162,2,17.28,0.15
L0019483,O007779,P0168,2,259.03,0.1
L0019484,O007780,P0161,1,54.92,0.0
L0019485,O007780,P0117,1,244.09,0.0
L0019486,O007780,P0149,3,37.96,0.1
L0019487,O007781,P0006,3,110.16,0.1
L0019488,O007781,P0022,2,145.84,0.0
L0019489,O007781,P0017,3,180.99,0.0
L0019490,O007781,P0094,3,167.49,0.2
L0019491,O007782,P0016,3,54.2,0.1
L0019492,O007782,P0104,3,20.26,0.2
L0019493,O007782,P0091,3,320.88,0.0
L0019494,O007782,P0060,3,248.17,0.1
L0019495,O007783,P0069,1,54.33,0.1
L0019496,O007783,P0054,2,229.99,0.0
L0019497,O007783,P0006,2,122.4,0.0
L0019498,O007784,P0002,3,238.02,0.1
L0019499,O007784,P0089,2,9.75,0.2
L0019500,O007784,P0041,2,77.93,0.0
L0019501,O007785,P0150,1,305.42,0.05
L0019502,O007786,P0138,1,82.58,0.1
L0019503,O007787,P0033,1,170.01,0.05
L0019504,O007788,P0004,2,37.63,0.0
L0019505,O007788,P0151,1,233.95,0.0
L0019506,O007788,P0166,3,188.88,0.05
L0019507,O007789,P0036,3,52.13,0.0
L0019508,O007789,P0007,3,254.13,0.0
L0019509,O007789,P0006,2,122.4,0.0
L0019510,O007790,P0082,1,78.55,0.15
L0019511,O007790,P0088,3,62.88,0.0
L0019512,O007790,P0116,2,330.95,0.0
L0019513,O007791,P0066,1,300.18,0.0
L0019514,O007791,P0019,1,86.97,0.0
L0019515,O007791,P0029,1,226.17,0.0
L0019516,O007792,P0109,3,237.81,0.2
L0019517,O007792,P0166,1,178.94,0.1
L0019518,O007792,P0114,2,307.4,0.0
L0019519,O007792,P0064,2,321.5,0.0
L0019520,O007793,P0003,1,271.26,0.0
L0019521,O007793,P0085,3,311.87,0.0
L0019522,O007793,P0035,3,101.66,0.2
L0019523,O007793,P0046,3,290.6,0.15
L0019524,O007794,P0057,2,52.58,0.15
L0019525,O007795,P0081,1,21.19,0.1
L0019526,O007795,P0102,3,165.08,0.1
L0019527,O007796,P0037,2,130.78,0.0
L0019528,O007796,P0165,2,128.66,0.0
L0019529,O007797,P0106,2,180.93,0.0
L0019530,O007797,P0087,1,82.67,0.15
L0019531,O007798,P0180,3,52.22,0.0
L0019532,O007798,P0033,2,143.17,0.2
L0019533,O007798,P0010,3,93.03,0.1
L0019534,O007798,P0022,1,123.96,0.15
L0019535,O007799,P0142,3,76.94,0.0
L0019536,O007799,P0003,3,244.13,0.1
L0019537,O007799,P0044,3,239.0,0.1
L0019538,O007800,P0051,2,59.94,0.05
L0019539,O007800,P0179,3,121.21,0.15
L0019540,O007800,P0103,2,96.64,0.05
L0019541,O007800,P0153,1,136.91,0.0
L0019542,O007801,P0050,3,198.45,0.0
L0019543,O007801,P0087,2,87.53,0.1
L0019544,O007801,P0133,3,44.12,0.0
L0019545,O007801,P0128,2,282.75,0.0
L0019546,O007802,P0020,3,38.75,0.15
L0019547,O007802,P0125,1,96.0,0.0
L0019548,O007802,P0162,2,20.33,0.0
L0019549,O007802,P0066,1,255.15,0.15
L0019550,O007803,P0100,3,83.1,0.0
L0019551,O007803,P0168,3,287.81,0.0
L0019552,O007803,P0160,3,156.8,0.0
L0019553,O007804,P0019,2,86.97,0.0
L0019554,O007805,P0026,1,53.65,0.1
L0019555,O007805,P0099,3,305.45,0.1
L0019556,O007805,P0017,3,162.89,0.1
L0019557,O007806,P0135,2,252.6,0.0
L0019558,O007807,P0009,2,266.23,0.05
L0019559,O007807,P0040,2,198.97,0.2
L0019560,O007807,P0037,2,130.78,0.0
L0019561,O007808,P0081,1,23.54,0.0
L0019562,O007808,P0084,3,259.34,0.0
L0019563,O007809,P0078,1,334.26,0.0
L0019564,O007810,P0069,1,57.35,0.05
L0019565,O007810,P0040,1,248.71,0.0
L0019566,O007810,P0160,1,156.8,0.0
L0019567,O007810,P0103,1,101.73,0.0
L0019568,O007811,P0137,3,48.34,0.05
L0019569,O007812,P0073,3,237.04,0.1
L0019570,O007812,P0153,2,123.22,0.1
L0019571,O007813,P0139,1,270.28,0.05
L0019572,O007814,P0077,1,300.52,0.0
L0019573,O007814,P0122,1,305.43,0.1
L0019574,O007814,P0168,2,287.81,0.0
L0019575,O007814,P0128,3,282.75,0.0
L0019576,O007815,P0062,2,167.61,0.0
L0019577,O007815,P0161,2,54.92,0.0
L0019578,O007816,P0057,3,61.86,0.0
L0019579,O007816,P0080,1,202.41,0.0
L0019580,O007816,P0135,3,202.08,0.2
L0019581,O007817,P0016,2,54.2,0.1
L0019582,O007817,P0006,2,110.16,0.1
L0019583,O007818,P0014,1,114.74,0.1
L0019584,O007818,P0143,1,239.62,0.0
L0019585,O007819,P0035,1,127.08,0.0
L0019586,O007819,P0069,2,51.31,0.15
L0019587,O007819,P0043,3,249.36,0.0
L0019588,O007819,P0165,1,128.66,0.0
L0019589,O007820,P0046,2,307.69,0.1
L0019590,O007820,P0123,1,274.26,0.05
L0019591,O007820,P0122,2,322.4,0.05
L0019592,O007820,P0064,3,321.5,0.0
L0019593,O007821,P0124,1,68.89,0.0
L0019594,O007822,P0110,2,254.79,0.0
L0019595,O007822,P0009,2,280.24,0.0
L0019596,O007822,P0179,3,128.34,0.1
L0019597,O007823,P0123,1,288.69,0.0
L0019598,O007823,P0101,3,314.85,0.1
L0019599,O007823,P0089,2,12.19,0.0
L0019600,O007823,P0156,2,298.56,0.0
L0019601,O007824,P0119,1,247.16,0.0
L0019602,O007824,P0045,3,308.07,0.0
L0019603,O007825,P0065,1,126.79,0.1
L0019604,O007825,P0100,2,83.1,0.0
L0019605,O007826,P0051,2,63.09,0.0
L0019606,O007826,P0030,3,177.24,0.0
L0019607,O007826,P0074,2,164.31,0.1
L0019608,O007827,P0097,2,168.55,0.0
L0019609,O007827,P0078,1,334.26,0.0
L0019610,O007827,P0011,2,77.91,0.0
L0019611,O007827,P0035,1,120.73,0.05
L0019612,O007828,P0074,1,164.31,0.1
L0019613,O007828,P0063,1,133.75,0.1
L0019614,O007829,P0151,2,187.16,0.2
L0019615,O007830,P0023,3,141.66,0.1
L0019616,O007830,P0084,3,207.47,0.2
L0019617,O007830,P0061,2,15.7,0.0
L0019618,O007830,P0119,3,197.73,0.2
L0019619,O007831,P0062,3,167.61,0.0
L0019620,O007831,P0155,1,121.7,0.0
L0019621,O007832,P0107,3,281.85,0.1
L0019622,O007832,P0018,2,175.15,0.0
L0019623,O007832,P0012,2,53.85,0.15
L0019624,O007833,P0174,1,215.24,0.0
L0019625,O007833,P0066,2,300.18,0.0
L0019626,O007833,P0052,1,149.94,0.2
L0019627,O007834,P0037,3,111.16,0.15
L0019628,O007834,P0177,3,265.5,0.1
L0019629,O007834,P0087,2,97.26,0.0
L0019630,O007834,P0002,2,238.02,0.1
L0019631,O007835,P0106,1,144.74,0.2
L0019632,O007835,P0021,3,71.03,0.0
L0019633,O007835,P0038,2,197.26,0.0
L0019634,O007836,P0173,1,177.0,0.0
L0019635,O007836,P0005,2,199.77,0.0
L0019636,O007836,P0020,1,38.75,0.15
L0019637,O007837,P0151,2,233.95,0.0
L0019638,O007838,P0077,3,270.47,0.1
L0019639,O007838,P0126,1,288.27,0.05
L0019640,O007838,P0158,3,73.76,0.0
L0019641,O007839,P0087,3,97.26,0.0
L0019642,O007839,P0169,3,103.57,0.0
L0019643,O007839,P0084,1,207.47,0.2
L0019644,O007839,P0077,3,240.42,0.2
L0019645,O007840,P0124,1,68.89,0.0
L0019646,O007840,P0048,3,53.61,0.0
L0019647,O007840,P0139,1,284.51,0.0
L0019648,O007841,P0158,1,73.76,0.0
L0019649,O007841,P0147,2,15.29,0.05
L0019650,O007841,P0171,3,88.06,0.0
L0019651,O007841,P0056,3,331.8,0.0
L0019652,O007842,P0172,3,49.86,0.0
L0019653,O007843,P0086,1,13.53,0.1
L0019654,O007843,P0174,3,215.24,0.0
L0019655,O007843,P0028,1,162.51,0.0
L0019656,O007843,P0018,2,148.88,0.15
L0019657,O007844,P0080,2,202.41,0.0
L0019658,O007844,P0007,1,254.13,0.0
L0019659,O007844,P0141,2,319.15,0.0
L0019660,O007845,P0140,1,154.35,0.0
L0019661,O007845,P0129,1,127.39,0.0
L0019662,O007846,P0009,3,280.24,0.0
L0019663,O007846,P0128,2,282.75,0.0
L0019664,O007846,P0155,3,97.36,0.2
L0019665,O007846,P0127,3,94.92,0.0
L0019666,O007847,P0031,1,244.99,0.1
L0019667,O007847,P0092,2,277.28,0.1
L0019668,O007847,P0023,1,157.4,0.0
L0019669,O007847,P0114,3,292.03,0.05
L0019670,O007848,P0083,2,253.67,0.05
L0019671,O007848,P0085,3,280.68,0.1
L0019672,O007848,P0033,2,161.06,0.1
L0019673,O007849,P0103,3,91.56,0.1
L0019674,O007850,P0039,2,278.42,0.1
L0019675,O007850,P0026,1,59.61,0.0
L0019676,O007851,P0024,2,168.57,0.0
L0019677,O007852,P0087,1,82.67,0.15
L0019678,O007852,P0164,1,260.97,0.1
L0019679,O007852,P0147,3,16.1,0.0
L0019680,O007853,P0105,2,66.7,0.0
L0019681,O007853,P0140,1,154.35,0.0
L0019682,O007854,P0175,1,60.92,0.0
L0019683,O007854,P0035,3,127.08,0.0
L0019684,O007854,P0143,3,239.62,0.0
L0019685,O007855,P0098,2,72.03,0.1
L0019686,O007855,P0003,1,230.57,0.15
L0019687,O007856,P0081,2,23.54,0.0
L0019688,O007856,P0127,3,94.92,0.0
L0019689,O007857,P0154,1,249.76,0.1
L0019690,O007857,P0144,1,206.16,0.0
L0019691,O007857,P0114,2,307.4,0.0
L0019692,O007858,P0011,2,77.91,0.0
L0019693,O007858,P0007,2,254.13,0.0
L0019694,O007858,P0064,3,321.5,0.0
L0019695,O007858,P0143,2,215.66,0.1
L0019696,O007859,P0179,1,121.21,0.15
L0019697,O007859,P0041,3,77.93,0.0
L0019698,O007859,P0052,1,159.31,0.15
L0019699,O007860,P0169,2,103.57,0.0
L0019700,O007860,P0103,2,91.56,0.1
L0019701,O007860,P0058,2,308.29,0.0
L0019702,O007861,P0152,3,187.58,0.0
L0019703,O007862,P0165,2,102.93,0.2
L0019704,O007863,P0094,2,198.89,0.05
L0019705,O007864,P0107,2,313.17,0.0
L0019706,O007864,P0034,2,181.72,0.0
L0019707,O007864,P0048,3,53.61,0.0
L0019708,O007864,P0179,1,142.6,0.0
L0019709,O007865,P0023,1,141.66,0.1
L0019710,O007866,P0095,2,235.41,0.15
L0019711,O007866,P0012,3,50.68,0.2
L0019712,O007867,P0098,1,64.02,0.2
L0019713,O007867,P0011,1,62.33,0.2
L0019714,O007868,P0133,3,44.12,0.0
L0019715,O007868,P0103,3,91.56,0.1
L0019716,O007868,P0014,1,127.49,0.0
L0019717,O007869,P0103,2,86.47,0.15
L0019718,O007869,P0144,1,206.16,0.0
L0019719,O007870,P0072,2,91.39,0.1
L0019720,O007871,P0089,2,10.97,0.1
L0019721,O007871,P0166,2,178.94,0.1
L0019722,O007872,P0171,3,88.06,0.0
L0019723,O007872,P0054,2,229.99,0.0
L0019724,O007872,P0110,3,254.79,0.0
L0019725,O007873,P0175,3,60.92,0.0
L0019726,O007873,P0033,2,178.96,0.0
L0019727,O007874,P0022,3,145.84,0.0
L0019728,O007875,P0020,2,43.31,0.05
L0019729,O007875,P0015,3,61.62,0.0
L0019730,O007875,P0161,3,46.68,0.15
L0019731,O007876,P0132,2,62.67,0.0
L0019732,O007876,P0094,1,209.36,0.0
L0019733,O007876,P0027,3,306.58,0.0
L0019734,O007876,P0071,1,109.0,0.0
L0019735,O007877,P0014,2,121.12,0.05
L0019736,O007877,P0144,3,164.93,0.2
L0019737,O007877,P0069,3,54.33,0.1
L0019738,O007878,P0045,3,308.07,0.0
L0019739,O007878,P0105,1,66.7,0.0
L0019740,O007878,P0148,2,105.36,0.15
L0019741,O007879,P0105,1,56.7,0.15
L0019742,O007879,P0121,1,199.5,0.1
L0019743,O007879,P0118,1,218.87,0.0
L0019744,O007879,P0108,3,175.89,0.05
L0019745,O007880,P0044,2,265.56,0.0
L0019746,O007880,P0175,3,60.92,0.0
L0019747,O007880,P0167,1,154.16,0.05
L0019748,O007880,P0140,3,154.35,0.0
L0019749,O007881,P0119,2,222.44,0.1
L0019750,O007882,P0167,2,146.04,0.1
L0019751,O007882,P0021,2,71.03,0.0
L0019752,O007882,P0066,1,285.17,0.05
L0019753,O007883,P0051,3,59.94,0.05
L0019754,O007883,P0089,2,12.19,0.0
L0019755,O007884,P0084,1,259.34,0.0
L0019756,O007884,P0160,2,133.28,0.15
L0019757,O007885,P0018,1,166.39,0.05
L0019758,O007886,P0177,2,295.0,0.0
L0019759,O007886,P0111,2,303.31,0.0
L0019760,O007886,P0048,3,53.61,0.0
L0019761,O007887,P0136,3,46.17,0.0
L0019762,O007888,P0005,1,179.79,0.1
L0019763,O007888,P0053,2,255.69,0.0
L0019764,O007888,P0159,3,133.69,0.0
L0019765,O007888,P0092,2,261.88,0.15
L0019766,O007889,P0139,2,227.61,0.2
L0019767,O007890,P0104,3,25.33,0.0
L0019768,O007890,P0049,3,240.81,0.1
L0019769,O007890,P0142,1,73.09,0.05
L0019770,O007890,P0072,1,101.55,0.0
L0019771,O007891,P0008,2,294.89,0.15
L0019772,O007891,P0138,2,82.58,0.1
L0019773,O007892,P0052,3,187.42,0.0
L0019774,O007892,P0033,3,178.96,0.0
L0019775,O007892,P0006,3,122.4,0.0
L0019776,O007893,P0104,3,22.8,0.1
L0019777,O007893,P0161,2,54.92,0.0
L0019778,O007894,P0107,1,250.54,0.2
L0019779,O007895,P0050,3,188.53,0.05
L0019780,O007896,P0095,3,276.95,0.0
L0019781,O007896,P0051,3,63.09,0.0
L0019782,O007897,P0152,2,187.58,0.0
L0019783,O007898,P0113,2,117.56,0.15
L0019784,O007898,P0078,3,317.55,0.05
L0019785,O007898,P0040,1,248.71,0.0
L0019786,O007899,P0052,2,187.42,0.0
L0019787,O007899,P0159,2,133.69,0.0
L0019788,O007900,P0069,1,57.35,0.05
L0019789,O007900,P0133,3,35.3,0.2
L0019790,O007900,P0080,2,172.05,0.15
L0019791,O007901,P0121,1,199.5,0.1
L0019792,O007901,P0091,1,272.75,0.15
L0019793,O007902,P0024,1,151.71,0.1
L0019794,O007902,P0075,1,80.69,0.05
L0019795,O007903,P0006,2,122.4,0.0
L0019796,O007903,P0053,1,204.55,0.2
L0019797,O007904,P0169,3,103.57,0.0
L0019798,O007904,P0171,1,88.06,0.0
L0019799,O007904,P0097,3,151.7,0.1
L0019800,O007905,P0012,2,53.85,0.15
L0019801,O007905,P0154,3,277.51,0.0
L0019802,O007905,P0106,3,180.93,0.0
L0019803,O007906,P0063,2,133.75,0.1
L0019804,O007906,P0119,2,222.44,0.1
L0019805,O007906,P0134,3,45.14,0.0
L0019806,O007907,P0120,1,193.85,0.1
L0019807,O007908,P0048,1,53.61,0.0
L0019808,O007908,P0083,3,226.97,0.15
L0019809,O007908,P0162,1,19.31,0.05
L0019810,O007908,P0121,3,221.67,0.0
L0019811,O007909,P0102,3,183.42,0.0
L0019812,O007909,P0162,1,18.3,0.1
L0019813,O007910,P0028,3,162.51,0.0
L0019814,O007910,P0172,3,49.86,0.0
L0019815,O007910,P0160,2,141.12,0.1
L0019816,O007910,P0126,1,303.44,0.0
L0019817,O007911,P0170,1,254.85,0.0
L0019818,O007911,P0140,1,154.35,0.0
L0019819,O007911,P0158,1,73.76,0.0
L0019820,O007912,P0136,3,46.17,0.0
L0019821,O007912,P0061,2,15.7,0.0
L0019822,O007913,P0041,1,66.24,0.15
L0019823,O007914,P0027,1,306.58,0.0
L0019824,O007914,P0122,1,339.37,0.0
L0019825,O007915,P0150,2,273.27,0.15
L0019826,O007915,P0031,3,272.21,0.0
L0019827,O007915,P0092,2,308.09,0.0
L0019828,O007915,P0018,1,175.15,0.0
L0019829,O007916,P0118,1,218.87,0.0
L0019830,O007916,P0093,2,20.83,0.05
L0019831,O007916,P0104,1,25.33,0.0
L0019832,O007916,P0151,1,233.95,0.0
L0019833,O007917,P0103,1,81.38,0.2
L0019834,O007917,P0083,1,267.02,0.0
L0019835,O007917,P0099,3,339.39,0.0
L0019836,O007917,P0131,2,13.96,0.0
L0019837,O007918,P0143,2,203.68,0.15
L0019838,O007918,P0108,1,166.64,0.1
L0019839,O007919,P0021,2,60.38,0.15
L0019840,O007919,P0133,1,44.12,0.0
L0019841,O007920,P0009,2,280.24,0.0
L0019842,O007920,P0146,1,279.51,0.0
L0019843,O007920,P0136,1,41.55,0.1
L0019844,O007921,P0143,1,239.62,0.0
L0019845,O007921,P0157,1,252.75,0.0
L0019846,O007921,P0097,3,143.27,0.15
L0019847,O007921,P0083,1,267.02,0.0
L0019848,O007922,P0018,3,175.15,0.0
L0019849,O007922,P0149,1,37.96,0.1
L0019850,O007923,P0019,3,69.58,0.2
L0019851,O007923,P0027,1,306.58,0.0
L0019852,O007924,P0086,1,15.03,0.0
L0019853,O007924,P0011,2,62.33,0.2
L0019854,O007924,P0140,1,146.63,0.05
L0019855,O007925,P0180,2,52.22,0.0
L0019856,O007925,P0019,1,86.97,0.0
L0019857,O007925,P0135,3,252.6,0.0
L0019858,O007926,P0139,2,284.51,0.0
L0019859,O007926,P0114,1,307.4,0.0
L0019860,O007926,P0013,2,38.39,0.0
L0019861,O007926,P0144,1,185.54,0.1
L0019862,O007927,P0030,3,177.24,0.0
L0019863,O007928,P0009,1,280.24,0.0
L0019864,O007929,P0133,3,35.3,0.2
L0019865,O007929,P0014,1,114.74,0.1
L0019866,O007929,P0004,1,37.63,0.0
L0019867,O007929,P0073,1,263.38,0.0
L0019868,O007930,P0132,3,56.4,0.1
L0019869,O007930,P0010,1,93.03,0.1
L0019870,O007931,P0121,3,221.67,0.0
L0019871,O007931,P0093,2,20.83,0.05
L0019872,O007931,P0176,2,223.57,0.0
L0019873,O007932,P0096,1,238.7,0.1
L0019874,O007932,P0027,3,291.25,0.05
L0019875,O007932,P0153,3,123.22,0.1
L0019876,O007932,P0149,2,42.18,0.0
L0019877,O007933,P0021,2,60.38,0.15
L0019878,O007933,P0068,3,285.98,0.0
L0019879,O007933,P0159,1,133.69,0.0
L0019880,O007933,P0041,2,74.03,0.05
L0019881,O007934,P0063,3,148.61,0.0
L0019882,O007935,P0162,3,20.33,0.0
L0019883,O007935,P0021,1,71.03,0.0
L0019884,O007935,P0042,2,107.66,0.0
L0019885,O007935,P0079,3,145.32,0.0
L0019886,O007936,P0116,2,330.95,0.0
L0019887,O007936,P0076,3,84.3,0.15
L0019888,O007936,P0111,3,257.81,0.15
L0019889,O007936,P0095,2,249.25,0.1
L0019890,O007937,P0061,2,15.7,0.0
L0019891,O007937,P0067,1,159.53,0.1
L0019892,O007937,P0064,2,273.27,0.15
L0019893,O007937,P0134,3,40.63,0.1
L0019894,O007938,P0151,2,222.25,0.05
L0019895,O007939,P0094,3,177.96,0.15
L0019896,O007940,P0161,2,54.92,0.0
L0019897,O007940,P0004,2,37.63,0.0
L0019898,O007941,P0018,2,175.15,0.0
L0019899,O007941,P0029,1,226.17,0.0
L0019900,O007941,P0178,2,188.55,0.15
L0019901,O007942,P0103,2,96.64,0.05
L0019902,O007942,P0167,3,154.16,0.05
L0019903,O007942,P0074,2,182.57,0.0
L0019904,O007943,P0152,2,168.82,0.1
L0019905,O007943,P0013,2,38.39,0.0
L0019906,O007943,P0156,1,298.56,0.0
L0019907,O007943,P0035,1,108.02,0.15
L0019908,O007944,P0019,3,73.92,0.15
L0019909,O007945,P0003,2,271.26,0.0
L0019910,O007945,P0073,1,263.38,0.0
L0019911,O007945,P0025,1,137.63,0.0
L0019912,O007946,P0001,1,256.68,0.0
L0019913,O007946,P0060,2,275.74,0.0
L0019914,O007946,P0176,2,223.57,0.0
L0019915,O007947,P0174,3,215.24,0.0
L0019916,O007947,P0172,3,47.37,0.05
L0019917,O007948,P0097,2,151.7,0.1
L0019918,O007948,P0128,3,254.47,0.1
L0019919,O007949,P0123,1,288.69,0.0
L0019920,O007949,P0046,3,341.88,0.0
L0019921,O007949,P0109,2,267.53,0.1
L0019922,O007950,P0026,2,59.61,0.0
L0019923,O007950,P0052,3,168.68,0.1
L0019924,O007950,P0179,2,128.34,0.1
L0019925,O007950,P0082,2,92.41,0.0
L0019926,O007951,P0173,1,177.0,0.0
L0019927,O007951,P0140,1,154.35,0.0
L0019928,O007951,P0064,1,321.5,0.0
L0019929,O007951,P0105,2,66.7,0.0
L0019930,O007952,P0050,1,198.45,0.0
L0019931,O007952,P0094,1,209.36,0.0
L0019932,O007952,P0171,1,79.25,0.1
L0019933,O007952,P0087,2,92.4,0.05
L0019934,O007953,P0094,2,198.89,0.05
L0019935,O007953,P0180,3,52.22,0.0
L0019936,O007953,P0064,1,305.43,0.05
L0019937,O007953,P0092,3,292.69,0.05
L0019938,O007954,P0125,1,96.0,0.0
L0019939,O007955,P0057,2,61.86,0.0
L0019940,O007955,P0010,2,103.37,0.0
L0019941,O007956,P0114,2,307.4,0.0
L0019942,O007956,P0076,3,99.18,0.0
L0019943,O007957,P0137,1,50.88,0.0
L0019944,O007957,P0098,2,72.03,0.1
L0019945,O007957,P0113,3,138.3,0.0
L0019946,O007957,P0102,2,183.42,0.0
L0019947,O007958,P0090,1,135.94,0.0
L0019948,O007958,P0123,3,259.82,0.1
L0019949,O007958,P0150,3,305.42,0.05
L0019950,O007959,P0039,3,309.36,0.0
L0019951,O007959,P0171,2,83.66,0.05
L0019952,O007960,P0164,2,260.97,0.1
L0019953,O007960,P0051,3,63.09,0.0
L0019954,O007960,P0026,3,59.61,0.0
L0019955,O007960,P0123,2,245.39,0.15
L0019956,O007961,P0105,3,63.37,0.05
L0019957,O007961,P0113,3,124.47,0.1
L0019958,O007961,P0121,1,199.5,0.1
L0019959,O007961,P0011,3,77.91,0.0
L0019960,O007962,P0060,3,275.74,0.0
L0019961,O007962,P0143,1,203.68,0.15
L0019962,O007962,P0136,3,46.17,0.0
L0019963,O007963,P0140,3,138.91,0.1
L0019964,O007964,P0121,3,221.67,0.0
L0019965,O007964,P0029,3,226.17,0.0
L0019966,O007964,P0167,1,154.16,0.05
L0019967,O007965,P0072,2,91.39,0.1
L0019968,O007966,P0053,1,255.69,0.0
L0019969,O007967,P0143,3,239.62,0.0
L0019970,O007967,P0046,2,341.88,0.0
L0019971,O007967,P0057,1,55.67,0.1
L0019972,O007967,P0011,3,77.91,0.0
L0019973,O007968,P0128,3,282.75,0.0
L0019974,O007968,P0066,2,300.18,0.0
L0019975,O007968,P0061,1,15.7,0.0
L0019976,O007969,P0156,1,298.56,0.0
L0019977,O007969,P0004,1,33.87,0.1
L0019978,O007969,P0118,3,186.04,0.15
L0019979,O007969,P0176,3,223.57,0.0
L0019980,O007970,P0093,3,19.74,0.1
L0019981,O007970,P0168,1,273.42,0.05
L0019982,O007970,P0014,3,114.74,0.1
L0019983,O007970,P0029,2,226.17,0.0
L0019984,O007971,P0133,3,44.12,0.0
L0019985,O007971,P0021,2,71.03,0.0
L0019986,O007971,P0008,3,277.54,0.2
L0019987,O007972,P0104,3,24.06,0.05
L0019988,O007972,P0084,2,259.34,0.0
L0019989,O007973,P0103,1,101.73,0.0
L0019990,O007973,P0099,3,339.39,0.0
L0019991,O007973,P0087,2,82.67,0.15
L0019992,O007973,P0036,2,52.13,0.0
L0019993,O007974,P0108,2,175.89,0.05
L0019994,O007974,P0021,2,71.03,0.0
L0019995,O007974,P0111,1,272.98,0.1
L0019996,O007974,P0168,3,287.81,0.0
L0019997,O007975,P0018,1,175.15,0.0
L0019998,O007975,P0033,3,170.01,0.05
L0019999,O007975,P0047,3,51.99,0.05
L0020000,O007975,P0107,3,313.17,0.0
L0020001,O007976,P0071,2,109.0,0.0
L0020002,O007976,P0131,3,13.96,0.0
L0020003,O007976,P0157,1,227.47,0.1
L0020004,O007977,P0059,3,124.7,0.0
L0020005,O007977,P0114,3,261.29,0.15
L0020006,O007977,P0036,1,52.13,0.0
L0020007,O007977,P0022,3,145.84,0.0
L0020008,O007978,P0157,1,252.75,0.0
L0020009,O007978,P0001,1,256.68,0.0
L0020010,O007979,P0064,2,321.5,0.0
L0020011,O007979,P0128,1,282.75,0.0
L0020012,O007979,P0129,2,127.39,0.0
L0020013,O007979,P0156,1,298.56,0.0
L0020014,O007980,P0143,1,239.62,0.0
L0020015,O007980,P0150,1,305.42,0.05
L0020016,O007980,P0089,1,12.19,0.0
L0020017,O007980,P0058,3,277.46,0.1
L0020018,O007981,P0158,3,73.76,0.0
L0020019,O007982,P0012,1,63.35,0.0
L0020020,O007982,P0103,1,101.73,0.0
L0020021,O007982,P0076,3,99.18,0.0
L0020022,O007983,P0070,2,241.83,0.0
L0020023,O007983,P0142,3,73.09,0.05
L0020024,O007983,P0065,2,140.88,0.0
L0020025,O007983,P0106,3,180.93,0.0
L0020026,O007984,P0176,1,223.57,0.0
L0020027,O007984,P0099,3,288.48,0.15
L0020028,O007984,P0092,3,277.28,0.1
L0020029,O007984,P0080,1,182.17,0.1
L0020030,O007985,P0013,1,38.39,0.0
L0020031,O007985,P0124,2,68.89,0.0
L0020032,O007985,P0103,1,101.73,0.0
L0020033,O007985,P0117,2,244.09,0.0
L0020034,O007986,P0111,3,272.98,0.1
L0020035,O007986,P0166,3,198.82,0.0
L0020036,O007986,P0027,1,306.58,0.0
L0020037,O007986,P0084,3,233.41,0.1
L0020038,O007987,P0143,2,191.7,0.2
L0020039,O007988,P0155,3,121.7,0.0
L0020040,O007988,P0070,2,229.74,0.05
L0020041,O007988,P0096,2,265.22,0.0
L0020042,O007988,P0093,2,21.93,0.0
L0020043,O007989,P0133,3,44.12,0.0
L0020044,O007989,P0163,1,233.9,0.0
L0020045,O007990,P0046,1,341.88,0.0
L0020046,O007990,P0020,2,45.59,0.0
L0020047,O007990,P0159,1,133.69,0.0
L0020048,O007990,P0090,3,135.94,0.0
L0020049,O007991,P0136,3,41.55,0.1
L0020050,O007991,P0128,1,282.75,0.0
L0020051,O007991,P0054,2,195.49,0.15
L0020052,O007992,P0051,1,59.94,0.05
L0020053,O007992,P0158,3,73.76,0.0
L0020054,O007992,P0113,3,138.3,0.0
L0020055,O007993,P0093,2,21.93,0.0
L0020056,O007994,P0096,3,265.22,0.0
L0020057,O007994,P0147,1,16.1,0.0
L0020058,O007994,P0069,1,60.37,0.0
L0020059,O007995,P0104,1,25.33,0.0
L0020060,O007995,P0051,1,53.63,0.15
L0020061,O007996,P0103,3,96.64,0.05
L0020062,O007996,P0036,2,44.31,0.15
L0020063,O007997,P0112,1,34.86,0.0
L0020064,O007997,P0140,2,138.91,0.1
L0020065,O007998,P0074,2,182.57,0.0
L0020066,O007998,P0107,1,313.17,0.0
L0020067,O007998,P0129,2,127.39,0.0
L0020068,O007998,P0174,2,193.72,0.1
L0020069,O007999,P0105,2,66.7,0.0
L0020070,O007999,P0041,3,77.93,0.0
L0020071,O007999,P0083,1,240.32,0.1
L0020072,O008000,P0169,2,98.39,0.05
L0020073,O008000,P0065,2,112.7,0.2
L0020074,O008000,P0118,1,218.87,0.0
L0020075,O008000,P0160,3,156.8,0.0
L0020076,O008001,P0083,3,267.02,0.0
L0020077,O008002,P0017,1,180.99,0.0
L0020078,O008002,P0170,1,254.85,0.0
L0020079,O008003,P0078,2,284.12,0.15
L0020080,O008004,P0059,1,112.23,0.1
L0020081,O008004,P0140,1,131.2,0.15
L0020082,O008004,P0122,3,271.5,0.2
L0020083,O008005,P0021,3,60.38,0.15
L0020084,O008005,P0020,2,43.31,0.05
L0020085,O008005,P0064,2,321.5,0.0
L0020086,O008005,P0152,1,187.58,0.0
L0020087,O008006,P0142,3,73.09,0.05
L0020088,O008007,P0065,3,126.79,0.1
L0020089,O008007,P0054,2,183.99,0.2
L0020090,O008007,P0170,2,229.37,0.1
L0020091,O008007,P0159,1,113.64,0.15
L0020092,O008008,P0045,1,246.46,0.2
L0020093,O008009,P0123,3,259.82,0.1
L0020094,O008009,P0047,1,43.78,0.2
L0020095,O008009,P0139,3,241.83,0.15
L0020096,O008009,P0072,1,81.24,0.2
L0020097,O008010,P0137,3,43.25,0.15
L0020098,O008011,P0090,1,108.75,0.2
L0020099,O008012,P0147,1,14.49,0.1
L0020100,O008012,P0040,1,236.27,0.05
L0020101,O008012,P0012,3,63.35,0.0
L0020102,O008012,P0144,3,195.85,0.05
L0020103,O008013,P0114,2,276.66,0.1
L0020104,O008014,P0098,2,76.03,0.05
L0020105,O008014,P0016,1,60.22,0.0
L0020106,O008014,P0179,3,135.47,0.05
L0020107,O008014,P0073,3,237.04,0.1
L0020108,O008015,P0119,1,210.09,0.15
L0020109,O008015,P0067,2,150.66,0.15
L0020110,O008015,P0088,1,56.59,0.1
L0020111,O008016,P0102,2,183.42,0.0
L0020112,O008016,P0043,3,249.36,0.0
L0020113,O008016,P0130,1,39.92,0.0
L0020114,O008016,P0032,1,148.34,0.05
L0020115,O008017,P0035,1,127.08,0.0
L0020116,O008017,P0159,1,120.32,0.1
L0020117,O008018,P0007,2,254.13,0.0
L0020118,O008018,P0072,2,101.55,0.0
L0020119,O008018,P0100,2,83.1,0.0
L0020120,O008019,P0088,2,62.88,0.0
L0020121,O008020,P0161,2,54.92,0.0
L0020122,O008020,P0057,1,61.86,0.0
L0020123,O008021,P0102,2,183.42,0.0
L0020124,O008021,P0176,1,201.21,0.1
L0020125,O008021,P0138,3,73.4,0.2
L0020126,O008022,P0144,1,164.93,0.2
L0020127,O008022,P0100,1,83.1,0.0
L0020128,O008022,P0155,2,109.53,0.1
L0020129,O008023,P0042,1,107.66,0.0
L0020130,O008023,P0131,2,13.96,0.0
L0020131,O008023,P0143,3,191.7,0.2
L0020132,O008023,P0073,1,263.38,0.0
L0020133,O008024,P0014,2,114.74,0.1
L0020134,O008024,P0066,2,300.18,0.0
L0020135,O008024,P0061,1,12.56,0.2
L0020136,O008025,P0065,3,140.88,0.0
L0020137,O008025,P0091,1,320.88,0.0
L0020138,O008025,P0176,1,201.21,0.1
L0020139,O008026,P0109,3,297.26,0.0
L0020140,O008027,P0025,3,137.63,0.0
L0020141,O008027,P0067,3,168.39,0.05
L0020142,O008028,P0052,1,187.42,0.0
L0020143,O008028,P0068,1,257.38,0.1
L0020144,O008028,P0145,3,97.92,0.0
L0020145,O008029,P0136,3,43.86,0.05
L0020146,O008030,P0052,3,187.42,0.0
L0020147,O008030,P0029,3,226.17,0.0
L0020148,O008030,P0138,2,77.99,0.15
L0020149,O008030,P0041,3,77.93,0.0
L0020150,O008031,P0038,2,167.67,0.15
L0020151,O008031,P0052,1,168.68,0.1
L0020152,O008032,P0107,1,250.54,0.2
L0020153,O008032,P0073,3,263.38,0.0
L0020154,O008033,P0130,3,37.92,0.05
L0020155,O008033,P0034,1,154.46,0.15
L0020156,O008033,P0002,3,211.58,0.2
L0020157,O008033,P0043,2,224.42,0.1
L0020158,O008034,P0152,2,187.58,0.0
L0020159,O008034,P0131,3,13.96,0.0
L0020160,O008034,P0106,3,144.74,0.2
L0020161,O008034,P0147,1,13.69,0.15
L0020162,O008035,P0143,3,239.62,0.0
L0020163,O008035,P0144,2,206.16,0.0
L0020164,O008035,P0050,1,198.45,0.0
L0020165,O008035,P0163,2,233.9,0.0
L0020166,O008036,P0164,1,289.97,0.0
L0020167,O008036,P0005,2,199.77,0.0
L0020168,O008036,P0064,1,321.5,0.0
L0020169,O008036,P0036,2,52.13,0.0
L0020170,O008037,P0001,2,231.01,0.1
L0020171,O008037,P0165,3,128.66,0.0
L0020172,O008037,P0178,2,199.64,0.1
L0020173,O008038,P0081,1,22.36,0.05
L0020174,O008038,P0157,1,240.11,0.05
L0020175,O008039,P0029,2,226.17,0.0
L0020176,O008039,P0015,3,61.62,0.0
L0020177,O008039,P0149,1,42.18,0.0
L0020178,O008039,P0143,1,239.62,0.0
L0020179,O008040,P0073,2,263.38,0.0
L0020180,O008040,P0072,1,101.55,0.0
L0020181,O008040,P0030,2,168.38,0.05
L0020182,O008041,P0171,1,74.85,0.15
L0020183,O008041,P0152,3,187.58,0.0
L0020184,O008041,P0028,3,162.51,0.0
L0020185,O008041,P0103,2,101.73,0.0
L0020186,O008042,P0129,3,127.39,0.0
L0020187,O008043,P0124,1,62.0,0.1
L0020188,O008043,P0030,1,177.24,0.0
L0020189,O008043,P0142,3,76.94,0.0
L0020190,O008043,P0126,2,303.44,0.0
L0020191,O008044,P0033,3,161.06,0.1
L0020192,O008044,P0003,2,271.26,0.0
L0020193,O008045,P0046,1,341.88,0.0
L0020194,O008045,P0163,2,198.81,0.15
L0020195,O008045,P0057,3,58.77,0.05
L0020196,O008045,P0016,3,60.22,0.0
L0020197,O008046,P0009,2,252.22,0.1
L0020198,O008046,P0154,1,277.51,0.0
L0020199,O008046,P0129,3,127.39,0.0
L0020200,O008046,P0052,2,187.42,0.0
L0020201,O008047,P0066,1,285.17,0.05
L0020202,O008047,P0142,2,76.94,0.0
L0020203,O008047,P0180,3,44.39,0.15
L0020204,O008048,P0020,1,45.59,0.0
L0020205,O008049,P0120,3,193.85,0.1
L0020206,O008049,P0112,3,31.37,0.1
L0020207,O008049,P0051,3,56.78,0.1
L0020208,O008050,P0152,2,168.82,0.1
L0020209,O008050,P0059,3,124.7,0.0
L0020210,O008050,P0097,3,168.55,0.0
L0020211,O008050,P0048,3,53.61,0.0
L0020212,O008051,P0146,3,279.51,0.0
L0020213,O008051,P0013,2,32.63,0.15
L0020214,O008051,P0004,2,37.63,0.0
L0020215,O008052,P0167,1,162.27,0.0
L0020216,O008053,P0043,1,211.96,0.15
L0020217,O008054,P0014,3,108.37,0.15
L0020218,O008054,P0098,1,80.03,0.0
L0020219,O008054,P0177,3,250.75,0.15
L0020220,O008054,P0059,3,106.0,0.15
L0020221,O008055,P0141,2,319.15,0.0
L0020222,O008055,P0087,2,97.26,0.0
L0020223,O008055,P0121,2,221.67,0.0
L0020224,O008056,P0053,2,255.69,0.0
L0020225,O008056,P0089,2,10.97,0.1
L0020226,O008056,P0080,1,202.41,0.0
L0020227,O008057,P0139,2,284.51,0.0
L0020228,O008057,P0056,3,331.8,0.0
L0020229,O008057,P0036,3,52.13,0.0
L0020230,O008058,P0052,3,187.42,0.0
L0020231,O008059,P0063,3,148.61,0.0
L0020232,O008060,P0162,3,20.33,0.0
L0020233,O008060,P0064,3,321.5,0.0
L0020234,O008060,P0115,2,162.76,0.0
L0020235,O008061,P0140,3,131.2,0.15
L0020236,O008061,P0120,3,193.85,0.1
L0020237,O008061,P0144,2,185.54,0.1
L0020238,O008062,P0065,2,133.84,0.05
L0020239,O008062,P0064,1,321.5,0.0
L0020240,O008062,P0051,1,56.78,0.1
L0020241,O008062,P0046,2,307.69,0.1
L0020242,O008063,P0018,2,166.39,0.05
L0020243,O008063,P0134,2,45.14,0.0
L0020244,O008063,P0072,1,96.47,0.05
L0020245,O008064,P0040,3,248.71,0.0
L0020246,O008065,P0128,1,240.34,0.15
L0020247,O008065,P0123,3,288.69,0.0
L0020248,O008066,P0116,1,330.95,0.0
L0020249,O008066,P0025,2,137.63,0.0
L0020250,O008067,P0012,3,63.35,0.0
L0020251,O008067,P0094,3,188.42,0.1
L0020252,O008067,P0152,3,150.06,0.2
L0020253,O008067,P0014,1,127.49,0.0
L0020254,O008068,P0170,1,229.37,0.1
L0020255,O008068,P0088,1,50.3,0.2
L0020256,O008068,P0100,1,70.63,0.15
L0020257,O008068,P0158,2,70.07,0.05
L0020258,O008069,P0168,1,287.81,0.0
L0020259,O008069,P0054,2,206.99,0.1
L0020260,O008070,P0048,2,45.57,0.15
L0020261,O008071,P0079,3,123.52,0.15
L0020262,O008071,P0111,3,303.31,0.0
L0020263,O008071,P0105,2,66.7,0.0
L0020264,O008071,P0088,1,53.45,0.15
L0020265,O008072,P0168,1,287.81,0.0
L0020266,O008072,P0162,1,20.33,0.0
L0020267,O008072,P0059,3,118.47,0.05
L0020268,O008073,P0094,2,209.36,0.0
L0020269,O008073,P0037,3,111.16,0.15
L0020270,O008073,P0023,3,157.4,0.0
L0020271,O008073,P0148,2,123.95,0.0
L0020272,O008074,P0099,2,339.39,0.0
L0020273,O008074,P0021,1,67.48,0.05
L0020274,O008074,P0105,2,66.7,0.0
L0020275,O008074,P0145,2,93.02,0.05
L0020276,O008075,P0075,2,80.69,0.05
L0020277,O008076,P0084,3,246.37,0.05
L0020278,O008077,P0034,3,181.72,0.0
L0020279,O008077,P0170,1,229.37,0.1
L0020280,O008077,P0108,3,185.15,0.0
L0020281,O008077,P0143,2,215.66,0.1
L0020282,O008078,P0096,3,265.22,0.0
L0020283,O008079,P0055,2,13.45,0.05
L0020284,O008079,P0062,1,150.85,0.1
L0020285,O008079,P0085,3,280.68,0.1
L0020286,O008079,P0128,1,240.34,0.15
L0020287,O008080,P0110,1,254.79,0.0
L0020288,O008080,P0051,3,63.09,0.0
L0020289,O008080,P0020,1,41.03,0.1
L0020290,O008080,P0122,2,288.46,0.15
L0020291,O008081,P0159,2,106.95,0.2
L0020292,O008081,P0170,3,254.85,0.0
L0020293,O008082,P0045,1,308.07,0.0
L0020294,O008083,P0138,2,91.75,0.0
L0020295,O008083,P0102,3,146.74,0.2
L0020296,O008084,P0129,1,127.39,0.0
L0020297,O008084,P0078,1,334.26,0.0
L0020298,O008084,P0113,3,138.3,0.0
L0020299,O008084,P0066,2,300.18,0.0
L0020300,O008085,P0036,1,46.92,0.1
L0020301,O008086,P0122,1,339.37,0.0
L0020302,O008087,P0069,3,60.37,0.0
L0020303,O008087,P0048,2,53.61,0.0
L0020304,O008087,P0081,3,23.54,0.0
L0020305,O008087,P0136,1,39.24,0.15
L0020306,O008088,P0004,1,37.63,0.0
L0020307,O008088,P0119,2,210.09,0.15
L0020308,O008089,P0174,1,193.72,0.1
L0020309,O008089,P0138,1,73.4,0.2
L0020310,O008089,P0055,1,14.16,0.0
L0020311,O008090,P0068,3,285.98,0.0
L0020312,O008091,P0071,3,109.0,0.0
L0020313,O008091,P0099,2,339.39,0.0
L0020314,O008091,P0038,1,167.67,0.15
L0020315,O008092,P0115,1,154.62,0.05
L0020316,O008093,P0178,2,210.73,0.05
L0020317,O008094,P0084,3,233.41,0.1
L0020318,O008094,P0002,2,264.47,0.0
L0020319,O008094,P0055,3,11.33,0.2
L0020320,O008094,P0091,2,272.75,0.15
L0020321,O008095,P0132,1,62.67,0.0
L0020322,O008095,P0142,3,76.94,0.0
L0020323,O008095,P0139,1,256.06,0.1
L0020324,O008096,P0043,3,224.42,0.1
L0020325,O008096,P0104,2,21.53,0.15
L0020326,O008097,P0131,2,13.96,0.0
L0020327,O008097,P0092,2,246.47,0.2
L0020328,O008098,P0178,2,199.64,0.1
L0020329,O008098,P0013,3,34.55,0.1
L0020330,O008099,P0171,1,88.06,0.0
L0020331,O008099,P0102,3,174.25,0.05
L0020332,O008099,P0109,3,267.53,0.1
L0020333,O008100,P0054,3,229.99,0.0
L0020334,O008100,P0036,3,46.92,0.1
L0020335,O008101,P0060,3,234.38,0.15
L0020336,O008101,P0164,2,289.97,0.0
L0020337,O008102,P0083,3,267.02,0.0
L0020338,O008103,P0015,1,61.62,0.0
L0020339,O008104,P0081,1,21.19,0.1
L0020340,O008104,P0047,2,49.26,0.1
L0020341,O008105,P0059,3,124.7,0.0
L0020342,O008105,P0134,3,45.14,0.0
L0020343,O008105,P0005,1,199.77,0.0
L0020344,O008105,P0135,3,252.6,0.0
L0020345,O008106,P0015,2,61.62,0.0
L0020346,O008106,P0082,3,87.79,0.05
L0020347,O008106,P0044,3,239.0,0.1
L0020348,O008107,P0012,3,57.02,0.1
L0020349,O008107,P0166,3,188.88,0.05
L0020350,O008107,P0032,2,148.34,0.05
L0020351,O008107,P0108,1,148.12,0.2
L0020352,O008108,P0010,1,103.37,0.0
L0020353,O008108,P0058,3,262.05,0.15
L0020354,O008108,P0031,1,258.6,0.05
L0020355,O008109,P0126,1,288.27,0.05
L0020356,O008109,P0109,1,297.26,0.0
L0020357,O008109,P0032,1,156.15,0.0
L0020358,O008110,P0079,2,145.32,0.0
L0020359,O008110,P0100,2,83.1,0.0
L0020360,O008110,P0095,1,263.1,0.05
L0020361,O008110,P0162,3,19.31,0.05
L0020362,O008111,P0008,1,346.93,0.0
L0020363,O008112,P0070,1,241.83,0.0
L0020364,O008112,P0055,3,14.16,0.0
L0020365,O008112,P0097,1,168.55,0.0
L0020366,O008112,P0084,2,259.34,0.0
L0020367,O008113,P0063,1,148.61,0.0
L0020368,O008113,P0128,3,282.75,0.0
L0020369,O008114,P0165,2,128.66,0.0
L0020370,O008114,P0083,1,267.02,0.0
L0020371,O008114,P0149,2,42.18,0.0
L0020372,O008115,P0048,1,48.25,0.1
L0020373,O008115,P0050,2,158.76,0.2
L0020374,O008115,P0008,3,294.89,0.15
L0020375,O008115,P0146,2,279.51,0.0
L0020376,O008116,P0014,3,114.74,0.1
L0020377,O008116,P0003,1,257.7,0.05
L0020378,O008116,P0089,3,10.36,0.15
L0020379,O008117,P0030,3,177.24,0.0
L0020380,O008117,P0117,2,244.09,0.0
L0020381,O008117,P0178,3,221.82,0.0
L0020382,O008118,P0139,3,284.51,0.0
L0020383,O008119,P0023,3,149.53,0.05
L0020384,O008119,P0069,3,60.37,0.0
L0020385,O008119,P0126,1,303.44,0.0
L0020386,O008120,P0134,1,42.88,0.05
L0020387,O008120,P0083,2,267.02,0.0
L0020388,O008121,P0033,3,161.06,0.1
L0020389,O008121,P0150,2,273.27,0.15
L0020390,O008122,P0017,1,162.89,0.1
L0020391,O008122,P0047,1,54.73,0.0
L0020392,O008123,P0151,2,233.95,0.0
L0020393,O008123,P0082,3,73.93,0.2
L0020394,O008123,P0145,2,97.92,0.0
L0020395,O008123,P0110,3,254.79,0.0
L0020396,O008124,P0032,2,124.92,0.2
L0020397,O008124,P0023,3,157.4,0.0
L0020398,O008125,P0008,1,329.58,0.05
L0020399,O008125,P0127,2,94.92,0.0
L0020400,O008125,P0054,1,229.99,0.0
L0020401,O008125,P0122,1,288.46,0.15
L0020402,O008126,P0005,1,189.78,0.05
L0020403,O008126,P0118,1,218.87,0.0
L0020404,O008126,P0154,2,277.51,0.0
L0020405,O008126,P0153,2,136.91,0.0
L0020406,O008127,P0157,1,227.47,0.1
L0020407,O008127,P0111,1,303.31,0.0
L0020408,O008127,P0178,3,188.55,0.15
L0020409,O008128,P0050,2,198.45,0.0
L0020410,O008128,P0153,3,136.91,0.0
L0020411,O008128,P0109,1,297.26,0.0
L0020412,O008129,P0116,2,314.4,0.05
L0020413,O008129,P0102,2,183.42,0.0
L0020414,O008129,P0071,1,109.0,0.0
L0020415,O008129,P0023,3,157.4,0.0
L0020416,O008130,P0099,2,339.39,0.0
L0020417,O008131,P0093,2,19.74,0.1
L0020418,O008131,P0052,1,187.42,0.0
L0020419,O008131,P0096,3,251.96,0.05
L0020420,O008131,P0137,3,40.7,0.2
L0020421,O008132,P0068,2,285.98,0.0
L0020422,O008133,P0120,3,215.39,0.0
L0020423,O008133,P0123,3,259.82,0.1
L0020424,O008133,P0085,2,311.87,0.0
L0020425,O008133,P0090,1,122.35,0.1
L0020426,O008134,P0023,2,133.79,0.15
L0020427,O008134,P0007,2,203.3,0.2
L0020428,O008134,P0095,2,221.56,0.2
L0020429,O008135,P0012,2,63.35,0.0
L0020430,O008135,P0126,2,303.44,0.0
L0020431,O008136,P0141,2,319.15,0.0
L0020432,O008136,P0069,3,51.31,0.15
L0020433,O008136,P0063,2,148.61,0.0
L0020434,O008136,P0018,3,175.15,0.0
L0020435,O008137,P0070,3,229.74,0.05
L0020436,O008137,P0133,1,44.12,0.0
L0020437,O008138,P0101,2,332.34,0.05
L0020438,O008138,P0124,2,68.89,0.0
L0020439,O008138,P0163,1,233.9,0.0
L0020440,O008138,P0066,1,300.18,0.0
L0020441,O008139,P0159,2,133.69,0.0
L0020442,O008139,P0120,3,183.08,0.15
L0020443,O008139,P0133,2,44.12,0.0
L0020444,O008140,P0138,2,82.58,0.1
L0020445,O008140,P0140,1,154.35,0.0
L0020446,O008140,P0092,1,277.28,0.1
L0020447,O008141,P0175,1,60.92,0.0
L0020448,O008141,P0004,2,35.75,0.05
L0020449,O008141,P0135,3,239.97,0.05
L0020450,O008141,P0078,2,300.83,0.1
L0020451,O008142,P0061,3,14.13,0.1
L0020452,O008143,P0075,1,67.95,0.2
L0020453,O008143,P0177,1,295.0,0.0
L0020454,O008143,P0164,3,231.98,0.2
L0020455,O008143,P0135,1,227.34,0.1
L0020456,O008144,P0008,1,346.93,0.0
L0020457,O008144,P0064,1,273.27,0.15
L0020458,O008145,P0118,1,218.87,0.0
L0020459,O008146,P0080,3,202.41,0.0
L0020460,O008147,P0129,2,114.65,0.1
L0020461,O008148,P0108,2,166.64,0.1
L0020462,O008148,P0091,3,320.88,0.0
L0020463,O008148,P0117,3,244.09,0.0
L0020464,O008148,P0152,3,159.44,0.15
L0020465,O008149,P0131,2,13.26,0.05
L0020466,O008150,P0069,1,60.37,0.0
L0020467,O008150,P0044,1,212.45,0.2
L0020468,O008151,P0110,3,242.05,0.05
L0020469,O008152,P0152,3,187.58,0.0
L0020470,O008152,P0118,1,218.87,0.0
L0020471,O008152,P0180,1,44.39,0.15
L0020472,O008153,P0143,2,227.64,0.05
L0020473,O008153,P0079,1,145.32,0.0
L0020474,O008154,P0031,1,272.21,0.0
L0020475,O008154,P0125,1,96.0,0.0
L0020476,O008154,P0162,2,20.33,0.0
L0020477,O008154,P0147,2,16.1,0.0
L0020478,O008155,P0121,3,221.67,0.0
L0020479,O008155,P0162,2,18.3,0.1
L0020480,O008156,P0012,3,63.35,0.0
L0020481,O008156,P0050,1,198.45,0.0
L0020482,O008156,P0031,3,258.6,0.05
L0020483,O008156,P0084,1,246.37,0.05
L0020484,O008157,P0053,3,255.69,0.0
L0020485,O008157,P0012,3,60.18,0.05
L0020486,O008157,P0046,2,341.88,0.0
L0020487,O008157,P0149,1,42.18,0.0
L0020488,O008158,P0024,3,168.57,0.0
L0020489,O008158,P0023,1,157.4,0.0
L0020490,O008158,P0021,3,71.03,0.0
L0020491,O008159,P0178,1,199.64,0.1
L0020492,O008159,P0113,1,138.3,0.0
L0020493,O008159,P0112,1,34.86,0.0
L0020494,O008160,P0051,2,56.78,0.1
L0020495,O008160,P0066,3,300.18,0.0
L0020496,O008160,P0172,2,49.86,0.0
L0020497,O008160,P0174,2,215.24,0.0
L0020498,O008161,P0071,2,109.0,0.0
L0020499,O008161,P0014,3,127.49,0.0
L0020500,O008161,P0140,3,154.35,0.0
L0020501,O008161,P0172,3,42.38,0.15
L0020502,O008162,P0138,1,91.75,0.0
L0020503,O008162,P0137,2,43.25,0.15
L0020504,O008162,P0051,3,63.09,0.0
L0020505,O008163,P0027,3,306.58,0.0
L0020506,O008163,P0036,3,52.13,0.0
L0020507,O008163,P0041,3,77.93,0.0
L0020508,O008164,P0116,2,330.95,0.0
L0020509,O008165,P0043,1,249.36,0.0
L0020510,O008165,P0114,3,292.03,0.05
L0020511,O008165,P0155,1,103.44,0.15
L0020512,O008165,P0028,2,162.51,0.0
L0020513,O008166,P0165,1,128.66,0.0
L0020514,O008167,P0065,1,140.88,0.0
L0020515,O008167,P0040,1,223.84,0.1
L0020516,O008168,P0130,2,35.93,0.1
L0020517,O008168,P0027,3,306.58,0.0
L0020518,O008169,P0085,3,311.87,0.0
L0020519,O008169,P0095,3,263.1,0.05
L0020520,O008169,P0022,3,131.26,0.1
L0020521,O008169,P0129,1,114.65,0.1
L0020522,O008170,P0002,3,238.02,0.1
L0020523,O008170,P0110,1,254.79,0.0
L0020524,O008170,P0167,1,129.82,0.2
L0020525,O008171,P0107,1,313.17,0.0
L0020526,O008171,P0167,3,162.27,0.0
L0020527,O008171,P0092,1,246.47,0.2
L0020528,O008171,P0057,1,52.58,0.15
L0020529,O008172,P0057,1,58.77,0.05
L0020530,O008172,P0137,3,40.7,0.2
L0020531,O008172,P0051,3,63.09,0.0
L0020532,O008173,P0013,1,38.39,0.0
L0020533,O008174,P0111,2,288.14,0.05
L0020534,O008174,P0012,1,57.02,0.1
L0020535,O008175,P0104,1,25.33,0.0
L0020536,O008175,P0089,1,12.19,0.0
L0020537,O008175,P0150,1,321.49,0.0
L0020538,O008175,P0035,3,120.73,0.05
L0020539,O008176,P0035,1,108.02,0.15
L0020540,O008177,P0131,3,13.96,0.0
L0020541,O008177,P0016,3,60.22,0.0
L0020542,O008177,P0024,1,168.57,0.0
L0020543,O008178,P0006,2,122.4,0.0
L0020544,O008178,P0145,2,88.13,0.1
L0020545,O008178,P0136,3,36.94,0.2
L0020546,O008178,P0023,2,157.4,0.0
L0020547,O008179,P0064,2,289.35,0.1
L0020548,O008180,P0099,3,339.39,0.0
L0020549,O008180,P0087,2,97.26,0.0
L0020550,O008180,P0020,2,43.31,0.05
L0020551,O008181,P0135,1,252.6,0.0
L0020552,O008181,P0142,2,65.4,0.15
L0020553,O008182,P0101,2,332.34,0.05
L0020554,O008182,P0038,1,177.53,0.1
L0020555,O008182,P0061,2,14.13,0.1
L0020556,O008183,P0093,1,21.93,0.0
L0020557,O008183,P0014,3,127.49,0.0
L0020558,O008184,P0027,3,291.25,0.05
L0020559,O008185,P0050,2,178.6,0.1
L0020560,O008185,P0034,3,181.72,0.0
L0020561,O008186,P0042,1,107.66,0.0
L0020562,O008187,P0144,3,206.16,0.0
L0020563,O008187,P0068,1,285.98,0.0
L0020564,O008188,P0107,3,313.17,0.0
L0020565,O008188,P0130,1,35.93,0.1
L0020566,O008188,P0113,3,138.3,0.0
L0020567,O008189,P0176,2,223.57,0.0
L0020568,O008190,P0007,1,254.13,0.0
L0020569,O008190,P0095,1,276.95,0.0
L0020570,O008190,P0157,2,240.11,0.05
L0020571,O008191,P0122,2,339.37,0.0
L0020572,O008192,P0031,1,272.21,0.0
L0020573,O008192,P0066,3,285.17,0.05
L0020574,O008192,P0013,2,34.55,0.1
L0020575,O008193,P0170,1,242.11,0.05
L0020576,O008193,P0098,1,80.03,0.0
L0020577,O008194,P0032,2,156.15,0.0
L0020578,O008195,P0044,3,265.56,0.0
L0020579,O008196,P0046,2,324.79,0.05
L0020580,O008196,P0105,3,66.7,0.0
L0020581,O008196,P0129,1,127.39,0.0
L0020582,O008197,P0033,3,178.96,0.0
L0020583,O008197,P0057,3,58.77,0.05
L0020584,O008197,P0015,2,61.62,0.0
L0020585,O008197,P0161,1,52.17,0.05
L0020586,O008198,P0124,3,62.0,0.1
L0020587,O008199,P0098,1,76.03,0.05
L0020588,O008199,P0139,1,256.06,0.1
L0020589,O008199,P0110,3,242.05,0.05
L0020590,O008200,P0017,1,162.89,0.1
L0020591,O008200,P0080,3,202.41,0.0
L0020592,O008201,P0092,2,261.88,0.15
L0020593,O008202,P0084,2,220.44,0.15
L0020594,O008203,P0040,2,236.27,0.05
L0020595,O008203,P0110,1,216.57,0.15
L0020596,O008203,P0095,3,276.95,0.0
L0020597,O008203,P0027,1,306.58,0.0
L0020598,O008204,P0166,1,198.82,0.0
L0020599,O008204,P0154,3,277.51,0.0
L0020600,O008204,P0167,1,137.93,0.15
L0020601,O008205,P0099,3,339.39,0.0
L0020602,O008205,P0072,3,101.55,0.0
L0020603,O008205,P0080,3,192.29,0.05
L0020604,O008206,P0100,2,66.48,0.2
L0020605,O008206,P0102,2,183.42,0.0
L0020606,O008206,P0079,1,123.52,0.15
L0020607,O008207,P0049,1,267.57,0.0
L0020608,O008208,P0072,1,96.47,0.05
L0020609,O008208,P0046,1,341.88,0.0
L0020610,O008208,P0134,3,42.88,0.05
L0020611,O008208,P0026,1,59.61,0.0
L0020612,O008209,P0152,3,187.58,0.0
L0020613,O008210,P0022,1,145.84,0.0
L0020614,O008210,P0084,2,246.37,0.05
L0020615,O008210,P0112,3,34.86,0.0
L0020616,O008210,P0059,2,124.7,0.0
L0020617,O008211,P0055,3,14.16,0.0
L0020618,O008211,P0103,2,101.73,0.0
L0020619,O008211,P0077,3,300.52,0.0
L0020620,O008211,P0089,3,12.19,0.0
L0020621,O008212,P0016,1,60.22,0.0
L0020622,O008212,P0095,3,249.25,0.1
L0020623,O008212,P0088,1,62.88,0.0
L0020624,O008212,P0082,1,92.41,0.0
L0020625,O008213,P0106,2,162.84,0.1
L0020626,O008213,P0113,3,124.47,0.1
L0020627,O008213,P0071,3,87.2,0.2
L0020628,O008214,P0176,1,223.57,0.0
L0020629,O008214,P0166,2,178.94,0.1
L0020630,O008214,P0051,3,53.63,0.15
L0020631,O008215,P0161,1,46.68,0.15
L0020632,O008215,P0101,3,349.83,0.0
L0020633,O008216,P0140,1,138.91,0.1
L0020634,O008216,P0050,2,198.45,0.0
L0020635,O008216,P0161,3,54.92,0.0
L0020636,O008217,P0160,3,141.12,0.1
L0020637,O008217,P0038,1,197.26,0.0
L0020638,O008217,P0008,3,277.54,0.2
L0020639,O008218,P0029,2,180.94,0.2
L0020640,O008218,P0128,2,226.2,0.2
L0020641,O008218,P0119,2,247.16,0.0
L0020642,O008219,P0137,1,48.34,0.05
L0020643,O008219,P0146,2,251.56,0.1
L0020644,O008220,P0091,1,272.75,0.15
L0020645,O008220,P0102,1,183.42,0.0
L0020646,O008221,P0120,2,193.85,0.1
L0020647,O008221,P0140,1,131.2,0.15
L0020648,O008221,P0017,3,180.99,0.0
L0020649,O008222,P0036,1,49.52,0.05
L0020650,O008222,P0113,1,138.3,0.0
L0020651,O008222,P0105,3,66.7,0.0
L0020652,O008222,P0099,3,305.45,0.1
L0020653,O008223,P0039,3,262.96,0.15
L0020654,O008223,P0143,2,239.62,0.0
L0020655,O008223,P0116,3,297.86,0.1
L0020656,O008224,P0073,3,237.04,0.1
L0020657,O008224,P0160,3,156.8,0.0
L0020658,O008225,P0097,1,168.55,0.0
L0020659,O008226,P0125,2,91.2,0.05
L0020660,O008226,P0044,3,225.73,0.15
L0020661,O008226,P0102,1,174.25,0.05
L0020662,O008226,P0099,3,305.45,0.1
L0020663,O008227,P0123,2,288.69,0.0
L0020664,O008227,P0071,1,109.0,0.0
L0020665,O008228,P0088,2,53.45,0.15
L0020666,O008228,P0070,3,241.83,0.0
L0020667,O008229,P0173,2,177.0,0.0
L0020668,O008229,P0062,3,150.85,0.1
L0020669,O008229,P0021,1,67.48,0.05
L0020670,O008230,P0093,2,21.93,0.0
L0020671,O008230,P0063,3,148.61,0.0
L0020672,O008230,P0054,3,229.99,0.0
L0020673,O008230,P0147,1,16.1,0.0
L0020674,O008231,P0130,3,37.92,0.05
L0020675,O008231,P0040,3,248.71,0.0
L0020676,O008231,P0032,1,148.34,0.05
L0020677,O008231,P0127,1,85.43,0.1
L0020678,O008232,P0171,3,79.25,0.1
L0020679,O008232,P0041,1,62.34,0.2
L0020680,O008233,P0071,2,98.1,0.1
L0020681,O008234,P0158,3,73.76,0.0
L0020682,O008234,P0072,3,101.55,0.0
L0020683,O008234,P0017,2,153.84,0.15
L0020684,O008234,P0120,3,183.08,0.15
L0020685,O008235,P0077,2,285.49,0.05
L0020686,O008235,P0164,2,289.97,0.0
L0020687,O008236,P0160,2,156.8,0.0
L0020688,O008237,P0029,2,214.86,0.05
L0020689,O008237,P0161,3,52.17,0.05
L0020690,O008237,P0124,1,68.89,0.0
L0020691,O008237,P0171,1,88.06,0.0
L0020692,O008238,P0108,1,185.15,0.0
L0020693,O008239,P0137,3,50.88,0.0
L0020694,O008239,P0043,1,249.36,0.0
L0020695,O008239,P0151,3,233.95,0.0
L0020696,O008240,P0016,1,54.2,0.1
L0020697,O008240,P0082,1,92.41,0.0
L0020698,O008240,P0002,2,264.47,0.0
L0020699,O008241,P0169,3,103.57,0.0
L0020700,O008241,P0097,1,168.55,0.0
L0020701,O008241,P0138,3,87.16,0.05
L0020702,O008241,P0133,2,44.12,0.0
L0020703,O008242,P0039,3,309.36,0.0
L0020704,O008242,P0143,1,239.62,0.0
L0020705,O008243,P0173,3,177.0,0.0
L0020706,O008244,P0060,2,220.59,0.2
L0020707,O008244,P0125,2,96.0,0.0
L0020708,O008245,P0126,2,303.44,0.0
L0020709,O008245,P0172,3,49.86,0.0
L0020710,O008245,P0123,1,288.69,0.0
L0020711,O008245,P0057,3,52.58,0.15
L0020712,O008246,P0017,2,162.89,0.1
L0020713,O008246,P0125,1,76.8,0.2
L0020714,O008247,P0051,2,56.78,0.1
L0020715,O008247,P0162,3,20.33,0.0
L0020716,O008248,P0149,1,37.96,0.1
L0020717,O008248,P0117,1,244.09,0.0
L0020718,O008249,P0124,1,62.0,0.1
L0020719,O008249,P0037,3,104.62,0.2
L0020720,O008250,P0075,2,84.94,0.0
L0020721,O008250,P0070,1,241.83,0.0
L0020722,O008250,P0096,2,265.22,0.0
L0020723,O008250,P0130,2,39.92,0.0
L0020724,O008251,P0022,3,145.84,0.0
L0020725,O008251,P0019,2,78.27,0.1
L0020726,O008251,P0140,3,154.35,0.0
L0020727,O008252,P0097,3,134.84,0.2
L0020728,O008252,P0131,2,13.26,0.05
L0020729,O008252,P0010,3,87.86,0.15
L0020730,O008252,P0050,2,168.68,0.15
L0020731,O008253,P0125,3,96.0,0.0
L0020732,O008253,P0175,3,48.74,0.2
L0020733,O008253,P0140,2,146.63,0.05
L0020734,O008253,P0007,1,203.3,0.2
L0020735,O008254,P0153,1,116.37,0.15
L0020736,O008255,P0042,1,107.66,0.0
L0020737,O008256,P0159,2,133.69,0.0
L0020738,O008256,P0061,1,12.56,0.2
L0020739,O008257,P0085,3,249.5,0.2
L0020740,O008257,P0170,1,216.62,0.15
L0020741,O008257,P0005,3,169.8,0.15
L0020742,O008257,P0008,2,277.54,0.2
L0020743,O008258,P0119,3,247.16,0.0
L0020744,O008259,P0135,2,252.6,0.0
L0020745,O008259,P0082,3,92.41,0.0
L0020746,O008260,P0088,3,56.59,0.1
L0020747,O008260,P0143,2,239.62,0.0
L0020748,O008260,P0129,3,127.39,0.0
L0020749,O008261,P0171,2,74.85,0.15
L0020750,O008261,P0061,3,15.7,0.0
L0020751,O008261,P0121,2,188.42,0.15
L0020752,O008262,P0147,1,16.1,0.0
L0020753,O008262,P0047,1,54.73,0.0
L0020754,O008262,P0087,2,82.67,0.15
L0020755,O008262,P0021,3,71.03,0.0
L0020756,O008263,P0010,2,82.7,0.2
L0020757,O008263,P0030,3,177.24,0.0
L0020758,O008264,P0029,1,226.17,0.0
L0020759,O008264,P0006,2,122.4,0.0
L0020760,O008264,P0159,2,127.01,0.05
L0020761,O008265,P0157,2,202.2,0.2
L0020762,O008265,P0112,1,34.86,0.0
L0020763,O008266,P0165,1,122.23,0.05
L0020764,O008266,P0139,2,284.51,0.0
L0020765,O008266,P0080,1,182.17,0.1
L0020766,O008266,P0082,1,92.41,0.0
L0020767,O008267,P0151,2,233.95,0.0
L0020768,O008267,P0014,2,127.49,0.0
L0020769,O008267,P0111,2,303.31,0.0
L0020770,O008267,P0148,3,123.95,0.0
L0020771,O008268,P0077,1,300.52,0.0
L0020772,O008269,P0030,2,177.24,0.0
L0020773,O008269,P0174,3,182.95,0.15
L0020774,O008269,P0176,1,223.57,0.0
L0020775,O008269,P0051,1,63.09,0.0
L0020776,O008270,P0065,2,140.88,0.0
L0020777,O008270,P0143,3,239.62,0.0
L0020778,O008271,P0169,2,103.57,0.0
L0020779,O008272,P0076,1,99.18,0.0
L0020780,O008273,P0005,2,199.77,0.0
L0020781,O008273,P0014,1,114.74,0.1
L0020782,O008273,P0133,1,39.71,0.1
L0020783,O008273,P0110,2,254.79,0.0
L0020784,O008274,P0115,1,162.76,0.0
L0020785,O008274,P0067,3,177.25,0.0
L0020786,O008275,P0101,3,297.36,0.15
L0020787,O008275,P0042,1,107.66,0.0
L0020788,O008275,P0173,3,168.15,0.05
L0020789,O008276,P0052,3,187.42,0.0
L0020790,O008277,P0140,3,154.35,0.0
L0020791,O008277,P0180,3,52.22,0.0
L0020792,O008277,P0019,3,69.58,0.2
L0020793,O008277,P0089,2,12.19,0.0
L0020794,O008278,P0090,3,135.94,0.0
L0020795,O008278,P0143,3,239.62,0.0
L0020796,O008278,P0094,1,209.36,0.0
L0020797,O008279,P0006,2,122.4,0.0
L0020798,O008279,P0087,1,82.67,0.15
L0020799,O008280,P0046,2,341.88,0.0
L0020800,O008280,P0022,1,145.84,0.0
L0020801,O008281,P0022,2,145.84,0.0
L0020802,O008281,P0120,2,215.39,0.0
L0020803,O008282,P0090,2,135.94,0.0
L0020804,O008282,P0007,1,254.13,0.0
L0020805,O008282,P0125,3,81.6,0.15
L0020806,O008282,P0154,1,222.01,0.2
L0020807,O008283,P0171,1,74.85,0.15
L0020808,O008283,P0098,1,80.03,0.0
L0020809,O008283,P0154,1,277.51,0.0
L0020810,O008284,P0070,3,229.74,0.05
L0020811,O008284,P0148,2,123.95,0.0
L0020812,O008284,P0164,3,289.97,0.0
L0020813,O008284,P0061,1,14.13,0.1
L0020814,O008285,P0113,3,138.3,0.0
L0020815,O008285,P0074,1,182.57,0.0
L0020816,O008285,P0148,1,111.56,0.1
L0020817,O008286,P0175,2,48.74,0.2
L0020818,O008286,P0078,1,334.26,0.0
L0020819,O008286,P0019,2,82.62,0.05
L0020820,O008286,P0117,1,244.09,0.0
L0020821,O008287,P0169,2,82.86,0.2
L0020822,O008287,P0011,2,77.91,0.0
L0020823,O008287,P0125,2,86.4,0.1
L0020824,O008288,P0114,3,307.4,0.0
L0020825,O008288,P0165,2,122.23,0.05
L0020826,O008288,P0132,1,62.67,0.0
L0020827,O008288,P0025,2,110.1,0.2
L0020828,O008289,P0164,3,275.47,0.05
L0020829,O008290,P0154,1,277.51,0.0
L0020830,O008290,P0035,1,127.08,0.0
L0020831,O008290,P0090,1,135.94,0.0
L0020832,O008290,P0127,1,80.68,0.15
L0020833,O008291,P0043,3,249.36,0.0
L0020834,O008291,P0038,2,167.67,0.15
L0020835,O008291,P0162,2,17.28,0.15
L0020836,O008292,P0094,2,209.36,0.0
L0020837,O008292,P0178,3,199.64,0.1
L0020838,O008292,P0146,2,251.56,0.1
L0020839,O008293,P0064,3,321.5,0.0
L0020840,O008294,P0005,3,189.78,0.05
L0020841,O008295,P0062,3,142.47,0.15
L0020842,O008295,P0084,1,246.37,0.05
L0020843,O008295,P0070,1,217.65,0.1
L0020844,O008295,P0157,3,202.2,0.2
L0020845,O008296,P0108,3,185.15,0.0
L0020846,O008296,P0054,2,229.99,0.0
L0020847,O008297,P0172,1,44.87,0.1
L0020848,O008298,P0143,3,239.62,0.0
L0020849,O008298,P0131,1,11.17,0.2
L0020850,O008299,P0149,3,42.18,0.0
L0020851,O008300,P0132,1,56.4,0.1
L0020852,O008300,P0180,1,47.0,0.1
L0020853,O008301,P0125,1,96.0,0.0
L0020854,O008302,P0128,2,268.61,0.05
L0020855,O008302,P0049,2,227.43,0.15
L0020856,O008302,P0040,3,211.4,0.15
L0020857,O008303,P0009,1,252.22,0.1
L0020858,O008303,P0163,1,222.2,0.05
L0020859,O008303,P0120,2,215.39,0.0
L0020860,O008303,P0131,2,13.26,0.05
L0020861,O008304,P0053,2,255.69,0.0
L0020862,O008304,P0085,3,311.87,0.0
L0020863,O008305,P0009,1,280.24,0.0
L0020864,O008305,P0056,2,331.8,0.0
L0020865,O008305,P0070,1,241.83,0.0
L0020866,O008306,P0175,1,60.92,0.0
L0020867,O008306,P0081,2,22.36,0.05
L0020868,O008307,P0035,2,127.08,0.0
L0020869,O008307,P0007,3,241.42,0.05
L0020870,O008307,P0073,2,223.87,0.15
L0020871,O008307,P0068,2,257.38,0.1
L0020872,O008308,P0011,3,74.01,0.05
L0020873,O008308,P0037,1,130.78,0.0
L0020874,O008309,P0172,2,39.89,0.2
L0020875,O008309,P0154,1,249.76,0.1
L0020876,O008310,P0006,2,116.28,0.05
L0020877,O008311,P0066,1,300.18,0.0
L0020878,O008311,P0011,3,70.12,0.1
L0020879,O008311,P0041,3,74.03,0.05
L0020880,O008311,P0034,3,172.63,0.05
L0020881,O008312,P0109,1,267.53,0.1
L0020882,O008312,P0111,3,303.31,0.0
L0020883,O008313,P0112,1,33.12,0.05
L0020884,O008314,P0007,1,241.42,0.05
L0020885,O008315,P0023,3,133.79,0.15
L0020886,O008315,P0017,3,162.89,0.1
L0020887,O008315,P0078,1,284.12,0.15
L0020888,O008315,P0161,3,54.92,0.0
L0020889,O008316,P0074,3,182.57,0.0
L0020890,O008316,P0104,2,24.06,0.05
L0020891,O008317,P0056,1,315.21,0.05
L0020892,O008318,P0054,2,229.99,0.0
L0020893,O008319,P0134,3,45.14,0.0
L0020894,O008319,P0053,1,230.12,0.1
L0020895,O008319,P0050,2,178.6,0.1
L0020896,O008320,P0091,3,320.88,0.0
L0020897,O008320,P0010,1,103.37,0.0
L0020898,O008321,P0027,3,306.58,0.0
L0020899,O008321,P0162,3,20.33,0.0
L0020900,O008321,P0125,3,76.8,0.2
L0020901,O008322,P0056,2,265.44,0.2
L0020902,O008322,P0054,2,229.99,0.0
L0020903,O008323,P0059,1,124.7,0.0
L0020904,O008323,P0140,1,146.63,0.05
L0020905,O008323,P0119,3,247.16,0.0
L0020906,O008324,P0073,3,263.38,0.0
L0020907,O008325,P0129,2,127.39,0.0
L0020908,O008326,P0032,2,132.73,0.15
L0020909,O008326,P0129,1,114.65,0.1
L0020910,O008327,P0016,2,54.2,0.1
L0020911,O008328,P0025,1,123.87,0.1
L0020912,O008329,P0113,1,138.3,0.0
L0020913,O008330,P0093,2,21.93,0.0
L0020914,O008330,P0103,2,101.73,0.0
L0020915,O008330,P0025,1,137.63,0.0
L0020916,O008330,P0064,2,289.35,0.1
L0020917,O008331,P0157,2,252.75,0.0
L0020918,O008331,P0012,1,60.18,0.05
L0020919,O008331,P0021,2,63.93,0.1
L0020920,O008332,P0024,3,160.14,0.05
L0020921,O008333,P0028,1,146.26,0.1
L0020922,O008333,P0022,1,131.26,0.1
L0020923,O008333,P0049,1,240.81,0.1
L0020924,O008334,P0014,2,127.49,0.0
L0020925,O008334,P0131,1,13.96,0.0
L0020926,O008334,P0112,2,31.37,0.1
L0020927,O008335,P0163,1,210.51,0.1
L0020928,O008335,P0009,3,252.22,0.1
L0020929,O008335,P0068,1,285.98,0.0
L0020930,O008336,P0100,2,83.1,0.0
L0020931,O008337,P0119,3,247.16,0.0
L0020932,O008337,P0172,1,39.89,0.2
L0020933,O008337,P0116,1,330.95,0.0
L0020934,O008337,P0075,2,76.45,0.1
L0020935,O008338,P0056,1,315.21,0.05
L0020936,O008338,P0064,3,321.5,0.0
L0020937,O008338,P0045,2,277.26,0.1
L0020938,O008338,P0140,2,138.91,0.1
L0020939,O008339,P0094,2,188.42,0.1
L0020940,O008340,P0091,2,256.7,0.2
L0020941,O008340,P0028,3,130.01,0.2
L0020942,O008340,P0069,1,60.37,0.0
L0020943,O008340,P0120,3,172.31,0.2
L0020944,O008341,P0104,2,24.06,0.05
L0020945,O008342,P0051,2,63.09,0.0
L0020946,O008343,P0020,3,45.59,0.0
L0020947,O008343,P0066,1,270.16,0.1
L0020948,O008344,P0004,1,37.63,0.0
L0020949,O008344,P0010,3,103.37,0.0
L0020950,O008344,P0118,1,186.04,0.15
L0020951,O008344,P0027,2,306.58,0.0
L0020952,O008345,P0063,3,126.32,0.15
L0020953,O008345,P0169,1,103.57,0.0
L0020954,O008345,P0131,1,13.96,0.0
L0020955,O008346,P0025,2,137.63,0.0
L0020956,O008347,P0094,1,198.89,0.05
L0020957,O008347,P0156,3,298.56,0.0
L0020958,O008347,P0120,3,215.39,0.0
L0020959,O008347,P0070,3,205.56,0.15
L0020960,O008348,P0034,3,172.63,0.05
L0020961,O008349,P0069,3,60.37,0.0
L0020962,O008349,P0126,3,303.44,0.0
L0020963,O008350,P0176,3,223.57,0.0
L0020964,O008350,P0123,2,288.69,0.0
L0020965,O008351,P0162,2,17.28,0.15
L0020966,O008351,P0135,2,227.34,0.1
L0020967,O008351,P0130,3,39.92,0.0
L0020968,O008352,P0098,3,80.03,0.0
L0020969,O008352,P0028,2,162.51,0.0
L0020970,O008353,P0123,1,274.26,0.05
L0020971,O008353,P0120,3,215.39,0.0
L0020972,O008353,P0109,1,297.26,0.0
L0020973,O008354,P0043,2,249.36,0.0
L0020974,O008354,P0094,3,198.89,0.05
L0020975,O008355,P0112,2,34.86,0.0
L0020976,O008355,P0079,3,138.05,0.05
L0020977,O008355,P0011,2,77.91,0.0
L0020978,O008356,P0008,2,346.93,0.0
L0020979,O008356,P0065,1,140.88,0.0
L0020980,O008356,P0011,3,74.01,0.05
L0020981,O008356,P0074,3,182.57,0.0
L0020982,O008357,P0124,3,68.89,0.0
L0020983,O008357,P0173,2,150.45,0.15
L0020984,O008357,P0132,2,56.4,0.1
L0020985,O008358,P0092,1,308.09,0.0
L0020986,O008358,P0099,2,288.48,0.15
L0020987,O008358,P0030,3,177.24,0.0
L0020988,O008359,P0075,3,84.94,0.0
L0020989,O008360,P0009,3,238.2,0.15
L0020990,O008360,P0079,3,130.79,0.1
L0020991,O008360,P0017,1,180.99,0.0
L0020992,O008360,P0029,3,192.24,0.15
L0020993,O008361,P0022,2,123.96,0.15
L0020994,O008361,P0027,1,260.59,0.15
L0020995,O008361,P0064,2,305.43,0.05
L0020996,O008362,P0062,1,150.85,0.1
L0020997,O008363,P0033,1,178.96,0.0
L0020998,O008363,P0025,1,130.75,0.05
L0020999,O008363,P0168,1,287.81,0.0
L0021000,O008363,P0115,2,138.35,0.15
L0021001,O008364,P0003,2,271.26,0.0
L0021002,O008365,P0091,2,256.7,0.2
L0021003,O008365,P0070,2,241.83,0.0
L0021004,O008366,P0003,2,271.26,0.0
L0021005,O008367,P0155,3,103.44,0.15
L0021006,O008367,P0005,3,199.77,0.0
L0021007,O008367,P0164,3,289.97,0.0
L0021008,O008368,P0065,2,140.88,0.0
L0021009,O008368,P0166,2,169.0,0.15
L0021010,O008369,P0030,2,141.79,0.2
L0021011,O008369,P0073,3,223.87,0.15
L0021012,O008370,P0087,2,87.53,0.1
L0021013,O008370,P0175,1,57.87,0.05
L0021014,O008370,P0017,1,180.99,0.0
L0021015,O008371,P0129,1,127.39,0.0
L0021016,O008372,P0049,1,267.57,0.0
L0021017,O008372,P0076,1,94.22,0.05
L0021018,O008372,P0040,3,223.84,0.1
L0021019,O008372,P0131,3,13.26,0.05
L0021020,O008373,P0019,1,86.97,0.0
L0021021,O008373,P0148,1,111.56,0.1
L0021022,O008373,P0140,2,154.35,0.0
L0021023,O008373,P0113,3,138.3,0.0
L0021024,O008374,P0127,2,90.17,0.05
L0021025,O008375,P0052,3,187.42,0.0
L0021026,O008375,P0020,1,45.59,0.0
L0021027,O008375,P0126,2,303.44,0.0
L0021028,O008375,P0009,2,280.24,0.0
L0021029,O008376,P0097,2,168.55,0.0
L0021030,O008377,P0092,2,308.09,0.0
L0021031,O008377,P0166,2,198.82,0.0
L0021032,O008378,P0007,1,228.72,0.1
L0021033,O008378,P0097,3,168.55,0.0
L0021034,O008379,P0144,3,164.93,0.2
L0021035,O008379,P0138,2,91.75,0.0
L0021036,O008379,P0092,1,246.47,0.2
L0021037,O008379,P0046,1,290.6,0.15
L0021038,O008380,P0039,2,309.36,0.0
L0021039,O008380,P0177,1,295.0,0.0
L0021040,O008380,P0020,3,45.59,0.0
L0021041,O008381,P0086,2,15.03,0.0
L0021042,O008381,P0033,1,178.96,0.0
L0021043,O008382,P0073,2,263.38,0.0
L0021044,O008383,P0030,3,159.52,0.1
L0021045,O008384,P0032,1,156.15,0.0
L0021046,O008385,P0095,3,249.25,0.1
L0021047,O008386,P0069,2,48.3,0.2
L0021048,O008386,P0175,2,54.83,0.1
L0021049,O008387,P0120,2,215.39,0.0
L0021050,O008388,P0077,1,300.52,0.0
L0021051,O008388,P0172,1,49.86,0.0
L0021052,O008388,P0162,2,17.28,0.15
L0021053,O008389,P0054,1,206.99,0.1
L0021054,O008389,P0137,2,50.88,0.0
L0021055,O008389,P0177,3,280.25,0.05
L0021056,O008390,P0149,1,42.18,0.0
L0021057,O008390,P0013,1,38.39,0.0
L0021058,O008390,P0062,3,159.23,0.05
L0021059,O008391,P0174,2,193.72,0.1
L0021060,O008391,P0034,2,181.72,0.0
L0021061,O008391,P0160,1,133.28,0.15
L0021062,O008391,P0177,2,250.75,0.15
L0021063,O008392,P0015,1,61.62,0.0
L0021064,O008392,P0127,1,94.92,0.0
L0021065,O008392,P0083,1,267.02,0.0
L0021066,O008393,P0023,2,133.79,0.15
L0021067,O008393,P0154,2,277.51,0.0
L0021068,O008393,P0141,3,319.15,0.0
L0021069,O008394,P0100,1,70.63,0.15
L0021070,O008394,P0144,1,206.16,0.0
L0021071,O008394,P0136,2,46.17,0.0
L0021072,O008394,P0061,3,15.7,0.0
L0021073,O008395,P0147,2,16.1,0.0
L0021074,O008395,P0053,2,242.91,0.05
L0021075,O008396,P0109,2,267.53,0.1
L0021076,O008397,P0027,2,306.58,0.0
L0021077,O008397,P0047,1,43.78,0.2
L0021078,O008398,P0147,1,16.1,0.0
L0021079,O008398,P0125,1,96.0,0.0
L0021080,O008398,P0095,1,276.95,0.0
L0021081,O008399,P0038,1,167.67,0.15
L0021082,O008400,P0113,1,138.3,0.0
L0021083,O008401,P0012,2,53.85,0.15
L0021084,O008401,P0058,2,292.88,0.05
L0021085,O008401,P0028,3,146.26,0.1
L0021086,O008402,P0092,2,261.88,0.15
L0021087,O008402,P0107,1,313.17,0.0
L0021088,O008402,P0074,1,182.57,0.0
L0021089,O008402,P0036,3,49.52,0.05
L0021090,O008403,P0132,2,59.54,0.05
L0021091,O008403,P0168,2,273.42,0.05
L0021092,O008403,P0041,2,77.93,0.0
L0021093,O008404,P0127,3,94.92,0.0
L0021094,O008404,P0060,2,248.17,0.1
L0021095,O008404,P0020,2,45.59,0.0
L0021096,O008404,P0076,2,99.18,0.0
L0021097,O008405,P0091,2,320.88,0.0
L0021098,O008405,P0128,1,282.75,0.0
L0021099,O008405,P0143,1,239.62,0.0
L0021100,O008405,P0155,2,121.7,0.0
L0021101,O008406,P0001,3,256.68,0.0
L0021102,O008406,P0179,3,128.34,0.1
L0021103,O008406,P0015,2,61.62,0.0
L0021104,O008407,P0100,2,78.94,0.05
L0021105,O008407,P0095,2,249.25,0.1
L0021106,O008407,P0051,3,63.09,0.0
L0021107,O008408,P0174,3,215.24,0.0
L0021108,O008408,P0017,3,171.94,0.05
L0021109,O008409,P0175,2,54.83,0.1
L0021110,O008409,P0028,1,146.26,0.1
L0021111,O008409,P0112,2,31.37,0.1
L0021112,O008410,P0022,1,145.84,0.0
L0021113,O008410,P0077,2,270.47,0.1
L0021114,O008410,P0034,1,181.72,0.0
L0021115,O008411,P0023,3,125.92,0.2
L0021116,O008412,P0153,1,116.37,0.15
L0021117,O008413,P0013,3,38.39,0.0
L0021118,O008413,P0007,2,254.13,0.0
L0021119,O008414,P0106,2,180.93,0.0
L0021120,O008414,P0033,1,178.96,0.0
L0021121,O008415,P0026,3,53.65,0.1
L0021122,O008415,P0017,1,180.99,0.0
L0021123,O008415,P0178,2,199.64,0.1
L0021124,O008416,P0002,2,251.25,0.05
L0021125,O008416,P0155,1,121.7,0.0
L0021126,O008416,P0137,2,43.25,0.15
L0021127,O008417,P0052,2,187.42,0.0
L0021128,O008417,P0133,3,35.3,0.2
L0021129,O008418,P0054,3,229.99,0.0
L0021130,O008418,P0098,1,80.03,0.0
L0021131,O008419,P0060,1,275.74,0.0
L0021132,O008419,P0081,2,20.01,0.15
L0021133,O008419,P0118,1,218.87,0.0
L0021134,O008419,P0146,2,251.56,0.1
L0021135,O008420,P0033,2,161.06,0.1
L0021136,O008420,P0001,3,256.68,0.0
L0021137,O008420,P0048,3,48.25,0.1
L0021138,O008420,P0051,1,53.63,0.15
L0021139,O008421,P0138,2,91.75,0.0
L0021140,O008422,P0079,2,145.32,0.0
L0021141,O008422,P0122,3,305.43,0.1
L0021142,O008422,P0031,2,272.21,0.0
L0021143,O008422,P0169,1,103.57,0.0
L0021144,O008423,P0031,2,217.77,0.2
L0021145,O008423,P0034,2,181.72,0.0
L0021146,O008424,P0035,2,114.37,0.1
L0021147,O008425,P0130,1,37.92,0.05
L0021148,O008426,P0101,3,349.83,0.0
L0021149,O008426,P0049,3,267.57,0.0
L0021150,O008426,P0062,2,134.09,0.2
L0021151,O008426,P0097,3,168.55,0.0
L0021152,O008427,P0075,2,84.94,0.0
L0021153,O008428,P0034,1,145.38,0.2
L0021154,O008429,P0157,2,252.75,0.0
L0021155,O008429,P0173,2,159.3,0.1
L0021156,O008429,P0143,1,239.62,0.0
L0021157,O008429,P0048,3,50.93,0.05
L0021158,O008430,P0080,3,202.41,0.0
L0021159,O008430,P0115,1,162.76,0.0
L0021160,O008430,P0050,3,198.45,0.0
L0021161,O008431,P0009,2,280.24,0.0
L0021162,O008431,P0107,2,313.17,0.0
L0021163,O008432,P0007,1,254.13,0.0
L0021164,O008432,P0023,1,157.4,0.0
L0021165,O008432,P0138,1,91.75,0.0
L0021166,O008433,P0004,2,37.63,0.0
L0021167,O008433,P0123,2,288.69,0.0
L0021168,O008433,P0033,1,178.96,0.0
L0021169,O008434,P0002,1,251.25,0.05
L0021170,O008434,P0006,1,116.28,0.05
L0021171,O008434,P0154,3,277.51,0.0
L0021172,O008434,P0038,1,197.26,0.0
L0021173,O008435,P0100,3,70.63,0.15
L0021174,O008435,P0136,3,46.17,0.0
L0021175,O008435,P0147,2,16.1,0.0
L0021176,O008436,P0147,3,16.1,0.0
L0021177,O008437,P0089,1,11.58,0.05
L0021178,O008437,P0120,3,172.31,0.2
L0021179,O008438,P0175,2,60.92,0.0
L0021180,O008438,P0093,1,21.93,0.0
L0021181,O008439,P0061,3,14.13,0.1
L0021182,O008440,P0030,1,150.65,0.15
L0021183,O008440,P0025,1,137.63,0.0
L0021184,O008441,P0042,2,86.13,0.2
L0021185,O008441,P0127,3,94.92,0.0
L0021186,O008441,P0171,1,88.06,0.0
L0021187,O008441,P0009,3,280.24,0.0
L0021188,O008442,P0031,3,272.21,0.0
L0021189,O008442,P0173,1,168.15,0.05
L0021190,O008443,P0091,2,304.84,0.05
L0021191,O008443,P0103,3,101.73,0.0
L0021192,O008443,P0057,3,58.77,0.05
L0021193,O008443,P0108,1,185.15,0.0
L0021194,O008444,P0066,1,300.18,0.0
L0021195,O008445,P0037,3,117.7,0.1
L0021196,O008445,P0088,1,62.88,0.0
L0021197,O008446,P0150,3,273.27,0.15
L0021198,O008446,P0080,3,182.17,0.1
L0021199,O008447,P0099,3,339.39,0.0
L0021200,O008447,P0107,2,313.17,0.0
L0021201,O008447,P0126,3,288.27,0.05
L0021202,O008447,P0006,1,116.28,0.05
L0021203,O008448,P0142,2,69.25,0.1
L0021204,O008448,P0145,1,88.13,0.1
L0021205,O008449,P0158,3,62.7,0.15
L0021206,O008450,P0083,1,267.02,0.0
L0021207,O008451,P0015,3,61.62,0.0
L0021208,O008451,P0157,3,227.47,0.1
L0021209,O008452,P0044,1,239.0,0.1
L0021210,O008453,P0132,3,62.67,0.0
L0021211,O008453,P0047,2,51.99,0.05
L0021212,O008453,P0149,1,42.18,0.0
L0021213,O008454,P0045,1,261.86,0.15
L0021214,O008454,P0108,2,166.64,0.1
L0021215,O008454,P0159,3,120.32,0.1
L0021216,O008454,P0042,3,102.28,0.05
L0021217,O008455,P0102,1,183.42,0.0
L0021218,O008455,P0091,3,320.88,0.0
L0021219,O008455,P0097,2,168.55,0.0
L0021220,O008456,P0104,1,21.53,0.15
L0021221,O008456,P0114,2,276.66,0.1
L0021222,O008456,P0106,1,180.93,0.0
L0021223,O008456,P0135,2,227.34,0.1
L0021224,O008457,P0069,2,60.37,0.0
L0021225,O008457,P0080,3,202.41,0.0
L0021226,O008457,P0122,1,288.46,0.15
L0021227,O008457,P0041,2,77.93,0.0
L0021228,O008458,P0156,1,253.78,0.15
L0021229,O008458,P0013,2,38.39,0.0
L0021230,O008458,P0042,3,107.66,0.0
L0021231,O008459,P0055,2,14.16,0.0
L0021232,O008459,P0084,3,246.37,0.05
L0021233,O008459,P0029,1,226.17,0.0
L0021234,O008460,P0110,3,229.31,0.1
L0021235,O008460,P0006,1,122.4,0.0
L0021236,O008460,P0078,2,334.26,0.0
L0021237,O008461,P0144,1,206.16,0.0
L0021238,O008461,P0177,2,236.0,0.2
L0021239,O008462,P0102,1,174.25,0.05
L0021240,O008462,P0169,1,103.57,0.0
L0021241,O008462,P0057,1,61.86,0.0
L0021242,O008463,P0115,3,130.21,0.2
L0021243,O008463,P0011,1,77.91,0.0
L0021244,O008464,P0106,1,180.93,0.0
L0021245,O008464,P0140,2,154.35,0.0
L0021246,O008465,P0124,2,68.89,0.0
L0021247,O008466,P0092,1,308.09,0.0
L0021248,O008466,P0123,2,245.39,0.15
L0021249,O008466,P0159,3,120.32,0.1
L0021250,O008466,P0055,2,14.16,0.0
L0021251,O008467,P0118,3,218.87,0.0
L0021252,O008467,P0088,2,62.88,0.0
L0021253,O008467,P0036,3,52.13,0.0
L0021254,O008467,P0119,1,197.73,0.2
L0021255,O008468,P0093,3,20.83,0.05
L0021256,O008469,P0054,1,229.99,0.0
L0021257,O008469,P0105,1,66.7,0.0
L0021258,O008469,P0124,2,55.11,0.2
L0021259,O008469,P0006,2,122.4,0.0
L0021260,O008470,P0109,3,282.4,0.05
L0021261,O008471,P0112,1,33.12,0.05
L0021262,O008471,P0127,1,85.43,0.1
L0021263,O008471,P0019,3,78.27,0.1
L0021264,O008471,P0084,1,233.41,0.1
L0021265,O008472,P0130,1,39.92,0.0
L0021266,O008472,P0010,2,103.37,0.0
L0021267,O008472,P0065,2,112.7,0.2
L0021268,O008473,P0169,2,103.57,0.0
L0021269,O008473,P0114,3,307.4,0.0
L0021270,O008473,P0034,1,145.38,0.2
L0021271,O008474,P0055,1,12.74,0.1
L0021272,O008474,P0042,2,107.66,0.0
L0021273,O008475,P0164,3,289.97,0.0
L0021274,O008475,P0009,2,224.19,0.2
L0021275,O008476,P0082,3,87.79,0.05
L0021276,O008477,P0105,3,60.03,0.1
L0021277,O008477,P0038,1,187.4,0.05
L0021278,O008477,P0022,2,145.84,0.0
L0021279,O008477,P0063,3,148.61,0.0
L0021280,O008478,P0001,3,256.68,0.0
L0021281,O008478,P0139,2,270.28,0.05
L0021282,O008478,P0063,1,126.32,0.15
L0021283,O008478,P0176,2,223.57,0.0
L0021284,O008479,P0114,3,307.4,0.0
L0021285,O008480,P0139,2,284.51,0.0
L0021286,O008480,P0031,1,231.38,0.15
L0021287,O008481,P0109,1,297.26,0.0
L0021288,O008481,P0082,1,92.41,0.0
L0021289,O008482,P0036,2,52.13,0.0
L0021290,O008483,P0158,2,73.76,0.0
L0021291,O008484,P0018,1,157.64,0.1
L0021292,O008484,P0150,1,273.27,0.15
L0021293,O008484,P0148,3,105.36,0.15
L0021294,O008485,P0120,3,215.39,0.0
L0021295,O008485,P0071,2,103.55,0.05
L0021296,O008486,P0069,2,54.33,0.1
L0021297,O008486,P0153,3,116.37,0.15
L0021298,O008486,P0068,1,285.98,0.0
L0021299,O008486,P0089,3,12.19,0.0
L0021300,O008487,P0004,3,37.63,0.0
L0021301,O008488,P0038,2,197.26,0.0
L0021302,O008488,P0067,3,177.25,0.0
L0021303,O008489,P0065,3,112.7,0.2
L0021304,O008489,P0148,3,111.56,0.1
L0021305,O008489,P0112,2,34.86,0.0
L0021306,O008489,P0105,3,66.7,0.0
L0021307,O008490,P0072,1,101.55,0.0
L0021308,O008490,P0140,3,154.35,0.0
L0021309,O008490,P0161,3,54.92,0.0
L0021310,O008490,P0128,1,268.61,0.05
L0021311,O008491,P0084,1,259.34,0.0
L0021312,O008492,P0152,1,187.58,0.0
L0021313,O008492,P0059,1,124.7,0.0
L0021314,O008492,P0112,1,34.86,0.0
L0021315,O008493,P0126,2,303.44,0.0
L0021316,O008494,P0006,3,122.4,0.0
L0021317,O008494,P0142,3,65.4,0.15
L0021318,O008495,P0069,3,54.33,0.1
L0021319,O008495,P0168,3,287.81,0.0
L0021320,O008495,P0173,3,177.0,0.0
L0021321,O008496,P0039,1,309.36,0.0
L0021322,O008496,P0045,1,246.46,0.2
L0021323,O008496,P0052,1,187.42,0.0
L0021324,O008497,P0169,2,98.39,0.05
L0021325,O008497,P0148,3,117.75,0.05
L0021326,O008497,P0054,2,229.99,0.0
L0021327,O008497,P0155,2,97.36,0.2
L0021328,O008498,P0124,1,68.89,0.0
L0021329,O008498,P0072,2,96.47,0.05
L0021330,O008499,P0092,2,261.88,0.15
L0021331,O008499,P0086,2,12.78,0.15
L0021332,O008500,P0156,3,268.7,0.1
L0021333,O008501,P0049,2,227.43,0.15
L0021334,O008501,P0073,1,223.87,0.15
L0021335,O008501,P0062,3,167.61,0.0
L0021336,O008502,P0159,1,133.69,0.0
L0021337,O008502,P0172,1,49.86,0.0
L0021338,O008502,P0075,3,67.95,0.2
L0021339,O008503,P0125,1,96.0,0.0
L0021340,O008504,P0020,3,45.59,0.0
L0021341,O008504,P0008,2,346.93,0.0
L0021342,O008504,P0170,1,254.85,0.0
L0021343,O008504,P0128,1,226.2,0.2
L0021344,O008505,P0117,1,207.48,0.15
L0021345,O008505,P0180,3,52.22,0.0
L0021346,O008506,P0143,1,215.66,0.1
L0021347,O008506,P0087,3,97.26,0.0
L0021348,O008506,P0057,3,61.86,0.0
L0021349,O008506,P0175,3,48.74,0.2
L0021350,O008507,P0039,3,278.42,0.1
L0021351,O008507,P0081,1,23.54,0.0
L0021352,O008507,P0155,1,103.44,0.15
L0021353,O008507,P0058,2,308.29,0.0
L0021354,O008508,P0004,1,31.99,0.15
L0021355,O008508,P0117,1,219.68,0.1
L0021356,O008509,P0140,3,123.48,0.2
L0021357,O008510,P0060,3,261.95,0.05
L0021358,O008510,P0052,3,187.42,0.0
L0021359,O008510,P0139,2,284.51,0.0
L0021360,O008511,P0028,1,162.51,0.0
L0021361,O008511,P0048,2,53.61,0.0
L0021362,O008511,P0030,3,177.24,0.0
L0021363,O008512,P0015,1,61.62,0.0
L0021364,O008512,P0008,1,346.93,0.0
L0021365,O008512,P0105,3,66.7,0.0
L0021366,O008512,P0112,1,34.86,0.0
L0021367,O008513,P0072,3,101.55,0.0
L0021368,O008513,P0168,1,259.03,0.1
L0021369,O008514,P0108,1,185.15,0.0
L0021370,O008514,P0009,1,266.23,0.05
L0021371,O008514,P0022,1,145.84,0.0
L0021372,O008515,P0010,2,103.37,0.0
L0021373,O008515,P0035,1,120.73,0.05
L0021374,O008515,P0116,1,330.95,0.0
L0021375,O008515,P0172,1,49.86,0.0
L0021376,O008516,P0118,2,196.98,0.1
L0021377,O008516,P0115,3,146.48,0.1
L0021378,O008516,P0160,3,156.8,0.0
L0021379,O008517,P0145,2,83.23,0.15
L0021380,O008517,P0144,1,206.16,0.0
L0021381,O008517,P0094,3,188.42,0.1
L0021382,O008518,P0027,2,306.58,0.0
L0021383,O008519,P0128,2,282.75,0.0
L0021384,O008519,P0103,2,81.38,0.2
L0021385,O008519,P0096,2,265.22,0.0
L0021386,O008519,P0142,3,76.94,0.0
L0021387,O008520,P0124,1,55.11,0.2
L0021388,O008520,P0002,1,264.47,0.0
L0021389,O008521,P0135,3,252.6,0.0
L0021390,O008522,P0114,1,307.4,0.0
L0021391,O008522,P0119,2,247.16,0.0
L0021392,O008522,P0021,2,60.38,0.15
L0021393,O008523,P0122,1,288.46,0.15
L0021394,O008524,P0144,1,185.54,0.1
L0021395,O008525,P0040,3,198.97,0.2
L0021396,O008525,P0145,2,93.02,0.05
L0021397,O008525,P0174,3,182.95,0.15
L0021398,O008525,P0152,3,187.58,0.0
L0021399,O008526,P0090,2,135.94,0.0
L0021400,O008526,P0032,1,156.15,0.0
L0021401,O008526,P0069,1,54.33,0.1
L0021402,O008527,P0139,1,256.06,0.1
L0021403,O008527,P0155,3,115.61,0.05
L0021404,O008527,P0018,1,175.15,0.0
L0021405,O008527,P0008,1,346.93,0.0
L0021406,O008528,P0140,3,131.2,0.15
L0021407,O008528,P0098,3,72.03,0.1
L0021408,O008528,P0072,1,101.55,0.0
L0021409,O008529,P0147,1,16.1,0.0
L0021410,O008530,P0025,3,137.63,0.0
L0021411,O008530,P0067,1,141.8,0.2
L0021412,O008531,P0054,1,229.99,0.0
L0021413,O008532,P0057,3,61.86,0.0
L0021414,O008532,P0161,3,46.68,0.15
L0021415,O008532,P0167,3,162.27,0.0
L0021416,O008533,P0108,2,157.38,0.15
L0021417,O008534,P0073,1,263.38,0.0
L0021418,O008535,P0122,2,305.43,0.1
L0021419,O008536,P0113,1,124.47,0.1
L0021420,O008536,P0114,3,307.4,0.0
L0021421,O008536,P0056,1,331.8,0.0
L0021422,O008536,P0055,2,13.45,0.05
L0021423,O008537,P0003,3,271.26,0.0
L0021424,O008537,P0042,1,91.51,0.15
L0021425,O008537,P0142,3,76.94,0.0
L0021426,O008538,P0085,1,280.68,0.1
L0021427,O008538,P0137,1,50.88,0.0
L0021428,O008538,P0001,3,231.01,0.1
L0021429,O008539,P0006,1,97.92,0.2
L0021430,O008539,P0107,2,297.51,0.05
L0021431,O008540,P0040,1,248.71,0.0
L0021432,O008540,P0050,3,188.53,0.05
L0021433,O008540,P0077,2,300.52,0.0
L0021434,O008540,P0134,3,45.14,0.0
L0021435,O008541,P0049,2,267.57,0.0
L0021436,O008541,P0178,1,199.64,0.1
L0021437,O008541,P0070,1,241.83,0.0
L0021438,O008541,P0028,2,130.01,0.2
L0021439,O008542,P0135,3,252.6,0.0
L0021440,O008542,P0117,3,244.09,0.0
L0021441,O008542,P0158,1,66.38,0.1
L0021442,O008542,P0175,1,51.78,0.15
L0021443,O008543,P0044,2,212.45,0.2
L0021444,O008544,P0016,1,60.22,0.0
L0021445,O008544,P0129,1,121.02,0.05
L0021446,O008544,P0085,1,311.87,0.0
L0021447,O008545,P0107,1,313.17,0.0
L0021448,O008545,P0082,3,92.41,0.0
L0021449,O008546,P0012,2,63.35,0.0
L0021450,O008546,P0084,1,246.37,0.05
L0021451,O008546,P0067,1,177.25,0.0
L0021452,O008546,P0142,1,76.94,0.0
L0021453,O008547,P0020,2,45.59,0.0
L0021454,O008547,P0063,1,141.18,0.05
L0021455,O008547,P0044,1,265.56,0.0
L0021456,O008548,P0128,2,254.47,0.1
L0021457,O008548,P0066,3,285.17,0.05
L0021458,O008548,P0057,3,61.86,0.0
L0021459,O008548,P0115,2,162.76,0.0
L0021460,O008549,P0150,2,321.49,0.0
L0021461,O008549,P0144,3,206.16,0.0
L0021462,O008549,P0152,2,168.82,0.1
L0021463,O008549,P0098,3,80.03,0.0
L0021464,O008550,P0102,2,174.25,0.05
L0021465,O008550,P0028,2,162.51,0.0
L0021466,O008550,P0123,2,288.69,0.0
L0021467,O008550,P0154,2,277.51,0.0
L0021468,O008551,P0031,2,272.21,0.0
L0021469,O008551,P0152,2,150.06,0.2
L0021470,O008552,P0073,3,263.38,0.0
L0021471,O008553,P0130,2,31.94,0.2
L0021472,O008554,P0130,2,39.92,0.0
L0021473,O008554,P0168,1,287.81,0.0
L0021474,O008554,P0011,1,77.91,0.0
L0021475,O008554,P0085,2,311.87,0.0
L0021476,O008555,P0138,3,91.75,0.0
L0021477,O008555,P0035,2,114.37,0.1
L0021478,O008556,P0034,2,181.72,0.0
L0021479,O008557,P0074,1,182.57,0.0
L0021480,O008557,P0105,2,60.03,0.1
L0021481,O008557,P0034,3,172.63,0.05
L0021482,O008558,P0014,2,114.74,0.1
L0021483,O008559,P0041,3,77.93,0.0
L0021484,O008560,P0087,2,87.53,0.1
L0021485,O008561,P0030,1,168.38,0.05
L0021486,O008561,P0010,3,103.37,0.0
L0021487,O008561,P0077,2,300.52,0.0
L0021488,O008561,P0080,1,192.29,0.05
L0021489,O008562,P0130,1,35.93,0.1
L0021490,O008562,P0138,1,91.75,0.0
L0021491,O008562,P0071,1,92.65,0.15
L0021492,O008563,P0022,2,145.84,0.0
L0021493,O008563,P0092,1,246.47,0.2
L0021494,O008563,P0083,3,240.32,0.1
L0021495,O008564,P0052,3,187.42,0.0
L0021496,O008564,P0115,1,154.62,0.05
L0021497,O008565,P0156,1,298.56,0.0
L0021498,O008565,P0006,1,122.4,0.0
L0021499,O008565,P0036,3,52.13,0.0
L0021500,O008566,P0028,3,162.51,0.0
L0021501,O008566,P0027,2,245.26,0.2
L0021502,O008566,P0020,1,45.59,0.0
L0021503,O008567,P0083,2,253.67,0.05
L0021504,O008567,P0001,2,256.68,0.0
L0021505,O008568,P0147,1,16.1,0.0
L0021506,O008568,P0087,1,82.67,0.15
L0021507,O008568,P0009,2,280.24,0.0
L0021508,O008568,P0161,1,54.92,0.0
L0021509,O008569,P0057,3,58.77,0.05
L0021510,O008569,P0053,1,255.69,0.0
L0021511,O008569,P0028,3,162.51,0.0
L0021512,O008569,P0117,2,207.48,0.15
L0021513,O008570,P0082,2,92.41,0.0
L0021514,O008571,P0027,3,306.58,0.0
L0021515,O008571,P0052,2,187.42,0.0
L0021516,O008572,P0116,3,281.31,0.15
L0021517,O008572,P0129,3,108.28,0.15
L0021518,O008572,P0128,2,254.47,0.1
L0021519,O008573,P0165,3,122.23,0.05
L0021520,O008574,P0061,2,12.56,0.2
L0021521,O008574,P0017,1,180.99,0.0
L0021522,O008575,P0172,2,49.86,0.0
L0021523,O008575,P0036,1,49.52,0.05
L0021524,O008576,P0032,3,140.53,0.1
L0021525,O008576,P0008,1,329.58,0.05
L0021526,O008576,P0100,3,70.63,0.15
L0021527,O008577,P0119,2,247.16,0.0
L0021528,O008577,P0120,3,193.85,0.1
L0021529,O008577,P0142,1,76.94,0.0
L0021530,O008577,P0035,1,108.02,0.15
L0021531,O008578,P0048,2,53.61,0.0
L0021532,O008578,P0149,3,42.18,0.0
L0021533,O008579,P0175,1,60.92,0.0
L0021534,O008580,P0106,3,180.93,0.0
L0021535,O008581,P0007,3,228.72,0.1
L0021536,O008581,P0120,2,215.39,0.0
L0021537,O008582,P0080,2,202.41,0.0
L0021538,O008582,P0167,2,162.27,0.0
L0021539,O008582,P0088,1,62.88,0.0
L0021540,O008582,P0016,1,60.22,0.0
L0021541,O008583,P0071,2,109.0,0.0
L0021542,O008583,P0158,2,73.76,0.0
L0021543,O008583,P0090,2,122.35,0.1
L0021544,O008583,P0062,2,159.23,0.05
L0021545,O008584,P0051,1,63.09,0.0
L0021546,O008584,P0126,1,303.44,0.0
L0021547,O008584,P0159,3,133.69,0.0
L0021548,O008585,P0125,3,96.0,0.0
L0021549,O008585,P0115,2,162.76,0.0
L0021550,O008585,P0111,3,303.31,0.0
L0021551,O008586,P0096,2,265.22,0.0
L0021552,O008586,P0063,3,148.61,0.0
L0021553,O008587,P0175,1,54.83,0.1
L0021554,O008588,P0111,1,303.31,0.0
L0021555,O008589,P0003,3,271.26,0.0
L0021556,O008589,P0173,1,159.3,0.1
L0021557,O008589,P0072,1,81.24,0.2
L0021558,O008589,P0107,3,313.17,0.0
L0021559,O008590,P0032,2,148.34,0.05
L0021560,O008590,P0082,3,92.41,0.0
L0021561,O008590,P0054,2,195.49,0.15
L0021562,O008590,P0125,1,91.2,0.05
L0021563,O008591,P0037,1,124.24,0.05
L0021564,O008591,P0082,2,87.79,0.05
L0021565,O008591,P0062,2,167.61,0.0
L0021566,O008591,P0081,1,22.36,0.05
L0021567,O008592,P0065,3,140.88,0.0
L0021568,O008592,P0001,2,218.18,0.15
L0021569,O008593,P0083,1,267.02,0.0
L0021570,O008593,P0100,3,78.94,0.05
L0021571,O008593,P0147,3,13.69,0.15
L0021572,O008593,P0123,3,288.69,0.0
L0021573,O008594,P0146,1,279.51,0.0
L0021574,O008594,P0002,3,211.58,0.2
L0021575,O008594,P0129,1,121.02,0.05
L0021576,O008594,P0172,3,49.86,0.0
L0021577,O008595,P0170,1,229.37,0.1
L0021578,O008595,P0150,2,321.49,0.0
L0021579,O008596,P0111,1,242.65,0.2
L0021580,O008596,P0016,3,57.21,0.05
L0021581,O008596,P0045,1,292.67,0.05
L0021582,O008597,P0038,2,177.53,0.1
L0021583,O008598,P0017,2,171.94,0.05
L0021584,O008599,P0035,3,127.08,0.0
L0021585,O008599,P0010,1,103.37,0.0
L0021586,O008599,P0139,1,284.51,0.0
L0021587,O008599,P0012,2,63.35,0.0
L0021588,O008600,P0162,1,20.33,0.0
L0021589,O008600,P0021,3,71.03,0.0
L0021590,O008600,P0114,1,292.03,0.05
L0021591,O008601,P0124,3,65.45,0.05
L0021592,O008601,P0155,2,97.36,0.2
L0021593,O008602,P0047,1,51.99,0.05
L0021594,O008602,P0088,1,50.3,0.2
L0021595,O008603,P0069,3,57.35,0.05
L0021596,O008603,P0071,2,109.0,0.0
L0021597,O008603,P0126,1,303.44,0.0
L0021598,O008603,P0106,1,180.93,0.0
L0021599,O008604,P0070,3,229.74,0.05
L0021600,O008604,P0122,2,339.37,0.0
L0021601,O008605,P0176,3,190.03,0.15
L0021602,O008605,P0114,2,261.29,0.15
L0021603,O008606,P0056,3,282.03,0.15
L0021604,O008606,P0166,2,198.82,0.0
L0021605,O008607,P0015,1,61.62,0.0
L0021606,O008607,P0099,2,322.42,0.05
L0021607,O008607,P0089,2,12.19,0.0
L0021608,O008608,P0026,3,56.63,0.05
L0021609,O008608,P0004,2,30.1,0.2
L0021610,O008608,P0177,2,295.0,0.0
L0021611,O008609,P0011,1,77.91,0.0
L0021612,O008609,P0099,2,271.51,0.2
L0021613,O008610,P0155,1,115.61,0.05
L0021614,O008610,P0077,1,300.52,0.0
L0021615,O008610,P0086,2,13.53,0.1
L0021616,O008611,P0041,2,62.34,0.2
L0021617,O008611,P0147,1,16.1,0.0
L0021618,O008611,P0071,1,109.0,0.0
L0021619,O008612,P0155,3,103.44,0.15
L0021620,O008612,P0040,1,248.71,0.0
L0021621,O008612,P0107,1,266.19,0.15
L0021622,O008613,P0134,1,45.14,0.0
L0021623,O008613,P0001,2,256.68,0.0
L0021624,O008613,P0112,2,27.89,0.2
L0021625,O008613,P0140,1,146.63,0.05
L0021626,O008614,P0086,3,14.28,0.05
L0021627,O008614,P0108,3,166.64,0.1
L0021628,O008615,P0039,2,293.89,0.05
L0021629,O008615,P0130,3,35.93,0.1
L0021630,O008615,P0154,1,277.51,0.0
L0021631,O008615,P0042,2,107.66,0.0
L0021632,O008616,P0120,1,183.08,0.15
L0021633,O008616,P0070,2,229.74,0.05
L0021634,O008616,P0158,1,62.7,0.15
L0021635,O008617,P0058,3,292.88,0.05
L0021636,O008617,P0108,2,185.15,0.0
L0021637,O008617,P0120,2,215.39,0.0
L0021638,O008618,P0048,3,53.61,0.0
L0021639,O008618,P0068,3,285.98,0.0
L0021640,O008618,P0173,3,177.0,0.0
L0021641,O008619,P0019,1,73.92,0.15
L0021642,O008619,P0027,2,275.92,0.1
L0021643,O008620,P0031,2,217.77,0.2
L0021644,O008620,P0177,1,295.0,0.0
L0021645,O008620,P0035,3,120.73,0.05
L0021646,O008620,P0103,3,101.73,0.0
L0021647,O008621,P0132,2,59.54,0.05
L0021648,O008621,P0090,1,135.94,0.0
L0021649,O008622,P0156,2,298.56,0.0
L0021650,O008622,P0125,1,86.4,0.1
L0021651,O008622,P0147,1,13.69,0.15
L0021652,O008622,P0081,3,23.54,0.0
L0021653,O008623,P0068,1,257.38,0.1
L0021654,O008623,P0155,3,103.44,0.15
L0021655,O008623,P0009,2,280.24,0.0
L0021656,O008624,P0030,1,177.24,0.0
L0021657,O008624,P0012,3,57.02,0.1
L0021658,O008625,P0020,1,45.59,0.0
L0021659,O008625,P0019,1,86.97,0.0
L0021660,O008625,P0042,1,107.66,0.0
L0021661,O008626,P0071,2,109.0,0.0
L0021662,O008626,P0090,1,108.75,0.2
L0021663,O008627,P0060,3,275.74,0.0
L0021664,O008627,P0116,3,330.95,0.0
L0021665,O008627,P0128,1,282.75,0.0
L0021666,O008628,P0167,2,162.27,0.0
L0021667,O008628,P0132,2,53.27,0.15
L0021668,O008629,P0100,1,83.1,0.0
L0021669,O008630,P0106,1,180.93,0.0
L0021670,O008630,P0079,2,138.05,0.05
L0021671,O008631,P0119,2,222.44,0.1
L0021672,O008632,P0046,2,324.79,0.05
L0021673,O008632,P0113,2,124.47,0.1
L0021674,O008633,P0083,1,267.02,0.0
L0021675,O008633,P0097,1,168.55,0.0
L0021676,O008633,P0079,3,130.79,0.1
L0021677,O008633,P0171,2,88.06,0.0
L0021678,O008634,P0109,3,297.26,0.0
L0021679,O008634,P0002,1,264.47,0.0
L0021680,O008634,P0138,2,82.58,0.1
L0021681,O008635,P0159,3,127.01,0.05
L0021682,O008635,P0104,3,25.33,0.0
L0021683,O008636,P0142,2,73.09,0.05
L0021684,O008637,P0054,1,229.99,0.0
L0021685,O008637,P0070,3,217.65,0.1
L0021686,O008637,P0027,1,306.58,0.0
L0021687,O008638,P0069,3,60.37,0.0
L0021688,O008638,P0026,3,50.67,0.15
L0021689,O008639,P0107,2,313.17,0.0
L0021690,O008639,P0131,2,12.56,0.1
L0021691,O008639,P0133,2,39.71,0.1
L0021692,O008640,P0180,1,49.61,0.05
L0021693,O008640,P0106,1,180.93,0.0
L0021694,O008640,P0075,3,84.94,0.0
L0021695,O008641,P0154,2,277.51,0.0
L0021696,O008642,P0137,1,45.79,0.1
L0021697,O008643,P0076,3,79.34,0.2
L0021698,O008643,P0021,3,60.38,0.15
L0021699,O008644,P0065,1,119.75,0.15
L0021700,O008644,P0092,3,308.09,0.0
L0021701,O008644,P0118,2,218.87,0.0
L0021702,O008644,P0043,3,249.36,0.0
L0021703,O008645,P0108,3,166.64,0.1
L0021704,O008645,P0064,2,257.2,0.2
L0021705,O008645,P0051,3,56.78,0.1
L0021706,O008645,P0059,3,124.7,0.0
L0021707,O008646,P0052,3,187.42,0.0
L0021708,O008646,P0034,2,181.72,0.0
L0021709,O008646,P0136,1,46.17,0.0
L0021710,O008647,P0165,1,109.36,0.15
L0021711,O008647,P0051,2,59.94,0.05
L0021712,O008648,P0147,1,14.49,0.1
L0021713,O008648,P0055,3,14.16,0.0
L0021714,O008648,P0083,2,267.02,0.0
L0021715,O008648,P0129,3,108.28,0.15
L0021716,O008649,P0160,1,141.12,0.1
L0021717,O008649,P0155,2,121.7,0.0
L0021718,O008650,P0023,3,157.4,0.0
L0021719,O008650,P0059,2,106.0,0.15
L0021720,O008651,P0002,1,238.02,0.1
L0021721,O008651,P0072,1,91.39,0.1
L0021722,O008651,P0073,1,250.21,0.05
L0021723,O008651,P0093,3,20.83,0.05
L0021724,O008652,P0153,1,136.91,0.0
L0021725,O008653,P0120,2,215.39,0.0
L0021726,O008653,P0143,3,239.62,0.0
L0021727,O008653,P0094,3,209.36,0.0
L0021728,O008654,P0161,1,54.92,0.0
L0021729,O008654,P0078,2,284.12,0.15
L0021730,O008655,P0081,1,21.19,0.1
L0021731,O008655,P0114,3,292.03,0.05
L0021732,O008655,P0057,3,61.86,0.0
L0021733,O008655,P0023,2,133.79,0.15
L0021734,O008656,P0176,1,223.57,0.0
L0021735,O008657,P0071,3,109.0,0.0
L0021736,O008657,P0132,3,50.14,0.2
L0021737,O008657,P0129,3,114.65,0.1
L0021738,O008658,P0074,3,182.57,0.0
L0021739,O008658,P0063,3,126.32,0.15
L0021740,O008659,P0093,2,21.93,0.0
L0021741,O008659,P0160,3,156.8,0.0
L0021742,O008659,P0027,2,306.58,0.0
L0021743,O008659,P0005,1,199.77,0.0
L0021744,O008660,P0009,3,280.24,0.0
L0021745,O008660,P0152,3,150.06,0.2
L0021746,O008660,P0033,1,161.06,0.1
L0021747,O008660,P0090,3,135.94,0.0
L0021748,O008661,P0094,3,209.36,0.0
L0021749,O008661,P0011,2,77.91,0.0
L0021750,O008661,P0074,1,182.57,0.0
L0021751,O008662,P0117,1,231.89,0.05
L0021752,O008662,P0032,2,148.34,0.05
L0021753,O008662,P0083,1,267.02,0.0
L0021754,O008662,P0094,3,188.42,0.1
L0021755,O008663,P0046,3,341.88,0.0
L0021756,O008663,P0157,1,240.11,0.05
L0021757,O008664,P0084,1,259.34,0.0
L0021758,O008664,P0135,1,252.6,0.0
L0021759,O008664,P0029,3,203.55,0.1
L0021760,O008664,P0039,3,278.42,0.1
L0021761,O008665,P0029,2,226.17,0.0
L0021762,O008665,P0008,3,346.93,0.0
L0021763,O008665,P0148,2,111.56,0.1
L0021764,O008666,P0131,1,13.96,0.0
L0021765,O008666,P0088,3,62.88,0.0
L0021766,O008666,P0058,2,308.29,0.0
L0021767,O008666,P0053,2,255.69,0.0
L0021768,O008667,P0089,3,12.19,0.0
L0021769,O008667,P0169,3,103.57,0.0
L0021770,O008667,P0110,3,242.05,0.05
L0021771,O008667,P0064,1,273.27,0.15
L0021772,O008668,P0020,1,38.75,0.15
L0021773,O008669,P0109,3,252.67,0.15
L0021774,O008670,P0091,1,320.88,0.0
L0021775,O008670,P0118,2,207.93,0.05
L0021776,O008670,P0021,2,63.93,0.1
L0021777,O008670,P0028,2,162.51,0.0
L0021778,O008671,P0013,3,38.39,0.0
L0021779,O008671,P0141,2,319.15,0.0
L0021780,O008671,P0101,1,349.83,0.0
L0021781,O008671,P0138,2,82.58,0.1
L0021782,O008672,P0148,3,105.36,0.15
L0021783,O008672,P0047,1,54.73,0.0
L0021784,O008672,P0126,1,303.44,0.0
L0021785,O008673,P0039,2,309.36,0.0
L0021786,O008673,P0122,1,339.37,0.0
L0021787,O008673,P0074,2,173.44,0.05
L0021788,O008674,P0139,3,284.51,0.0
L0021789,O008674,P0162,2,20.33,0.0
L0021790,O008674,P0096,2,212.18,0.2
L0021791,O008675,P0126,3,303.44,0.0
L0021792,O008675,P0070,3,241.83,0.0
L0021793,O008675,P0033,1,161.06,0.1
L0021794,O008675,P0172,2,42.38,0.15
L0021795,O008676,P0063,1,141.18,0.05
L0021796,O008676,P0011,2,77.91,0.0
L0021797,O008676,P0163,2,222.2,0.05
L0021798,O008677,P0062,2,167.61,0.0
L0021799,O008678,P0014,3,114.74,0.1
L0021800,O008678,P0102,1,165.08,0.1
L0021801,O008678,P0125,3,96.0,0.0
L0021802,O008678,P0045,2,308.07,0.0
L0021803,O008679,P0046,1,307.69,0.1
L0021804,O008679,P0089,1,12.19,0.0
L0021805,O008680,P0013,3,32.63,0.15
L0021806,O008681,P0114,1,307.4,0.0
L0021807,O008681,P0064,1,289.35,0.1
L0021808,O008682,P0085,3,311.87,0.0
L0021809,O008682,P0037,3,130.78,0.0
L0021810,O008683,P0171,3,79.25,0.1
L0021811,O008683,P0105,1,66.7,0.0
L0021812,O008684,P0125,2,96.0,0.0
L0021813,O008684,P0117,1,244.09,0.0
L0021814,O008684,P0061,1,15.7,0.0
L0021815,O008684,P0007,3,241.42,0.05
L0021816,O008685,P0064,2,321.5,0.0
L0021817,O008685,P0033,1,178.96,0.0
L0021818,O008686,P0125,3,96.0,0.0
L0021819,O008686,P0057,1,61.86,0.0
L0021820,O008686,P0032,1,140.53,0.1
L0021821,O008686,P0134,2,42.88,0.05
L0021822,O008687,P0092,3,308.09,0.0
L0021823,O008687,P0045,2,308.07,0.0
L0021824,O008687,P0056,1,315.21,0.05
L0021825,O008688,P0024,2,134.86,0.2
L0021826,O008688,P0130,1,39.92,0.0
L0021827,O008688,P0148,1,99.16,0.2
L0021828,O008688,P0177,1,295.0,0.0
L0021829,O008689,P0020,3,45.59,0.0
L0021830,O008689,P0002,1,264.47,0.0
L0021831,O008689,P0139,3,284.51,0.0
L0021832,O008689,P0010,2,93.03,0.1
L0021833,O008690,P0145,2,88.13,0.1
L0021834,O008691,P0070,1,241.83,0.0
L0021835,O008691,P0115,2,162.76,0.0
L0021836,O008691,P0018,2,157.64,0.1
L0021837,O008691,P0021,3,63.93,0.1
L0021838,O008692,P0071,3,109.0,0.0
L0021839,O008693,P0160,3,156.8,0.0
L0021840,O008693,P0171,3,79.25,0.1
L0021841,O008693,P0133,1,44.12,0.0
L0021842,O008694,P0113,2,117.56,0.15
L0021843,O008694,P0172,2,49.86,0.0
L0021844,O008695,P0066,2,300.18,0.0
L0021845,O008695,P0057,1,55.67,0.1
L0021846,O008695,P0077,2,300.52,0.0
L0021847,O008695,P0161,2,54.92,0.0
L0021848,O008696,P0004,3,33.87,0.1
L0021849,O008696,P0092,1,246.47,0.2
L0021850,O008696,P0050,3,198.45,0.0
L0021851,O008696,P0065,3,126.79,0.1
L0021852,O008697,P0030,2,177.24,0.0
L0021853,O008698,P0129,2,114.65,0.1
L0021854,O008698,P0064,2,273.27,0.15
L0021855,O008698,P0108,1,185.15,0.0
L0021856,O008698,P0068,2,228.78,0.2
L0021857,O008699,P0033,3,178.96,0.0
L0021858,O008700,P0149,2,33.74,0.2
L0021859,O008700,P0081,2,22.36,0.05
L0021860,O008701,P0110,1,242.05,0.05
L0021861,O008701,P0163,2,233.9,0.0
L0021862,O008702,P0167,2,162.27,0.0
L0021863,O008702,P0109,1,252.67,0.15
L0021864,O008702,P0100,1,78.94,0.05
L0021865,O008702,P0132,1,56.4,0.1
L0021866,O008703,P0036,2,52.13,0.0
L0021867,O008704,P0038,2,197.26,0.0
L0021868,O008705,P0064,1,273.27,0.15
L0021869,O008705,P0143,1,203.68,0.15
L0021870,O008705,P0091,1,320.88,0.0
L0021871,O008705,P0050,2,198.45,0.0
L0021872,O008706,P0157,3,252.75,0.0
L0021873,O008706,P0154,1,222.01,0.2
L0021874,O008706,P0088,1,56.59,0.1
L0021875,O008707,P0087,1,97.26,0.0
L0021876,O008707,P0034,3,181.72,0.0
L0021877,O008707,P0057,3,61.86,0.0
L0021878,O008707,P0136,2,39.24,0.15
L0021879,O008708,P0019,2,73.92,0.15
L0021880,O008708,P0102,1,174.25,0.05
L0021881,O008709,P0052,1,187.42,0.0
L0021882,O008709,P0127,1,85.43,0.1
L0021883,O008709,P0066,2,300.18,0.0
L0021884,O008709,P0124,3,62.0,0.1
L0021885,O008710,P0176,2,201.21,0.1
L0021886,O008711,P0053,2,255.69,0.0
L0021887,O008711,P0167,2,154.16,0.05
L0021888,O008711,P0083,3,267.02,0.0
L0021889,O008712,P0044,3,265.56,0.0
L0021890,O008712,P0098,1,80.03,0.0
L0021891,O008712,P0077,3,285.49,0.05
L0021892,O008713,P0078,1,334.26,0.0
L0021893,O008714,P0120,3,215.39,0.0
L0021894,O008714,P0103,1,101.73,0.0
L0021895,O008714,P0050,1,168.68,0.15
L0021896,O008714,P0149,3,42.18,0.0
L0021897,O008715,P0009,2,238.2,0.15
L0021898,O008715,P0034,1,181.72,0.0
L0021899,O008715,P0095,3,276.95,0.0
L0021900,O008715,P0068,2,257.38,0.1
L0021901,O008716,P0017,3,171.94,0.05
L0021902,O008716,P0048,3,50.93,0.05
L0021903,O008716,P0001,1,231.01,0.1
L0021904,O008716,P0154,2,222.01,0.2
L0021905,O008717,P0150,2,321.49,0.0
L0021906,O008717,P0123,1,288.69,0.0
L0021907,O008718,P0165,3,109.36,0.15
L0021908,O008719,P0121,1,210.59,0.05
L0021909,O008719,P0023,3,157.4,0.0
L0021910,O008720,P0176,2,223.57,0.0
L0021911,O008720,P0056,1,331.8,0.0
L0021912,O008721,P0126,1,288.27,0.05
L0021913,O008721,P0176,1,223.57,0.0
L0021914,O008721,P0081,3,23.54,0.0
L0021915,O008721,P0091,1,320.88,0.0
L0021916,O008722,P0111,2,257.81,0.15
L0021917,O008722,P0053,1,230.12,0.1
L0021918,O008722,P0034,3,172.63,0.05
L0021919,O008723,P0042,2,107.66,0.0
L0021920,O008724,P0060,3,275.74,0.0
L0021921,O008724,P0131,1,12.56,0.1
L0021922,O008725,P0098,3,80.03,0.0
L0021923,O008725,P0178,2,221.82,0.0
L0021924,O008726,P0087,1,87.53,0.1
L0021925,O008726,P0177,2,265.5,0.1
L0021926,O008727,P0104,2,25.33,0.0
L0021927,O008727,P0133,3,44.12,0.0
L0021928,O008727,P0169,1,82.86,0.2
L0021929,O008728,P0072,1,86.32,0.15
L0021930,O008728,P0020,1,38.75,0.15
L0021931,O008728,P0148,3,111.56,0.1
L0021932,O008728,P0113,1,117.56,0.15
L0021933,O008729,P0019,3,86.97,0.0
L0021934,O008729,P0108,1,175.89,0.05
L0021935,O008729,P0037,2,124.24,0.05
L0021936,O008730,P0072,3,101.55,0.0
L0021937,O008730,P0031,2,244.99,0.1
L0021938,O008730,P0058,2,308.29,0.0
L0021939,O008730,P0164,2,260.97,0.1
L0021940,O008731,P0071,2,109.0,0.0
L0021941,O008731,P0179,2,114.08,0.2
L0021942,O008731,P0094,1,188.42,0.1
L0021943,O008731,P0156,1,253.78,0.15
L0021944,O008732,P0120,1,172.31,0.2
L0021945,O008732,P0046,3,341.88,0.0
L0021946,O008732,P0089,3,12.19,0.0
L0021947,O008733,P0162,1,17.28,0.15
L0021948,O008733,P0180,1,41.78,0.2
L0021949,O008733,P0074,3,182.57,0.0
L0021950,O008733,P0080,2,202.41,0.0
L0021951,O008734,P0098,1,72.03,0.1
L0021952,O008734,P0126,2,273.1,0.1
L0021953,O008735,P0034,3,181.72,0.0
L0021954,O008735,P0045,2,308.07,0.0
L0021955,O008736,P0120,1,193.85,0.1
L0021956,O008737,P0083,1,240.32,0.1
L0021957,O008737,P0005,3,199.77,0.0
L0021958,O008737,P0079,3,145.32,0.0
L0021959,O008738,P0022,1,145.84,0.0
L0021960,O008739,P0178,1,221.82,0.0
L0021961,O008739,P0040,2,223.84,0.1
L0021962,O008739,P0069,3,54.33,0.1
L0021963,O008739,P0132,3,62.67,0.0
L0021964,O008740,P0004,3,33.87,0.1
L0021965,O008741,P0112,2,27.89,0.2
L0021966,O008741,P0138,1,91.75,0.0
L0021967,O008741,P0104,1,25.33,0.0
L0021968,O008741,P0089,2,10.36,0.15
L0021969,O008742,P0074,3,173.44,0.05
L0021970,O008743,P0039,2,293.89,0.05
L0021971,O008744,P0045,1,308.07,0.0
L0021972,O008744,P0024,3,160.14,0.05
L0021973,O008745,P0138,1,82.58,0.1
L0021974,O008745,P0020,2,45.59,0.0
L0021975,O008745,P0145,1,88.13,0.1
L0021976,O008745,P0116,3,281.31,0.15
L0021977,O008746,P0006,3,122.4,0.0
L0021978,O008746,P0152,2,187.58,0.0
L0021979,O008746,P0164,2,289.97,0.0
L0021980,O008747,P0142,1,76.94,0.0
L0021981,O008748,P0118,1,218.87,0.0
L0021982,O008748,P0179,1,142.6,0.0
L0021983,O008748,P0121,2,221.67,0.0
L0021984,O008749,P0157,2,252.75,0.0
L0021985,O008749,P0177,2,295.0,0.0
L0021986,O008749,P0096,3,265.22,0.0
L0021987,O008749,P0066,1,300.18,0.0
L0021988,O008750,P0040,1,248.71,0.0
L0021989,O008751,P0077,1,240.42,0.2
L0021990,O008751,P0095,3,276.95,0.0
L0021991,O008751,P0004,3,33.87,0.1
L0021992,O008751,P0075,1,80.69,0.05
L0021993,O008752,P0072,3,101.55,0.0
L0021994,O008752,P0067,1,177.25,0.0
L0021995,O008752,P0139,2,227.61,0.2
L0021996,O008753,P0089,1,12.19,0.0
L0021997,O008754,P0163,3,187.12,0.2
L0021998,O008754,P0110,1,242.05,0.05
L0021999,O008755,P0123,2,288.69,0.0
L0022000,O008755,P0102,2,165.08,0.1
L0022001,O008755,P0055,2,12.74,0.1
L0022002,O008756,P0111,1,242.65,0.2
L0022003,O008756,P0176,1,223.57,0.0
L0022004,O008757,P0048,3,53.61,0.0
L0022005,O008758,P0034,1,145.38,0.2
L0022006,O008758,P0133,1,44.12,0.0
L0022007,O008759,P0081,2,21.19,0.1
L0022008,O008759,P0042,2,102.28,0.05
L0022009,O008760,P0121,3,221.67,0.0
L0022010,O008760,P0036,3,46.92,0.1
L0022011,O008760,P0068,2,285.98,0.0
L0022012,O008761,P0163,3,233.9,0.0
L0022013,O008761,P0018,1,157.64,0.1
L0022014,O008762,P0003,2,230.57,0.15
L0022015,O008763,P0041,2,77.93,0.0
L0022016,O008763,P0047,1,46.52,0.15
L0022017,O008763,P0169,2,103.57,0.0
L0022018,O008764,P0107,1,313.17,0.0
L0022019,O008764,P0033,2,152.12,0.15
L0022020,O008765,P0072,1,101.55,0.0
L0022021,O008765,P0121,3,199.5,0.1
L0022022,O008765,P0040,2,248.71,0.0
L0022023,O008766,P0153,1,136.91,0.0
L0022024,O008766,P0022,3,145.84,0.0
L0022025,O008766,P0149,2,37.96,0.1
L0022026,O008767,P0021,2,71.03,0.0
L0022027,O008767,P0159,2,127.01,0.05
L0022028,O008767,P0028,1,154.38,0.05
L0022029,O008767,P0113,2,124.47,0.1
L0022030,O008768,P0158,3,73.76,0.0
L0022031,O008768,P0169,2,93.21,0.1
L0022032,O008768,P0093,2,19.74,0.1
L0022033,O008768,P0088,2,59.74,0.05
L0022034,O008769,P0081,1,21.19,0.1
L0022035,O008769,P0008,3,346.93,0.0
L0022036,O008769,P0088,2,56.59,0.1
L0022037,O008770,P0104,1,25.33,0.0
L0022038,O008770,P0063,1,133.75,0.1
L0022039,O008770,P0151,2,187.16,0.2
L0022040,O008771,P0116,1,330.95,0.0
L0022041,O008771,P0017,1,180.99,0.0
L0022042,O008771,P0067,1,150.66,0.15
L0022043,O008772,P0144,3,175.24,0.15
L0022044,O008772,P0174,1,215.24,0.0
L0022045,O008773,P0052,2,178.05,0.05
L0022046,O008773,P0132,2,62.67,0.0
L0022047,O008774,P0154,1,277.51,0.0
L0022048,O008774,P0140,1,146.63,0.05
L0022049,O008774,P0001,2,231.01,0.1
L0022050,O008775,P0123,3,288.69,0.0
L0022051,O008775,P0093,1,17.54,0.2
L0022052,O008776,P0031,2,217.77,0.2
L0022053,O008776,P0082,2,73.93,0.2
L0022054,O008776,P0159,2,133.69,0.0
L0022055,O008777,P0153,1,136.91,0.0
L0022056,O008777,P0083,3,267.02,0.0
L0022057,O008777,P0027,2,291.25,0.05
L0022058,O008777,P0125,1,86.4,0.1
L0022059,O008778,P0014,2,127.49,0.0
L0022060,O008778,P0028,2,162.51,0.0
L0022061,O008778,P0179,1,142.6,0.0
L0022062,O008778,P0085,3,249.5,0.2
L0022063,O008779,P0179,3,142.6,0.0
L0022064,O008780,P0122,2,339.37,0.0
L0022065,O008781,P0159,1,133.69,0.0
L0022066,O008781,P0091,2,272.75,0.15
L0022067,O008781,P0084,2,220.44,0.15
L0022068,O008781,P0052,1,187.42,0.0
L0022069,O008782,P0088,2,62.88,0.0
L0022070,O008782,P0121,3,210.59,0.05
L0022071,O008782,P0107,1,313.17,0.0
L0022072,O008783,P0089,3,12.19,0.0
L0022073,O008783,P0048,1,53.61,0.0
L0022074,O008783,P0133,2,44.12,0.0
L0022075,O008783,P0138,1,77.99,0.15
L0022076,O008784,P0168,3,287.81,0.0
L0022077,O008785,P0044,1,239.0,0.1
L0022078,O008786,P0141,2,319.15,0.0
L0022079,O008786,P0177,1,295.0,0.0
L0022080,O008786,P0126,1,273.1,0.1
L0022081,O008786,P0010,3,103.37,0.0
L0022082,O008787,P0073,1,263.38,0.0
L0022083,O008787,P0064,2,289.35,0.1
L0022084,O008788,P0077,3,270.47,0.1
L0022085,O008788,P0003,3,271.26,0.0
L0022086,O008788,P0165,2,115.79,0.1
L0022087,O008789,P0026,2,59.61,0.0
L0022088,O008789,P0081,3,23.54,0.0
L0022089,O008789,P0058,1,308.29,0.0
L0022090,O008789,P0063,1,148.61,0.0
L0022091,O008790,P0126,1,257.92,0.15
L0022092,O008791,P0076,3,99.18,0.0
L0022093,O008791,P0074,3,164.31,0.1
L0022094,O008791,P0112,1,33.12,0.05
L0022095,O008792,P0107,1,297.51,0.05
L0022096,O008792,P0162,3,18.3,0.1
L0022097,O008793,P0111,1,303.31,0.0
L0022098,O008794,P0014,3,108.37,0.15
L0022099,O008794,P0146,1,279.51,0.0
L0022100,O008794,P0050,3,178.6,0.1
L0022101,O008794,P0045,1,292.67,0.05
L0022102,O008795,P0050,3,198.45,0.0
L0022103,O008795,P0048,1,53.61,0.0
L0022104,O008795,P0044,3,239.0,0.1
L0022105,O008796,P0055,2,14.16,0.0
L0022106,O008796,P0151,3,233.95,0.0
L0022107,O008797,P0159,3,133.69,0.0
L0022108,O008797,P0128,2,282.75,0.0
L0022109,O008797,P0037,1,130.78,0.0
L0022110,O008798,P0102,2,146.74,0.2
L0022111,O008798,P0024,3,160.14,0.05
L0022112,O008798,P0099,1,305.45,0.1
L0022113,O008799,P0076,3,99.18,0.0
L0022114,O008800,P0105,1,66.7,0.0
L0022115,O008800,P0024,2,168.57,0.0
L0022116,O008800,P0026,1,59.61,0.0
L0022117,O008800,P0056,1,265.44,0.2
L0022118,O008801,P0025,2,137.63,0.0
L0022119,O008801,P0006,2,122.4,0.0
L0022120,O008802,P0030,2,150.65,0.15
L0022121,O008802,P0139,1,256.06,0.1
L0022122,O008803,P0086,3,15.03,0.0
L0022123,O008803,P0102,3,183.42,0.0
L0022124,O008804,P0162,2,20.33,0.0
L0022125,O008804,P0043,2,249.36,0.0
L0022126,O008805,P0123,2,288.69,0.0
L0022127,O008805,P0170,3,254.85,0.0
L0022128,O008805,P0141,1,255.32,0.2
L0022129,O008805,P0129,3,101.91,0.2
L0022130,O008806,P0091,1,320.88,0.0
L0022131,O008806,P0172,3,49.86,0.0
L0022132,O008806,P0180,1,49.61,0.05
L0022133,O008807,P0065,3,133.84,0.05
L0022134,O008808,P0078,2,334.26,0.0
L0022135,O008808,P0103,3,96.64,0.05
L0022136,O008808,P0107,1,297.51,0.05
L0022137,O008809,P0075,2,84.94,0.0
L0022138,O008810,P0011,1,62.33,0.2
L0022139,O008810,P0162,1,20.33,0.0
L0022140,O008811,P0179,3,142.6,0.0
L0022141,O008811,P0176,3,223.57,0.0
L0022142,O008812,P0110,1,229.31,0.1
L0022143,O008812,P0015,3,55.46,0.1
L0022144,O008813,P0179,1,142.6,0.0
L0022145,O008813,P0136,2,46.17,0.0
L0022146,O008814,P0003,1,271.26,0.0
L0022147,O008814,P0086,1,14.28,0.05
L0022148,O008814,P0166,3,178.94,0.1
L0022149,O008814,P0097,1,168.55,0.0
L0022150,O008815,P0053,3,230.12,0.1
L0022151,O008816,P0170,1,254.85,0.0
L0022152,O008816,P0077,1,255.44,0.15
L0022153,O008817,P0176,2,223.57,0.0
L0022154,O008817,P0166,3,198.82,0.0
L0022155,O008817,P0051,1,63.09,0.0
L0022156,O008818,P0052,3,187.42,0.0
L0022157,O008818,P0134,3,45.14,0.0
L0022158,O008818,P0109,3,267.53,0.1
L0022159,O008818,P0175,1,60.92,0.0
L0022160,O008819,P0101,1,332.34,0.05
L0022161,O008819,P0094,1,209.36,0.0
L0022162,O008819,P0150,2,305.42,0.05
L0022163,O008819,P0164,1,289.97,0.0
L0022164,O008820,P0011,1,62.33,0.2
L0022165,O008821,P0111,3,272.98,0.1
L0022166,O008821,P0002,3,264.47,0.0
L0022167,O008821,P0095,2,276.95,0.0
L0022168,O008822,P0100,2,74.79,0.1
L0022169,O008822,P0170,2,254.85,0.0
L0022170,O008822,P0027,1,291.25,0.05
L0022171,O008822,P0029,2,203.55,0.1
L0022172,O008823,P0150,1,289.34,0.1
L0022173,O008823,P0177,2,236.0,0.2
L0022174,O008823,P0069,2,60.37,0.0
L0022175,O008823,P0122,1,305.43,0.1
L0022176,O008824,P0029,1,226.17,0.0
L0022177,O008825,P0170,2,254.85,0.0
L0022178,O008825,P0052,2,187.42,0.0
L0022179,O008825,P0169,2,103.57,0.0
L0022180,O008826,P0162,3,16.26,0.2
L0022181,O008826,P0124,2,62.0,0.1
L0022182,O008826,P0028,3,162.51,0.0
L0022183,O008827,P0101,1,332.34,0.05
L0022184,O008827,P0043,3,249.36,0.0
L0022185,O008827,P0044,3,225.73,0.15
L0022186,O008828,P0132,2,62.67,0.0
L0022187,O008828,P0156,2,298.56,0.0
L0022188,O008829,P0028,1,162.51,0.0
L0022189,O008829,P0131,2,13.96,0.0
L0022190,O008829,P0167,3,162.27,0.0
L0022191,O008830,P0086,1,15.03,0.0
L0022192,O008830,P0127,2,94.92,0.0
L0022193,O008830,P0041,3,77.93,0.0
L0022194,O008830,P0020,2,45.59,0.0
L0022195,O008831,P0035,3,127.08,0.0
L0022196,O008831,P0118,1,218.87,0.0
L0022197,O008831,P0049,1,267.57,0.0
L0022198,O008832,P0028,2,138.13,0.15
L0022199,O008832,P0017,3,162.89,0.1
L0022200,O008832,P0021,2,67.48,0.05
L0022201,O008833,P0014,1,127.49,0.0
L0022202,O008834,P0039,2,262.96,0.15
L0022203,O008834,P0024,2,168.57,0.0
L0022204,O008834,P0131,1,13.96,0.0
L0022205,O008834,P0032,3,156.15,0.0
L0022206,O008835,P0159,3,120.32,0.1
L0022207,O008835,P0146,3,279.51,0.0
L0022208,O008835,P0107,1,313.17,0.0
L0022209,O008835,P0154,2,235.88,0.15
L0022210,O008836,P0035,1,127.08,0.0
L0022211,O008836,P0149,3,42.18,0.0
L0022212,O008837,P0002,1,264.47,0.0
L0022213,O008838,P0045,2,308.07,0.0
L0022214,O008838,P0096,1,225.44,0.15
L0022215,O008839,P0061,2,15.7,0.0
L0022216,O008840,P0036,1,52.13,0.0
L0022217,O008841,P0132,1,59.54,0.05
L0022218,O008841,P0129,3,127.39,0.0
L0022219,O008841,P0045,1,308.07,0.0
L0022220,O008841,P0180,3,52.22,0.0
L0022221,O008842,P0094,1,188.42,0.1
L0022222,O008842,P0077,2,285.49,0.05
L0022223,O008842,P0156,3,298.56,0.0
L0022224,O008842,P0058,2,277.46,0.1
L0022225,O008843,P0001,3,231.01,0.1
L0022226,O008843,P0037,2,124.24,0.05
L0022227,O008844,P0122,2,339.37,0.0
L0022228,O008844,P0058,2,277.46,0.1
L0022229,O008844,P0012,3,63.35,0.0
L0022230,O008844,P0070,2,217.65,0.1
L0022231,O008845,P0073,3,237.04,0.1
L0022232,O008845,P0046,1,341.88,0.0
L0022233,O008845,P0148,3,105.36,0.15
L0022234,O008846,P0107,2,313.17,0.0
L0022235,O008847,P0091,3,320.88,0.0
L0022236,O008847,P0117,2,244.09,0.0
L0022237,O008847,P0005,3,199.77,0.0
L0022238,O008848,P0068,1,257.38,0.1
L0022239,O008848,P0051,2,59.94,0.05
L0022240,O008849,P0023,1,141.66,0.1
L0022241,O008850,P0129,3,127.39,0.0
L0022242,O008851,P0150,2,321.49,0.0
L0022243,O008851,P0016,1,54.2,0.1
L0022244,O008851,P0073,3,263.38,0.0
L0022245,O008851,P0159,2,120.32,0.1
L0022246,O008852,P0075,2,80.69,0.05
L0022247,O008852,P0131,3,13.96,0.0
L0022248,O008853,P0093,3,19.74,0.1
L0022249,O008854,P0149,1,37.96,0.1
L0022250,O008854,P0168,3,244.64,0.15
L0022251,O008855,P0014,3,121.12,0.05
L0022252,O008855,P0143,1,227.64,0.05
L0022253,O008855,P0119,1,247.16,0.0
L0022254,O008856,P0100,1,83.1,0.0
L0022255,O008857,P0172,2,42.38,0.15
L0022256,O008857,P0164,3,289.97,0.0
L0022257,O008858,P0178,2,221.82,0.0
L0022258,O008858,P0152,3,187.58,0.0
L0022259,O008859,P0028,3,162.51,0.0
L0022260,O008859,P0003,2,271.26,0.0
L0022261,O008859,P0042,3,107.66,0.0
L0022262,O008859,P0137,3,50.88,0.0
L0022263,O008860,P0014,2,121.12,0.05
L0022264,O008860,P0133,1,44.12,0.0
L0022265,O008860,P0161,2,54.92,0.0
L0022266,O008861,P0081,1,23.54,0.0
L0022267,O008862,P0094,1,209.36,0.0
L0022268,O008862,P0029,3,226.17,0.0
L0022269,O008862,P0016,3,57.21,0.05
L0022270,O008862,P0042,1,102.28,0.05
L0022271,O008863,P0072,2,101.55,0.0
L0022272,O008863,P0094,1,177.96,0.15
L0022273,O008863,P0087,1,87.53,0.1
L0022274,O008864,P0007,2,241.42,0.05
L0022275,O008864,P0158,1,62.7,0.15
L0022276,O008865,P0059,3,124.7,0.0
L0022277,O008865,P0158,1,70.07,0.05
L0022278,O008865,P0132,1,59.54,0.05
L0022279,O008865,P0135,1,252.6,0.0
L0022280,O008866,P0041,3,77.93,0.0
L0022281,O008866,P0071,3,92.65,0.15
L0022282,O008866,P0160,2,156.8,0.0
L0022283,O008867,P0063,1,133.75,0.1
L0022284,O008867,P0144,1,195.85,0.05
L0022285,O008868,P0180,2,52.22,0.0
L0022286,O008868,P0174,1,204.48,0.05
L0022287,O008869,P0102,1,155.91,0.15
L0022288,O008869,P0019,2,86.97,0.0
L0022289,O008869,P0075,1,80.69,0.05
L0022290,O008870,P0028,1,146.26,0.1
L0022291,O008871,P0148,3,123.95,0.0
L0022292,O008871,P0161,1,54.92,0.0
L0022293,O008871,P0059,1,106.0,0.15
L0022294,O008871,P0178,1,188.55,0.15
L0022295,O008872,P0173,1,177.0,0.0
L0022296,O008873,P0085,3,296.28,0.05
L0022297,O008873,P0178,3,188.55,0.15
L0022298,O008874,P0113,1,138.3,0.0
L0022299,O008874,P0127,1,94.92,0.0
L0022300,O008874,P0007,3,254.13,0.0
L0022301,O008874,P0057,1,55.67,0.1
L0022302,O008875,P0093,3,21.93,0.0
L0022303,O008875,P0147,2,16.1,0.0
L0022304,O008876,P0060,1,220.59,0.2
L0022305,O008876,P0115,2,138.35,0.15
L0022306,O008876,P0045,3,308.07,0.0
L0022307,O008876,P0102,1,183.42,0.0
L0022308,O008877,P0067,2,159.53,0.1
L0022309,O008878,P0003,2,244.13,0.1
L0022310,O008879,P0014,1,127.49,0.0
L0022311,O008879,P0137,3,45.79,0.1
L0022312,O008880,P0105,1,66.7,0.0
L0022313,O008881,P0103,2,101.73,0.0
L0022314,O008881,P0055,1,11.33,0.2
L0022315,O008882,P0049,1,267.57,0.0
L0022316,O008882,P0110,1,254.79,0.0
L0022317,O008882,P0140,1,154.35,0.0
L0022318,O008882,P0121,1,221.67,0.0
L0022319,O008883,P0074,1,155.18,0.15
L0022320,O008884,P0046,1,341.88,0.0
L0022321,O008884,P0178,1,221.82,0.0
L0022322,O008885,P0097,2,168.55,0.0
L0022323,O008886,P0136,2,46.17,0.0
L0022324,O008886,P0141,1,319.15,0.0
L0022325,O008886,P0144,2,206.16,0.0
L0022326,O008886,P0166,3,178.94,0.1
L0022327,O008887,P0052,2,159.31,0.15
L0022328,O008888,P0020,2,45.59,0.0
L0022329,O008888,P0071,3,98.1,0.1
L0022330,O008888,P0045,2,308.07,0.0
L0022331,O008888,P0043,3,249.36,0.0
L0022332,O008889,P0037,3,130.78,0.0
L0022333,O008889,P0027,3,306.58,0.0
L0022334,O008889,P0010,1,93.03,0.1
L0022335,O008889,P0119,1,247.16,0.0
L0022336,O008890,P0169,1,98.39,0.05
L0022337,O008890,P0052,1,187.42,0.0
L0022338,O008891,P0151,3,233.95,0.0
L0022339,O008891,P0107,1,266.19,0.15
L0022340,O008892,P0039,3,293.89,0.05
L0022341,O008892,P0119,2,234.8,0.05
L0022342,O008892,P0034,1,181.72,0.0
L0022343,O008893,P0092,2,308.09,0.0
L0022344,O008893,P0043,2,224.42,0.1
L0022345,O008893,P0026,2,50.67,0.15
L0022346,O008894,P0033,3,178.96,0.0
L0022347,O008894,P0153,2,123.22,0.1
L0022348,O008894,P0095,1,276.95,0.0
L0022349,O008894,P0064,1,273.27,0.15
L0022350,O008895,P0119,2,247.16,0.0
L0022351,O008896,P0092,1,292.69,0.05
L0022352,O008896,P0005,2,159.82,0.2
L0022353,O008896,P0117,3,244.09,0.0
L0022354,O008897,P0037,2,130.78,0.0
L0022355,O008897,P0067,3,168.39,0.05
L0022356,O008897,P0127,1,90.17,0.05
L0022357,O008898,P0140,1,154.35,0.0
L0022358,O008898,P0040,1,223.84,0.1
L0022359,O008898,P0050,2,178.6,0.1
L0022360,O008898,P0119,1,222.44,0.1
L0022361,O008899,P0179,3,135.47,0.05
L0022362,O008899,P0037,3,130.78,0.0
L0022363,O008899,P0126,2,242.75,0.2
L0022364,O008900,P0112,2,34.86,0.0
L0022365,O008900,P0125,2,96.0,0.0
L0022366,O008900,P0021,3,71.03,0.0
L0022367,O008900,P0109,3,252.67,0.15
L0022368,O008901,P0109,2,252.67,0.15
L0022369,O008901,P0125,1,96.0,0.0
L0022370,O008901,P0150,3,273.27,0.15
L0022371,O008901,P0023,3,157.4,0.0
L0022372,O008902,P0174,2,215.24,0.0
L0022373,O008903,P0079,3,130.79,0.1
L0022374,O008903,P0130,3,39.92,0.0
L0022375,O008903,P0049,1,267.57,0.0
L0022376,O008904,P0047,2,54.73,0.0
L0022377,O008904,P0114,2,276.66,0.1
L0022378,O008904,P0124,2,68.89,0.0
L0022379,O008905,P0146,2,223.61,0.2
L0022380,O008905,P0148,1,117.75,0.05
L0022381,O008905,P0116,1,281.31,0.15
L0022382,O008905,P0108,3,166.64,0.1
L0022383,O008906,P0010,3,103.37,0.0
L0022384,O008906,P0011,3,77.91,0.0
L0022385,O008906,P0072,2,101.55,0.0
L0022386,O008906,P0104,3,25.33,0.0
L0022387,O008907,P0046,2,307.69,0.1
L0022388,O008907,P0060,2,275.74,0.0
L0022389,O008907,P0061,1,15.7,0.0
L0022390,O008907,P0111,2,303.31,0.0
L0022391,O008908,P0054,3,229.99,0.0
L0022392,O008908,P0007,3,203.3,0.2
L0022393,O008908,P0116,3,330.95,0.0
L0022394,O008909,P0055,2,12.04,0.15
L0022395,O008910,P0051,2,63.09,0.0
L0022396,O008910,P0139,3,270.28,0.05
L0022397,O008910,P0117,1,244.09,0.0
L0022398,O008911,P0138,3,91.75,0.0
L0022399,O008911,P0160,2,141.12,0.1
L0022400,O008911,P0116,2,330.95,0.0
L0022401,O008912,P0161,2,54.92,0.0
L0022402,O008912,P0114,3,307.4,0.0
L0022403,O008912,P0122,3,305.43,0.1
L0022404,O008912,P0012,3,63.35,0.0
L0022405,O008913,P0019,1,86.97,0.0
L0022406,O008913,P0083,2,267.02,0.0
L0022407,O008914,P0174,3,182.95,0.15
L0022408,O008914,P0077,2,300.52,0.0
L0022409,O008914,P0003,1,230.57,0.15
L0022410,O008915,P0088,1,59.74,0.05
L0022411,O008915,P0017,1,144.79,0.2
L0022412,O008916,P0116,2,297.86,0.1
L0022413,O008916,P0037,2,130.78,0.0
L0022414,O008916,P0154,1,249.76,0.1
L0022415,O008916,P0159,1,113.64,0.15
L0022416,O008917,P0127,1,94.92,0.0
L0022417,O008917,P0037,2,124.24,0.05
L0022418,O008917,P0041,2,77.93,0.0
L0022419,O008918,P0155,3,97.36,0.2
L0022420,O008919,P0036,2,52.13,0.0
L0022421,O008919,P0063,2,133.75,0.1
L0022422,O008919,P0162,2,18.3,0.1
L0022423,O008920,P0108,3,166.64,0.1
L0022424,O008920,P0065,3,140.88,0.0
L0022425,O008920,P0007,2,203.3,0.2
L0022426,O008921,P0160,3,156.8,0.0
L0022427,O008921,P0057,1,61.86,0.0
L0022428,O008921,P0082,3,78.55,0.15
L0022429,O008922,P0140,2,154.35,0.0
L0022430,O008922,P0152,1,187.58,0.0
L0022431,O008922,P0014,1,114.74,0.1
L0022432,O008922,P0028,2,130.01,0.2
L0022433,O008923,P0099,2,305.45,0.1
L0022434,O008923,P0148,3,123.95,0.0
L0022435,O008923,P0180,2,52.22,0.0
L0022436,O008923,P0085,1,265.09,0.15
L0022437,O008924,P0050,3,198.45,0.0
L0022438,O008924,P0147,3,16.1,0.0
L0022439,O008924,P0003,1,244.13,0.1
L0022440,O008925,P0065,3,133.84,0.05
L0022441,O008925,P0177,2,295.0,0.0
L0022442,O008925,P0116,1,330.95,0.0
L0022443,O008926,P0052,3,168.68,0.1
L0022444,O008926,P0174,1,215.24,0.0
L0022445,O008926,P0039,2,309.36,0.0
L0022446,O008927,P0037,2,130.78,0.0
L0022447,O008927,P0135,2,239.97,0.05
L0022448,O008928,P0162,1,16.26,0.2
L0022449,O008928,P0160,3,156.8,0.0
L0022450,O008928,P0139,3,284.51,0.0
L0022451,O008928,P0144,3,206.16,0.0
L0022452,O008929,P0011,1,77.91,0.0
L0022453,O008929,P0076,2,84.3,0.15
L0022454,O008930,P0070,3,241.83,0.0
L0022455,O008930,P0013,1,38.39,0.0
L0022456,O008930,P0097,1,168.55,0.0
L0022457,O008931,P0082,1,92.41,0.0
L0022458,O008931,P0104,3,24.06,0.05
L0022459,O008932,P0041,3,70.14,0.1
L0022460,O008932,P0105,3,66.7,0.0
L0022461,O008932,P0023,2,157.4,0.0
L0022462,O008933,P0066,1,300.18,0.0
L0022463,O008933,P0166,1,198.82,0.0
L0022464,O008933,P0117,3,244.09,0.0
L0022465,O008933,P0150,1,321.49,0.0
L0022466,O008934,P0021,1,71.03,0.0
L0022467,O008934,P0085,2,311.87,0.0
L0022468,O008934,P0127,1,94.92,0.0
L0022469,O008934,P0029,1,203.55,0.1
L0022470,O008935,P0164,1,289.97,0.0
L0022471,O008935,P0106,2,153.79,0.15
L0022472,O008935,P0113,2,110.64,0.2
L0022473,O008936,P0139,3,227.61,0.2
L0022474,O008937,P0153,1,136.91,0.0
L0022475,O008937,P0065,1,112.7,0.2
L0022476,O008937,P0045,2,308.07,0.0
L0022477,O008938,P0006,3,110.16,0.1
L0022478,O008939,P0062,1,142.47,0.15
L0022479,O008939,P0148,2,123.95,0.0
L0022480,O008939,P0119,3,210.09,0.15
L0022481,O008940,P0038,2,157.81,0.2
L0022482,O008941,P0107,2,281.85,0.1
L0022483,O008941,P0078,1,284.12,0.15
L0022484,O008941,P0018,2,157.64,0.1
L0022485,O008941,P0164,2,289.97,0.0
L0022486,O008942,P0174,2,172.19,0.2
L0022487,O008942,P0136,1,46.17,0.0
L0022488,O008942,P0003,3,271.26,0.0
L0022489,O008942,P0075,1,84.94,0.0
L0022490,O008943,P0052,2,187.42,0.0
L0022491,O008944,P0059,1,118.47,0.05
L0022492,O008944,P0124,2,68.89,0.0
L0022493,O008945,P0110,1,242.05,0.05
L0022494,O008945,P0068,2,285.98,0.0
L0022495,O008945,P0128,3,254.47,0.1
L0022496,O008946,P0126,1,303.44,0.0
L0022497,O008947,P0031,3,272.21,0.0
L0022498,O008947,P0048,2,53.61,0.0
L0022499,O008947,P0071,2,92.65,0.15
L0022500,O008947,P0162,2,20.33,0.0
L0022501,O008948,P0107,1,266.19,0.15
L0022502,O008948,P0025,3,130.75,0.05
L0022503,O008949,P0117,3,244.09,0.0
L0022504,O008949,P0102,2,165.08,0.1
L0022505,O008949,P0139,2,284.51,0.0
L0022506,O008950,P0075,3,80.69,0.05
L0022507,O008950,P0027,3,291.25,0.05
L0022508,O008950,P0145,1,88.13,0.1
L0022509,O008951,P0125,3,86.4,0.1
L0022510,O008951,P0077,1,270.47,0.1
L0022511,O008951,P0043,3,249.36,0.0
L0022512,O008952,P0101,2,279.86,0.2
L0022513,O008952,P0008,2,329.58,0.05
L0022514,O008953,P0157,3,227.47,0.1
L0022515,O008953,P0141,1,319.15,0.0
L0022516,O008954,P0141,1,319.15,0.0
L0022517,O008955,P0018,3,175.15,0.0
L0022518,O008956,P0004,3,37.63,0.0
L0022519,O008956,P0048,2,53.61,0.0
L0022520,O008956,P0164,1,289.97,0.0
L0022521,O008957,P0090,2,129.14,0.05
L0022522,O008958,P0102,2,165.08,0.1
L0022523,O008959,P0154,1,263.63,0.05
L0022524,O008959,P0005,1,199.77,0.0
L0022525,O008959,P0082,3,78.55,0.15
L0022526,O008959,P0061,1,14.13,0.1
L0022527,O008960,P0175,1,60.92,0.0
L0022528,O008961,P0105,1,66.7,0.0
L0022529,O008961,P0092,2,308.09,0.0
L0022530,O008961,P0174,1,215.24,0.0
L0022531,O008962,P0099,3,339.39,0.0
L0022532,O008962,P0165,2,128.66,0.0
L0022533,O008963,P0090,3,129.14,0.05
L0022534,O008964,P0114,3,307.4,0.0
L0022535,O008965,P0102,2,165.08,0.1
L0022536,O008965,P0177,2,295.0,0.0
L0022537,O008965,P0114,2,261.29,0.15
L0022538,O008965,P0155,3,121.7,0.0
L0022539,O008966,P0122,2,339.37,0.0
L0022540,O008966,P0157,1,252.75,0.0
L0022541,O008967,P0020,1,45.59,0.0
L0022542,O008967,P0065,2,140.88,0.0
L0022543,O008967,P0157,2,252.75,0.0
L0022544,O008967,P0043,2,249.36,0.0
L0022545,O008968,P0022,1,145.84,0.0
L0022546,O008968,P0026,2,56.63,0.05
L0022547,O008968,P0037,2,130.78,0.0
L0022548,O008968,P0070,3,217.65,0.1
L0022549,O008969,P0073,2,263.38,0.0
L0022550,O008969,P0177,2,295.0,0.0
L0022551,O008969,P0102,2,183.42,0.0
L0022552,O008969,P0064,2,321.5,0.0
L0022553,O008970,P0112,2,34.86,0.0
L0022554,O008970,P0154,2,263.63,0.05
L0022555,O008970,P0016,2,60.22,0.0
L0022556,O008970,P0115,1,162.76,0.0
L0022557,O008971,P0094,1,198.89,0.05
L0022558,O008971,P0079,3,116.26,0.2
L0022559,O008971,P0097,2,160.12,0.05
L0022560,O008971,P0130,2,39.92,0.0
L0022561,O008972,P0006,3,122.4,0.0
L0022562,O008972,P0037,2,111.16,0.15
L0022563,O008972,P0029,3,226.17,0.0
L0022564,O008973,P0141,2,319.15,0.0
L0022565,O008973,P0168,3,287.81,0.0
L0022566,O008973,P0124,1,68.89,0.0
L0022567,O008974,P0009,1,280.24,0.0
L0022568,O008974,P0088,3,62.88,0.0
L0022569,O008975,P0028,2,130.01,0.2
L0022570,O008975,P0103,3,91.56,0.1
L0022571,O008976,P0062,2,134.09,0.2
L0022572,O008976,P0136,1,41.55,0.1
L0022573,O008976,P0169,3,82.86,0.2
L0022574,O008977,P0057,2,61.86,0.0
L0022575,O008977,P0167,2,162.27,0.0
L0022576,O008977,P0154,3,277.51,0.0
L0022577,O008977,P0033,3,178.96,0.0
L0022578,O008978,P0163,2,210.51,0.1
L0022579,O008978,P0006,3,122.4,0.0
L0022580,O008978,P0069,2,60.37,0.0
L0022581,O008979,P0143,3,227.64,0.05
L0022582,O008980,P0089,2,12.19,0.0
L0022583,O008981,P0051,3,63.09,0.0
L0022584,O008981,P0144,1,206.16,0.0
L0022585,O008981,P0070,2,241.83,0.0
L0022586,O008981,P0058,1,292.88,0.05
L0022587,O008982,P0038,3,167.67,0.15
L0022588,O008982,P0178,3,199.64,0.1
L0022589,O008983,P0141,1,319.15,0.0
L0022590,O008983,P0071,3,92.65,0.15
L0022591,O008983,P0130,3,39.92,0.0
L0022592,O008983,P0137,1,45.79,0.1
L0022593,O008984,P0054,1,229.99,0.0
L0022594,O008984,P0106,2,180.93,0.0
L0022595,O008984,P0083,1,267.02,0.0
L0022596,O008985,P0104,1,24.06,0.05
L0022597,O008986,P0050,3,158.76,0.2
L0022598,O008987,P0129,1,127.39,0.0
L0022599,O008987,P0079,3,116.26,0.2
L0022600,O008987,P0024,1,151.71,0.1
L0022601,O008987,P0139,1,270.28,0.05
L0022602,O008988,P0058,3,308.29,0.0
L0022603,O008988,P0116,1,281.31,0.15
L0022604,O008989,P0132,3,56.4,0.1
L0022605,O008989,P0045,1,308.07,0.0
L0022606,O008989,P0067,3,141.8,0.2
L0022607,O008990,P0171,3,88.06,0.0
L0022608,O008991,P0172,1,49.86,0.0
L0022609,O008991,P0174,2,204.48,0.05
L0022610,O008991,P0162,2,17.28,0.15
L0022611,O008992,P0010,1,103.37,0.0
L0022612,O008993,P0153,3,136.91,0.0
L0022613,O008994,P0087,3,97.26,0.0
L0022614,O008994,P0062,2,167.61,0.0
L0022615,O008994,P0040,3,223.84,0.1
L0022616,O008995,P0042,1,107.66,0.0
L0022617,O008995,P0001,1,231.01,0.1
L0022618,O008995,P0113,2,124.47,0.1
L0022619,O008995,P0063,1,148.61,0.0
L0022620,O008996,P0045,3,308.07,0.0
L0022621,O008996,P0054,3,229.99,0.0
L0022622,O008996,P0006,3,122.4,0.0
L0022623,O008997,P0157,2,227.47,0.1
L0022624,O008997,P0060,1,275.74,0.0
L0022625,O008997,P0087,3,87.53,0.1
L0022626,O008997,P0088,2,50.3,0.2
L0022627,O008998,P0100,1,83.1,0.0
L0022628,O008998,P0075,2,84.94,0.0
L0022629,O008998,P0103,1,86.47,0.15
L0022630,O008999,P0105,2,66.7,0.0
L0022631,O008999,P0048,1,50.93,0.05
L0022632,O009000,P0067,3,177.25,0.0
