order_id,customer_id,order_date,channel,payment_method,status
O000001,C00242,2025-08-17,Website,Card,Completed
O000002,C00843,2025-01-16,Website,Card,Completed
O000003,C00621,2025-08-01,Mobile App,Wallet,Completed
O000004,C00261,2025-06-24,Marketplace,SBP,Completed
O000005,C00734,2025-01-19,Marketplace,Card,Cancelled
O000006,C02085,2025-05-17,Website,Wallet,Completed
O000007,C01794,2025-05-31,Mobile App,Wallet,Completed
O000008,C00523,2025-03-20,Website,Card,Completed
O000009,C01686,2026-02-15,Mobile App,SBP,Completed
O000010,C01130,2025-02-09,Mobile App,Card,Completed
O000011,C01868,2025-11-12,Mobile App,SBP,Completed
O000012,C00619,2025-12-30,Website,SBP,Completed
O000013,C00155,2026-03-17,Marketplace,Card,Completed
O000014,C00783,2025-10-25,Website,Card,Completed
O000015,C02485,2025-10-24,Mobile App,Card,Completed
O000016,C01390,2026-02-20,Mobile App,SBP,Completed
O000017,C00137,2026-04-12,Mobile App,Card,Completed
O000018,C02439,2025-04-26,Mobile App,Wallet,Completed
O000019,C02065,2026-03-11,Mobile App,SBP,Returned
O000020,C01360,2025-09-10,Website,Card,Completed
O000021,C01851,2025-02-23,Website,SBP,Completed
O000022,C00462,2025-12-01,Mobile App,Card,Cancelled
O000023,C01480,2026-06-18,Mobile App,SBP,Completed
O000024,C02283,2025-03-18,Mobile App,Card,Completed
O000025,C01098,2025-01-09,Website,Card,Completed
O000026,C00098,2026-05-16,Website,Card,Completed
O000027,C01893,2025-11-22,Mobile App,Card,Completed
O000028,C01826,2025-04-30,Mobile App,SBP,Completed
O000029,C01850,2026-03-09,Mobile App,SBP,Cancelled
O000030,C01622,2025-08-03,Mobile App,Card,Completed
O000031,C00343,2025-07-01,Website,Card,Completed
O000032,C00287,2025-06-08,Website,Wallet,Completed
O000033,C01982,2025-11-23,Website,Card,Completed
O000034,C02138,2025-03-15,Mobile App,Card,Completed
O000035,C00197,2025-07-17,Website,SBP,Cancelled
O000036,C01453,2025-06-16,Website,Card,Completed
O000037,C01252,2025-02-03,Marketplace,Cash on Delivery,Completed
O000038,C00876,2026-02-21,Website,Card,Completed
O000039,C01613,2025-01-05,Mobile App,Wallet,Completed
O000040,C02286,2026-06-09,Website,Card,Completed
O000041,C02055,2025-02-21,Website,Card,Completed
O000042,C00383,2025-07-15,Website,Card,Completed
O000043,C01158,2025-02-23,Marketplace,Cash on Delivery,Completed
O000044,C02340,2025-07-20,Mobile App,SBP,Completed
O000045,C00593,2025-11-30,Mobile App,Card,Completed
O000046,C02136,2025-02-17,Marketplace,Cash on Delivery,Completed
O000047,C01227,2025-10-15,Website,Card,Returned
O000048,C01304,2026-02-26,Mobile App,Card,Returned
O000049,C00626,2025-09-06,Website,Card,Completed
O000050,C02299,2025-03-03,Website,Wallet,Completed
O000051,C01322,2026-01-13,Mobile App,Card,Completed
O000052,C01438,2025-04-12,Website,Card,Completed
O000053,C01157,2025-01-10,Marketplace,Cash on Delivery,Completed
O000054,C00224,2025-08-27,Mobile App,SBP,Completed
O000055,C01952,2025-05-28,Website,Card,Completed
O000056,C00822,2025-01-16,Website,SBP,Completed
O000057,C00601,2026-03-01,Mobile App,Card,Completed
O000058,C01956,2025-11-24,Mobile App,Card,Completed
O000059,C00500,2026-05-12,Website,Card,Completed
O000060,C01707,2025-09-20,Mobile App,SBP,Completed
O000061,C01186,2025-08-28,Website,SBP,Completed
O000062,C02000,2026-04-06,Marketplace,Card,Completed
O000063,C00127,2025-02-14,Website,Card,Completed
O000064,C01937,2025-07-17,Mobile App,Card,Completed
O000065,C00574,2026-03-13,Mobile App,SBP,Completed
O000066,C02177,2025-06-09,Mobile App,SBP,Completed
O000067,C00885,2026-04-29,Marketplace,SBP,Completed
O000068,C00018,2025-06-05,Marketplace,Cash on Delivery,Returned
O000069,C01220,2025-08-14,Website,Wallet,Completed
O000070,C00137,2026-05-05,Website,Cash on Delivery,Completed
O000071,C00674,2025-05-13,Mobile App,SBP,Completed
O000072,C01792,2026-06-13,Website,Card,Completed
O000073,C01402,2025-01-25,Mobile App,SBP,Returned
O000074,C01772,2025-05-26,Website,Card,Completed
O000075,C02197,2025-11-19,Marketplace,Card,Completed
O000076,C01171,2025-11-21,Mobile App,Card,Completed
O000077,C01360,2026-05-12,Mobile App,Card,Completed
O000078,C00146,2026-06-09,Website,SBP,Completed
O000079,C00718,2026-01-06,Marketplace,Card,Completed
O000080,C01811,2025-12-27,Mobile App,Card,Completed
O000081,C00155,2025-06-23,Mobile App,Wallet,Completed
O000082,C00899,2026-03-16,Mobile App,SBP,Completed
O000083,C00342,2025-12-18,Website,Card,Completed
O000084,C02144,2025-01-14,Website,Card,Completed
O000085,C01404,2026-03-31,Website,Card,Completed
O000086,C01612,2025-07-16,Mobile App,Wallet,Completed
O000087,C01710,2025-09-17,Mobile App,Card,Completed
O000088,C00561,2025-09-23,Website,Cash on Delivery,Returned
O000089,C00125,2026-03-24,Marketplace,Card,Completed
O000090,C00995,2025-05-27,Website,Wallet,Returned
O000091,C00464,2025-08-02,Mobile App,Card,Completed
O000092,C00805,2025-01-22,Mobile App,Card,Cancelled
O000093,C00798,2025-07-10,Website,Card,Completed
O000094,C01956,2025-02-18,Website,Card,Completed
O000095,C00800,2025-11-15,Mobile App,Cash on Delivery,Completed
O000096,C00379,2026-05-03,Mobile App,SBP,Completed
O000097,C02397,2025-09-11,Website,Card,Cancelled
O000098,C00123,2026-05-14,Mobile App,SBP,Cancelled
O000099,C00510,2026-06-18,Mobile App,Card,Completed
O000100,C00869,2025-01-30,Website,Cash on Delivery,Completed
O000101,C00157,2025-10-09,Mobile App,Card,Completed
O000102,C02249,2025-10-16,Website,Card,Completed
O000103,C00883,2025-07-30,Marketplace,Card,Completed
O000104,C01956,2026-03-30,Mobile App,Card,Completed
O000105,C00337,2025-08-04,Website,Cash on Delivery,Completed
O000106,C01305,2025-01-31,Mobile App,Card,Returned
O000107,C00317,2025-10-27,Website,Card,Completed
O000108,C00580,2025-04-21,Marketplace,Wallet,Completed
O000109,C01019,2025-07-13,Mobile App,Card,Completed
O000110,C02157,2025-10-02,Website,Card,Completed
O000111,C00766,2026-01-30,Mobile App,SBP,Completed
O000112,C01887,2025-06-01,Website,Card,Completed
O000113,C00230,2025-07-27,Marketplace,Wallet,Completed
O000114,C00629,2025-02-07,Marketplace,SBP,Completed
O000115,C01511,2025-07-29,Mobile App,Card,Completed
O000116,C01171,2025-11-13,Mobile App,Card,Returned
O000117,C01255,2025-12-03,Mobile App,Card,Completed
O000118,C01696,2025-06-10,Website,SBP,Completed
O000119,C00193,2025-02-03,Website,SBP,Completed
O000120,C01739,2025-11-12,Marketplace,SBP,Completed
O000121,C02157,2025-12-24,Website,Card,Completed
O000122,C01916,2025-02-16,Website,SBP,Completed
O000123,C00712,2025-10-03,Website,Card,Completed
O000124,C00878,2025-02-21,Marketplace,Cash on Delivery,Completed
O000125,C02404,2025-09-05,Marketplace,Card,Completed
O000126,C01975,2025-12-16,Website,Wallet,Returned
O000127,C02329,2026-01-28,Website,Card,Completed
O000128,C02284,2026-01-25,Mobile App,Card,Completed
O000129,C01086,2026-02-19,Website,Card,Completed
O000130,C00324,2025-05-12,Marketplace,Wallet,Completed
O000131,C00572,2026-04-08,Marketplace,Wallet,Completed
O000132,C00736,2025-07-10,Mobile App,SBP,Completed
O000133,C02088,2025-07-24,Website,Card,Completed
O000134,C00691,2026-03-07,Mobile App,SBP,Completed
O000135,C00904,2025-06-28,Marketplace,Card,Completed
O000136,C02129,2025-02-10,Website,SBP,Completed
O000137,C00409,2026-01-26,Marketplace,Card,Completed
O000138,C01660,2025-12-28,Website,Wallet,Completed
O000139,C01380,2025-11-14,Marketplace,SBP,Returned
O000140,C02462,2025-03-20,Mobile App,Card,Completed
O000141,C01224,2025-12-11,Website,SBP,Completed
O000142,C01304,2025-04-19,Mobile App,Card,Completed
O000143,C02126,2025-10-31,Website,Card,Completed
O000144,C02480,2025-10-05,Website,Card,Completed
O000145,C01824,2026-02-26,Marketplace,Card,Completed
O000146,C01746,2026-06-18,Website,Card,Completed
O000147,C02191,2025-04-14,Marketplace,SBP,Completed
O000148,C02450,2025-03-04,Website,SBP,Completed
O000149,C01837,2025-10-31,Mobile App,Card,Completed
O000150,C00731,2026-06-04,Marketplace,Cash on Delivery,Completed
O000151,C01606,2025-03-28,Mobile App,Wallet,Completed
O000152,C00591,2025-09-24,Marketplace,Card,Completed
O000153,C01251,2025-08-11,Marketplace,Card,Completed
O000154,C01112,2025-06-23,Mobile App,Wallet,Completed
O000155,C02469,2025-12-29,Mobile App,Card,Completed
O000156,C01386,2025-06-11,Website,Card,Completed
O000157,C02398,2025-09-27,Website,Cash on Delivery,Completed
O000158,C02021,2026-04-07,Website,SBP,Completed
O000159,C02123,2025-07-27,Mobile App,Wallet,Completed
O000160,C00424,2025-01-12,Mobile App,Wallet,Completed
O000161,C01939,2026-04-29,Mobile App,Card,Returned
O000162,C00629,2025-05-30,Marketplace,SBP,Completed
O000163,C01444,2026-02-26,Website,Wallet,Completed
O000164,C01216,2026-02-21,Marketplace,Card,Completed
O000165,C00650,2025-10-15,Website,Card,Completed
O000166,C02463,2025-02-17,Website,Card,Completed
O000167,C02189,2026-06-03,Mobile App,SBP,Completed
O000168,C01436,2026-01-07,Website,SBP,Completed
O000169,C00028,2025-08-20,Mobile App,Wallet,Cancelled
O000170,C00459,2026-04-12,Mobile App,Card,Completed
O000171,C00569,2026-03-07,Mobile App,SBP,Completed
O000172,C02430,2026-02-20,Website,Card,Completed
O000173,C01010,2025-04-02,Website,Cash on Delivery,Cancelled
O000174,C00117,2025-12-12,Website,SBP,Completed
O000175,C01466,2025-06-06,Mobile App,SBP,Cancelled
O000176,C02377,2025-02-12,Website,Card,Completed
O000177,C01403,2025-07-04,Website,Card,Completed
O000178,C01111,2025-02-26,Mobile App,Card,Completed
O000179,C00440,2025-02-27,Marketplace,Wallet,Completed
O000180,C02197,2026-02-01,Mobile App,Card,Completed
O000181,C00262,2025-10-01,Website,Wallet,Completed
O000182,C02334,2025-08-06,Mobile App,Card,Completed
O000183,C00556,2025-04-15,Website,SBP,Completed
O000184,C00346,2026-02-25,Website,Card,Completed
O000185,C00872,2025-12-13,Website,Card,Completed
O000186,C00013,2025-11-16,Marketplace,SBP,Completed
O000187,C00036,2025-04-14,Mobile App,Card,Completed
O000188,C00467,2025-03-09,Website,Card,Completed
O000189,C01732,2025-03-09,Mobile App,SBP,Completed
O000190,C02037,2025-01-14,Marketplace,Card,Completed
O000191,C00620,2026-06-14,Website,SBP,Completed
O000192,C01612,2025-07-20,Mobile App,SBP,Completed
O000193,C00879,2025-12-26,Website,Card,Completed
O000194,C01083,2026-06-21,Website,Card,Completed
O000195,C00838,2026-05-27,Marketplace,Card,Completed
O000196,C02229,2025-06-25,Website,Card,Completed
O000197,C01280,2025-09-25,Mobile App,Card,Completed
O000198,C01266,2025-09-10,Website,SBP,Completed
O000199,C02150,2025-01-19,Mobile App,Card,Completed
O000200,C01644,2026-02-24,Mobile App,Wallet,Completed
O000201,C00374,2025-11-10,Marketplace,SBP,Completed
O000202,C00472,2025-07-22,Mobile App,Card,Completed
O000203,C00852,2025-11-01,Mobile App,SBP,Completed
O000204,C00245,2026-02-06,Website,Card,Completed
O000205,C01731,2025-01-09,Website,Card,Completed
O000206,C01239,2025-12-19,Mobile App,Cash on Delivery,Completed
O000207,C00111,2026-04-16,Mobile App,Card,Completed
O000208,C01002,2026-02-01,Website,Card,Completed
O000209,C02075,2025-12-05,Marketplace,Wallet,Completed
O000210,C02268,2025-02-19,Website,Wallet,Completed
O000211,C02405,2026-02-11,Website,SBP,Completed
O000212,C02307,2026-02-14,Marketplace,SBP,Completed
O000213,C01520,2025-09-27,Mobile App,SBP,Completed
O000214,C02318,2025-11-15,Mobile App,SBP,Completed
O000215,C02392,2025-12-04,Website,Card,Returned
O000216,C01589,2025-03-08,Website,Wallet,Completed
O000217,C01033,2025-05-21,Mobile App,SBP,Completed
O000218,C02416,2026-03-09,Website,Card,Completed
O000219,C01038,2026-06-16,Mobile App,Card,Completed
O000220,C00416,2025-05-28,Website,Card,Completed
O000221,C00266,2025-08-07,Website,Card,Returned
O000222,C01419,2026-05-15,Website,Card,Completed
O000223,C00089,2025-03-30,Website,Card,Completed
O000224,C00297,2025-05-23,Website,Cash on Delivery,Completed
O000225,C00612,2025-01-31,Mobile App,Card,Completed
O000226,C01325,2025-05-09,Mobile App,Card,Completed
O000227,C01196,2025-12-14,Website,Wallet,Completed
O000228,C01278,2025-07-10,Mobile App,Card,Cancelled
O000229,C01270,2026-06-21,Website,SBP,Completed
O000230,C02486,2026-05-02,Website,SBP,Completed
O000231,C00544,2026-05-05,Marketplace,SBP,Completed
O000232,C01186,2026-02-01,Mobile App,Card,Completed
O000233,C01533,2026-01-19,Mobile App,Card,Cancelled
O000234,C00685,2025-10-06,Website,SBP,Completed
O000235,C00454,2026-06-25,Website,Card,Completed
O000236,C00117,2025-02-22,Mobile App,Card,Completed
O000237,C00816,2026-01-30,Mobile App,Card,Completed
O000238,C00636,2025-03-18,Mobile App,SBP,Completed
O000239,C00490,2025-07-05,Marketplace,Card,Completed
O000240,C00679,2025-05-20,Website,SBP,Completed
O000241,C01742,2025-11-25,Mobile App,SBP,Completed
O000242,C02069,2026-03-06,Mobile App,Card,Completed
O000243,C01292,2025-02-13,Website,Wallet,Completed
O000244,C00167,2025-11-25,Website,Wallet,Completed
O000245,C01841,2025-05-02,Mobile App,Card,Completed
O000246,C00380,2025-02-12,Website,Card,Completed
O000247,C00144,2025-08-16,Mobile App,Card,Completed
O000248,C01422,2025-11-14,Mobile App,Wallet,Completed
O000249,C01064,2025-04-21,Website,Card,Completed
O000250,C00780,2025-08-01,Mobile App,Card,Cancelled
O000251,C02418,2026-06-05,Mobile App,Wallet,Completed
O000252,C00229,2025-07-09,Mobile App,SBP,Completed
O000253,C00135,2026-06-28,Marketplace,Card,Completed
O000254,C01469,2026-04-01,Website,SBP,Completed
O000255,C01046,2025-07-22,Marketplace,Wallet,Completed
O000256,C02004,2025-11-11,Website,Card,Completed
O000257,C00101,2026-01-23,Website,SBP,Completed
O000258,C01049,2025-09-11,Mobile App,SBP,Completed
O000259,C00367,2025-08-11,Website,Card,Completed
O000260,C00103,2025-06-30,Website,Cash on Delivery,Completed
O000261,C01157,2025-03-18,Website,Card,Completed
O000262,C01838,2025-01-14,Mobile App,SBP,Completed
O000263,C00394,2025-07-03,Mobile App,Wallet,Completed
O000264,C02106,2026-03-11,Website,Card,Completed
O000265,C01297,2025-05-08,Mobile App,Card,Completed
O000266,C01202,2025-04-09,Website,Cash on Delivery,Completed
O000267,C02307,2025-06-29,Marketplace,SBP,Completed
O000268,C00823,2025-11-23,Website,Card,Completed
O000269,C00502,2025-04-28,Mobile App,Card,Completed
O000270,C01966,2025-05-01,Mobile App,Card,Completed
O000271,C00268,2025-03-03,Mobile App,Card,Completed
O000272,C02181,2025-07-01,Marketplace,Card,Completed
O000273,C02064,2025-04-29,Website,SBP,Cancelled
O000274,C02443,2026-03-30,Mobile App,Card,Completed
O000275,C01151,2026-05-10,Website,SBP,Completed
O000276,C01556,2025-07-22,Mobile App,Cash on Delivery,Completed
O000277,C02207,2025-02-16,Website,Cash on Delivery,Completed
O000278,C00330,2025-02-17,Website,Wallet,Completed
O000279,C00766,2025-06-27,Website,Card,Completed
O000280,C01180,2025-09-11,Website,SBP,Completed
O000281,C01569,2025-10-16,Marketplace,Card,Completed
O000282,C01698,2025-06-16,Mobile App,Card,Completed
O000283,C02309,2025-07-13,Website,Wallet,Completed
O000284,C01224,2025-06-04,Mobile App,SBP,Completed
O000285,C00430,2025-10-10,Mobile App,SBP,Completed
O000286,C00475,2026-01-16,Website,Card,Completed
O000287,C02002,2025-01-24,Website,Card,Completed
O000288,C01153,2025-09-19,Mobile App,Wallet,Completed
O000289,C01579,2025-12-21,Website,Card,Completed
O000290,C01408,2026-01-03,Mobile App,Card,Completed
O000291,C02033,2025-11-04,Website,SBP,Completed
O000292,C00547,2025-10-14,Website,SBP,Returned
O000293,C00427,2026-01-07,Mobile App,Card,Completed
O000294,C01834,2025-07-26,Mobile App,Card,Completed
O000295,C01086,2025-11-06,Marketplace,SBP,Completed
O000296,C02040,2025-06-24,Website,Cash on Delivery,Completed
O000297,C00323,2025-08-28,Mobile App,Card,Completed
O000298,C00680,2025-03-09,Marketplace,Wallet,Completed
O000299,C02401,2025-07-11,Mobile App,Card,Completed
O000300,C02110,2025-03-19,Marketplace,SBP,Completed
O000301,C00157,2025-05-04,Marketplace,SBP,Completed
O000302,C02043,2025-08-18,Mobile App,Wallet,Completed
O000303,C00164,2025-10-01,Marketplace,SBP,Completed
O000304,C00301,2026-05-30,Mobile App,Card,Cancelled
O000305,C02246,2025-01-15,Mobile App,Card,Completed
O000306,C00316,2026-05-06,Marketplace,Wallet,Completed
O000307,C00752,2025-06-29,Mobile App,Card,Completed
O000308,C00339,2026-01-31,Website,SBP,Completed
O000309,C01493,2026-01-06,Website,Card,Completed
O000310,C00143,2026-06-15,Website,Card,Completed
O000311,C00719,2025-03-01,Marketplace,SBP,Returned
O000312,C00816,2026-06-13,Website,Card,Completed
O000313,C01622,2025-02-04,Website,Wallet,Completed
O000314,C01242,2026-04-25,Mobile App,Card,Completed
O000315,C00482,2025-12-23,Website,Card,Completed
O000316,C01161,2025-09-21,Marketplace,Card,Completed
O000317,C01148,2025-08-06,Mobile App,Card,Cancelled
O000318,C00885,2025-02-21,Website,SBP,Completed
O000319,C01334,2026-03-14,Website,Card,Completed
O000320,C00816,2026-02-02,Mobile App,Card,Completed
O000321,C00835,2026-05-27,Mobile App,Cash on Delivery,Completed
O000322,C01959,2026-02-03,Mobile App,Card,Completed
O000323,C00630,2026-06-07,Website,Card,Completed
O000324,C00823,2026-04-30,Marketplace,Wallet,Completed
O000325,C00351,2025-08-21,Mobile App,SBP,Completed
O000326,C01746,2026-01-20,Mobile App,Card,Cancelled
O000327,C01766,2025-05-25,Website,Cash on Delivery,Completed
O000328,C01696,2026-03-11,Marketplace,Card,Completed
O000329,C00421,2025-11-29,Mobile App,Card,Cancelled
O000330,C01129,2025-08-29,Website,Card,Completed
O000331,C00731,2025-12-09,Marketplace,Cash on Delivery,Completed
O000332,C01910,2025-06-01,Marketplace,Card,Completed
O000333,C00843,2025-12-06,Mobile App,Wallet,Completed
O000334,C01040,2025-09-17,Mobile App,Card,Completed
O000335,C01136,2025-06-25,Website,Card,Completed
O000336,C01902,2026-06-17,Mobile App,Wallet,Cancelled
O000337,C01757,2025-02-04,Website,Cash on Delivery,Completed
O000338,C02050,2026-02-18,Mobile App,Card,Cancelled
O000339,C01070,2025-04-25,Website,Card,Completed
O000340,C02050,2025-05-02,Website,SBP,Completed
O000341,C02178,2025-03-26,Marketplace,SBP,Completed
O000342,C01310,2025-02-25,Website,Card,Completed
O000343,C01700,2025-03-09,Mobile App,Card,Completed
O000344,C02274,2026-03-31,Website,Cash on Delivery,Completed
O000345,C02097,2026-05-21,Website,Card,Completed
O000346,C00692,2025-11-16,Website,Card,Completed
O000347,C01791,2025-01-08,Website,Card,Completed
O000348,C01115,2026-04-18,Website,Card,Completed
O000349,C00372,2025-11-25,Website,SBP,Completed
O000350,C00930,2025-10-12,Mobile App,Card,Cancelled
O000351,C02445,2026-06-02,Mobile App,SBP,Completed
O000352,C02395,2025-08-12,Website,Card,Completed
O000353,C01967,2025-07-16,Website,Card,Completed
O000354,C02476,2026-03-02,Website,Wallet,Completed
O000355,C01432,2025-10-15,Website,Card,Completed
O000356,C01894,2026-01-27,Website,Card,Completed
O000357,C00414,2026-01-15,Mobile App,Card,Completed
O000358,C00747,2026-04-04,Mobile App,SBP,Completed
O000359,C00432,2025-06-23,Marketplace,SBP,Completed
O000360,C02344,2025-02-09,Mobile App,SBP,Completed
O000361,C01536,2025-09-18,Mobile App,SBP,Completed
O000362,C02332,2025-12-20,Website,Card,Completed
O000363,C01041,2026-03-23,Website,Cash on Delivery,Cancelled
O000364,C01009,2025-05-26,Mobile App,Card,Completed
O000365,C01690,2026-02-11,Website,Card,Completed
O000366,C01420,2026-03-31,Website,Card,Completed
O000367,C00932,2026-03-18,Marketplace,Card,Completed
O000368,C00794,2026-03-18,Website,Card,Completed
O000369,C01283,2026-06-24,Website,Card,Completed
O000370,C00189,2025-12-27,Marketplace,SBP,Completed
O000371,C00470,2025-07-22,Website,SBP,Completed
O000372,C00110,2025-08-27,Website,SBP,Completed
O000373,C00389,2026-02-12,Website,Card,Cancelled
O000374,C00497,2025-05-10,Website,Card,Completed
O000375,C00190,2025-11-26,Marketplace,Wallet,Completed
O000376,C00139,2025-11-09,Mobile App,Card,Completed
O000377,C02050,2025-12-30,Mobile App,Card,Completed
O000378,C00457,2025-08-19,Website,Card,Cancelled
O000379,C01389,2026-02-08,Website,Card,Completed
O000380,C00247,2025-02-09,Mobile App,Card,Completed
O000381,C02368,2026-02-14,Website,SBP,Completed
O000382,C00598,2026-03-20,Website,Wallet,Completed
O000383,C01874,2026-04-29,Mobile App,Cash on Delivery,Completed
O000384,C01603,2026-05-19,Marketplace,Card,Completed
O000385,C01922,2025-07-10,Marketplace,Card,Completed
O000386,C01573,2025-01-26,Mobile App,SBP,Completed
O000387,C01273,2025-12-23,Mobile App,Card,Completed
O000388,C01931,2025-02-19,Mobile App,SBP,Completed
O000389,C02039,2025-06-03,Marketplace,SBP,Completed
O000390,C00950,2026-01-19,Website,Card,Cancelled
O000391,C02356,2025-11-21,Website,Card,Completed
O000392,C02469,2025-11-28,Website,Card,Completed
O000393,C01805,2026-02-15,Marketplace,SBP,Completed
O000394,C02323,2025-03-31,Marketplace,Card,Completed
O000395,C00264,2026-03-08,Mobile App,Card,Completed
O000396,C01351,2025-11-17,Website,Card,Completed
O000397,C01628,2025-08-18,Marketplace,Wallet,Completed
O000398,C02320,2025-09-11,Website,Wallet,Completed
O000399,C00302,2025-10-05,Website,Wallet,Completed
O000400,C02016,2025-10-28,Mobile App,Wallet,Completed
O000401,C00194,2025-07-02,Mobile App,Card,Completed
O000402,C00896,2025-05-02,Marketplace,Card,Completed
O000403,C01733,2025-04-03,Website,Card,Completed
O000404,C00728,2025-07-06,Website,SBP,Completed
O000405,C02087,2025-05-23,Website,SBP,Completed
O000406,C02327,2025-10-09,Website,Card,Completed
O000407,C00398,2026-05-14,Marketplace,Cash on Delivery,Completed
O000408,C00646,2025-03-01,Website,Card,Completed
O000409,C00186,2025-06-18,Website,SBP,Completed
O000410,C01776,2025-01-27,Website,Wallet,Completed
O000411,C02217,2026-06-17,Mobile App,SBP,Completed
O000412,C01505,2026-01-18,Marketplace,SBP,Completed
O000413,C00331,2025-05-12,Website,SBP,Completed
O000414,C00435,2025-08-15,Website,Wallet,Completed
O000415,C00088,2026-01-30,Marketplace,Wallet,Completed
O000416,C01225,2026-06-07,Mobile App,Card,Completed
O000417,C01803,2025-11-10,Website,Card,Completed
O000418,C00376,2025-05-28,Website,Wallet,Completed
O000419,C02120,2026-01-16,Marketplace,SBP,Completed
O000420,C00632,2026-01-10,Mobile App,SBP,Completed
O000421,C01287,2025-12-18,Website,Card,Completed
O000422,C01670,2025-01-26,Website,Card,Completed
O000423,C01350,2026-01-21,Website,Card,Completed
O000424,C01195,2025-01-11,Website,Cash on Delivery,Completed
O000425,C00843,2026-05-10,Website,Card,Completed
O000426,C01076,2026-04-27,Website,Card,Completed
O000427,C00597,2025-11-04,Website,Card,Completed
O000428,C00737,2025-12-19,Website,Card,Returned
O000429,C01889,2025-02-07,Mobile App,Card,Completed
O000430,C02207,2026-04-23,Website,SBP,Cancelled
O000431,C02124,2025-05-28,Mobile App,Card,Completed
O000432,C00828,2025-05-24,Website,Card,Completed
O000433,C00804,2026-01-22,Marketplace,Card,Completed
O000434,C00146,2026-05-28,Marketplace,Card,Completed
O000435,C00685,2025-09-27,Marketplace,Wallet,Completed
O000436,C01464,2025-10-05,Website,Wallet,Completed
O000437,C00670,2025-10-27,Website,SBP,Completed
O000438,C01834,2025-06-08,Mobile App,Wallet,Completed
O000439,C00127,2025-11-22,Website,Card,Completed
O000440,C01030,2026-06-09,Website,Wallet,Returned
O000441,C00703,2025-07-28,Website,Card,Completed
O000442,C01236,2026-02-27,Mobile App,SBP,Completed
O000443,C00065,2026-02-27,Mobile App,SBP,Completed
O000444,C01047,2026-04-10,Website,Card,Completed
O000445,C01972,2026-01-31,Marketplace,Card,Completed
O000446,C02143,2026-05-19,Mobile App,Card,Completed
O000447,C00640,2026-01-26,Website,Card,Completed
O000448,C01072,2026-06-17,Website,Card,Completed
O000449,C01726,2026-01-26,Website,Cash on Delivery,Completed
O000450,C01160,2026-04-02,Marketplace,Card,Completed
O000451,C01358,2026-05-02,Mobile App,SBP,Completed
O000452,C00854,2026-06-21,Mobile App,SBP,Completed
O000453,C02094,2025-11-22,Mobile App,Card,Completed
O000454,C01579,2026-01-23,Website,Card,Cancelled
O000455,C02401,2026-06-13,Marketplace,Card,Cancelled
O000456,C01950,2025-07-27,Marketplace,Card,Completed
O000457,C00919,2025-03-07,Mobile App,Card,Completed
O000458,C00820,2026-04-28,Mobile App,Card,Returned
O000459,C00221,2025-12-12,Website,Card,Cancelled
O000460,C01557,2025-08-22,Website,Wallet,Completed
O000461,C01875,2026-01-27,Website,Wallet,Completed
O000462,C00886,2025-01-18,Mobile App,Card,Completed
O000463,C00054,2025-09-18,Mobile App,SBP,Completed
O000464,C02064,2025-05-25,Marketplace,Cash on Delivery,Completed
O000465,C00558,2025-06-07,Website,Card,Completed
O000466,C01456,2026-06-14,Website,Card,Completed
O000467,C00134,2025-10-28,Website,Card,Completed
O000468,C00157,2025-03-18,Marketplace,Card,Completed
O000469,C02246,2025-07-19,Mobile App,Wallet,Completed
O000470,C01682,2025-05-13,Mobile App,Wallet,Completed
O000471,C00014,2026-05-12,Mobile App,SBP,Returned
O000472,C00252,2025-06-09,Mobile App,Card,Completed
O000473,C01232,2025-07-14,Website,Wallet,Completed
O000474,C01701,2025-07-02,Website,Card,Completed
O000475,C01060,2025-04-06,Website,Card,Completed
O000476,C02182,2026-03-02,Website,Card,Completed
O000477,C01632,2025-11-11,Mobile App,Wallet,Completed
O000478,C01536,2025-08-27,Website,SBP,Completed
O000479,C00725,2025-08-05,Mobile App,SBP,Completed
O000480,C01705,2025-12-31,Mobile App,SBP,Completed
O000481,C02185,2025-02-22,Mobile App,Card,Completed
O000482,C00123,2026-05-24,Marketplace,Card,Completed
O000483,C01836,2025-11-05,Website,Wallet,Completed
O000484,C02200,2025-05-05,Mobile App,Wallet,Completed
O000485,C01081,2025-10-21,Website,Card,Completed
O000486,C01915,2026-04-11,Mobile App,Card,Completed
O000487,C00896,2025-04-05,Mobile App,Cash on Delivery,Completed
O000488,C00483,2025-10-14,Website,Card,Completed
O000489,C02040,2025-11-23,Website,Card,Completed
O000490,C00778,2026-03-19,Mobile App,Card,Completed
O000491,C01893,2025-11-06,Mobile App,Card,Completed
O000492,C00789,2026-02-07,Mobile App,SBP,Cancelled
O000493,C00998,2026-02-27,Website,SBP,Completed
O000494,C01713,2026-05-02,Mobile App,Card,Cancelled
O000495,C00854,2025-07-17,Mobile App,Card,Completed
O000496,C02020,2026-01-20,Website,SBP,Returned
O000497,C00098,2025-05-16,Mobile App,Card,Completed
O000498,C00030,2026-04-06,Mobile App,Card,Completed
O000499,C00205,2026-06-04,Mobile App,Card,Completed
O000500,C00641,2025-06-10,Website,Wallet,Cancelled
O000501,C00135,2025-11-03,Website,Cash on Delivery,Completed
O000502,C00952,2026-03-25,Marketplace,Card,Completed
O000503,C00062,2025-01-15,Marketplace,SBP,Completed
O000504,C01891,2026-01-20,Website,Wallet,Completed
O000505,C00383,2026-03-25,Marketplace,Card,Completed
O000506,C02431,2026-04-21,Website,Wallet,Completed
O000507,C02143,2025-04-18,Marketplace,Card,Completed
O000508,C01736,2026-02-18,Website,SBP,Completed
O000509,C01996,2026-03-06,Website,SBP,Completed
O000510,C01938,2025-01-02,Marketplace,Card,Completed
O000511,C02114,2026-01-21,Website,SBP,Completed
O000512,C01389,2025-12-08,Mobile App,SBP,Completed
O000513,C01560,2026-06-13,Mobile App,Card,Completed
O000514,C01173,2025-01-24,Website,SBP,Completed
O000515,C01561,2026-06-12,Marketplace,Cash on Delivery,Completed
O000516,C00954,2025-11-08,Mobile App,Wallet,Cancelled
O000517,C00310,2025-05-30,Marketplace,SBP,Completed
O000518,C02328,2025-07-31,Marketplace,Card,Completed
O000519,C01748,2026-02-23,Website,Card,Completed
O000520,C01763,2026-06-28,Website,Card,Completed
O000521,C00701,2025-06-23,Website,Wallet,Completed
O000522,C01928,2026-06-22,Mobile App,SBP,Completed
O000523,C01299,2025-12-10,Website,Wallet,Completed
O000524,C00192,2025-04-15,Website,Card,Completed
O000525,C02387,2025-11-23,Mobile App,Cash on Delivery,Completed
O000526,C02480,2026-03-14,Website,Cash on Delivery,Completed
O000527,C02177,2025-01-30,Mobile App,SBP,Completed
O000528,C01188,2025-02-13,Mobile App,Wallet,Completed
O000529,C00583,2025-01-03,Website,Card,Completed
O000530,C00028,2025-11-08,Website,Card,Completed
O000531,C01842,2025-02-01,Website,Card,Completed
O000532,C02228,2026-05-24,Mobile App,Card,Completed
O000533,C00261,2025-03-11,Website,Card,Completed
O000534,C01711,2025-02-09,Mobile App,SBP,Completed
O000535,C00067,2025-05-21,Mobile App,Card,Completed
O000536,C01942,2026-02-21,Website,Card,Cancelled
O000537,C00071,2026-05-11,Marketplace,Card,Returned
O000538,C02439,2025-05-18,Marketplace,SBP,Completed
O000539,C00426,2025-10-11,Website,Cash on Delivery,Completed
O000540,C01001,2026-02-27,Marketplace,Card,Completed
O000541,C01738,2026-03-12,Website,SBP,Completed
O000542,C02116,2025-03-25,Mobile App,Cash on Delivery,Completed
O000543,C00909,2026-04-03,Website,SBP,Completed
O000544,C02452,2026-04-19,Mobile App,SBP,Completed
O000545,C00040,2026-02-06,Mobile App,SBP,Cancelled
O000546,C01179,2025-10-15,Marketplace,Cash on Delivery,Completed
O000547,C02471,2025-08-02,Marketplace,Card,Completed
O000548,C00686,2026-05-01,Website,SBP,Returned
O000549,C01334,2026-04-17,Mobile App,Card,Completed
O000550,C01112,2025-10-10,Website,Card,Completed
O000551,C00985,2026-02-10,Website,SBP,Completed
O000552,C01920,2025-08-07,Website,Wallet,Completed
O000553,C01298,2026-02-10,Marketplace,Wallet,Completed
O000554,C01785,2025-02-18,Mobile App,Cash on Delivery,Completed
O000555,C01300,2026-05-08,Website,SBP,Completed
O000556,C02494,2025-10-09,Marketplace,SBP,Cancelled
O000557,C01176,2025-11-23,Mobile App,Cash on Delivery,Completed
O000558,C01991,2025-04-14,Website,Card,Completed
O000559,C01533,2025-10-16,Mobile App,Card,Completed
O000560,C02004,2025-01-02,Mobile App,Card,Completed
O000561,C02215,2026-05-02,Mobile App,SBP,Cancelled
O000562,C00567,2026-02-13,Mobile App,SBP,Completed
O000563,C00755,2025-09-06,Mobile App,Wallet,Completed
O000564,C00754,2026-04-02,Website,Card,Completed
O000565,C01218,2026-03-20,Mobile App,Wallet,Completed
O000566,C01230,2025-03-07,Website,SBP,Completed
O000567,C00010,2025-01-30,Website,Cash on Delivery,Completed
O000568,C02239,2025-05-19,Website,Card,Completed
O000569,C02150,2025-01-01,Mobile App,SBP,Completed
O000570,C01503,2025-11-09,Website,SBP,Cancelled
O000571,C00765,2025-10-16,Website,Card,Completed
O000572,C02067,2025-10-21,Website,Card,Completed
O000573,C00679,2025-02-10,Marketplace,Card,Cancelled
O000574,C00765,2026-05-17,Website,Card,Completed
O000575,C02494,2026-06-18,Website,Card,Completed
O000576,C02310,2025-11-19,Website,SBP,Completed
O000577,C01461,2025-01-04,Mobile App,SBP,Returned
O000578,C00424,2025-08-05,Website,SBP,Returned
O000579,C00308,2026-01-28,Website,Card,Completed
O000580,C02411,2026-02-13,Marketplace,Card,Completed
O000581,C00664,2025-05-13,Mobile App,SBP,Completed
O000582,C01704,2026-03-26,Mobile App,SBP,Completed
O000583,C00884,2026-06-13,Mobile App,SBP,Completed
O000584,C01242,2025-10-05,Marketplace,SBP,Completed
O000585,C02466,2025-07-28,Marketplace,Cash on Delivery,Completed
O000586,C01483,2025-10-15,Mobile App,Cash on Delivery,Completed
O000587,C01077,2025-01-15,Mobile App,SBP,Completed
O000588,C01040,2025-10-13,Marketplace,Card,Completed
O000589,C00576,2025-01-15,Marketplace,Card,Completed
O000590,C01392,2025-01-19,Website,SBP,Completed
O000591,C01425,2025-10-30,Marketplace,Card,Completed
O000592,C00238,2025-10-06,Mobile App,Card,Returned
O000593,C01012,2026-06-23,Mobile App,Card,Completed
O000594,C01612,2025-10-05,Website,Cash on Delivery,Completed
O000595,C00138,2026-06-19,Website,Card,Completed
O000596,C02441,2026-03-17,Mobile App,SBP,Completed
O000597,C02153,2025-07-04,Mobile App,Wallet,Completed
O000598,C01593,2026-05-21,Website,SBP,Completed
O000599,C00040,2025-09-21,Mobile App,Card,Completed
O000600,C01295,2025-11-21,Website,Wallet,Completed
O000601,C02247,2025-02-24,Mobile App,SBP,Completed
O000602,C00057,2025-04-27,Mobile App,Card,Completed
O000603,C01980,2025-10-13,Mobile App,SBP,Completed
O000604,C02099,2025-05-29,Website,Card,Completed
O000605,C00190,2025-11-24,Website,SBP,Completed
O000606,C00576,2025-02-13,Website,Wallet,Cancelled
O000607,C01810,2025-05-18,Mobile App,SBP,Returned
O000608,C02280,2025-12-30,Marketplace,Cash on Delivery,Completed
O000609,C01928,2025-12-01,Mobile App,Card,Completed
O000610,C01315,2026-06-22,Mobile App,Wallet,Completed
O000611,C01506,2026-05-07,Website,SBP,Completed
O000612,C01312,2026-03-19,Website,Card,Cancelled
O000613,C01445,2025-01-01,Marketplace,Wallet,Completed
O000614,C01927,2025-11-25,Mobile App,Wallet,Completed
O000615,C00125,2025-05-05,Website,Card,Completed
O000616,C00524,2025-05-26,Mobile App,Wallet,Completed
O000617,C00149,2025-04-25,Mobile App,Card,Completed
O000618,C01991,2025-09-06,Website,Card,Completed
O000619,C01819,2025-03-09,Website,Card,Completed
O000620,C00133,2025-10-18,Mobile App,Card,Completed
O000621,C00264,2025-04-01,Website,Card,Completed
O000622,C00663,2025-10-01,Website,Card,Completed
O000623,C00605,2025-12-08,Mobile App,Cash on Delivery,Completed
O000624,C01299,2025-04-09,Marketplace,Card,Completed
O000625,C01248,2025-02-26,Website,Wallet,Completed
O000626,C00895,2026-03-17,Website,Card,Completed
O000627,C00411,2026-02-08,Mobile App,Card,Completed
O000628,C01624,2025-05-23,Website,SBP,Completed
O000629,C01975,2026-04-30,Marketplace,Card,Completed
O000630,C01601,2025-05-01,Mobile App,Card,Returned
O000631,C02019,2026-05-21,Website,Cash on Delivery,Completed
O000632,C02285,2025-03-03,Mobile App,Card,Completed
O000633,C02106,2025-12-27,Website,Card,Returned
O000634,C01629,2025-01-11,Mobile App,SBP,Completed
O000635,C00124,2025-04-18,Marketplace,Card,Completed
O000636,C00837,2025-08-09,Website,SBP,Completed
O000637,C01070,2025-02-16,Website,Card,Completed
O000638,C01782,2025-09-07,Marketplace,Card,Completed
O000639,C02118,2025-05-07,Mobile App,Card,Completed
O000640,C01601,2025-02-24,Website,Card,Completed
O000641,C00909,2026-06-10,Website,SBP,Cancelled
O000642,C01970,2026-06-21,Website,Cash on Delivery,Completed
O000643,C01740,2026-06-10,Mobile App,SBP,Completed
O000644,C01996,2025-03-26,Website,Card,Completed
O000645,C01474,2025-07-28,Website,Cash on Delivery,Completed
O000646,C01617,2025-06-28,Website,Wallet,Completed
O000647,C00869,2025-06-27,Mobile App,Card,Completed
O000648,C01000,2025-08-16,Marketplace,Card,Completed
O000649,C00692,2025-10-06,Mobile App,Card,Returned
O000650,C00643,2025-09-22,Mobile App,Card,Completed
O000651,C01632,2025-06-09,Mobile App,Card,Completed
O000652,C00960,2026-06-19,Website,Card,Completed
O000653,C00335,2026-06-19,Website,Cash on Delivery,Completed
O000654,C00088,2025-06-30,Website,Card,Completed
O000655,C02151,2025-05-01,Website,Card,Completed
O000656,C01089,2025-10-18,Marketplace,Cash on Delivery,Completed
O000657,C01442,2025-07-21,Website,Card,Cancelled
O000658,C02263,2026-06-23,Marketplace,Card,Completed
O000659,C00279,2025-08-23,Website,Card,Completed
O000660,C02344,2025-01-22,Website,SBP,Completed
O000661,C01759,2025-03-10,Website,Card,Cancelled
O000662,C01601,2025-02-10,Website,SBP,Completed
O000663,C01078,2025-07-29,Website,Wallet,Completed
O000664,C01766,2025-06-22,Mobile App,SBP,Completed
O000665,C00511,2026-04-13,Mobile App,Wallet,Completed
O000666,C00756,2026-05-02,Mobile App,SBP,Completed
O000667,C02403,2025-03-18,Marketplace,SBP,Completed
O000668,C00690,2026-05-31,Mobile App,Card,Completed
O000669,C01800,2025-11-15,Marketplace,Card,Completed
O000670,C02326,2025-06-17,Website,Card,Completed
O000671,C01483,2025-08-11,Website,SBP,Returned
O000672,C00745,2025-08-29,Website,Card,Completed
O000673,C02123,2025-04-04,Mobile App,SBP,Completed
O000674,C02066,2026-04-19,Mobile App,Card,Completed
O000675,C01360,2025-01-07,Mobile App,SBP,Completed
O000676,C00288,2025-02-08,Marketplace,Card,Completed
O000677,C01104,2025-05-30,Website,Wallet,Completed
O000678,C01080,2025-03-20,Mobile App,Card,Completed
O000679,C00474,2025-02-03,Mobile App,SBP,Cancelled
O000680,C01006,2025-07-29,Mobile App,SBP,Completed
O000681,C00384,2025-07-25,Website,Card,Completed
O000682,C01732,2025-03-10,Website,Wallet,Completed
O000683,C01080,2026-03-19,Website,Cash on Delivery,Completed
O000684,C01827,2026-04-27,Mobile App,SBP,Completed
O000685,C01140,2026-01-28,Mobile App,Cash on Delivery,Completed
O000686,C01785,2025-10-13,Website,Card,Completed
O000687,C01834,2026-06-02,Mobile App,Wallet,Completed
O000688,C00401,2025-07-11,Mobile App,Wallet,Completed
O000689,C01106,2025-08-22,Marketplace,SBP,Completed
O000690,C01875,2025-01-09,Mobile App,Wallet,Returned
O000691,C01483,2026-01-22,Mobile App,SBP,Completed
O000692,C00555,2025-02-20,Mobile App,Card,Completed
O000693,C02082,2025-12-30,Mobile App,SBP,Completed
O000694,C00500,2026-03-04,Website,Card,Completed
O000695,C02484,2025-04-29,Website,SBP,Completed
O000696,C01768,2025-12-01,Marketplace,Card,Completed
O000697,C00807,2025-06-15,Mobile App,SBP,Completed
O000698,C00487,2025-08-06,Mobile App,Card,Completed
O000699,C02255,2025-10-17,Mobile App,Card,Completed
O000700,C01309,2025-05-17,Mobile App,Card,Completed
O000701,C02016,2026-03-11,Website,Card,Completed
O000702,C02080,2025-08-04,Website,SBP,Completed
O000703,C00171,2025-09-10,Website,Card,Completed
O000704,C01710,2026-03-21,Website,Card,Completed
O000705,C00836,2025-05-05,Website,Card,Completed
O000706,C02270,2025-09-04,Mobile App,Card,Completed
O000707,C00548,2026-06-27,Website,Card,Completed
O000708,C00084,2025-08-07,Mobile App,Card,Completed
O000709,C01661,2025-03-05,Marketplace,SBP,Cancelled
O000710,C01381,2025-06-05,Website,SBP,Completed
O000711,C01389,2026-06-06,Mobile App,Cash on Delivery,Completed
O000712,C00659,2026-02-19,Mobile App,Card,Completed
O000713,C01238,2026-03-18,Marketplace,Card,Completed
O000714,C02411,2025-05-19,Mobile App,Card,Completed
O000715,C01909,2026-04-04,Website,SBP,Completed
O000716,C02463,2025-08-03,Website,Card,Completed
O000717,C00834,2026-03-11,Marketplace,Card,Cancelled
O000718,C02176,2026-04-26,Website,SBP,Completed
O000719,C00957,2025-04-24,Mobile App,Card,Completed
O000720,C02340,2026-05-28,Website,SBP,Completed
O000721,C02165,2025-12-12,Mobile App,SBP,Completed
O000722,C00412,2026-02-04,Website,Wallet,Completed
O000723,C02431,2026-02-18,Website,Card,Completed
O000724,C01519,2025-04-02,Website,Card,Completed
O000725,C01941,2026-02-12,Website,SBP,Completed
O000726,C01448,2025-04-27,Mobile App,Card,Completed
O000727,C00543,2025-05-29,Mobile App,Card,Completed
O000728,C02462,2025-03-05,Website,Card,Completed
O000729,C00282,2025-04-09,Mobile App,Card,Completed
O000730,C02023,2026-06-19,Website,Card,Completed
O000731,C00524,2025-06-29,Mobile App,SBP,Completed
O000732,C01965,2025-07-31,Mobile App,Wallet,Completed
O000733,C01057,2025-09-19,Marketplace,Card,Completed
O000734,C00592,2026-01-25,Marketplace,SBP,Completed
O000735,C00592,2025-11-10,Website,Cash on Delivery,Completed
O000736,C00799,2025-10-20,Website,Card,Completed
O000737,C02253,2026-04-02,Marketplace,SBP,Cancelled
O000738,C01924,2025-09-28,Website,Card,Cancelled
O000739,C01677,2026-02-24,Website,Cash on Delivery,Completed
O000740,C01575,2026-05-13,Website,Card,Completed
O000741,C01042,2026-01-05,Mobile App,Card,Completed
O000742,C02254,2025-01-20,Mobile App,Cash on Delivery,Completed
O000743,C00685,2025-05-24,Marketplace,SBP,Cancelled
O000744,C02358,2025-12-04,Website,Card,Returned
O000745,C00952,2025-09-19,Website,Wallet,Completed
O000746,C00854,2025-06-05,Website,Wallet,Completed
O000747,C01191,2025-07-03,Mobile App,Card,Completed
O000748,C01872,2025-02-12,Website,Card,Completed
O000749,C01785,2025-05-09,Marketplace,Card,Completed
O000750,C01917,2026-03-04,Mobile App,Cash on Delivery,Completed
O000751,C00224,2025-01-06,Mobile App,Card,Completed
O000752,C00403,2026-04-02,Mobile App,Card,Completed
O000753,C02123,2025-07-05,Mobile App,Card,Completed
O000754,C02453,2026-03-18,Mobile App,Card,Completed
O000755,C00319,2025-05-20,Website,SBP,Completed
O000756,C02261,2026-03-29,Mobile App,Card,Completed
O000757,C00657,2025-11-09,Mobile App,Card,Completed
O000758,C02449,2026-04-10,Mobile App,Card,Completed
O000759,C02484,2025-02-04,Website,Card,Returned
O000760,C01593,2026-03-12,Marketplace,Card,Completed
O000761,C00476,2025-05-28,Marketplace,Card,Completed
O000762,C01971,2025-07-15,Mobile App,SBP,Completed
O000763,C00253,2025-01-25,Marketplace,Card,Completed
O000764,C00836,2026-06-05,Mobile App,Card,Completed
O000765,C01597,2025-12-17,Website,SBP,Completed
O000766,C00169,2026-06-20,Mobile App,SBP,Completed
O000767,C00983,2025-11-07,Website,SBP,Completed
O000768,C01994,2025-03-28,Mobile App,Cash on Delivery,Completed
O000769,C00230,2025-07-04,Mobile App,Card,Completed
O000770,C00917,2025-08-29,Website,Card,Completed
O000771,C00010,2025-03-22,Website,Card,Completed
O000772,C01646,2026-05-24,Mobile App,Card,Completed
O000773,C00198,2026-06-08,Mobile App,Cash on Delivery,Completed
O000774,C00703,2025-11-04,Marketplace,SBP,Completed
O000775,C01307,2025-11-16,Website,Wallet,Completed
O000776,C00537,2026-01-20,Mobile App,Cash on Delivery,Completed
O000777,C00578,2026-01-06,Website,Wallet,Cancelled
O000778,C02088,2025-02-04,Website,Card,Completed
O000779,C01944,2025-10-18,Mobile App,Wallet,Completed
O000780,C00203,2026-03-01,Website,Card,Completed
O000781,C02144,2026-03-17,Mobile App,Card,Completed
O000782,C01171,2025-11-22,Website,SBP,Completed
O000783,C00363,2026-05-05,Website,Wallet,Completed
O000784,C02267,2025-11-17,Mobile App,SBP,Completed
O000785,C00843,2025-07-28,Website,Card,Completed
O000786,C00815,2025-08-30,Website,Wallet,Returned
O000787,C00367,2026-01-12,Website,Card,Completed
O000788,C02216,2026-04-30,Website,SBP,Completed
O000789,C00717,2025-05-06,Mobile App,Card,Cancelled
O000790,C01481,2025-06-10,Website,Card,Completed
O000791,C00599,2025-12-22,Mobile App,Card,Completed
O000792,C02239,2026-02-21,Mobile App,Wallet,Returned
O000793,C01968,2025-08-06,Mobile App,Cash on Delivery,Completed
O000794,C01258,2025-12-18,Mobile App,Card,Completed
O000795,C00864,2025-01-04,Mobile App,Card,Completed
O000796,C01638,2025-06-09,Marketplace,Card,Completed
O000797,C01239,2026-06-06,Website,SBP,Cancelled
O000798,C02353,2025-11-11,Mobile App,SBP,Completed
O000799,C01685,2026-04-20,Website,SBP,Completed
O000800,C00068,2025-04-29,Mobile App,Card,Completed
O000801,C02056,2025-06-08,Mobile App,Card,Completed
O000802,C00483,2026-06-17,Website,Wallet,Completed
O000803,C00754,2026-06-29,Website,SBP,Cancelled
O000804,C01091,2026-04-24,Website,Card,Completed
O000805,C00524,2025-06-23,Website,Card,Completed
O000806,C02356,2026-03-14,Mobile App,Card,Completed
O000807,C02447,2025-09-08,Website,Card,Completed
O000808,C00390,2026-04-06,Mobile App,Card,Completed
O000809,C00801,2026-04-10,Marketplace,SBP,Cancelled
O000810,C00927,2025-08-26,Website,Card,Returned
O000811,C01678,2025-06-16,Website,Card,Completed
O000812,C01495,2026-06-17,Website,SBP,Completed
O000813,C01695,2025-09-03,Marketplace,Card,Cancelled
O000814,C00078,2025-08-24,Website,Card,Completed
O000815,C01286,2025-12-30,Website,Wallet,Completed
O000816,C00528,2026-05-27,Marketplace,Card,Completed
O000817,C00572,2025-03-13,Mobile App,Wallet,Completed
O000818,C01937,2026-06-22,Website,Card,Cancelled
O000819,C00354,2025-08-19,Marketplace,Card,Completed
O000820,C00079,2025-01-14,Marketplace,Card,Completed
O000821,C01218,2025-06-18,Mobile App,SBP,Completed
O000822,C01840,2025-09-10,Website,Card,Completed
O000823,C01278,2026-01-05,Mobile App,SBP,Cancelled
O000824,C00404,2025-11-06,Website,Card,Completed
O000825,C01934,2025-03-16,Mobile App,SBP,Completed
O000826,C00955,2025-09-24,Website,Card,Cancelled
O000827,C01775,2025-05-08,Mobile App,Card,Completed
O000828,C00506,2025-05-28,Mobile App,SBP,Completed
O000829,C02281,2026-01-24,Marketplace,Card,Completed
O000830,C00709,2026-03-15,Mobile App,Card,Completed
O000831,C02428,2025-03-27,Website,SBP,Completed
O000832,C00944,2025-11-25,Website,SBP,Cancelled
O000833,C01820,2025-08-19,Mobile App,SBP,Completed
O000834,C01256,2025-07-03,Website,Card,Completed
O000835,C00192,2026-01-25,Website,Card,Returned
O000836,C00246,2025-05-16,Mobile App,Card,Completed
O000837,C01013,2026-02-22,Website,Card,Completed
O000838,C00483,2025-08-07,Website,Card,Completed
O000839,C01523,2025-02-21,Mobile App,Card,Completed
O000840,C00345,2026-03-09,Marketplace,Card,Completed
O000841,C01476,2026-04-11,Mobile App,Card,Completed
O000842,C00513,2025-11-04,Website,Card,Cancelled
O000843,C00454,2026-01-31,Mobile App,Card,Completed
O000844,C00918,2025-03-22,Marketplace,Card,Completed
O000845,C01458,2025-07-05,Website,Card,Completed
O000846,C00999,2025-07-11,Mobile App,SBP,Completed
O000847,C00875,2026-02-22,Mobile App,Card,Completed
O000848,C00851,2025-07-12,Mobile App,Card,Completed
O000849,C00848,2026-02-02,Website,Wallet,Completed
O000850,C01010,2025-06-17,Marketplace,Card,Completed
O000851,C02086,2025-11-25,Website,Card,Completed
O000852,C01445,2025-04-25,Website,SBP,Completed
O000853,C01055,2025-11-01,Website,SBP,Completed
O000854,C01874,2025-02-14,Website,Cash on Delivery,Completed
O000855,C01319,2026-02-06,Website,Wallet,Completed
O000856,C02373,2025-01-16,Mobile App,SBP,Completed
O000857,C01408,2026-06-30,Marketplace,Card,Cancelled
O000858,C00541,2026-04-04,Website,Card,Completed
O000859,C01408,2025-11-12,Mobile App,Card,Completed
O000860,C01934,2026-05-12,Marketplace,SBP,Completed
O000861,C00533,2026-03-18,Website,Wallet,Completed
O000862,C00506,2025-03-19,Mobile App,Card,Completed
O000863,C01499,2026-02-11,Marketplace,Wallet,Completed
O000864,C02212,2025-07-26,Mobile App,SBP,Completed
O000865,C00837,2026-04-13,Mobile App,Card,Completed
O000866,C01268,2026-04-17,Marketplace,Wallet,Completed
O000867,C01638,2026-06-06,Mobile App,SBP,Cancelled
O000868,C01659,2025-09-04,Website,Card,Completed
O000869,C00365,2025-04-16,Website,Card,Completed
O000870,C00989,2025-03-10,Mobile App,Card,Completed
O000871,C02486,2025-04-01,Website,Card,Completed
O000872,C02222,2026-06-26,Website,SBP,Completed
O000873,C01931,2025-11-17,Website,Wallet,Completed
O000874,C00061,2025-07-12,Mobile App,SBP,Completed
O000875,C01044,2025-09-03,Mobile App,Wallet,Completed
O000876,C00128,2025-04-05,Website,Wallet,Completed
O000877,C00754,2025-11-08,Website,Card,Returned
O000878,C02163,2025-08-21,Website,SBP,Completed
O000879,C00970,2026-03-12,Website,SBP,Completed
O000880,C00422,2025-01-12,Mobile App,Card,Completed
O000881,C01804,2026-05-24,Website,Card,Completed
O000882,C01898,2025-02-03,Marketplace,SBP,Completed
O000883,C01639,2025-08-16,Website,Cash on Delivery,Completed
O000884,C02023,2025-07-05,Website,Cash on Delivery,Completed
O000885,C01756,2026-01-27,Marketplace,Card,Completed
O000886,C01587,2025-12-26,Website,SBP,Completed
O000887,C02223,2025-04-18,Website,Card,Completed
O000888,C00811,2025-09-25,Website,Wallet,Completed
O000889,C01141,2025-10-19,Mobile App,SBP,Completed
O000890,C01408,2025-09-11,Website,Cash on Delivery,Completed
O000891,C01674,2025-01-12,Mobile App,Cash on Delivery,Returned
O000892,C01192,2025-04-08,Mobile App,Card,Completed
O000893,C01104,2025-10-03,Marketplace,Cash on Delivery,Completed
O000894,C00414,2025-05-23,Mobile App,SBP,Completed
O000895,C01596,2025-10-25,Mobile App,Card,Completed
O000896,C00310,2025-03-31,Mobile App,Card,Completed
O000897,C01188,2026-02-06,Mobile App,SBP,Completed
O000898,C01023,2025-04-13,Mobile App,Card,Completed
O000899,C01942,2025-12-21,Mobile App,Card,Completed
O000900,C01192,2026-04-02,Website,SBP,Completed
O000901,C00014,2025-07-15,Mobile App,Card,Completed
O000902,C01266,2025-03-18,Website,Card,Completed
O000903,C00540,2025-01-04,Mobile App,Wallet,Completed
O000904,C00951,2025-07-16,Website,Card,Completed
O000905,C00742,2025-03-05,Website,SBP,Completed
O000906,C00417,2026-04-27,Website,Card,Completed
O000907,C02364,2026-06-16,Website,Wallet,Completed
O000908,C00634,2026-06-20,Website,Card,Cancelled
O000909,C01268,2026-05-19,Website,Wallet,Completed
O000910,C02071,2025-11-17,Mobile App,SBP,Completed
O000911,C00911,2025-06-27,Website,Wallet,Completed
O000912,C02344,2025-09-01,Marketplace,Card,Completed
O000913,C01011,2025-05-22,Mobile App,Card,Completed
O000914,C02367,2026-04-04,Website,Card,Returned
O000915,C01130,2025-08-27,Website,SBP,Completed
O000916,C00037,2025-07-30,Website,SBP,Completed
O000917,C02170,2026-01-12,Website,SBP,Completed
O000918,C02161,2025-07-24,Mobile App,Card,Completed
O000919,C02406,2025-07-14,Mobile App,SBP,Completed
O000920,C00310,2025-05-05,Mobile App,Card,Returned
O000921,C02111,2025-02-06,Website,SBP,Completed
O000922,C00854,2025-01-21,Mobile App,SBP,Completed
O000923,C02105,2025-08-08,Website,Card,Completed
O000924,C02409,2026-06-28,Mobile App,Card,Cancelled
O000925,C00498,2025-05-23,Marketplace,Card,Completed
O000926,C00929,2025-12-17,Website,SBP,Cancelled
O000927,C00672,2025-06-27,Mobile App,Wallet,Completed
O000928,C00762,2025-06-15,Mobile App,Card,Completed
O000929,C01491,2025-03-30,Mobile App,Card,Completed
O000930,C01032,2025-11-04,Website,SBP,Completed
O000931,C01641,2025-12-26,Mobile App,SBP,Completed
O000932,C01686,2025-07-11,Website,Card,Completed
O000933,C00507,2025-10-15,Website,Card,Cancelled
O000934,C00110,2025-09-17,Mobile App,Card,Completed
O000935,C01866,2025-05-28,Website,SBP,Completed
O000936,C00454,2026-01-13,Website,Card,Completed
O000937,C00500,2025-10-30,Marketplace,SBP,Completed
O000938,C01504,2025-02-05,Website,SBP,Completed
O000939,C00658,2025-09-27,Mobile App,Wallet,Completed
O000940,C00475,2025-08-01,Mobile App,Cash on Delivery,Completed
O000941,C00767,2026-03-11,Website,Card,Completed
O000942,C01307,2025-06-17,Mobile App,SBP,Completed
O000943,C02115,2026-06-06,Mobile App,SBP,Completed
O000944,C02472,2025-12-02,Mobile App,Wallet,Completed
O000945,C01831,2025-03-13,Mobile App,Card,Completed
O000946,C02248,2025-08-09,Marketplace,Card,Completed
O000947,C01327,2026-04-28,Marketplace,Cash on Delivery,Completed
O000948,C01021,2025-05-20,Website,Card,Completed
O000949,C02050,2026-01-20,Website,Cash on Delivery,Completed
O000950,C00756,2026-03-04,Mobile App,Card,Completed
O000951,C02033,2026-01-14,Marketplace,Card,Completed
O000952,C02496,2025-02-19,Mobile App,Cash on Delivery,Returned
O000953,C00975,2025-07-24,Website,SBP,Completed
O000954,C01584,2025-07-10,Marketplace,SBP,Completed
O000955,C01954,2025-07-07,Website,Card,Completed
O000956,C01959,2026-04-25,Website,Card,Completed
O000957,C00516,2025-01-04,Mobile App,Card,Completed
O000958,C02407,2025-10-22,Website,SBP,Completed
O000959,C01259,2026-06-21,Mobile App,Card,Completed
O000960,C00105,2026-04-24,Website,Card,Completed
O000961,C00296,2025-11-28,Mobile App,Card,Completed
O000962,C01819,2026-06-29,Marketplace,Cash on Delivery,Completed
O000963,C01067,2025-08-08,Website,Wallet,Completed
O000964,C00270,2025-11-30,Mobile App,Card,Completed
O000965,C01301,2025-10-24,Mobile App,Cash on Delivery,Completed
O000966,C01499,2025-01-26,Website,Card,Completed
O000967,C00200,2025-01-23,Mobile App,Card,Completed
O000968,C00876,2026-05-05,Mobile App,Card,Completed
O000969,C01157,2025-04-05,Website,Wallet,Completed
O000970,C01951,2025-07-13,Marketplace,Card,Completed
O000971,C01630,2025-12-07,Website,Card,Completed
O000972,C00218,2025-11-11,Website,Cash on Delivery,Completed
O000973,C01536,2025-10-08,Website,SBP,Completed
O000974,C02257,2026-06-19,Mobile App,SBP,Completed
O000975,C00136,2026-03-06,Marketplace,SBP,Completed
O000976,C02467,2026-05-30,Website,SBP,Returned
O000977,C00239,2025-12-26,Website,Card,Returned
O000978,C01557,2026-06-19,Website,SBP,Completed
O000979,C00879,2025-11-25,Mobile App,Card,Completed
O000980,C01827,2025-10-23,Website,Card,Completed
O000981,C02107,2026-03-22,Website,Cash on Delivery,Completed
O000982,C02130,2026-04-20,Website,Card,Completed
O000983,C02175,2025-02-07,Mobile App,Card,Completed
O000984,C02041,2026-05-13,Mobile App,Card,Completed
O000985,C00775,2026-01-13,Mobile App,Wallet,Completed
O000986,C01164,2026-05-06,Website,Cash on Delivery,Completed
O000987,C01798,2026-01-26,Mobile App,Card,Cancelled
O000988,C00421,2026-05-22,Mobile App,Card,Completed
O000989,C01444,2025-05-31,Mobile App,SBP,Completed
O000990,C01326,2025-04-13,Website,SBP,Completed
O000991,C02459,2025-04-17,Website,Card,Completed
O000992,C00125,2025-05-18,Mobile App,Card,Cancelled
O000993,C00237,2025-04-27,Website,SBP,Completed
O000994,C00076,2025-08-30,Mobile App,Card,Completed
O000995,C01370,2025-04-19,Website,SBP,Completed
O000996,C01377,2025-03-28,Website,Card,Completed
O000997,C01482,2025-10-13,Mobile App,Wallet,Completed
O000998,C00606,2026-03-10,Website,SBP,Completed
O000999,C00770,2025-03-16,Website,SBP,Completed
O001000,C01043,2025-10-07,Mobile App,SBP,Completed
O001001,C00118,2025-12-26,Website,Card,Completed
O001002,C01882,2026-01-21,Marketplace,Card,Completed
O001003,C00131,2025-02-27,Website,SBP,Completed
O001004,C01668,2026-02-05,Marketplace,SBP,Completed
O001005,C01135,2025-01-15,Mobile App,Wallet,Completed
O001006,C02498,2025-05-10,Website,Card,Completed
O001007,C01732,2025-06-24,Mobile App,Wallet,Completed
O001008,C01189,2026-04-11,Mobile App,Card,Completed
O001009,C01751,2025-04-15,Mobile App,Card,Completed
O001010,C00294,2026-03-04,Website,Card,Completed
O001011,C00453,2026-06-24,Marketplace,Wallet,Completed
O001012,C01248,2026-06-09,Mobile App,SBP,Completed
O001013,C02145,2025-06-15,Marketplace,Card,Completed
O001014,C02051,2025-02-22,Mobile App,SBP,Completed
O001015,C00943,2025-05-02,Mobile App,Card,Completed
O001016,C00710,2026-02-24,Mobile App,Card,Cancelled
O001017,C02411,2025-04-18,Mobile App,Card,Completed
O001018,C01414,2025-12-19,Marketplace,Card,Completed
O001019,C00296,2025-07-24,Mobile App,Card,Completed
O001020,C00563,2026-02-23,Website,Card,Completed
O001021,C02092,2025-11-27,Mobile App,SBP,Completed
O001022,C02246,2025-11-16,Website,Wallet,Completed
O001023,C02271,2026-03-03,Marketplace,Cash on Delivery,Completed
O001024,C00018,2026-06-06,Mobile App,Card,Completed
O001025,C02057,2025-07-19,Mobile App,Card,Completed
O001026,C00280,2025-10-16,Website,Card,Cancelled
O001027,C02023,2025-12-08,Mobile App,Card,Completed
O001028,C02204,2026-03-26,Website,SBP,Completed
O001029,C00904,2025-09-21,Mobile App,Card,Completed
O001030,C00485,2025-07-24,Mobile App,SBP,Cancelled
O001031,C01784,2026-04-08,Mobile App,Wallet,Completed
O001032,C00172,2026-06-05,Website,Card,Completed
O001033,C01449,2025-11-07,Mobile App,Cash on Delivery,Completed
O001034,C00829,2025-02-26,Mobile App,Card,Completed
O001035,C01062,2025-06-08,Marketplace,Cash on Delivery,Completed
O001036,C02065,2025-09-10,Marketplace,SBP,Completed
O001037,C02483,2026-01-20,Mobile App,Card,Completed
O001038,C01006,2026-01-01,Website,Card,Completed
O001039,C00727,2026-03-24,Website,Card,Completed
O001040,C02087,2025-01-17,Marketplace,Wallet,Completed
O001041,C01033,2025-09-12,Marketplace,Card,Completed
O001042,C00500,2026-01-18,Website,Wallet,Completed
O001043,C02258,2026-06-24,Mobile App,Card,Returned
O001044,C02480,2025-03-19,Website,Cash on Delivery,Completed
O001045,C00723,2026-04-25,Website,Card,Completed
O001046,C00395,2025-01-05,Marketplace,SBP,Completed
O001047,C00382,2025-04-18,Marketplace,Wallet,Completed
O001048,C01497,2026-04-08,Marketplace,Card,Completed
O001049,C00775,2026-03-06,Website,Card,Completed
O001050,C01558,2026-06-16,Mobile App,SBP,Cancelled
O001051,C01899,2025-11-25,Marketplace,SBP,Returned
O001052,C00015,2025-12-03,Mobile App,Wallet,Completed
O001053,C02150,2025-10-20,Website,Card,Completed
O001054,C00073,2025-10-07,Mobile App,Wallet,Completed
O001055,C00287,2025-10-08,Website,Wallet,Completed
O001056,C01813,2025-06-09,Mobile App,SBP,Completed
O001057,C01555,2026-04-11,Marketplace,Card,Cancelled
O001058,C02447,2025-07-14,Website,Card,Completed
O001059,C01419,2025-11-30,Website,Cash on Delivery,Completed
O001060,C01043,2026-01-01,Mobile App,SBP,Completed
O001061,C01672,2025-10-21,Mobile App,SBP,Completed
O001062,C01906,2025-11-30,Website,Wallet,Completed
O001063,C01678,2025-01-27,Website,Card,Completed
O001064,C00927,2025-06-22,Mobile App,SBP,Completed
O001065,C02399,2025-09-02,Website,SBP,Completed
O001066,C00755,2025-08-04,Mobile App,Wallet,Completed
O001067,C00867,2026-05-11,Mobile App,SBP,Completed
O001068,C00695,2026-05-05,Website,Card,Cancelled
O001069,C00750,2026-01-24,Mobile App,Card,Completed
O001070,C00533,2025-07-12,Mobile App,Wallet,Completed
O001071,C01454,2025-01-28,Mobile App,SBP,Completed
O001072,C01822,2026-02-17,Mobile App,Card,Completed
O001073,C01074,2026-04-28,Website,Cash on Delivery,Completed
O001074,C02308,2025-09-25,Website,Card,Completed
O001075,C01185,2026-03-28,Mobile App,Card,Completed
O001076,C01168,2026-05-24,Website,Cash on Delivery,Completed
O001077,C00174,2025-10-26,Website,SBP,Completed
O001078,C02259,2025-04-25,Website,Wallet,Completed
O001079,C00371,2025-01-13,Mobile App,Wallet,Completed
O001080,C00412,2026-02-18,Website,SBP,Completed
O001081,C02339,2025-11-04,Marketplace,Card,Cancelled
O001082,C01299,2025-03-25,Mobile App,Wallet,Completed
O001083,C00171,2025-01-30,Website,Card,Completed
O001084,C01105,2026-06-14,Mobile App,SBP,Completed
O001085,C01476,2025-06-24,Website,SBP,Completed
O001086,C00026,2025-06-28,Marketplace,Card,Completed
O001087,C01887,2025-12-10,Marketplace,Card,Completed
O001088,C01672,2025-07-18,Mobile App,SBP,Completed
O001089,C00030,2026-05-14,Mobile App,Wallet,Completed
O001090,C01547,2026-01-07,Marketplace,Card,Completed
O001091,C00557,2025-07-15,Mobile App,Card,Completed
O001092,C01837,2025-05-26,Marketplace,Card,Completed
O001093,C00943,2026-04-15,Website,SBP,Completed
O001094,C00506,2025-11-20,Marketplace,Card,Completed
O001095,C01268,2026-05-17,Mobile App,SBP,Completed
O001096,C01108,2025-07-08,Website,SBP,Completed
O001097,C00854,2025-01-12,Marketplace,Card,Completed
O001098,C02197,2026-05-06,Mobile App,SBP,Completed
O001099,C01623,2025-05-11,Marketplace,Wallet,Completed
O001100,C01219,2026-04-07,Website,Card,Completed
O001101,C00566,2026-01-23,Mobile App,Card,Completed
O001102,C01422,2025-05-07,Mobile App,Card,Completed
O001103,C00064,2026-02-18,Website,SBP,Completed
O001104,C02212,2025-02-14,Mobile App,Wallet,Completed
O001105,C00004,2025-08-03,Mobile App,SBP,Completed
O001106,C01748,2025-07-14,Website,Cash on Delivery,Completed
O001107,C00864,2025-12-25,Mobile App,SBP,Completed
O001108,C01798,2025-10-19,Website,Card,Completed
O001109,C00905,2025-12-01,Mobile App,Card,Completed
O001110,C00066,2025-09-18,Marketplace,SBP,Completed
O001111,C02372,2026-02-08,Mobile App,SBP,Completed
O001112,C01915,2025-03-29,Mobile App,SBP,Completed
O001113,C00112,2026-01-28,Website,SBP,Completed
O001114,C00083,2025-01-28,Website,Card,Completed
O001115,C01326,2025-02-16,Marketplace,Card,Returned
O001116,C02392,2026-01-31,Website,SBP,Completed
O001117,C01445,2025-03-28,Website,SBP,Completed
O001118,C00027,2026-02-25,Website,Wallet,Completed
O001119,C01749,2025-03-14,Mobile App,Card,Completed
O001120,C01070,2025-03-22,Mobile App,Wallet,Completed
O001121,C01597,2026-05-25,Website,Card,Completed
O001122,C00876,2025-04-07,Website,Card,Completed
O001123,C00021,2026-05-14,Website,Wallet,Completed
O001124,C00046,2025-07-10,Website,Cash on Delivery,Completed
O001125,C01580,2026-03-12,Website,Cash on Delivery,Completed
O001126,C01588,2026-05-28,Mobile App,Card,Completed
O001127,C00806,2025-03-05,Mobile App,Card,Completed
O001128,C00206,2025-06-30,Website,SBP,Completed
O001129,C01933,2025-11-10,Mobile App,Wallet,Completed
O001130,C00379,2026-04-18,Mobile App,Card,Completed
O001131,C00471,2025-04-13,Website,Card,Returned
O001132,C01131,2025-04-12,Website,Card,Completed
O001133,C01791,2025-07-21,Mobile App,Card,Completed
O001134,C02488,2025-04-22,Website,Card,Completed
O001135,C01564,2025-05-26,Mobile App,SBP,Completed
O001136,C02401,2025-03-12,Mobile App,Card,Completed
O001137,C01631,2026-03-29,Marketplace,SBP,Cancelled
O001138,C02120,2026-03-12,Website,SBP,Completed
O001139,C00440,2025-03-20,Website,Card,Completed
O001140,C00141,2025-10-21,Marketplace,Card,Completed
O001141,C01673,2025-12-19,Mobile App,Wallet,Completed
O001142,C02438,2025-12-09,Website,SBP,Completed
O001143,C01843,2026-06-22,Mobile App,Wallet,Completed
O001144,C00858,2025-12-17,Website,Card,Completed
O001145,C01224,2026-01-11,Mobile App,SBP,Completed
O001146,C00281,2025-01-18,Marketplace,Cash on Delivery,Cancelled
O001147,C00851,2025-02-13,Mobile App,Card,Completed
O001148,C01708,2025-12-04,Mobile App,Card,Completed
O001149,C00417,2026-05-11,Marketplace,Wallet,Completed
O001150,C01205,2025-08-06,Mobile App,Card,Completed
O001151,C00725,2025-12-18,Website,Card,Completed
O001152,C01228,2025-04-25,Mobile App,Cash on Delivery,Completed
O001153,C01910,2025-09-07,Website,Card,Completed
O001154,C02213,2026-02-15,Website,SBP,Completed
O001155,C01024,2025-12-27,Mobile App,SBP,Completed
O001156,C02068,2025-03-04,Website,SBP,Completed
O001157,C01757,2026-04-25,Website,Card,Completed
O001158,C02305,2026-05-22,Mobile App,Card,Completed
O001159,C01851,2025-09-18,Website,Wallet,Completed
O001160,C01378,2025-07-06,Mobile App,Wallet,Completed
O001161,C01686,2025-10-18,Website,Card,Completed
O001162,C00795,2026-03-14,Mobile App,Card,Completed
O001163,C01684,2025-09-05,Marketplace,Card,Cancelled
O001164,C01773,2025-01-17,Website,Card,Cancelled
O001165,C01528,2025-02-09,Mobile App,Wallet,Completed
O001166,C00258,2026-03-20,Website,Cash on Delivery,Completed
O001167,C01297,2026-03-06,Website,Card,Completed
O001168,C01778,2026-02-26,Website,Cash on Delivery,Completed
O001169,C00495,2025-03-11,Website,Wallet,Completed
O001170,C01969,2025-04-04,Website,SBP,Completed
O001171,C02108,2025-08-04,Mobile App,Cash on Delivery,Completed
O001172,C01347,2025-05-07,Mobile App,Card,Completed
O001173,C02411,2025-07-31,Marketplace,Wallet,Completed
O001174,C02145,2025-11-01,Marketplace,Card,Completed
O001175,C01167,2025-06-02,Website,Card,Completed
O001176,C02211,2025-03-09,Website,SBP,Completed
O001177,C02334,2025-08-08,Website,Card,Completed
O001178,C00271,2026-01-30,Mobile App,SBP,Completed
O001179,C02495,2025-12-04,Marketplace,Card,Completed
O001180,C00013,2025-06-25,Website,Card,Completed
O001181,C01216,2025-06-20,Website,SBP,Completed
O001182,C02345,2025-11-15,Website,Card,Completed
O001183,C01811,2025-04-05,Marketplace,Card,Completed
O001184,C00667,2026-04-01,Website,Card,Completed
O001185,C01610,2026-04-20,Mobile App,Cash on Delivery,Completed
O001186,C00537,2025-01-14,Mobile App,SBP,Completed
O001187,C00594,2026-06-15,Website,SBP,Completed
O001188,C02280,2025-01-13,Website,SBP,Completed
O001189,C00118,2025-09-08,Mobile App,SBP,Completed
O001190,C02406,2025-12-31,Mobile App,Card,Completed
O001191,C01134,2025-06-28,Website,Card,Completed
O001192,C00162,2025-04-22,Website,SBP,Completed
O001193,C01969,2025-01-26,Website,Card,Completed
O001194,C00121,2026-02-02,Website,Wallet,Completed
O001195,C00813,2025-01-21,Website,Card,Completed
O001196,C00602,2025-09-22,Website,SBP,Completed
O001197,C01962,2025-08-03,Mobile App,Card,Completed
O001198,C00992,2026-06-13,Mobile App,SBP,Completed
O001199,C01638,2026-05-23,Mobile App,Cash on Delivery,Completed
O001200,C00181,2026-03-23,Mobile App,Card,Completed
O001201,C01739,2026-02-03,Marketplace,Card,Completed
O001202,C01778,2025-10-24,Marketplace,SBP,Completed
O001203,C00715,2025-07-10,Website,Card,Completed
O001204,C02204,2025-04-01,Website,Card,Completed
O001205,C01176,2026-06-13,Website,SBP,Completed
O001206,C01669,2025-07-30,Marketplace,Card,Completed
O001207,C00455,2025-08-23,Website,Card,Completed
O001208,C02333,2025-03-19,Website,Card,Completed
O001209,C00617,2025-06-01,Mobile App,Card,Completed
O001210,C01566,2025-12-13,Mobile App,Wallet,Completed
O001211,C00225,2025-08-21,Mobile App,Card,Completed
O001212,C00112,2025-11-16,Mobile App,Card,Returned
O001213,C00317,2025-04-26,Mobile App,SBP,Completed
O001214,C02357,2025-02-14,Marketplace,Wallet,Completed
O001215,C00527,2026-04-29,Website,Card,Completed
O001216,C02199,2025-08-24,Marketplace,SBP,Completed
O001217,C01451,2025-07-17,Mobile App,SBP,Completed
O001218,C00222,2025-06-06,Website,Card,Completed
O001219,C01104,2025-12-26,Marketplace,Card,Completed
O001220,C01199,2025-11-04,Marketplace,SBP,Cancelled
O001221,C00668,2025-08-01,Mobile App,Card,Completed
O001222,C01511,2026-05-24,Marketplace,Card,Completed
O001223,C02153,2026-05-08,Website,SBP,Completed
O001224,C02210,2025-04-19,Website,Card,Completed
O001225,C01313,2025-12-17,Website,Card,Completed
O001226,C02234,2026-06-13,Marketplace,Card,Completed
O001227,C02308,2025-09-24,Mobile App,Wallet,Completed
O001228,C00221,2025-01-17,Marketplace,SBP,Completed
O001229,C01588,2025-03-14,Mobile App,Card,Completed
O001230,C01934,2025-12-31,Mobile App,Card,Completed
O001231,C00040,2026-05-08,Website,Cash on Delivery,Completed
O001232,C01509,2025-03-12,Website,SBP,Completed
O001233,C02284,2025-10-26,Mobile App,SBP,Completed
O001234,C00671,2025-09-29,Mobile App,Card,Completed
O001235,C02144,2025-06-05,Website,Card,Completed
O001236,C02335,2025-12-11,Marketplace,Card,Completed
O001237,C01589,2026-04-25,Mobile App,Wallet,Returned
O001238,C01574,2025-05-11,Website,Wallet,Completed
O001239,C01337,2025-01-30,Marketplace,Card,Completed
O001240,C01023,2025-07-16,Mobile App,SBP,Completed
O001241,C01133,2025-06-21,Mobile App,Wallet,Completed
O001242,C01306,2026-02-02,Website,Wallet,Cancelled
O001243,C01206,2025-10-21,Website,Card,Completed
O001244,C02066,2025-01-10,Website,Card,Completed
O001245,C01924,2025-07-05,Mobile App,Cash on Delivery,Completed
O001246,C00869,2026-02-06,Mobile App,Card,Returned
O001247,C01283,2025-09-18,Marketplace,Card,Cancelled
O001248,C00539,2025-11-04,Marketplace,Card,Completed
O001249,C00441,2025-05-25,Website,SBP,Completed
O001250,C00923,2025-06-24,Marketplace,Card,Completed
O001251,C00146,2025-03-13,Website,SBP,Completed
O001252,C02137,2025-02-14,Website,Cash on Delivery,Completed
O001253,C00316,2025-01-21,Mobile App,Card,Completed
O001254,C00817,2025-12-07,Marketplace,Cash on Delivery,Completed
O001255,C00629,2025-03-28,Marketplace,Wallet,Completed
O001256,C00518,2025-11-10,Mobile App,Wallet,Completed
O001257,C00920,2026-06-05,Website,SBP,Completed
O001258,C01799,2026-01-16,Website,Wallet,Cancelled
O001259,C02232,2025-11-11,Website,SBP,Completed
O001260,C00472,2025-03-05,Mobile App,Card,Completed
O001261,C00598,2025-09-24,Mobile App,Cash on Delivery,Completed
O001262,C01175,2026-05-02,Website,Card,Completed
O001263,C00799,2025-07-29,Mobile App,Wallet,Completed
O001264,C02000,2026-03-28,Mobile App,Card,Completed
O001265,C00558,2026-01-22,Mobile App,Card,Returned
O001266,C01007,2025-05-26,Website,SBP,Completed
O001267,C01365,2025-03-19,Website,SBP,Completed
O001268,C00954,2025-01-10,Mobile App,Card,Completed
O001269,C01543,2025-05-31,Mobile App,Wallet,Completed
O001270,C01999,2025-07-01,Website,Card,Completed
O001271,C01331,2025-12-25,Website,Card,Completed
O001272,C01143,2025-11-09,Marketplace,SBP,Completed
O001273,C02380,2025-09-19,Mobile App,Card,Completed
O001274,C02455,2026-01-30,Website,Card,Completed
O001275,C02489,2026-02-25,Mobile App,Card,Completed
O001276,C00042,2026-01-25,Mobile App,Card,Completed
O001277,C02094,2026-05-05,Website,Cash on Delivery,Completed
O001278,C02247,2025-07-16,Website,Card,Completed
O001279,C02014,2026-03-26,Marketplace,SBP,Completed
O001280,C01874,2025-08-18,Mobile App,SBP,Completed
O001281,C00916,2025-04-11,Website,Card,Completed
O001282,C01815,2025-03-21,Mobile App,Cash on Delivery,Cancelled
O001283,C01450,2025-02-19,Mobile App,Card,Completed
O001284,C02079,2026-06-06,Mobile App,Card,Completed
O001285,C00879,2025-04-03,Website,Wallet,Completed
O001286,C01857,2026-04-02,Website,SBP,Completed
O001287,C01961,2026-03-04,Website,Card,Completed
O001288,C02085,2025-08-28,Marketplace,Wallet,Completed
O001289,C00430,2026-05-14,Mobile App,Cash on Delivery,Completed
O001290,C02160,2026-05-11,Mobile App,Card,Completed
O001291,C00542,2026-05-21,Website,SBP,Completed
O001292,C02343,2025-09-29,Mobile App,Card,Completed
O001293,C00097,2025-06-12,Mobile App,Card,Completed
O001294,C00560,2025-01-24,Mobile App,Card,Completed
O001295,C01523,2026-04-04,Website,Card,Completed
O001296,C01359,2026-04-22,Mobile App,SBP,Completed
O001297,C01722,2025-10-20,Website,Card,Completed
O001298,C01009,2025-02-08,Website,Card,Completed
O001299,C00009,2026-03-26,Mobile App,Card,Completed
O001300,C01545,2025-06-12,Website,Card,Completed
O001301,C01277,2025-10-27,Website,SBP,Completed
O001302,C01272,2025-12-27,Marketplace,SBP,Cancelled
O001303,C00943,2025-03-21,Website,Card,Returned
O001304,C02227,2025-02-04,Mobile App,Card,Completed
O001305,C01981,2025-02-13,Mobile App,Card,Completed
O001306,C00454,2026-06-08,Mobile App,SBP,Completed
O001307,C00098,2026-06-07,Website,Card,Completed
O001308,C00454,2025-08-22,Mobile App,SBP,Completed
O001309,C00122,2025-08-21,Mobile App,SBP,Completed
O001310,C01774,2025-08-11,Website,Card,Cancelled
O001311,C01551,2025-07-11,Mobile App,Card,Completed
O001312,C01158,2025-10-24,Marketplace,Card,Completed
O001313,C01480,2025-07-14,Website,Card,Completed
O001314,C02021,2025-12-03,Website,Card,Completed
O001315,C02078,2025-07-26,Mobile App,Cash on Delivery,Completed
O001316,C01087,2025-12-10,Website,Card,Completed
O001317,C01481,2026-05-31,Mobile App,Card,Completed
O001318,C01443,2025-04-23,Website,Wallet,Returned
O001319,C02374,2025-02-04,Website,Cash on Delivery,Completed
O001320,C01904,2025-10-15,Mobile App,Card,Completed
O001321,C00786,2025-03-07,Marketplace,SBP,Returned
O001322,C02218,2025-05-07,Website,Card,Completed
O001323,C00995,2026-03-08,Marketplace,Wallet,Completed
O001324,C01895,2025-08-17,Website,SBP,Cancelled
O001325,C02445,2025-10-27,Website,Card,Completed
O001326,C02023,2026-02-28,Mobile App,Card,Completed
O001327,C00269,2025-03-12,Website,Card,Completed
O001328,C00515,2025-09-19,Mobile App,SBP,Completed
O001329,C01990,2025-01-19,Website,Card,Completed
O001330,C00309,2025-09-30,Mobile App,Card,Completed
O001331,C00029,2025-05-03,Website,Card,Completed
O001332,C00646,2026-05-13,Mobile App,SBP,Completed
O001333,C01217,2025-05-23,Marketplace,Card,Completed
O001334,C00322,2025-04-20,Website,Wallet,Completed
O001335,C00384,2025-01-08,Website,Card,Completed
O001336,C00848,2025-03-14,Marketplace,Card,Completed
O001337,C01498,2025-04-28,Website,Card,Completed
O001338,C01362,2025-05-05,Mobile App,Card,Completed
O001339,C01996,2026-02-08,Mobile App,Card,Returned
O001340,C02452,2026-04-30,Marketplace,Card,Completed
O001341,C00083,2026-04-13,Website,Card,Completed
O001342,C01721,2026-06-07,Website,Card,Completed
O001343,C00410,2026-05-06,Website,Wallet,Completed
O001344,C00902,2025-09-06,Website,Card,Completed
O001345,C00857,2025-08-01,Website,Wallet,Completed
O001346,C01752,2025-12-21,Marketplace,Wallet,Completed
O001347,C00640,2025-06-24,Website,SBP,Returned
O001348,C02237,2025-11-26,Website,Card,Completed
O001349,C00959,2026-06-30,Website,SBP,Completed
O001350,C02038,2025-04-19,Website,Wallet,Completed
O001351,C02380,2026-02-25,Mobile App,Card,Completed
O001352,C01277,2026-05-26,Website,Card,Completed
O001353,C00254,2025-10-21,Mobile App,Card,Completed
O001354,C01754,2025-07-14,Mobile App,Card,Completed
O001355,C01059,2025-05-20,Website,Card,Completed
O001356,C00846,2025-04-02,Mobile App,Card,Completed
O001357,C01143,2025-06-25,Website,SBP,Completed
O001358,C00750,2026-02-12,Website,Card,Completed
O001359,C00701,2025-10-09,Marketplace,Card,Completed
O001360,C02475,2025-05-01,Marketplace,Cash on Delivery,Completed
O001361,C00697,2025-10-23,Website,Card,Completed
O001362,C01147,2026-03-18,Mobile App,Card,Completed
O001363,C01787,2025-01-08,Website,Card,Completed
O001364,C00553,2025-01-12,Mobile App,Card,Completed
O001365,C01545,2026-06-08,Mobile App,SBP,Completed
O001366,C02239,2026-02-13,Website,Card,Completed
O001367,C02033,2025-11-11,Marketplace,Wallet,Completed
O001368,C00072,2026-05-10,Mobile App,Wallet,Completed
O001369,C01013,2025-11-18,Website,Card,Completed
O001370,C00001,2025-10-12,Marketplace,SBP,Completed
O001371,C01517,2025-04-26,Mobile App,SBP,Completed
O001372,C00813,2026-03-19,Website,Wallet,Completed
O001373,C02234,2026-02-22,Mobile App,Card,Completed
O001374,C00439,2025-06-11,Marketplace,SBP,Completed
O001375,C02129,2026-02-07,Marketplace,Card,Completed
O001376,C00856,2026-02-01,Website,Card,Completed
O001377,C02301,2025-02-21,Mobile App,Wallet,Completed
O001378,C00499,2025-03-29,Marketplace,Card,Completed
O001379,C00673,2025-11-21,Marketplace,Card,Completed
O001380,C00878,2025-12-07,Website,Card,Completed
O001381,C02464,2025-12-26,Mobile App,Wallet,Completed
O001382,C01835,2025-07-23,Marketplace,Card,Completed
O001383,C02041,2026-04-02,Website,Card,Completed
O001384,C01383,2025-09-01,Website,SBP,Completed
O001385,C01988,2025-04-23,Mobile App,Card,Completed
O001386,C01568,2025-03-04,Mobile App,Card,Completed
O001387,C01669,2026-04-25,Mobile App,SBP,Completed
O001388,C02094,2026-01-22,Website,Cash on Delivery,Completed
O001389,C02459,2025-09-09,Mobile App,SBP,Completed
O001390,C01440,2025-04-25,Website,Card,Completed
O001391,C01104,2025-02-22,Mobile App,Card,Returned
O001392,C01633,2025-03-25,Website,Wallet,Completed
O001393,C01854,2025-02-27,Website,Card,Completed
O001394,C02466,2025-10-17,Marketplace,SBP,Completed
O001395,C01748,2025-04-19,Mobile App,Card,Completed
O001396,C02387,2025-03-11,Website,Wallet,Completed
O001397,C01831,2025-06-04,Website,Card,Cancelled
O001398,C02380,2026-01-17,Mobile App,Cash on Delivery,Completed
O001399,C01879,2025-09-29,Marketplace,Card,Completed
O001400,C02213,2025-03-25,Website,SBP,Completed
O001401,C00477,2026-02-13,Marketplace,Card,Completed
O001402,C02482,2025-09-25,Website,SBP,Completed
O001403,C00873,2025-04-12,Mobile App,Card,Completed
O001404,C01994,2026-01-13,Website,Card,Completed
O001405,C00981,2026-06-26,Website,Card,Completed
O001406,C01146,2025-10-22,Marketplace,Card,Completed
O001407,C01870,2025-03-30,Website,Cash on Delivery,Completed
O001408,C01352,2025-06-19,Marketplace,Wallet,Completed
O001409,C01791,2025-11-24,Website,SBP,Completed
O001410,C00198,2026-06-30,Website,Card,Completed
O001411,C02084,2026-05-23,Marketplace,Card,Completed
O001412,C01022,2026-05-25,Mobile App,Card,Completed
O001413,C01972,2026-03-31,Website,Card,Completed
O001414,C00714,2025-11-10,Mobile App,SBP,Completed
O001415,C01491,2025-12-20,Website,Wallet,Completed
O001416,C01471,2026-02-05,Marketplace,Card,Completed
O001417,C00350,2026-01-26,Website,Card,Completed
O001418,C01186,2025-12-15,Mobile App,Card,Cancelled
O001419,C01589,2025-03-15,Website,Card,Completed
O001420,C02091,2026-04-26,Mobile App,Card,Completed
O001421,C02218,2025-01-06,Marketplace,Card,Completed
O001422,C00962,2025-08-21,Mobile App,Card,Completed
O001423,C01608,2025-08-26,Website,Card,Completed
O001424,C00437,2026-06-28,Website,SBP,Completed
O001425,C02240,2025-02-18,Website,Cash on Delivery,Completed
O001426,C02171,2025-09-17,Marketplace,Card,Completed
O001427,C02498,2025-07-15,Website,Card,Completed
O001428,C01216,2025-02-23,Mobile App,Card,Completed
O001429,C00899,2025-05-03,Website,SBP,Completed
O001430,C01895,2025-08-19,Marketplace,Card,Completed
O001431,C01809,2026-05-16,Mobile App,SBP,Completed
O001432,C00531,2025-07-31,Mobile App,SBP,Completed
O001433,C01350,2026-04-26,Marketplace,Cash on Delivery,Completed
O001434,C01610,2026-02-05,Marketplace,Card,Completed
O001435,C01138,2026-03-24,Mobile App,Card,Returned
O001436,C00928,2026-04-12,Mobile App,Card,Completed
O001437,C00600,2026-01-25,Mobile App,Card,Completed
O001438,C01029,2026-02-05,Website,Card,Completed
O001439,C00615,2025-03-26,Website,Wallet,Completed
O001440,C00752,2026-01-27,Mobile App,SBP,Completed
O001441,C00463,2025-01-27,Mobile App,Cash on Delivery,Completed
O001442,C00941,2026-02-07,Website,Cash on Delivery,Completed
O001443,C01579,2025-12-24,Website,Card,Completed
O001444,C00945,2026-02-18,Mobile App,Wallet,Completed
O001445,C00356,2025-12-17,Website,SBP,Completed
O001446,C02003,2025-07-21,Mobile App,Card,Completed
O001447,C01079,2025-07-21,Mobile App,SBP,Completed
O001448,C01460,2025-11-22,Website,Cash on Delivery,Cancelled
O001449,C01309,2025-09-16,Website,SBP,Completed
O001450,C01266,2025-07-05,Website,SBP,Completed
O001451,C01096,2025-09-25,Website,Card,Completed
O001452,C01890,2025-10-20,Mobile App,Wallet,Completed
O001453,C02138,2025-05-12,Mobile App,Card,Completed
O001454,C02260,2025-12-15,Marketplace,SBP,Completed
O001455,C01108,2025-06-21,Website,SBP,Completed
O001456,C00853,2025-05-27,Mobile App,Card,Completed
O001457,C00208,2025-08-17,Website,Card,Cancelled
O001458,C01107,2025-02-26,Mobile App,SBP,Completed
O001459,C02481,2025-11-26,Website,Card,Completed
O001460,C00651,2026-02-05,Mobile App,Card,Cancelled
O001461,C02113,2026-06-06,Mobile App,Card,Completed
O001462,C01892,2025-06-04,Website,SBP,Completed
O001463,C01651,2025-10-22,Marketplace,Card,Completed
O001464,C01414,2025-10-02,Website,Card,Completed
O001465,C01891,2026-02-04,Website,Wallet,Completed
O001466,C00247,2025-12-08,Mobile App,Card,Completed
O001467,C00321,2026-03-17,Mobile App,Wallet,Completed
O001468,C00490,2026-04-10,Website,Card,Completed
O001469,C01915,2025-03-03,Website,Card,Completed
O001470,C01081,2025-07-13,Website,SBP,Completed
O001471,C00520,2025-12-23,Marketplace,Card,Completed
O001472,C00113,2025-10-24,Mobile App,Cash on Delivery,Completed
O001473,C01223,2025-09-21,Website,Card,Completed
O001474,C00997,2025-04-05,Website,Wallet,Returned
O001475,C00445,2025-11-09,Marketplace,Card,Completed
O001476,C00059,2026-02-09,Marketplace,Wallet,Completed
O001477,C01885,2025-01-21,Website,Card,Completed
O001478,C01949,2025-11-19,Mobile App,SBP,Completed
O001479,C00615,2026-05-10,Website,Card,Completed
O001480,C01235,2025-11-10,Website,Wallet,Completed
O001481,C00634,2026-06-05,Marketplace,Card,Completed
O001482,C01023,2025-07-12,Marketplace,Card,Completed
O001483,C00274,2025-01-02,Website,SBP,Completed
O001484,C02366,2026-01-08,Marketplace,Card,Completed
O001485,C01802,2025-04-27,Mobile App,SBP,Completed
O001486,C02253,2025-01-06,Mobile App,SBP,Completed
O001487,C00740,2025-04-09,Mobile App,Card,Completed
O001488,C02183,2026-05-25,Mobile App,SBP,Completed
O001489,C01296,2026-03-03,Marketplace,Card,Completed
O001490,C00496,2025-05-31,Website,SBP,Completed
O001491,C00831,2025-11-23,Mobile App,Card,Completed
O001492,C02029,2025-07-05,Website,Card,Cancelled
O001493,C01937,2025-04-07,Mobile App,Wallet,Completed
O001494,C01801,2026-06-24,Website,Cash on Delivery,Completed
O001495,C00567,2026-03-21,Website,Cash on Delivery,Completed
O001496,C01620,2025-07-18,Mobile App,SBP,Completed
O001497,C02353,2025-07-12,Website,Card,Completed
O001498,C00122,2026-03-22,Website,Card,Returned
O001499,C00804,2025-09-09,Website,Card,Completed
O001500,C00201,2025-07-25,Mobile App,SBP,Completed
O001501,C00260,2025-07-31,Website,Card,Completed
O001502,C02495,2025-09-01,Website,Cash on Delivery,Completed
O001503,C00601,2025-10-12,Mobile App,Card,Completed
O001504,C00449,2025-01-22,Marketplace,Card,Cancelled
O001505,C00185,2025-09-20,Mobile App,Wallet,Completed
O001506,C02453,2025-08-29,Website,Card,Completed
O001507,C01172,2025-05-30,Marketplace,Card,Returned
O001508,C01979,2025-07-14,Mobile App,SBP,Completed
O001509,C00626,2025-08-20,Mobile App,Cash on Delivery,Completed
O001510,C01603,2025-07-19,Mobile App,Card,Completed
O001511,C02216,2026-05-11,Website,Card,Completed
O001512,C01678,2025-10-16,Mobile App,Card,Completed
O001513,C01293,2025-10-02,Mobile App,SBP,Completed
O001514,C00527,2025-05-24,Website,Card,Returned
O001515,C00584,2026-05-16,Website,SBP,Completed
O001516,C01493,2025-01-13,Website,Card,Cancelled
O001517,C01129,2025-10-28,Mobile App,Cash on Delivery,Completed
O001518,C00117,2025-04-03,Website,SBP,Completed
O001519,C00490,2026-02-24,Mobile App,SBP,Completed
O001520,C01081,2025-07-26,Mobile App,Card,Completed
O001521,C00447,2025-06-10,Website,Card,Completed
O001522,C01385,2025-02-01,Website,Card,Completed
O001523,C00752,2026-03-08,Website,Card,Cancelled
O001524,C00729,2025-08-05,Website,Card,Completed
O001525,C00271,2025-05-25,Mobile App,Card,Completed
O001526,C01259,2026-04-06,Mobile App,Card,Completed
O001527,C00472,2025-01-11,Marketplace,Card,Completed
O001528,C01577,2025-09-13,Marketplace,Card,Completed
O001529,C02346,2025-03-29,Website,SBP,Completed
O001530,C02281,2025-03-11,Mobile App,Wallet,Completed
O001531,C01668,2025-01-12,Mobile App,Card,Completed
O001532,C02019,2025-04-13,Mobile App,Wallet,Completed
O001533,C02303,2026-06-02,Website,Card,Completed
O001534,C01705,2025-09-01,Website,Cash on Delivery,Completed
O001535,C00643,2026-06-30,Mobile App,Card,Completed
O001536,C01253,2025-05-26,Mobile App,Card,Completed
O001537,C02143,2026-02-21,Website,SBP,Completed
O001538,C01670,2025-02-18,Website,Card,Completed
O001539,C00906,2025-03-01,Mobile App,Card,Completed
O001540,C00422,2025-01-09,Mobile App,Card,Completed
O001541,C00361,2026-05-06,Mobile App,Cash on Delivery,Completed
O001542,C00943,2026-01-02,Website,Wallet,Completed
O001543,C02012,2026-02-11,Website,Card,Completed
O001544,C01382,2026-05-22,Mobile App,Wallet,Completed
O001545,C00150,2025-07-01,Mobile App,Card,Completed
O001546,C02297,2026-01-30,Website,SBP,Completed
O001547,C01013,2025-10-02,Mobile App,Card,Completed
O001548,C00977,2025-10-24,Website,Card,Completed
O001549,C02049,2025-12-28,Mobile App,Wallet,Completed
O001550,C00943,2025-09-14,Website,Wallet,Completed
O001551,C01543,2025-01-14,Mobile App,Wallet,Completed
O001552,C02303,2025-02-10,Marketplace,SBP,Completed
O001553,C01296,2025-10-01,Website,Card,Completed
O001554,C01536,2025-11-08,Website,SBP,Completed
O001555,C00885,2026-02-04,Website,Card,Completed
O001556,C02227,2025-11-09,Website,Wallet,Completed
O001557,C00188,2025-04-13,Marketplace,Card,Completed
O001558,C00691,2025-07-20,Marketplace,Wallet,Completed
O001559,C02478,2025-08-31,Website,SBP,Completed
O001560,C01211,2026-06-22,Marketplace,Card,Completed
O001561,C00437,2025-10-18,Website,Card,Completed
O001562,C01035,2025-12-13,Mobile App,Card,Completed
O001563,C00639,2026-02-06,Mobile App,Card,Cancelled
O001564,C01314,2025-07-17,Website,Wallet,Completed
O001565,C00590,2026-06-11,Mobile App,Card,Completed
O001566,C00999,2026-01-04,Mobile App,Card,Completed
O001567,C02270,2026-04-09,Website,Card,Completed
O001568,C00206,2026-02-14,Marketplace,Card,Cancelled
O001569,C01910,2025-12-06,Website,Card,Completed
O001570,C00196,2025-01-17,Website,Wallet,Returned
O001571,C01144,2025-11-15,Marketplace,SBP,Completed
O001572,C01671,2025-03-12,Website,Wallet,Completed
O001573,C02389,2025-11-26,Website,Card,Completed
O001574,C00626,2026-01-18,Website,Card,Cancelled
O001575,C00132,2025-10-25,Website,Card,Completed
O001576,C01878,2025-06-18,Website,Card,Completed
O001577,C02235,2025-02-02,Website,Card,Completed
O001578,C01413,2026-01-02,Mobile App,Card,Completed
O001579,C00152,2026-01-17,Website,SBP,Completed
O001580,C01252,2025-09-18,Marketplace,Card,Completed
O001581,C00978,2026-01-27,Marketplace,SBP,Completed
O001582,C01129,2026-03-02,Website,SBP,Completed
O001583,C00136,2025-10-07,Marketplace,SBP,Completed
O001584,C00794,2025-01-27,Marketplace,Card,Completed
O001585,C02498,2026-04-21,Marketplace,SBP,Completed
O001586,C00115,2025-09-12,Mobile App,Card,Completed
O001587,C02286,2026-01-03,Website,Card,Completed
O001588,C01294,2026-05-13,Website,Card,Completed
O001589,C01462,2025-07-18,Marketplace,Card,Completed
O001590,C02334,2025-12-06,Mobile App,Card,Completed
O001591,C00545,2025-01-11,Marketplace,SBP,Completed
O001592,C02462,2026-04-29,Mobile App,SBP,Completed
O001593,C00692,2025-02-02,Website,Card,Completed
O001594,C00873,2025-10-23,Website,Card,Returned
O001595,C01124,2025-07-12,Marketplace,Card,Completed
O001596,C01504,2025-01-20,Website,Cash on Delivery,Completed
O001597,C00807,2025-09-10,Mobile App,Card,Cancelled
O001598,C01983,2026-05-26,Marketplace,Card,Completed
O001599,C00054,2025-04-02,Website,Card,Completed
O001600,C01667,2025-06-09,Website,SBP,Completed
O001601,C01641,2025-04-14,Mobile App,Card,Completed
O001602,C01337,2025-03-10,Mobile App,Card,Completed
O001603,C01534,2025-05-06,Mobile App,Card,Completed
O001604,C01870,2025-11-09,Website,SBP,Completed
O001605,C02261,2026-03-03,Website,Card,Completed
O001606,C00546,2026-01-12,Website,Cash on Delivery,Completed
O001607,C01193,2026-02-26,Website,Wallet,Completed
O001608,C01406,2026-01-26,Website,Card,Completed
O001609,C00862,2025-07-29,Mobile App,Cash on Delivery,Returned
O001610,C02435,2026-05-07,Website,Wallet,Completed
O001611,C01279,2025-04-05,Mobile App,Card,Returned
O001612,C01482,2026-01-18,Marketplace,SBP,Completed
O001613,C00487,2025-03-02,Mobile App,Card,Completed
O001614,C01040,2026-02-23,Mobile App,SBP,Completed
O001615,C01564,2025-02-17,Website,SBP,Completed
O001616,C01071,2025-04-29,Mobile App,Wallet,Completed
O001617,C01926,2025-08-02,Website,Wallet,Completed
O001618,C00342,2026-01-15,Website,Card,Completed
O001619,C00384,2025-01-25,Mobile App,SBP,Completed
O001620,C00848,2025-05-21,Website,SBP,Completed
O001621,C00796,2025-07-02,Website,Wallet,Completed
O001622,C02039,2026-02-04,Mobile App,Card,Cancelled
O001623,C02170,2026-06-09,Website,Card,Completed
O001624,C01180,2025-12-02,Website,Card,Completed
O001625,C01264,2025-10-05,Website,Card,Completed
O001626,C00736,2025-07-03,Website,Card,Completed
O001627,C01330,2026-03-26,Mobile App,Card,Completed
O001628,C01767,2025-02-28,Mobile App,Card,Completed
O001629,C01807,2025-03-12,Website,Wallet,Returned
O001630,C02423,2025-04-20,Mobile App,Card,Completed
O001631,C01445,2025-05-27,Marketplace,Card,Completed
O001632,C00851,2025-09-10,Mobile App,SBP,Completed
O001633,C00174,2026-06-01,Mobile App,Card,Cancelled
O001634,C01720,2025-12-22,Mobile App,SBP,Completed
O001635,C02010,2025-07-29,Marketplace,Wallet,Completed
O001636,C01382,2025-04-26,Marketplace,Card,Completed
O001637,C02308,2025-12-21,Website,Card,Completed
O001638,C00793,2025-05-19,Website,Card,Completed
O001639,C00134,2026-06-17,Website,Card,Completed
O001640,C01583,2025-09-18,Mobile App,SBP,Completed
O001641,C00304,2025-10-28,Website,Card,Completed
O001642,C00211,2026-05-09,Marketplace,Card,Completed
O001643,C01755,2025-06-16,Website,Card,Completed
O001644,C01086,2025-09-15,Mobile App,Card,Completed
O001645,C01512,2025-10-18,Website,Card,Returned
O001646,C01870,2025-05-29,Mobile App,SBP,Completed
O001647,C00957,2025-01-30,Website,Card,Completed
O001648,C01528,2025-06-04,Mobile App,SBP,Completed
O001649,C01349,2025-03-03,Mobile App,Wallet,Completed
O001650,C01451,2026-01-04,Website,SBP,Completed
O001651,C01759,2025-01-04,Mobile App,Card,Completed
O001652,C00951,2025-06-22,Marketplace,Card,Returned
O001653,C01262,2026-04-28,Mobile App,SBP,Completed
O001654,C01478,2025-11-07,Mobile App,SBP,Completed
O001655,C00351,2026-01-02,Mobile App,Cash on Delivery,Completed
O001656,C00529,2026-01-01,Marketplace,Card,Completed
O001657,C00224,2025-06-12,Mobile App,Card,Completed
O001658,C00496,2025-12-12,Marketplace,Card,Completed
O001659,C01098,2025-05-01,Mobile App,Cash on Delivery,Returned
O001660,C02345,2025-12-13,Website,SBP,Cancelled
O001661,C02308,2026-01-08,Website,Wallet,Completed
O001662,C01908,2026-04-24,Mobile App,SBP,Completed
O001663,C01395,2026-05-18,Mobile App,Cash on Delivery,Completed
O001664,C00507,2025-01-14,Mobile App,Card,Completed
O001665,C00896,2025-06-13,Marketplace,Cash on Delivery,Completed
O001666,C01916,2025-10-26,Mobile App,Wallet,Completed
O001667,C02272,2025-06-25,Website,Wallet,Completed
O001668,C02407,2025-12-04,Mobile App,Cash on Delivery,Completed
O001669,C00972,2026-04-12,Website,SBP,Completed
O001670,C01217,2025-05-21,Mobile App,SBP,Cancelled
O001671,C01273,2026-05-03,Marketplace,SBP,Completed
O001672,C00141,2026-04-27,Website,SBP,Completed
O001673,C00292,2026-05-15,Mobile App,SBP,Completed
O001674,C00114,2025-02-10,Mobile App,SBP,Completed
O001675,C01844,2025-06-10,Website,Card,Completed
O001676,C00561,2025-03-09,Mobile App,Wallet,Completed
O001677,C01751,2025-03-07,Mobile App,Wallet,Completed
O001678,C00939,2025-01-30,Mobile App,SBP,Completed
O001679,C01986,2025-08-29,Website,Card,Completed
O001680,C00289,2025-02-17,Website,Wallet,Cancelled
O001681,C00813,2025-06-11,Mobile App,SBP,Completed
O001682,C00513,2026-06-20,Website,Card,Completed
O001683,C01091,2026-04-28,Website,SBP,Cancelled
O001684,C01405,2026-05-27,Marketplace,SBP,Completed
O001685,C00421,2025-01-21,Mobile App,SBP,Completed
O001686,C01668,2025-12-27,Mobile App,Card,Completed
O001687,C02412,2025-12-13,Marketplace,Card,Completed
O001688,C00109,2025-03-14,Website,Wallet,Completed
O001689,C00216,2026-05-10,Website,Cash on Delivery,Completed
O001690,C02381,2025-08-09,Mobile App,Card,Completed
O001691,C01623,2026-06-18,Website,Wallet,Completed
O001692,C02300,2025-03-04,Website,Card,Completed
O001693,C01764,2025-12-21,Mobile App,Card,Completed
O001694,C01794,2025-03-13,Website,SBP,Returned
O001695,C00395,2026-06-03,Mobile App,Card,Cancelled
O001696,C01280,2025-11-28,Mobile App,Card,Completed
O001697,C00914,2025-02-11,Mobile App,Cash on Delivery,Completed
O001698,C02085,2025-04-28,Website,Card,Completed
O001699,C00108,2025-07-16,Website,Card,Completed
O001700,C00046,2025-01-08,Marketplace,Card,Completed
O001701,C01392,2025-01-05,Marketplace,SBP,Completed
O001702,C02427,2026-05-21,Mobile App,SBP,Completed
O001703,C02488,2026-06-20,Website,Card,Completed
O001704,C01484,2025-10-20,Mobile App,Card,Completed
O001705,C01075,2026-05-08,Website,SBP,Cancelled
O001706,C00683,2025-12-24,Website,SBP,Completed
O001707,C02476,2025-01-16,Website,Cash on Delivery,Completed
O001708,C00459,2026-01-26,Website,Card,Completed
O001709,C00316,2025-01-10,Website,Wallet,Completed
O001710,C01271,2026-03-22,Website,Cash on Delivery,Completed
O001711,C00982,2025-07-20,Mobile App,Card,Completed
O001712,C01240,2025-03-19,Mobile App,Card,Completed
O001713,C02255,2025-05-22,Website,SBP,Completed
O001714,C00675,2026-01-09,Website,Wallet,Returned
O001715,C02192,2026-04-08,Marketplace,Card,Completed
O001716,C00530,2025-11-08,Website,Card,Completed
O001717,C00809,2025-03-29,Website,SBP,Completed
O001718,C00012,2026-05-07,Mobile App,Wallet,Cancelled
O001719,C01697,2026-03-08,Mobile App,Card,Completed
O001720,C02147,2025-08-12,Mobile App,Card,Completed
O001721,C02216,2025-10-30,Website,Card,Completed
O001722,C00419,2026-06-11,Website,Cash on Delivery,Completed
O001723,C01918,2025-07-26,Website,SBP,Completed
O001724,C00354,2025-01-15,Mobile App,Card,Completed
O001725,C01572,2025-03-21,Website,Wallet,Completed
O001726,C01756,2025-11-24,Website,SBP,Completed
O001727,C00382,2026-06-29,Website,Wallet,Completed
O001728,C00277,2026-02-08,Marketplace,Card,Completed
O001729,C00183,2025-12-04,Website,Card,Cancelled
O001730,C01771,2025-06-26,Website,Card,Completed
O001731,C01537,2025-08-28,Marketplace,Card,Completed
O001732,C00299,2025-01-21,Mobile App,Wallet,Completed
O001733,C01251,2025-07-22,Mobile App,SBP,Completed
O001734,C01990,2025-12-07,Mobile App,Card,Completed
O001735,C00596,2026-05-10,Website,SBP,Completed
O001736,C01515,2026-05-19,Mobile App,SBP,Completed
O001737,C00732,2026-03-25,Website,Card,Completed
O001738,C00653,2025-01-12,Marketplace,Card,Completed
O001739,C00981,2026-03-19,Website,Cash on Delivery,Completed
O001740,C00881,2025-04-30,Mobile App,SBP,Completed
O001741,C01239,2025-12-03,Mobile App,Wallet,Completed
O001742,C00514,2026-06-01,Website,SBP,Completed
O001743,C00976,2026-04-30,Website,Card,Completed
O001744,C01556,2025-12-29,Mobile App,Card,Completed
O001745,C00969,2025-06-13,Website,SBP,Completed
O001746,C01642,2025-10-12,Marketplace,Card,Completed
O001747,C00290,2026-01-20,Website,Cash on Delivery,Completed
O001748,C00345,2025-10-08,Mobile App,Card,Completed
O001749,C02164,2025-08-09,Mobile App,Card,Completed
O001750,C01155,2025-08-08,Mobile App,SBP,Completed
O001751,C01523,2025-11-24,Mobile App,Card,Completed
O001752,C01850,2025-01-20,Mobile App,SBP,Completed
O001753,C00366,2026-06-29,Mobile App,SBP,Completed
O001754,C02431,2025-02-25,Mobile App,SBP,Completed
O001755,C01060,2026-06-22,Mobile App,Wallet,Completed
O001756,C02225,2025-01-20,Website,Card,Returned
O001757,C01042,2025-10-07,Website,SBP,Returned
O001758,C01014,2025-08-16,Website,Wallet,Completed
O001759,C01502,2025-11-10,Mobile App,Card,Completed
O001760,C00478,2025-08-25,Marketplace,Card,Completed
O001761,C01523,2026-05-05,Website,Card,Completed
O001762,C02459,2025-01-10,Mobile App,SBP,Completed
O001763,C01614,2026-06-23,Website,SBP,Returned
O001764,C00176,2026-01-12,Mobile App,Card,Completed
O001765,C01745,2026-03-02,Mobile App,Card,Completed
O001766,C00084,2025-03-18,Mobile App,Card,Completed
O001767,C00259,2025-02-05,Mobile App,Card,Completed
O001768,C00712,2025-08-05,Mobile App,Card,Completed
O001769,C00763,2025-06-26,Website,Wallet,Cancelled
O001770,C00009,2026-03-04,Mobile App,Cash on Delivery,Completed
O001771,C00044,2026-05-05,Website,SBP,Completed
O001772,C01974,2025-08-22,Marketplace,Wallet,Completed
O001773,C01137,2026-02-24,Mobile App,Cash on Delivery,Completed
O001774,C00500,2025-02-02,Website,SBP,Completed
O001775,C01074,2026-02-10,Website,SBP,Completed
O001776,C01733,2025-02-24,Website,Wallet,Completed
O001777,C01836,2025-12-31,Marketplace,SBP,Returned
O001778,C00721,2025-07-28,Website,Card,Completed
O001779,C00418,2025-08-15,Mobile App,Card,Completed
O001780,C02399,2025-05-31,Website,SBP,Completed
O001781,C01579,2025-08-09,Mobile App,Wallet,Completed
O001782,C02458,2026-04-23,Mobile App,SBP,Completed
O001783,C00767,2026-03-18,Website,Card,Completed
O001784,C00279,2025-07-05,Mobile App,SBP,Cancelled
O001785,C00955,2025-06-10,Website,Wallet,Completed
O001786,C00820,2025-10-05,Mobile App,SBP,Completed
O001787,C01799,2026-01-09,Website,Card,Completed
O001788,C01791,2025-04-10,Mobile App,Card,Completed
O001789,C00179,2026-02-01,Website,Card,Cancelled
O001790,C01470,2026-06-02,Mobile App,Wallet,Completed
O001791,C00857,2026-04-07,Website,Card,Completed
O001792,C01538,2025-10-27,Mobile App,Wallet,Completed
O001793,C00979,2025-06-24,Website,Card,Completed
O001794,C01344,2025-06-26,Website,Cash on Delivery,Returned
O001795,C01790,2026-02-10,Mobile App,Card,Completed
O001796,C00734,2025-09-06,Mobile App,SBP,Completed
O001797,C00499,2025-02-28,Mobile App,SBP,Completed
O001798,C01765,2026-01-05,Mobile App,SBP,Cancelled
O001799,C02369,2025-03-17,Website,SBP,Completed
O001800,C01111,2026-06-23,Marketplace,Card,Completed
O001801,C02495,2025-08-16,Website,Card,Completed
O001802,C00463,2025-07-06,Marketplace,Card,Completed
O001803,C02048,2025-01-31,Marketplace,SBP,Completed
O001804,C02471,2025-04-02,Website,SBP,Completed
O001805,C00750,2026-06-02,Website,Card,Completed
O001806,C00370,2025-10-21,Mobile App,Wallet,Returned
O001807,C01660,2026-05-08,Mobile App,Card,Completed
O001808,C02174,2026-06-06,Website,Card,Completed
O001809,C00208,2025-01-27,Website,Card,Completed
O001810,C01602,2025-07-27,Website,SBP,Completed
O001811,C02179,2026-04-03,Mobile App,Card,Completed
O001812,C00081,2025-09-28,Mobile App,Wallet,Completed
O001813,C01290,2025-10-05,Website,SBP,Completed
O001814,C00193,2025-11-08,Mobile App,SBP,Completed
O001815,C00442,2026-01-19,Mobile App,Card,Completed
O001816,C01216,2026-05-28,Marketplace,SBP,Completed
O001817,C00819,2026-04-30,Website,Wallet,Completed
O001818,C00213,2025-12-08,Website,Card,Completed
O001819,C02002,2025-11-12,Website,Card,Completed
O001820,C00508,2025-07-17,Mobile App,Card,Completed
O001821,C02176,2025-03-05,Website,Card,Completed
O001822,C00442,2026-01-23,Website,Card,Completed
O001823,C01300,2025-01-02,Mobile App,SBP,Completed
O001824,C01818,2026-01-17,Mobile App,Card,Completed
O001825,C01201,2025-09-29,Website,Wallet,Completed
O001826,C01043,2026-03-06,Website,Card,Completed
O001827,C01877,2026-06-03,Website,SBP,Completed
O001828,C00030,2025-10-29,Website,Cash on Delivery,Cancelled
O001829,C02066,2025-11-09,Website,Card,Completed
O001830,C01725,2025-09-24,Website,Card,Cancelled
O001831,C01913,2025-07-23,Website,SBP,Completed
O001832,C01053,2025-02-18,Marketplace,Card,Cancelled
O001833,C00962,2025-01-17,Marketplace,SBP,Cancelled
O001834,C01430,2026-01-30,Website,Wallet,Completed
O001835,C01605,2026-05-15,Mobile App,SBP,Returned
O001836,C02313,2025-01-30,Website,Cash on Delivery,Completed
O001837,C02144,2025-06-28,Mobile App,Card,Completed
O001838,C00135,2025-11-29,Marketplace,Card,Completed
O001839,C00380,2026-01-20,Mobile App,Card,Completed
O001840,C02367,2026-02-06,Mobile App,SBP,Completed
O001841,C00971,2026-01-15,Website,Card,Completed
O001842,C01451,2025-02-15,Website,Card,Completed
O001843,C00142,2025-05-19,Mobile App,Cash on Delivery,Completed
O001844,C00262,2025-09-14,Website,Card,Completed
O001845,C01023,2025-02-04,Mobile App,Card,Cancelled
O001846,C01794,2025-07-07,Mobile App,Card,Completed
O001847,C01931,2025-07-30,Website,Card,Completed
O001848,C02237,2026-06-19,Mobile App,Card,Cancelled
O001849,C00493,2025-06-23,Mobile App,Card,Completed
O001850,C00505,2026-06-15,Mobile App,Card,Completed
O001851,C01355,2026-01-18,Mobile App,Wallet,Completed
O001852,C01368,2026-01-13,Mobile App,Card,Completed
O001853,C00092,2026-03-24,Website,SBP,Completed
O001854,C01118,2026-04-05,Mobile App,SBP,Completed
O001855,C02245,2025-05-02,Website,SBP,Returned
O001856,C00410,2025-08-18,Website,Wallet,Completed
O001857,C02051,2025-10-16,Marketplace,Card,Cancelled
O001858,C01119,2026-06-18,Website,Card,Completed
O001859,C01312,2025-01-23,Website,Card,Completed
O001860,C01605,2025-09-18,Website,Card,Completed
O001861,C01765,2025-04-27,Marketplace,Wallet,Returned
O001862,C01594,2025-04-23,Marketplace,SBP,Completed
O001863,C00260,2026-02-20,Website,Card,Completed
O001864,C00739,2025-04-21,Mobile App,Card,Returned
O001865,C02114,2026-03-10,Website,Wallet,Completed
O001866,C00101,2026-06-27,Mobile App,SBP,Completed
O001867,C01789,2026-02-28,Mobile App,Card,Completed
O001868,C01302,2025-04-03,Website,Wallet,Completed
O001869,C00300,2025-03-19,Mobile App,SBP,Completed
O001870,C00307,2025-08-27,Marketplace,Card,Completed
O001871,C02452,2025-10-28,Website,Card,Completed
O001872,C00078,2026-03-01,Website,SBP,Completed
O001873,C00057,2025-08-19,Marketplace,Card,Returned
O001874,C00042,2025-04-02,Website,Cash on Delivery,Completed
O001875,C01572,2026-06-26,Mobile App,SBP,Completed
O001876,C02316,2026-05-09,Mobile App,SBP,Completed
O001877,C00430,2025-12-24,Website,SBP,Completed
O001878,C01990,2026-01-15,Website,Cash on Delivery,Completed
O001879,C01799,2026-05-26,Website,Card,Completed
O001880,C00575,2025-09-17,Website,Card,Completed
O001881,C00177,2025-03-21,Mobile App,SBP,Cancelled
O001882,C01220,2025-11-27,Mobile App,Card,Completed
O001883,C00203,2025-09-04,Website,SBP,Completed
O001884,C00284,2026-03-13,Mobile App,Card,Completed
O001885,C01166,2026-02-26,Website,Card,Completed
O001886,C02040,2025-09-15,Website,Card,Completed
O001887,C02486,2025-07-20,Mobile App,SBP,Completed
O001888,C01570,2025-08-19,Website,Card,Completed
O001889,C00692,2025-12-12,Mobile App,Card,Completed
O001890,C00821,2025-12-14,Website,Card,Completed
O001891,C01532,2025-10-07,Mobile App,Card,Completed
O001892,C00434,2025-10-18,Marketplace,SBP,Completed
O001893,C01297,2026-06-26,Website,Cash on Delivery,Completed
O001894,C01923,2025-05-19,Marketplace,SBP,Completed
O001895,C02106,2025-04-05,Website,SBP,Completed
O001896,C00148,2026-03-13,Website,Card,Completed
O001897,C00722,2026-05-26,Website,Cash on Delivery,Returned
O001898,C00638,2025-11-29,Mobile App,Wallet,Completed
O001899,C01388,2025-08-08,Mobile App,Wallet,Cancelled
O001900,C00464,2025-07-10,Marketplace,Card,Completed
O001901,C02377,2025-09-13,Mobile App,Card,Completed
O001902,C02293,2025-01-29,Website,Card,Completed
O001903,C00832,2025-10-16,Marketplace,Card,Completed
O001904,C01018,2025-05-28,Marketplace,Card,Completed
O001905,C01099,2025-05-25,Mobile App,Wallet,Completed
O001906,C00107,2025-11-02,Mobile App,Card,Cancelled
O001907,C02223,2026-06-11,Mobile App,Card,Cancelled
O001908,C01949,2025-04-23,Website,Wallet,Completed
O001909,C00832,2026-05-13,Marketplace,Cash on Delivery,Completed
O001910,C01369,2025-10-11,Marketplace,Card,Cancelled
O001911,C00952,2026-06-16,Mobile App,Card,Completed
O001912,C00571,2025-07-28,Website,Wallet,Completed
O001913,C00761,2026-06-29,Website,Cash on Delivery,Completed
O001914,C00268,2025-12-27,Marketplace,SBP,Completed
O001915,C02024,2026-01-01,Marketplace,Card,Completed
O001916,C01637,2025-11-04,Mobile App,SBP,Cancelled
O001917,C02326,2025-09-04,Marketplace,SBP,Returned
O001918,C00017,2025-10-14,Mobile App,Card,Cancelled
O001919,C01578,2026-04-10,Marketplace,Card,Completed
O001920,C01401,2026-03-09,Website,Wallet,Completed
O001921,C01560,2025-01-13,Website,SBP,Completed
O001922,C02475,2026-01-15,Mobile App,Card,Completed
O001923,C00976,2026-04-01,Website,SBP,Completed
O001924,C00353,2026-02-11,Website,SBP,Cancelled
O001925,C00032,2025-09-29,Mobile App,Card,Completed
O001926,C01231,2025-07-03,Website,Card,Completed
O001927,C00435,2026-01-03,Mobile App,Card,Completed
O001928,C00353,2025-12-29,Website,Cash on Delivery,Completed
O001929,C00369,2025-07-24,Mobile App,Card,Completed
O001930,C00693,2025-08-10,Website,Wallet,Completed
O001931,C00290,2025-07-21,Mobile App,SBP,Cancelled
O001932,C01215,2025-01-25,Mobile App,Wallet,Completed
O001933,C01636,2025-01-18,Website,Cash on Delivery,Completed
O001934,C00724,2025-02-15,Website,Cash on Delivery,Cancelled
O001935,C00341,2025-08-20,Website,Wallet,Completed
O001936,C01432,2025-10-06,Website,Card,Completed
O001937,C00215,2025-08-11,Website,Card,Cancelled
O001938,C01844,2026-06-06,Website,Card,Completed
O001939,C00957,2025-05-03,Mobile App,SBP,Completed
O001940,C01025,2025-08-03,Website,Card,Completed
O001941,C00623,2025-05-16,Website,Card,Completed
O001942,C00708,2025-06-13,Website,Card,Completed
O001943,C00365,2025-11-15,Mobile App,SBP,Completed
O001944,C01396,2025-06-19,Mobile App,Card,Completed
O001945,C00366,2025-06-23,Mobile App,Card,Completed
O001946,C01702,2026-01-02,Mobile App,SBP,Completed
O001947,C00641,2026-03-30,Mobile App,SBP,Completed
O001948,C01414,2025-04-27,Website,Wallet,Completed
O001949,C01343,2025-03-02,Website,SBP,Completed
O001950,C01584,2025-05-11,Mobile App,SBP,Cancelled
O001951,C01896,2025-11-12,Website,Card,Completed
O001952,C01402,2026-06-08,Mobile App,Card,Completed
O001953,C02132,2025-03-29,Mobile App,SBP,Completed
O001954,C00648,2025-01-24,Mobile App,Card,Completed
O001955,C01879,2025-10-16,Mobile App,Wallet,Completed
O001956,C00858,2026-06-26,Marketplace,Cash on Delivery,Completed
O001957,C01571,2025-10-29,Website,Card,Completed
O001958,C01230,2026-05-20,Website,SBP,Completed
O001959,C02270,2025-12-17,Marketplace,Card,Completed
O001960,C00679,2025-01-18,Mobile App,Card,Completed
O001961,C01300,2025-08-22,Website,Card,Completed
O001962,C00412,2026-02-25,Website,SBP,Completed
O001963,C01584,2025-10-06,Website,Cash on Delivery,Completed
O001964,C00093,2025-04-17,Mobile App,Card,Completed
O001965,C01030,2025-04-09,Website,SBP,Cancelled
O001966,C00025,2025-12-29,Website,Card,Completed
O001967,C00819,2025-09-10,Website,Card,Completed
O001968,C01211,2025-11-10,Marketplace,SBP,Completed
O001969,C00830,2025-07-23,Mobile App,SBP,Completed
O001970,C00965,2025-07-05,Mobile App,SBP,Completed
O001971,C00371,2025-12-30,Marketplace,Cash on Delivery,Returned
O001972,C01787,2025-01-05,Website,Card,Completed
O001973,C01992,2025-08-26,Mobile App,SBP,Completed
O001974,C01137,2025-07-22,Mobile App,Card,Completed
O001975,C00139,2026-03-02,Mobile App,Wallet,Completed
O001976,C00157,2026-02-02,Mobile App,Card,Completed
O001977,C01687,2025-08-21,Marketplace,Card,Cancelled
O001978,C02323,2025-05-24,Website,SBP,Completed
O001979,C02162,2025-05-09,Website,Card,Completed
O001980,C01014,2025-04-26,Mobile App,SBP,Cancelled
O001981,C01244,2025-05-30,Website,Cash on Delivery,Completed
O001982,C00408,2026-02-20,Mobile App,Card,Completed
O001983,C00176,2025-01-25,Website,SBP,Completed
O001984,C01915,2025-01-15,Mobile App,Cash on Delivery,Completed
O001985,C01072,2025-10-22,Mobile App,SBP,Completed
O001986,C01243,2025-05-03,Marketplace,Card,Completed
O001987,C00859,2026-03-30,Mobile App,Wallet,Completed
O001988,C00783,2026-02-15,Marketplace,Card,Completed
O001989,C02464,2026-02-24,Mobile App,SBP,Completed
O001990,C02041,2025-09-07,Mobile App,SBP,Completed
O001991,C01729,2025-08-28,Mobile App,Card,Completed
O001992,C00973,2025-08-21,Mobile App,Wallet,Cancelled
O001993,C01804,2025-04-18,Mobile App,Card,Completed
O001994,C00849,2025-11-06,Website,Wallet,Completed
O001995,C01290,2026-04-17,Website,Wallet,Completed
O001996,C00363,2025-05-21,Mobile App,Cash on Delivery,Completed
O001997,C01774,2025-02-01,Website,Card,Completed
O001998,C00152,2025-11-05,Mobile App,Card,Completed
O001999,C01807,2025-08-06,Website,Card,Cancelled
O002000,C01510,2026-03-12,Website,Card,Completed
O002001,C00166,2026-04-13,Mobile App,Card,Completed
O002002,C01266,2026-06-04,Website,SBP,Completed
O002003,C00557,2025-08-03,Marketplace,Card,Completed
O002004,C01191,2026-05-08,Marketplace,Cash on Delivery,Completed
O002005,C00033,2025-03-06,Website,Card,Completed
O002006,C01805,2025-07-23,Website,Card,Completed
O002007,C01275,2025-05-26,Website,SBP,Completed
O002008,C00906,2026-05-20,Mobile App,Card,Completed
O002009,C02190,2025-11-24,Website,SBP,Completed
O002010,C01613,2025-07-19,Marketplace,SBP,Completed
O002011,C01524,2025-03-25,Marketplace,SBP,Completed
O002012,C00368,2026-03-04,Website,SBP,Completed
O002013,C01251,2025-12-24,Mobile App,Wallet,Completed
O002014,C01752,2026-04-11,Mobile App,Cash on Delivery,Cancelled
O002015,C02315,2025-08-28,Mobile App,Card,Completed
O002016,C01511,2025-03-23,Website,Card,Completed
O002017,C00431,2025-07-02,Mobile App,Wallet,Completed
O002018,C01695,2025-12-05,Website,Card,Completed
O002019,C00187,2025-05-12,Marketplace,SBP,Completed
O002020,C00783,2025-02-08,Website,SBP,Completed
O002021,C02294,2026-03-26,Mobile App,Card,Completed
O002022,C02005,2025-10-17,Marketplace,Card,Completed
O002023,C02257,2025-08-05,Mobile App,SBP,Completed
O002024,C00882,2025-10-29,Mobile App,Card,Completed
O002025,C01708,2026-02-08,Website,Card,Completed
O002026,C01751,2025-01-01,Mobile App,Wallet,Completed
O002027,C00615,2025-08-29,Website,Wallet,Completed
O002028,C02357,2025-05-19,Marketplace,SBP,Completed
O002029,C02425,2025-02-20,Website,Card,Cancelled
O002030,C00276,2025-01-20,Website,Card,Completed
O002031,C01914,2025-08-29,Mobile App,Wallet,Completed
O002032,C01120,2025-10-25,Website,Card,Cancelled
O002033,C01685,2025-10-05,Marketplace,Wallet,Completed
O002034,C01387,2026-03-04,Website,SBP,Completed
O002035,C00558,2025-09-07,Website,Card,Completed
O002036,C00240,2025-11-19,Mobile App,SBP,Completed
O002037,C01283,2026-03-22,Mobile App,Cash on Delivery,Completed
O002038,C02094,2025-12-25,Marketplace,Wallet,Completed
O002039,C02057,2026-05-13,Website,SBP,Completed
O002040,C00687,2025-05-01,Website,Card,Completed
O002041,C02151,2026-03-06,Website,SBP,Completed
O002042,C00890,2026-01-16,Website,SBP,Completed
O002043,C01404,2025-11-15,Mobile App,SBP,Completed
O002044,C00811,2025-01-03,Website,Card,Completed
O002045,C01307,2025-10-23,Mobile App,Wallet,Completed
O002046,C01324,2026-04-14,Marketplace,Card,Completed
O002047,C01745,2025-12-18,Website,Card,Completed
O002048,C01180,2025-01-03,Mobile App,Card,Completed
O002049,C01321,2025-06-07,Website,Card,Returned
O002050,C01629,2025-11-07,Mobile App,Card,Completed
O002051,C01045,2026-03-20,Website,Card,Completed
O002052,C01311,2025-08-31,Mobile App,Card,Completed
O002053,C00214,2026-04-13,Website,Card,Completed
O002054,C02175,2026-03-11,Website,Card,Completed
O002055,C00316,2025-05-26,Website,Card,Completed
O002056,C02183,2025-04-17,Website,Card,Completed
O002057,C01901,2026-05-08,Marketplace,Card,Completed
O002058,C02370,2025-11-18,Website,Card,Completed
O002059,C00062,2026-04-09,Marketplace,SBP,Completed
O002060,C00543,2026-05-19,Mobile App,Card,Cancelled
O002061,C00131,2025-08-20,Website,SBP,Cancelled
O002062,C01044,2025-01-25,Website,Card,Completed
O002063,C02262,2026-05-12,Website,Card,Cancelled
O002064,C01916,2025-11-15,Mobile App,Card,Completed
O002065,C01760,2025-03-07,Website,Card,Completed
O002066,C02122,2025-10-17,Marketplace,SBP,Completed
O002067,C00011,2025-01-16,Website,Wallet,Completed
O002068,C01970,2025-06-08,Website,SBP,Completed
O002069,C00781,2025-07-09,Website,Card,Completed
O002070,C01728,2025-09-06,Mobile App,Card,Completed
O002071,C01909,2025-11-05,Mobile App,Cash on Delivery,Completed
O002072,C01715,2026-04-04,Marketplace,Card,Completed
O002073,C01045,2025-07-11,Website,Card,Cancelled
O002074,C01529,2026-02-06,Website,Card,Completed
O002075,C01172,2026-05-30,Mobile App,Cash on Delivery,Completed
O002076,C01571,2026-02-13,Mobile App,Wallet,Completed
O002077,C01147,2025-05-20,Mobile App,Card,Completed
O002078,C00986,2026-01-06,Website,Card,Cancelled
O002079,C00506,2025-06-03,Mobile App,SBP,Completed
O002080,C00969,2025-09-18,Website,Card,Completed
O002081,C01804,2025-12-13,Marketplace,Card,Returned
O002082,C02176,2025-06-10,Website,Card,Completed
O002083,C00258,2025-01-03,Mobile App,Card,Completed
O002084,C00457,2026-04-03,Website,Card,Completed
O002085,C01269,2026-02-02,Mobile App,SBP,Completed
O002086,C01757,2025-03-09,Marketplace,SBP,Completed
O002087,C00425,2025-07-26,Marketplace,SBP,Completed
O002088,C00813,2025-05-23,Mobile App,Card,Completed
O002089,C00117,2026-06-18,Website,Card,Completed
O002090,C00132,2026-05-30,Mobile App,Wallet,Completed
O002091,C00359,2026-01-13,Mobile App,Card,Completed
O002092,C01823,2025-08-29,Mobile App,Card,Completed
O002093,C02174,2025-01-29,Website,Card,Returned
O002094,C01248,2025-05-15,Website,Card,Completed
O002095,C00441,2025-02-20,Website,Card,Completed
O002096,C02304,2026-03-08,Mobile App,Card,Completed
O002097,C00696,2025-02-18,Website,SBP,Completed
O002098,C00387,2026-01-05,Website,Card,Completed
O002099,C00346,2026-06-05,Mobile App,SBP,Completed
O002100,C00883,2025-06-18,Mobile App,SBP,Completed
O002101,C01839,2026-01-09,Marketplace,Card,Completed
O002102,C00993,2026-04-25,Website,Wallet,Returned
O002103,C01114,2025-08-22,Website,Cash on Delivery,Completed
O002104,C00851,2025-09-03,Mobile App,Card,Completed
O002105,C02360,2025-04-20,Website,SBP,Completed
O002106,C01710,2025-08-22,Mobile App,SBP,Cancelled
O002107,C01661,2026-04-23,Website,SBP,Completed
O002108,C01095,2025-12-29,Mobile App,Card,Completed
O002109,C01329,2025-04-21,Website,Card,Completed
O002110,C02213,2025-10-15,Mobile App,Card,Cancelled
O002111,C01642,2026-01-21,Mobile App,Card,Completed
O002112,C02035,2025-02-12,Website,Card,Completed
O002113,C00102,2026-02-21,Website,Wallet,Completed
O002114,C02149,2025-04-20,Mobile App,Card,Cancelled
O002115,C02377,2025-06-10,Mobile App,Card,Completed
O002116,C01671,2025-08-16,Website,Card,Completed
O002117,C02392,2025-10-03,Website,Card,Completed
O002118,C01420,2026-05-16,Mobile App,Wallet,Completed
O002119,C00691,2025-05-02,Mobile App,Wallet,Completed
O002120,C01516,2025-05-20,Mobile App,Card,Completed
O002121,C01571,2025-07-26,Website,Card,Completed
O002122,C00362,2026-04-14,Marketplace,Card,Completed
O002123,C00505,2026-06-11,Website,Cash on Delivery,Completed
O002124,C00729,2025-09-06,Website,Card,Completed
O002125,C01369,2026-01-14,Mobile App,Card,Cancelled
O002126,C00370,2026-05-16,Mobile App,Card,Completed
O002127,C01927,2026-04-08,Mobile App,Card,Completed
O002128,C00274,2026-01-07,Website,Card,Cancelled
O002129,C02350,2025-10-23,Website,Cash on Delivery,Completed
O002130,C01690,2026-06-22,Mobile App,Card,Completed
O002131,C00849,2025-05-11,Website,Card,Completed
O002132,C00932,2025-07-18,Mobile App,Card,Completed
O002133,C01734,2026-01-25,Mobile App,Card,Completed
O002134,C00222,2025-01-12,Website,Cash on Delivery,Completed
O002135,C01792,2025-10-01,Mobile App,SBP,Cancelled
O002136,C01381,2026-04-12,Marketplace,Wallet,Completed
O002137,C00553,2025-04-07,Mobile App,Wallet,Completed
O002138,C02244,2026-03-15,Website,SBP,Completed
O002139,C01573,2025-08-14,Mobile App,SBP,Cancelled
O002140,C00410,2026-04-15,Marketplace,Card,Completed
O002141,C01639,2025-12-13,Mobile App,SBP,Completed
O002142,C01029,2025-03-27,Website,SBP,Completed
O002143,C01911,2026-02-06,Website,SBP,Returned
O002144,C01231,2025-01-31,Mobile App,Card,Completed
O002145,C02500,2025-05-13,Mobile App,SBP,Completed
O002146,C02319,2026-05-01,Marketplace,Card,Cancelled
O002147,C00101,2026-04-24,Marketplace,SBP,Completed
O002148,C01028,2025-01-26,Website,Card,Completed
O002149,C00506,2025-07-27,Mobile App,SBP,Completed
O002150,C01126,2025-02-21,Website,Card,Completed
O002151,C00363,2025-05-29,Website,SBP,Completed
O002152,C01340,2026-06-13,Website,SBP,Completed
O002153,C00387,2025-04-17,Marketplace,Card,Completed
O002154,C01558,2025-12-17,Website,Card,Cancelled
O002155,C01136,2026-03-16,Mobile App,Card,Completed
O002156,C02483,2026-04-27,Website,Card,Completed
O002157,C02197,2025-07-13,Website,Card,Completed
O002158,C01501,2026-01-16,Mobile App,SBP,Completed
O002159,C01122,2025-09-21,Website,Wallet,Returned
O002160,C01790,2025-02-28,Website,Card,Completed
O002161,C01672,2025-05-02,Mobile App,Wallet,Completed
O002162,C00349,2026-02-13,Mobile App,Card,Completed
O002163,C00942,2026-01-10,Mobile App,Wallet,Completed
O002164,C02481,2025-10-12,Mobile App,Card,Completed
O002165,C00800,2026-03-03,Website,SBP,Completed
O002166,C00034,2026-01-13,Website,Card,Cancelled
O002167,C02086,2025-07-05,Website,Card,Completed
O002168,C02333,2025-06-10,Marketplace,Card,Completed
O002169,C01639,2026-06-01,Website,SBP,Completed
O002170,C01588,2026-06-15,Website,Wallet,Completed
O002171,C00878,2025-01-17,Marketplace,SBP,Completed
O002172,C00899,2026-03-08,Marketplace,SBP,Completed
O002173,C02286,2025-03-14,Website,Card,Completed
O002174,C02146,2026-04-16,Mobile App,SBP,Completed
O002175,C01247,2025-11-18,Website,Wallet,Completed
O002176,C00783,2026-01-11,Mobile App,Card,Completed
O002177,C00471,2026-01-18,Mobile App,Card,Completed
O002178,C00028,2025-11-27,Marketplace,Card,Completed
O002179,C01209,2025-05-17,Website,Card,Completed
O002180,C01385,2026-03-17,Mobile App,Card,Completed
O002181,C01687,2025-10-30,Website,SBP,Completed
O002182,C02013,2025-10-25,Mobile App,Wallet,Completed
O002183,C00918,2025-06-23,Mobile App,Card,Completed
O002184,C00417,2025-01-06,Mobile App,Cash on Delivery,Cancelled
O002185,C02110,2025-10-30,Marketplace,Wallet,Completed
O002186,C01907,2025-07-08,Mobile App,SBP,Completed
O002187,C01333,2025-12-26,Mobile App,Cash on Delivery,Returned
O002188,C00098,2025-07-19,Website,Wallet,Completed
O002189,C01170,2026-06-16,Marketplace,Card,Completed
O002190,C01549,2026-01-07,Mobile App,Cash on Delivery,Completed
O002191,C02147,2025-09-06,Website,Card,Completed
O002192,C01271,2026-01-22,Mobile App,Card,Completed
O002193,C01158,2025-12-20,Website,Card,Completed
O002194,C00950,2025-12-05,Mobile App,SBP,Completed
O002195,C01037,2025-11-12,Website,Cash on Delivery,Completed
O002196,C00041,2026-05-24,Website,Card,Completed
O002197,C00260,2025-06-23,Marketplace,SBP,Completed
O002198,C01891,2025-08-25,Marketplace,Card,Completed
O002199,C00907,2025-05-19,Mobile App,Wallet,Cancelled
O002200,C02128,2025-11-07,Marketplace,Card,Completed
O002201,C00993,2026-06-24,Website,SBP,Completed
O002202,C02493,2025-11-29,Website,SBP,Completed
O002203,C00452,2025-04-23,Marketplace,Card,Completed
O002204,C00471,2026-05-19,Mobile App,Cash on Delivery,Completed
O002205,C01470,2026-03-08,Mobile App,Cash on Delivery,Cancelled
O002206,C02007,2025-08-29,Website,Card,Completed
O002207,C00360,2025-03-22,Website,SBP,Completed
O002208,C01258,2025-08-08,Website,Wallet,Cancelled
O002209,C00560,2026-03-16,Marketplace,Card,Completed
O002210,C01843,2025-11-12,Website,Card,Completed
O002211,C01403,2025-04-12,Mobile App,SBP,Completed
O002212,C01636,2025-03-28,Website,SBP,Completed
O002213,C00673,2026-06-13,Mobile App,SBP,Completed
O002214,C00723,2025-09-02,Website,SBP,Completed
O002215,C01600,2026-01-10,Mobile App,SBP,Completed
O002216,C00883,2025-07-16,Mobile App,Card,Completed
O002217,C01727,2025-02-19,Website,Card,Completed
O002218,C00385,2025-08-13,Website,Card,Completed
O002219,C00754,2026-01-14,Website,Card,Completed
O002220,C00255,2025-07-02,Mobile App,SBP,Returned
O002221,C00219,2025-11-26,Mobile App,Wallet,Completed
O002222,C00657,2025-08-28,Website,Card,Completed
O002223,C01224,2025-07-04,Mobile App,SBP,Completed
O002224,C00362,2025-05-20,Website,Card,Completed
O002225,C00233,2025-05-23,Marketplace,Card,Completed
O002226,C02194,2025-05-20,Marketplace,Cash on Delivery,Completed
O002227,C01289,2026-01-28,Mobile App,Card,Completed
O002228,C01789,2025-07-04,Website,SBP,Cancelled
O002229,C01816,2026-02-09,Website,Card,Completed
O002230,C00255,2025-06-19,Marketplace,Card,Completed
O002231,C01551,2025-06-28,Website,SBP,Returned
O002232,C02152,2026-05-20,Mobile App,SBP,Completed
O002233,C01121,2026-04-24,Marketplace,SBP,Completed
O002234,C02156,2025-08-07,Mobile App,Wallet,Completed
O002235,C02365,2025-05-27,Mobile App,Wallet,Completed
O002236,C01367,2026-01-26,Mobile App,SBP,Completed
O002237,C00255,2025-02-08,Marketplace,Card,Completed
O002238,C01544,2025-09-07,Website,Card,Completed
O002239,C02201,2025-11-24,Marketplace,SBP,Completed
O002240,C01449,2026-01-04,Website,SBP,Completed
O002241,C02001,2025-02-28,Mobile App,Card,Completed
O002242,C01339,2025-01-02,Marketplace,Card,Completed
O002243,C01050,2025-06-01,Mobile App,Card,Completed
O002244,C02364,2025-03-07,Website,Card,Completed
O002245,C00383,2025-10-04,Website,Card,Completed
O002246,C01120,2026-05-18,Mobile App,Wallet,Cancelled
O002247,C00390,2025-06-06,Mobile App,SBP,Completed
O002248,C01637,2025-09-05,Website,Cash on Delivery,Completed
O002249,C02305,2025-04-28,Marketplace,SBP,Completed
O002250,C02495,2025-01-25,Marketplace,Card,Completed
O002251,C00585,2026-01-19,Marketplace,SBP,Completed
O002252,C01820,2025-05-20,Mobile App,Wallet,Cancelled
O002253,C02186,2025-10-26,Marketplace,SBP,Completed
O002254,C02085,2026-01-08,Marketplace,Card,Completed
O002255,C01259,2026-04-04,Website,SBP,Completed
O002256,C00437,2025-04-12,Marketplace,Card,Completed
O002257,C01155,2025-11-14,Mobile App,Card,Completed
O002258,C01941,2026-05-13,Marketplace,Card,Completed
O002259,C01549,2025-09-21,Mobile App,Card,Completed
O002260,C00971,2025-01-23,Mobile App,Wallet,Cancelled
O002261,C00538,2025-05-23,Website,Card,Completed
O002262,C01630,2026-03-10,Website,Card,Completed
O002263,C01071,2026-03-09,Website,SBP,Completed
O002264,C01181,2025-06-21,Mobile App,Wallet,Completed
O002265,C02347,2025-04-18,Marketplace,SBP,Completed
O002266,C00023,2025-06-09,Website,Card,Completed
O002267,C00596,2025-05-13,Website,Card,Completed
O002268,C02300,2026-02-09,Mobile App,SBP,Completed
O002269,C02304,2026-04-05,Website,Wallet,Completed
O002270,C00757,2025-01-26,Website,Card,Completed
O002271,C02486,2026-02-09,Website,Wallet,Completed
O002272,C00529,2026-02-15,Mobile App,SBP,Completed
O002273,C00130,2025-12-01,Mobile App,SBP,Completed
O002274,C00768,2026-04-21,Marketplace,Card,Returned
O002275,C01329,2025-01-22,Website,Wallet,Completed
O002276,C00016,2026-01-18,Website,SBP,Completed
O002277,C00430,2025-03-11,Mobile App,Card,Completed
O002278,C01978,2026-05-05,Marketplace,Card,Completed
O002279,C01555,2025-09-30,Website,Card,Completed
O002280,C01514,2025-02-19,Marketplace,Card,Completed
O002281,C02474,2026-02-12,Mobile App,Card,Completed
O002282,C00571,2026-02-14,Marketplace,Card,Cancelled
O002283,C02243,2025-09-11,Website,Card,Completed
O002284,C00888,2025-06-19,Website,SBP,Completed
O002285,C02313,2025-01-10,Website,SBP,Completed
O002286,C01958,2026-05-11,Mobile App,SBP,Completed
O002287,C00534,2025-04-11,Marketplace,Card,Completed
O002288,C00524,2026-04-06,Website,Card,Completed
O002289,C01356,2025-11-18,Website,SBP,Completed
O002290,C01257,2026-01-10,Website,SBP,Completed
O002291,C00588,2026-01-15,Mobile App,Card,Completed
O002292,C00651,2026-04-14,Marketplace,Cash on Delivery,Completed
O002293,C02249,2025-01-19,Website,Wallet,Completed
O002294,C01885,2026-06-26,Mobile App,Wallet,Completed
O002295,C00478,2025-01-24,Mobile App,SBP,Completed
O002296,C01814,2026-06-30,Marketplace,Card,Completed
O002297,C00385,2025-05-23,Mobile App,Cash on Delivery,Completed
O002298,C01113,2026-04-07,Website,Wallet,Completed
O002299,C00031,2025-02-15,Mobile App,Wallet,Completed
O002300,C01624,2025-09-09,Mobile App,Wallet,Completed
O002301,C00455,2025-10-23,Marketplace,Wallet,Completed
O002302,C00591,2026-06-06,Mobile App,SBP,Completed
O002303,C00475,2025-03-09,Website,Card,Completed
O002304,C00459,2025-01-20,Mobile App,SBP,Completed
O002305,C00194,2025-12-20,Mobile App,SBP,Completed
O002306,C01387,2025-01-27,Website,SBP,Completed
O002307,C02170,2026-03-01,Marketplace,Card,Completed
O002308,C00754,2025-01-21,Website,Card,Completed
O002309,C01950,2026-06-14,Marketplace,Cash on Delivery,Returned
O002310,C01359,2025-10-18,Website,Card,Completed
O002311,C00637,2026-06-02,Website,Card,Completed
O002312,C00155,2025-03-11,Mobile App,SBP,Completed
O002313,C01959,2025-05-30,Mobile App,Card,Cancelled
O002314,C00058,2025-09-06,Marketplace,Card,Completed
O002315,C01056,2025-01-17,Mobile App,SBP,Completed
O002316,C00086,2025-02-26,Website,Cash on Delivery,Completed
O002317,C01939,2025-06-29,Marketplace,Card,Completed
O002318,C02475,2026-02-07,Mobile App,Card,Cancelled
O002319,C00808,2026-01-22,Website,Card,Completed
O002320,C00785,2025-02-17,Marketplace,SBP,Completed
O002321,C01412,2025-02-02,Website,Card,Returned
O002322,C01255,2025-12-25,Website,Card,Completed
O002323,C00955,2025-07-16,Mobile App,SBP,Completed
O002324,C00915,2026-03-09,Mobile App,Cash on Delivery,Completed
O002325,C00470,2025-06-12,Mobile App,Card,Completed
O002326,C00627,2025-07-18,Marketplace,SBP,Completed
O002327,C01465,2025-04-30,Website,Wallet,Completed
O002328,C01836,2025-05-26,Marketplace,Card,Completed
O002329,C01878,2026-01-21,Website,Wallet,Completed
O002330,C01292,2025-09-15,Website,Card,Completed
O002331,C01883,2025-12-26,Website,Card,Completed
O002332,C01481,2025-02-12,Website,Card,Completed
O002333,C00891,2025-10-20,Website,Card,Completed
O002334,C00884,2025-09-08,Marketplace,Wallet,Completed
O002335,C01297,2026-05-13,Mobile App,SBP,Completed
O002336,C00770,2025-08-20,Mobile App,Wallet,Completed
O002337,C01910,2025-02-26,Website,SBP,Returned
O002338,C00463,2026-01-16,Marketplace,Card,Returned
O002339,C00137,2025-03-23,Website,Cash on Delivery,Completed
O002340,C01228,2026-05-12,Mobile App,Wallet,Completed
O002341,C00180,2025-07-29,Mobile App,Card,Completed
O002342,C00479,2026-03-05,Website,SBP,Completed
O002343,C00941,2025-12-25,Mobile App,Wallet,Completed
O002344,C00011,2025-09-11,Marketplace,Card,Returned
O002345,C00559,2025-11-15,Website,Card,Completed
O002346,C01362,2025-04-10,Mobile App,Card,Completed
O002347,C00937,2025-02-10,Marketplace,Cash on Delivery,Completed
O002348,C02241,2026-02-23,Website,SBP,Completed
O002349,C00235,2026-06-08,Website,SBP,Completed
O002350,C01800,2026-04-16,Website,Wallet,Completed
O002351,C01481,2025-06-16,Mobile App,Card,Completed
O002352,C01611,2025-07-15,Website,Cash on Delivery,Completed
O002353,C01680,2025-07-15,Mobile App,Card,Completed
O002354,C00131,2026-01-19,Website,SBP,Completed
O002355,C01980,2025-12-07,Marketplace,Card,Completed
O002356,C00829,2026-03-11,Marketplace,Card,Completed
O002357,C01627,2026-06-01,Mobile App,Card,Completed
O002358,C00735,2025-08-03,Marketplace,Card,Completed
O002359,C00991,2025-12-28,Mobile App,Card,Completed
O002360,C01751,2025-10-01,Marketplace,Card,Completed
O002361,C02338,2026-06-06,Website,SBP,Completed
O002362,C02195,2025-07-13,Website,Wallet,Completed
O002363,C01816,2025-04-13,Marketplace,Card,Completed
O002364,C01347,2025-07-26,Website,Card,Completed
O002365,C01320,2025-12-04,Website,SBP,Completed
O002366,C02415,2026-06-05,Mobile App,SBP,Completed
O002367,C00518,2026-03-29,Mobile App,SBP,Completed
O002368,C02386,2025-01-11,Website,Cash on Delivery,Completed
O002369,C01623,2025-10-05,Website,Card,Returned
O002370,C01541,2025-03-28,Website,Card,Completed
O002371,C01480,2025-07-17,Website,Wallet,Completed
O002372,C02032,2026-05-31,Website,SBP,Completed
O002373,C01709,2026-06-22,Mobile App,SBP,Completed
O002374,C00238,2025-03-25,Mobile App,Cash on Delivery,Completed
O002375,C01953,2025-03-18,Website,Card,Completed
O002376,C01822,2026-01-16,Website,Card,Completed
O002377,C02288,2025-08-13,Mobile App,Card,Completed
O002378,C02342,2025-08-25,Website,Wallet,Completed
O002379,C02373,2026-04-22,Website,Wallet,Completed
O002380,C00107,2026-05-18,Website,Card,Completed
O002381,C01576,2026-05-07,Mobile App,Card,Completed
O002382,C02337,2026-03-04,Website,SBP,Completed
O002383,C02415,2026-06-20,Website,Card,Completed
O002384,C01374,2026-01-29,Mobile App,Wallet,Completed
O002385,C02279,2026-04-29,Mobile App,Card,Completed
O002386,C02202,2025-10-23,Mobile App,Wallet,Completed
O002387,C00007,2025-01-28,Marketplace,SBP,Cancelled
O002388,C02213,2026-03-22,Mobile App,Card,Completed
O002389,C01595,2026-05-23,Website,SBP,Completed
O002390,C01435,2025-06-20,Website,SBP,Completed
O002391,C00447,2025-08-22,Website,Card,Completed
O002392,C02297,2025-11-09,Website,Card,Completed
O002393,C00738,2025-12-22,Website,Wallet,Completed
O002394,C01045,2026-01-04,Website,SBP,Completed
O002395,C00744,2025-08-04,Mobile App,SBP,Cancelled
O002396,C02425,2026-04-12,Mobile App,Card,Completed
O002397,C01208,2026-03-21,Website,SBP,Completed
O002398,C00286,2026-05-30,Mobile App,SBP,Completed
O002399,C00028,2025-11-11,Website,Card,Completed
O002400,C02451,2025-02-12,Mobile App,Card,Completed
O002401,C00590,2026-04-07,Mobile App,Card,Completed
O002402,C01927,2025-02-13,Website,SBP,Completed
O002403,C00073,2025-04-16,Website,Card,Completed
O002404,C02242,2025-06-05,Marketplace,Wallet,Completed
O002405,C01627,2025-04-12,Mobile App,Card,Completed
O002406,C00562,2026-01-31,Mobile App,Wallet,Completed
O002407,C02224,2025-08-29,Website,Card,Completed
O002408,C00745,2025-04-30,Website,SBP,Completed
O002409,C02495,2025-01-03,Website,SBP,Completed
O002410,C01499,2025-04-29,Marketplace,SBP,Completed
O002411,C01122,2026-01-14,Website,Cash on Delivery,Completed
O002412,C00147,2026-03-10,Website,Card,Completed
O002413,C00651,2025-06-11,Marketplace,Card,Completed
O002414,C00146,2025-02-09,Mobile App,Card,Completed
O002415,C02133,2025-11-01,Website,Card,Completed
O002416,C00251,2026-03-04,Mobile App,Wallet,Completed
O002417,C00283,2025-02-08,Mobile App,Card,Completed
O002418,C00312,2026-03-11,Marketplace,SBP,Completed
O002419,C02436,2025-04-04,Website,Card,Completed
O002420,C02427,2025-05-21,Mobile App,Cash on Delivery,Completed
O002421,C01788,2025-12-07,Website,Card,Completed
O002422,C00185,2025-01-29,Mobile App,Cash on Delivery,Completed
O002423,C01260,2025-06-16,Mobile App,SBP,Completed
O002424,C02372,2025-03-17,Mobile App,Cash on Delivery,Completed
O002425,C00242,2025-04-28,Marketplace,SBP,Completed
O002426,C01984,2026-02-27,Mobile App,Card,Completed
O002427,C00046,2025-05-05,Website,Wallet,Completed
O002428,C02010,2025-01-24,Website,Card,Completed
O002429,C01362,2025-04-28,Website,Card,Completed
O002430,C02220,2025-02-17,Mobile App,Card,Completed
O002431,C01035,2025-12-07,Website,Wallet,Completed
O002432,C01964,2026-06-16,Mobile App,SBP,Completed
O002433,C02107,2025-04-02,Mobile App,Card,Cancelled
O002434,C00813,2026-02-02,Marketplace,Wallet,Completed
O002435,C01606,2025-07-18,Website,Card,Completed
O002436,C01153,2025-02-09,Mobile App,Card,Completed
O002437,C01080,2026-01-11,Mobile App,Card,Returned
O002438,C02000,2025-04-25,Marketplace,Card,Completed
O002439,C00566,2025-10-08,Mobile App,SBP,Completed
O002440,C00300,2025-10-04,Website,Card,Returned
O002441,C01202,2025-11-23,Website,Card,Completed
O002442,C02055,2025-03-15,Marketplace,Card,Completed
O002443,C00408,2025-05-17,Mobile App,Wallet,Completed
O002444,C00851,2026-02-07,Mobile App,SBP,Completed
O002445,C01668,2026-05-25,Mobile App,Card,Completed
O002446,C01193,2025-01-07,Mobile App,SBP,Completed
O002447,C01515,2025-08-14,Mobile App,Card,Completed
O002448,C01321,2026-04-27,Marketplace,Wallet,Cancelled
O002449,C02026,2025-06-06,Marketplace,Card,Completed
O002450,C02189,2025-09-02,Website,Card,Completed
O002451,C01124,2026-05-09,Website,Card,Completed
O002452,C01080,2026-06-14,Website,Card,Completed
O002453,C00697,2025-12-24,Website,Card,Completed
O002454,C01110,2026-01-14,Mobile App,SBP,Completed
O002455,C02091,2025-12-02,Mobile App,Card,Completed
O002456,C01255,2025-06-04,Website,Card,Completed
O002457,C01728,2026-04-30,Website,SBP,Cancelled
O002458,C01047,2025-01-19,Mobile App,SBP,Completed
O002459,C01767,2025-02-01,Mobile App,Wallet,Completed
O002460,C01782,2025-11-25,Mobile App,Card,Completed
O002461,C01321,2026-04-03,Website,Wallet,Completed
O002462,C02337,2026-03-21,Website,SBP,Cancelled
O002463,C02190,2026-01-06,Mobile App,SBP,Completed
O002464,C00397,2025-07-25,Mobile App,Card,Completed
O002465,C00570,2025-07-16,Mobile App,Card,Completed
O002466,C02387,2025-08-21,Marketplace,Card,Completed
O002467,C01005,2025-05-20,Website,SBP,Completed
O002468,C00776,2025-08-17,Website,SBP,Completed
O002469,C01991,2025-02-27,Website,Card,Completed
O002470,C01506,2025-06-24,Website,Card,Completed
O002471,C00333,2026-05-29,Website,Wallet,Completed
O002472,C00230,2026-01-21,Website,Card,Cancelled
O002473,C02021,2025-03-19,Website,SBP,Cancelled
O002474,C01913,2025-06-06,Mobile App,Cash on Delivery,Completed
O002475,C00882,2025-05-22,Website,Card,Completed
O002476,C02157,2025-06-03,Mobile App,SBP,Returned
O002477,C00314,2026-01-13,Website,SBP,Completed
O002478,C02173,2026-05-04,Website,Card,Completed
O002479,C00198,2026-01-23,Website,Card,Completed
O002480,C01591,2025-09-24,Website,Wallet,Completed
O002481,C02108,2025-03-29,Website,Card,Completed
O002482,C01549,2025-03-20,Mobile App,Card,Completed
O002483,C01947,2026-03-21,Marketplace,Card,Completed
O002484,C00860,2026-01-05,Website,Wallet,Completed
O002485,C00721,2025-10-06,Website,Card,Completed
O002486,C00665,2025-11-12,Website,Card,Completed
O002487,C00291,2026-04-09,Mobile App,Card,Cancelled
O002488,C00694,2026-03-21,Website,Card,Completed
O002489,C00619,2025-02-17,Website,SBP,Completed
O002490,C01892,2025-08-04,Marketplace,Wallet,Completed
O002491,C00533,2025-01-24,Marketplace,Card,Completed
O002492,C00415,2025-07-30,Mobile App,SBP,Completed
O002493,C01833,2025-12-14,Website,SBP,Completed
O002494,C01345,2025-04-24,Website,SBP,Completed
O002495,C00539,2025-03-23,Website,SBP,Completed
O002496,C01765,2025-09-26,Mobile App,Card,Completed
O002497,C00541,2025-10-14,Mobile App,SBP,Completed
O002498,C01964,2026-01-25,Website,SBP,Completed
O002499,C00081,2025-01-08,Marketplace,SBP,Cancelled
O002500,C01476,2025-05-16,Mobile App,Card,Completed
O002501,C01493,2026-03-02,Mobile App,Card,Completed
O002502,C00933,2026-01-08,Website,Card,Completed
O002503,C01723,2026-05-07,Website,Card,Completed
O002504,C00950,2026-03-21,Website,Card,Completed
O002505,C01634,2026-04-04,Mobile App,Card,Completed
O002506,C00559,2025-10-06,Website,Card,Cancelled
O002507,C01422,2026-06-08,Website,Card,Cancelled
O002508,C01891,2025-08-16,Mobile App,Cash on Delivery,Completed
O002509,C02416,2026-05-09,Mobile App,Card,Completed
O002510,C00901,2025-08-02,Mobile App,Card,Completed
O002511,C01182,2025-08-31,Mobile App,SBP,Completed
O002512,C01191,2026-01-10,Mobile App,Card,Completed
O002513,C02151,2025-08-06,Mobile App,Card,Completed
O002514,C02407,2025-03-22,Website,SBP,Completed
O002515,C01616,2026-05-05,Website,Card,Completed
O002516,C02056,2025-09-05,Website,SBP,Completed
O002517,C00211,2026-05-22,Website,Card,Completed
O002518,C01899,2025-08-06,Mobile App,Card,Completed
O002519,C02026,2026-06-16,Mobile App,Card,Completed
O002520,C01788,2025-11-26,Website,Card,Completed
O002521,C01461,2026-02-24,Mobile App,SBP,Completed
O002522,C02249,2026-02-17,Mobile App,Card,Cancelled
O002523,C01634,2025-04-21,Mobile App,Card,Completed
O002524,C02116,2026-03-22,Marketplace,Card,Completed
O002525,C00451,2026-05-31,Website,SBP,Completed
O002526,C01664,2025-12-27,Website,SBP,Returned
O002527,C01094,2026-06-02,Website,Wallet,Completed
O002528,C02171,2026-04-07,Mobile App,SBP,Completed
O002529,C02202,2025-12-30,Website,Cash on Delivery,Completed
O002530,C02110,2025-09-18,Marketplace,Card,Completed
O002531,C00539,2026-04-14,Website,SBP,Completed
O002532,C01231,2025-04-12,Mobile App,Card,Completed
O002533,C00001,2025-11-03,Mobile App,Card,Returned
O002534,C02450,2026-03-22,Website,SBP,Completed
O002535,C00644,2026-05-31,Mobile App,Cash on Delivery,Completed
O002536,C01562,2025-05-26,Mobile App,SBP,Completed
O002537,C01219,2025-02-21,Mobile App,Card,Completed
O002538,C02262,2025-07-02,Mobile App,Card,Completed
O002539,C02054,2026-04-17,Mobile App,Card,Completed
O002540,C01943,2025-10-14,Website,SBP,Completed
O002541,C01609,2025-01-31,Mobile App,Card,Completed
O002542,C00299,2025-03-07,Website,Card,Completed
O002543,C02298,2025-07-05,Website,Card,Completed
O002544,C00157,2025-07-07,Website,Cash on Delivery,Completed
O002545,C01139,2025-03-15,Mobile App,Card,Returned
O002546,C00949,2025-09-27,Website,Card,Completed
O002547,C00978,2025-09-19,Marketplace,Card,Completed
O002548,C02444,2025-04-19,Website,Card,Cancelled
O002549,C00579,2025-05-07,Website,Card,Completed
O002550,C01450,2025-12-29,Website,SBP,Completed
O002551,C00546,2026-06-04,Website,Card,Cancelled
O002552,C02279,2026-06-29,Website,Card,Completed
O002553,C01841,2025-11-02,Mobile App,Card,Completed
O002554,C01038,2025-01-22,Website,Card,Completed
O002555,C00201,2026-05-06,Website,SBP,Completed
O002556,C00382,2026-06-03,Website,Card,Completed
O002557,C00607,2025-06-01,Website,SBP,Completed
O002558,C01016,2025-08-07,Marketplace,Card,Completed
O002559,C02215,2025-01-15,Website,Card,Completed
O002560,C00299,2026-03-14,Mobile App,Card,Completed
O002561,C01443,2026-02-28,Mobile App,SBP,Completed
O002562,C00869,2025-01-12,Website,Card,Completed
O002563,C00117,2026-01-19,Mobile App,Card,Completed
O002564,C01549,2025-08-13,Website,Wallet,Completed
O002565,C01761,2025-10-25,Marketplace,Card,Completed
O002566,C02399,2025-04-30,Mobile App,Card,Completed
O002567,C01267,2026-03-22,Website,Card,Completed
O002568,C00814,2025-08-09,Marketplace,Card,Returned
O002569,C02137,2026-04-04,Website,Card,Completed
O002570,C00619,2025-03-22,Marketplace,SBP,Completed
O002571,C01707,2025-11-17,Marketplace,SBP,Returned
O002572,C02359,2025-06-19,Website,SBP,Completed
O002573,C00012,2026-06-12,Website,Card,Completed
O002574,C02313,2025-11-01,Mobile App,Card,Completed
O002575,C00515,2026-01-28,Website,SBP,Completed
O002576,C01204,2025-02-17,Mobile App,Card,Completed
O002577,C00645,2026-01-05,Website,SBP,Completed
O002578,C00362,2025-02-25,Website,SBP,Completed
O002579,C01756,2025-07-17,Mobile App,Card,Completed
O002580,C01206,2025-05-02,Mobile App,Card,Completed
O002581,C01274,2025-01-02,Mobile App,SBP,Completed
O002582,C01210,2025-11-17,Mobile App,SBP,Completed
O002583,C01869,2025-05-12,Website,Card,Cancelled
O002584,C02416,2025-10-07,Website,Card,Completed
O002585,C01283,2026-02-22,Website,Card,Completed
O002586,C00389,2025-04-08,Website,SBP,Completed
O002587,C00819,2026-01-23,Website,Card,Completed
O002588,C01241,2025-06-12,Mobile App,Wallet,Cancelled
O002589,C00260,2025-06-30,Website,Cash on Delivery,Completed
O002590,C00573,2025-11-12,Website,Cash on Delivery,Completed
O002591,C00507,2025-12-08,Mobile App,Card,Completed
O002592,C02433,2025-12-24,Website,Card,Completed
O002593,C01002,2025-04-17,Marketplace,Wallet,Completed
O002594,C02198,2025-11-13,Website,SBP,Completed
O002595,C01379,2025-05-24,Website,Card,Completed
O002596,C01266,2025-06-01,Marketplace,Wallet,Completed
O002597,C02347,2026-06-02,Mobile App,SBP,Completed
O002598,C01730,2025-02-25,Mobile App,SBP,Completed
O002599,C00600,2025-08-14,Website,Cash on Delivery,Completed
O002600,C00705,2025-08-28,Website,Cash on Delivery,Completed
O002601,C01666,2025-05-14,Mobile App,Card,Completed
O002602,C00006,2026-03-05,Website,Card,Completed
O002603,C00382,2025-09-23,Mobile App,SBP,Completed
O002604,C00186,2026-01-28,Website,SBP,Completed
O002605,C01785,2025-07-31,Website,SBP,Completed
O002606,C01104,2026-05-05,Website,Card,Completed
O002607,C00029,2026-02-03,Mobile App,SBP,Returned
O002608,C01855,2025-07-01,Website,SBP,Completed
O002609,C01640,2026-06-10,Marketplace,Cash on Delivery,Completed
O002610,C01797,2026-04-18,Website,Wallet,Completed
O002611,C00409,2025-11-20,Mobile App,Card,Completed
O002612,C02188,2025-01-09,Website,SBP,Completed
O002613,C00451,2025-11-19,Mobile App,SBP,Completed
O002614,C01428,2026-01-13,Mobile App,Card,Completed
O002615,C01398,2025-07-19,Mobile App,Card,Completed
O002616,C00547,2025-03-20,Website,SBP,Completed
O002617,C00939,2025-11-05,Mobile App,SBP,Completed
O002618,C00131,2026-03-14,Website,Card,Completed
O002619,C01179,2025-06-24,Mobile App,Wallet,Completed
O002620,C01693,2025-09-07,Mobile App,Cash on Delivery,Completed
O002621,C00773,2025-01-01,Website,Wallet,Completed
O002622,C01345,2026-01-20,Mobile App,Cash on Delivery,Completed
O002623,C02384,2026-04-18,Mobile App,Card,Completed
O002624,C00587,2026-02-28,Website,Wallet,Completed
O002625,C00727,2025-08-23,Website,Cash on Delivery,Completed
O002626,C00300,2025-01-25,Website,SBP,Completed
O002627,C01356,2025-09-26,Mobile App,Card,Completed
O002628,C00510,2026-05-29,Mobile App,Card,Completed
O002629,C02136,2025-02-15,Website,Card,Completed
O002630,C00728,2025-04-27,Website,SBP,Completed
O002631,C01661,2026-04-03,Website,Card,Completed
O002632,C00474,2025-11-07,Website,Wallet,Completed
O002633,C00807,2025-04-04,Website,SBP,Completed
O002634,C00428,2025-01-14,Website,Card,Completed
O002635,C01382,2025-08-13,Website,Card,Completed
O002636,C00070,2025-11-21,Mobile App,SBP,Completed
O002637,C00208,2026-04-04,Mobile App,Card,Returned
O002638,C01254,2026-04-28,Website,Cash on Delivery,Cancelled
O002639,C01365,2025-09-07,Mobile App,Wallet,Completed
O002640,C00825,2025-08-19,Website,Card,Completed
O002641,C01079,2026-05-24,Website,SBP,Completed
O002642,C01042,2026-03-01,Marketplace,Wallet,Completed
O002643,C01895,2025-04-25,Mobile App,Wallet,Completed
O002644,C01117,2026-01-07,Website,SBP,Returned
O002645,C02120,2026-01-26,Website,Cash on Delivery,Completed
O002646,C00543,2025-05-08,Mobile App,SBP,Completed
O002647,C00500,2026-06-18,Website,Card,Completed
O002648,C01010,2025-06-12,Marketplace,SBP,Completed
O002649,C00204,2025-10-28,Website,SBP,Completed
O002650,C01678,2025-09-27,Website,Cash on Delivery,Completed
O002651,C00977,2026-01-13,Mobile App,Card,Completed
O002652,C00916,2026-05-08,Mobile App,Card,Completed
O002653,C01336,2025-08-03,Website,SBP,Cancelled
O002654,C00206,2025-07-29,Marketplace,Wallet,Completed
O002655,C00943,2026-02-15,Marketplace,SBP,Completed
O002656,C02431,2026-06-04,Website,Card,Completed
O002657,C01572,2026-05-12,Website,Wallet,Completed
O002658,C01435,2026-02-16,Website,SBP,Completed
O002659,C01265,2026-01-19,Mobile App,Wallet,Completed
O002660,C01172,2026-02-24,Mobile App,Wallet,Completed
O002661,C02342,2026-05-27,Website,Card,Completed
O002662,C02326,2025-01-06,Marketplace,Cash on Delivery,Completed
O002663,C01024,2025-11-18,Website,Card,Completed
O002664,C02312,2025-01-19,Mobile App,Cash on Delivery,Returned
O002665,C00207,2025-11-12,Mobile App,Card,Completed
O002666,C00800,2025-08-04,Website,Wallet,Completed
O002667,C00755,2025-06-16,Website,Card,Completed
O002668,C01744,2026-05-02,Website,Card,Completed
O002669,C01515,2026-01-23,Marketplace,Cash on Delivery,Completed
O002670,C01182,2025-11-06,Website,Card,Completed
O002671,C00641,2026-04-27,Mobile App,Card,Completed
O002672,C01268,2025-02-23,Mobile App,Wallet,Completed
O002673,C00673,2025-12-19,Website,Card,Completed
O002674,C01244,2025-03-27,Marketplace,SBP,Completed
O002675,C00849,2025-05-08,Website,Cash on Delivery,Completed
O002676,C02222,2025-04-12,Mobile App,Card,Completed
O002677,C01866,2025-10-25,Website,Card,Completed
O002678,C00439,2025-12-10,Website,SBP,Completed
O002679,C02351,2026-02-17,Website,SBP,Completed
O002680,C01647,2025-08-29,Website,Card,Completed
O002681,C00876,2026-05-28,Mobile App,SBP,Completed
O002682,C01327,2025-07-23,Website,Card,Completed
O002683,C00489,2025-03-27,Website,Card,Completed
O002684,C00118,2025-01-20,Website,Card,Cancelled
O002685,C01052,2025-03-11,Mobile App,Wallet,Completed
O002686,C01956,2025-09-01,Mobile App,Card,Completed
O002687,C00880,2025-08-14,Mobile App,Card,Cancelled
O002688,C00961,2026-04-12,Marketplace,Cash on Delivery,Completed
O002689,C02476,2025-03-10,Website,Card,Completed
O002690,C02469,2025-05-24,Website,Cash on Delivery,Completed
O002691,C01160,2026-06-20,Mobile App,Wallet,Completed
O002692,C00111,2025-01-16,Website,Card,Completed
O002693,C01699,2025-08-20,Mobile App,Card,Completed
O002694,C01787,2025-04-19,Mobile App,Card,Cancelled
O002695,C02285,2025-10-19,Website,Card,Returned
O002696,C02371,2026-06-16,Marketplace,Card,Completed
O002697,C01573,2025-05-04,Website,Card,Cancelled
O002698,C00268,2025-07-22,Mobile App,Card,Completed
O002699,C00624,2025-09-03,Website,Wallet,Returned
O002700,C01792,2026-03-12,Mobile App,Card,Completed
O002701,C01519,2026-06-22,Website,Card,Completed
O002702,C01090,2025-02-22,Marketplace,Card,Completed
O002703,C01005,2025-09-24,Marketplace,Card,Completed
O002704,C01774,2026-02-15,Mobile App,SBP,Completed
O002705,C01056,2025-01-05,Mobile App,SBP,Completed
O002706,C00387,2026-03-17,Mobile App,Card,Completed
O002707,C02449,2025-05-13,Mobile App,SBP,Cancelled
O002708,C00874,2025-10-11,Mobile App,Card,Completed
O002709,C00697,2026-06-19,Mobile App,Wallet,Completed
O002710,C00174,2025-12-13,Marketplace,Card,Returned
O002711,C01173,2026-06-25,Mobile App,SBP,Completed
O002712,C02466,2025-11-26,Website,Card,Completed
O002713,C00400,2025-04-25,Marketplace,Card,Completed
O002714,C00612,2026-01-14,Website,SBP,Completed
O002715,C00447,2025-12-02,Website,Card,Completed
O002716,C00236,2025-06-19,Marketplace,SBP,Completed
O002717,C01509,2025-02-11,Website,SBP,Completed
O002718,C00746,2025-12-20,Website,Card,Completed
O002719,C01878,2025-11-12,Mobile App,Cash on Delivery,Completed
O002720,C01002,2026-02-27,Mobile App,Card,Completed
O002721,C01592,2025-03-10,Website,Wallet,Completed
O002722,C00224,2025-10-22,Mobile App,Card,Completed
O002723,C00824,2026-03-23,Website,Card,Completed
O002724,C01036,2026-05-02,Website,Card,Completed
O002725,C00150,2026-05-29,Website,SBP,Completed
O002726,C01049,2025-04-26,Website,SBP,Completed
O002727,C01176,2025-04-05,Marketplace,SBP,Completed
O002728,C01010,2025-11-11,Mobile App,Card,Completed
O002729,C01261,2025-09-10,Mobile App,Card,Completed
O002730,C01994,2025-05-08,Marketplace,SBP,Completed
O002731,C01927,2025-02-25,Marketplace,Wallet,Completed
O002732,C00036,2025-03-20,Mobile App,Card,Completed
O002733,C01601,2025-07-05,Website,Wallet,Completed
O002734,C02261,2026-02-08,Mobile App,SBP,Completed
O002735,C02179,2025-02-05,Mobile App,SBP,Cancelled
O002736,C00809,2025-02-27,Website,SBP,Cancelled
O002737,C01958,2025-05-25,Website,Card,Completed
O002738,C02003,2026-04-23,Website,Card,Completed
O002739,C00915,2026-06-25,Mobile App,SBP,Completed
O002740,C02173,2025-08-29,Mobile App,Cash on Delivery,Completed
O002741,C01581,2025-01-25,Mobile App,Card,Completed
O002742,C01878,2025-01-07,Website,Card,Completed
O002743,C01869,2026-04-14,Website,Card,Completed
O002744,C01954,2025-08-31,Marketplace,Card,Completed
O002745,C02393,2025-02-12,Website,SBP,Cancelled
O002746,C02144,2026-04-01,Website,Card,Completed
O002747,C01056,2025-10-16,Mobile App,Card,Completed
O002748,C01406,2025-07-10,Mobile App,SBP,Completed
O002749,C01621,2025-09-04,Mobile App,Card,Cancelled
O002750,C02142,2025-05-03,Mobile App,Card,Completed
O002751,C00982,2026-05-24,Website,SBP,Completed
O002752,C00783,2026-03-07,Marketplace,Card,Completed
O002753,C01845,2025-04-19,Mobile App,Card,Completed
O002754,C02386,2026-02-06,Mobile App,Card,Completed
O002755,C02280,2025-04-09,Website,Card,Completed
O002756,C00370,2025-09-05,Mobile App,Wallet,Completed
O002757,C02299,2026-02-13,Website,SBP,Completed
O002758,C01973,2025-01-20,Website,Card,Completed
O002759,C00393,2026-02-01,Mobile App,Card,Completed
O002760,C00017,2025-05-04,Mobile App,Card,Cancelled
O002761,C00511,2026-01-17,Website,Wallet,Returned
O002762,C02324,2025-09-30,Marketplace,SBP,Completed
O002763,C01888,2025-01-15,Website,SBP,Completed
O002764,C01439,2026-02-20,Mobile App,Card,Completed
O002765,C01578,2025-05-22,Website,Cash on Delivery,Returned
O002766,C01034,2026-06-04,Website,Wallet,Completed
O002767,C02263,2026-04-04,Marketplace,Card,Completed
O002768,C00391,2025-04-16,Website,Card,Completed
O002769,C00785,2025-11-25,Marketplace,Card,Completed
O002770,C00502,2025-07-17,Website,SBP,Completed
O002771,C02121,2025-11-25,Mobile App,Card,Completed
O002772,C01351,2025-11-01,Website,Card,Completed
O002773,C01710,2025-06-11,Mobile App,SBP,Completed
O002774,C02299,2025-12-22,Marketplace,SBP,Completed
O002775,C00489,2025-05-23,Mobile App,Card,Completed
O002776,C02412,2026-05-11,Website,Card,Completed
O002777,C00317,2026-06-01,Mobile App,Card,Completed
O002778,C01886,2025-04-01,Mobile App,Card,Completed
O002779,C01757,2026-02-02,Website,Wallet,Completed
O002780,C02064,2026-05-23,Mobile App,SBP,Completed
O002781,C00397,2025-03-11,Mobile App,Cash on Delivery,Returned
O002782,C02400,2026-02-08,Mobile App,SBP,Completed
O002783,C01986,2026-05-27,Website,SBP,Completed
O002784,C00277,2025-05-03,Website,Card,Completed
O002785,C01393,2025-11-14,Marketplace,Card,Completed
O002786,C02044,2026-03-12,Mobile App,Wallet,Completed
O002787,C01193,2025-07-02,Mobile App,SBP,Completed
O002788,C00953,2025-05-10,Marketplace,Wallet,Completed
O002789,C00689,2025-08-05,Website,SBP,Completed
O002790,C01290,2025-07-03,Website,Card,Completed
O002791,C02460,2026-02-01,Mobile App,Card,Completed
O002792,C01519,2025-07-22,Mobile App,Card,Completed
O002793,C01806,2025-07-25,Marketplace,SBP,Completed
O002794,C01950,2026-05-31,Mobile App,Cash on Delivery,Completed
O002795,C01946,2025-11-12,Website,Wallet,Completed
O002796,C01002,2026-05-23,Website,Card,Returned
O002797,C01922,2026-01-23,Website,Card,Completed
O002798,C00821,2026-04-29,Marketplace,Card,Completed
O002799,C01461,2025-04-17,Website,Card,Completed
O002800,C00757,2026-05-28,Mobile App,Cash on Delivery,Completed
O002801,C02350,2026-05-31,Website,SBP,Completed
O002802,C01826,2025-01-23,Website,SBP,Returned
O002803,C01460,2025-07-14,Website,Wallet,Completed
O002804,C01129,2025-08-14,Mobile App,Card,Completed
O002805,C01301,2025-08-17,Website,Cash on Delivery,Completed
O002806,C01950,2026-03-02,Marketplace,SBP,Completed
O002807,C00685,2026-01-17,Marketplace,Card,Completed
O002808,C02072,2025-04-27,Website,SBP,Completed
O002809,C00705,2025-11-29,Marketplace,Card,Completed
O002810,C00355,2026-06-17,Website,SBP,Completed
O002811,C01843,2025-08-29,Website,Card,Completed
O002812,C01771,2026-05-22,Website,Card,Completed
O002813,C00837,2025-12-21,Mobile App,SBP,Completed
O002814,C01622,2026-05-21,Mobile App,Card,Completed
O002815,C01822,2026-05-08,Website,Card,Completed
O002816,C01970,2025-01-10,Mobile App,Wallet,Completed
O002817,C02382,2026-03-13,Mobile App,Card,Completed
O002818,C02136,2025-04-14,Mobile App,SBP,Returned
O002819,C01099,2026-03-27,Mobile App,SBP,Completed
O002820,C00576,2026-03-18,Mobile App,Card,Completed
O002821,C00244,2025-05-22,Mobile App,Cash on Delivery,Completed
O002822,C01435,2025-02-06,Website,Card,Completed
O002823,C01667,2025-08-17,Mobile App,Card,Completed
O002824,C01728,2025-06-15,Website,Card,Completed
O002825,C00024,2025-10-30,Mobile App,SBP,Completed
O002826,C01754,2025-02-14,Mobile App,Card,Completed
O002827,C01968,2025-01-25,Website,Card,Returned
O002828,C01805,2025-08-27,Website,SBP,Completed
O002829,C01315,2026-02-25,Mobile App,SBP,Completed
O002830,C00038,2025-06-21,Mobile App,Card,Completed
O002831,C01225,2025-06-26,Mobile App,Card,Completed
O002832,C01612,2025-03-31,Mobile App,Card,Completed
O002833,C01424,2025-06-04,Website,Card,Completed
O002834,C01437,2025-06-13,Website,SBP,Completed
O002835,C01292,2025-05-22,Mobile App,Card,Completed
O002836,C01381,2025-07-07,Website,Card,Completed
O002837,C00810,2025-06-04,Mobile App,Card,Completed
O002838,C01513,2026-01-07,Website,SBP,Completed
O002839,C00704,2025-07-04,Website,SBP,Completed
O002840,C01229,2026-02-17,Mobile App,Card,Completed
O002841,C01039,2025-11-27,Mobile App,SBP,Completed
O002842,C01786,2025-12-16,Mobile App,SBP,Completed
O002843,C02238,2025-11-15,Website,Card,Completed
O002844,C01584,2026-05-19,Mobile App,Card,Completed
O002845,C00339,2025-05-20,Mobile App,Card,Completed
O002846,C01669,2026-06-21,Mobile App,Wallet,Completed
O002847,C00812,2025-04-23,Mobile App,Card,Completed
O002848,C00124,2025-03-17,Website,Card,Completed
O002849,C00481,2026-03-28,Mobile App,SBP,Completed
O002850,C02499,2026-05-05,Mobile App,SBP,Completed
O002851,C01068,2025-02-20,Mobile App,Wallet,Completed
O002852,C00505,2025-11-24,Mobile App,Card,Completed
O002853,C00334,2025-10-08,Website,Card,Completed
O002854,C01626,2025-05-01,Marketplace,SBP,Completed
O002855,C01902,2025-10-12,Website,SBP,Completed
O002856,C00883,2026-01-10,Website,Cash on Delivery,Completed
O002857,C00259,2025-11-10,Mobile App,SBP,Completed
O002858,C00887,2025-10-11,Website,Card,Completed
O002859,C01664,2026-04-29,Marketplace,Card,Completed
O002860,C00285,2025-05-04,Website,Cash on Delivery,Completed
O002861,C00670,2025-12-07,Website,SBP,Completed
O002862,C00006,2025-06-22,Website,Card,Completed
O002863,C01181,2026-06-16,Website,Card,Completed
O002864,C00427,2025-05-18,Website,SBP,Completed
O002865,C00500,2026-04-21,Website,Card,Completed
O002866,C00283,2025-12-12,Website,SBP,Completed
O002867,C01826,2025-04-28,Website,SBP,Completed
O002868,C01224,2026-02-19,Website,Card,Completed
O002869,C02371,2025-05-12,Website,Cash on Delivery,Completed
O002870,C00988,2025-05-24,Website,Cash on Delivery,Completed
O002871,C00555,2025-07-08,Website,Card,Completed
O002872,C00511,2026-01-08,Website,Card,Completed
O002873,C02383,2025-08-02,Website,Wallet,Returned
O002874,C01475,2025-11-07,Website,Card,Completed
O002875,C00814,2025-10-29,Website,Cash on Delivery,Returned
O002876,C01636,2025-04-18,Marketplace,Card,Completed
O002877,C01395,2025-05-07,Website,SBP,Completed
O002878,C00287,2025-06-17,Website,SBP,Completed
O002879,C01754,2025-05-02,Mobile App,Card,Completed
O002880,C00298,2026-05-17,Mobile App,SBP,Completed
O002881,C00499,2025-07-28,Website,Card,Completed
O002882,C01784,2025-08-10,Mobile App,Card,Completed
O002883,C01112,2026-01-02,Mobile App,Card,Completed
O002884,C00556,2026-03-07,Marketplace,Card,Returned
O002885,C00170,2026-01-11,Marketplace,Card,Returned
O002886,C01485,2025-10-28,Mobile App,Card,Completed
O002887,C01743,2026-06-17,Mobile App,Card,Completed
O002888,C00508,2026-05-07,Website,Card,Completed
O002889,C01042,2025-04-21,Marketplace,Card,Completed
O002890,C00861,2025-03-29,Mobile App,Wallet,Returned
O002891,C02230,2025-08-03,Website,Card,Completed
O002892,C01978,2026-04-02,Website,SBP,Completed
O002893,C00685,2026-06-11,Mobile App,Card,Completed
O002894,C01284,2026-01-19,Mobile App,Card,Completed
O002895,C02310,2026-01-12,Mobile App,Card,Returned
O002896,C00865,2025-05-08,Website,Card,Returned
O002897,C00353,2025-11-20,Mobile App,SBP,Completed
O002898,C00746,2025-04-11,Website,SBP,Completed
O002899,C01518,2025-10-22,Mobile App,Card,Returned
O002900,C02481,2025-04-16,Website,Card,Completed
O002901,C00770,2025-02-11,Website,Wallet,Completed
O002902,C00147,2026-06-13,Website,Card,Completed
O002903,C00455,2026-05-03,Website,Wallet,Completed
O002904,C01032,2026-01-10,Website,SBP,Completed
O002905,C00235,2025-12-08,Mobile App,Card,Cancelled
O002906,C00088,2025-05-12,Website,Card,Cancelled
O002907,C01640,2025-11-09,Mobile App,Card,Completed
O002908,C02061,2026-02-13,Mobile App,SBP,Returned
O002909,C00583,2025-10-22,Website,Cash on Delivery,Completed
O002910,C01307,2025-06-03,Marketplace,Card,Completed
O002911,C01433,2025-08-02,Mobile App,Cash on Delivery,Completed
O002912,C01670,2026-04-05,Mobile App,Card,Completed
O002913,C02449,2025-05-20,Mobile App,Card,Cancelled
O002914,C02214,2026-06-09,Mobile App,SBP,Completed
O002915,C00790,2026-02-17,Marketplace,Cash on Delivery,Cancelled
O002916,C02440,2026-05-02,Website,Card,Completed
O002917,C00088,2025-10-06,Website,Wallet,Completed
O002918,C02405,2025-05-03,Mobile App,Card,Completed
O002919,C00358,2025-01-19,Website,Wallet,Completed
O002920,C00285,2025-10-20,Mobile App,Wallet,Completed
O002921,C00299,2025-08-06,Website,SBP,Completed
O002922,C00306,2025-03-04,Website,SBP,Completed
O002923,C01159,2026-05-23,Marketplace,Card,Completed
O002924,C01601,2026-06-14,Website,Cash on Delivery,Completed
O002925,C01862,2025-07-24,Website,SBP,Completed
O002926,C00040,2025-12-31,Mobile App,Card,Completed
O002927,C00742,2025-08-14,Mobile App,Wallet,Cancelled
O002928,C00331,2025-09-29,Mobile App,SBP,Completed
O002929,C00365,2025-12-07,Website,SBP,Completed
O002930,C01867,2025-08-16,Marketplace,SBP,Completed
O002931,C01602,2026-03-14,Mobile App,Card,Completed
O002932,C00525,2025-04-14,Mobile App,Card,Completed
O002933,C00753,2025-12-31,Website,Card,Completed
O002934,C02313,2026-06-21,Website,Wallet,Completed
O002935,C01438,2026-04-10,Mobile App,SBP,Completed
O002936,C00598,2025-01-25,Mobile App,Wallet,Completed
O002937,C02335,2025-03-04,Website,Card,Completed
O002938,C00497,2025-12-10,Mobile App,Cash on Delivery,Completed
O002939,C00729,2026-05-20,Mobile App,Card,Completed
O002940,C01732,2026-04-06,Website,Card,Completed
O002941,C01282,2026-05-09,Mobile App,Cash on Delivery,Completed
O002942,C00174,2025-03-23,Website,SBP,Completed
O002943,C02018,2025-10-11,Marketplace,Cash on Delivery,Completed
O002944,C00571,2026-02-01,Mobile App,SBP,Completed
O002945,C01730,2025-12-08,Mobile App,Card,Completed
O002946,C00836,2026-03-01,Marketplace,Card,Completed
O002947,C01879,2025-04-27,Mobile App,Wallet,Completed
O002948,C02246,2025-09-07,Website,Card,Completed
O002949,C01932,2025-09-02,Mobile App,SBP,Completed
O002950,C02303,2026-05-29,Marketplace,Card,Completed
O002951,C01350,2025-04-21,Website,Card,Completed
O002952,C00163,2025-06-28,Mobile App,Wallet,Completed
O002953,C01341,2025-01-12,Website,Cash on Delivery,Completed
O002954,C01154,2025-03-24,Mobile App,Card,Completed
O002955,C01798,2026-06-20,Mobile App,Card,Completed
O002956,C00622,2026-04-08,Marketplace,Card,Completed
O002957,C01745,2025-05-22,Mobile App,Card,Completed
O002958,C01105,2026-01-19,Website,Wallet,Completed
O002959,C01676,2025-11-20,Mobile App,Card,Completed
O002960,C01050,2026-05-10,Marketplace,Card,Cancelled
O002961,C00956,2025-06-13,Website,SBP,Cancelled
O002962,C00536,2026-06-27,Website,Wallet,Completed
O002963,C02072,2025-07-22,Mobile App,Card,Completed
O002964,C00172,2026-01-27,Mobile App,Wallet,Cancelled
O002965,C00591,2025-08-06,Website,Card,Completed
O002966,C01067,2026-01-02,Website,Card,Completed
O002967,C00390,2025-07-02,Website,Wallet,Returned
O002968,C02292,2026-04-06,Mobile App,Card,Completed
O002969,C00863,2025-12-15,Mobile App,Cash on Delivery,Returned
O002970,C00606,2025-06-07,Mobile App,SBP,Completed
O002971,C00635,2026-06-09,Mobile App,Wallet,Completed
O002972,C00480,2026-01-23,Website,Card,Completed
O002973,C01658,2025-08-23,Mobile App,Card,Completed
O002974,C01204,2025-03-16,Website,Wallet,Cancelled
O002975,C00578,2026-06-16,Website,Wallet,Completed
O002976,C02184,2026-02-17,Mobile App,Wallet,Cancelled
O002977,C01642,2025-12-31,Mobile App,Card,Completed
O002978,C01008,2026-03-31,Marketplace,SBP,Returned
O002979,C01284,2025-11-28,Website,Card,Completed
O002980,C01641,2025-05-07,Website,Card,Completed
O002981,C00382,2025-05-10,Website,SBP,Completed
O002982,C02021,2025-02-13,Mobile App,SBP,Completed
O002983,C00646,2025-02-04,Website,Card,Completed
O002984,C00074,2026-02-02,Marketplace,Card,Cancelled
O002985,C01305,2026-04-11,Mobile App,Wallet,Returned
O002986,C02192,2025-03-31,Mobile App,Cash on Delivery,Completed
O002987,C01833,2025-11-10,Website,Card,Completed
O002988,C00772,2025-03-09,Website,Wallet,Completed
O002989,C00996,2025-08-15,Mobile App,Wallet,Completed
O002990,C01490,2026-03-08,Mobile App,Card,Completed
O002991,C00583,2026-03-20,Marketplace,SBP,Completed
O002992,C02051,2026-06-03,Mobile App,Cash on Delivery,Completed
O002993,C00738,2025-06-19,Website,SBP,Returned
O002994,C00542,2026-06-03,Website,Card,Completed
O002995,C00238,2026-03-04,Website,SBP,Completed
O002996,C01734,2025-07-04,Marketplace,SBP,Completed
O002997,C00063,2025-06-29,Mobile App,SBP,Returned
O002998,C02014,2025-02-28,Mobile App,Card,Completed
O002999,C02433,2026-05-18,Mobile App,Card,Cancelled
O003000,C00278,2025-04-22,Website,Wallet,Cancelled
O003001,C00242,2025-05-27,Mobile App,Card,Completed
O003002,C02337,2025-08-14,Mobile App,Cash on Delivery,Completed
O003003,C00313,2025-03-17,Website,Card,Completed
O003004,C01020,2026-03-17,Mobile App,Wallet,Completed
O003005,C02178,2026-01-17,Mobile App,Card,Completed
O003006,C00348,2025-03-27,Marketplace,Wallet,Completed
O003007,C01659,2025-03-30,Website,Wallet,Completed
O003008,C00957,2025-01-13,Marketplace,Card,Completed
O003009,C01091,2026-06-03,Marketplace,Card,Completed
O003010,C02328,2025-08-26,Marketplace,Wallet,Completed
O003011,C01623,2025-12-24,Website,SBP,Completed
O003012,C00799,2025-03-23,Website,SBP,Completed
O003013,C02338,2025-05-07,Mobile App,Card,Completed
O003014,C01452,2025-10-23,Website,Wallet,Completed
O003015,C00249,2025-04-25,Website,SBP,Returned
O003016,C00982,2025-12-01,Mobile App,Card,Completed
O003017,C00610,2026-05-20,Website,Card,Completed
O003018,C01607,2025-06-16,Website,Card,Completed
O003019,C02151,2025-11-28,Marketplace,Wallet,Completed
O003020,C00098,2026-05-15,Website,Wallet,Completed
O003021,C01952,2026-05-03,Marketplace,Card,Completed
O003022,C02291,2025-01-05,Website,Card,Completed
O003023,C02486,2025-03-02,Website,Card,Completed
O003024,C01653,2026-06-23,Website,Card,Completed
O003025,C00785,2026-05-21,Website,Cash on Delivery,Completed
O003026,C00364,2025-06-25,Website,SBP,Completed
O003027,C02363,2025-10-11,Mobile App,Card,Completed
O003028,C01032,2025-11-09,Marketplace,Card,Completed
O003029,C00860,2025-12-31,Website,Card,Completed
O003030,C01835,2026-02-14,Website,SBP,Completed
O003031,C01788,2025-07-23,Mobile App,Card,Completed
O003032,C02024,2026-05-01,Mobile App,Card,Completed
O003033,C02207,2025-02-02,Website,Cash on Delivery,Completed
O003034,C02193,2025-01-18,Website,SBP,Completed
O003035,C00427,2026-06-08,Website,Wallet,Completed
O003036,C00425,2025-04-07,Mobile App,Card,Completed
O003037,C00515,2026-06-28,Website,Card,Completed
O003038,C01569,2025-06-06,Mobile App,Wallet,Completed
O003039,C01453,2025-07-19,Website,Wallet,Completed
O003040,C02144,2025-01-16,Website,SBP,Completed
O003041,C02110,2026-05-31,Mobile App,SBP,Completed
O003042,C02034,2025-07-16,Website,Card,Completed
O003043,C00198,2025-04-02,Marketplace,SBP,Completed
O003044,C01740,2025-09-21,Mobile App,Card,Completed
O003045,C02128,2025-03-26,Marketplace,Card,Completed
O003046,C02456,2026-03-08,Mobile App,Card,Completed
O003047,C00858,2025-02-09,Website,Card,Completed
O003048,C01942,2025-09-30,Website,Card,Completed
O003049,C01016,2025-08-02,Mobile App,Card,Completed
O003050,C00402,2025-01-21,Mobile App,Card,Completed
O003051,C00850,2025-01-29,Website,Wallet,Completed
O003052,C00629,2025-10-11,Website,Cash on Delivery,Returned
O003053,C02279,2025-08-04,Website,Card,Cancelled
O003054,C00440,2025-03-12,Website,Card,Completed
O003055,C00327,2025-03-17,Website,Wallet,Completed
O003056,C01450,2026-03-16,Mobile App,Card,Completed
O003057,C01436,2026-02-03,Marketplace,SBP,Completed
O003058,C01403,2025-11-28,Website,Card,Completed
O003059,C00371,2026-04-01,Website,SBP,Completed
O003060,C01247,2025-02-07,Website,Card,Completed
O003061,C02322,2026-01-11,Website,SBP,Completed
O003062,C00225,2026-02-15,Mobile App,Card,Completed
O003063,C01995,2025-04-20,Website,Card,Completed
O003064,C00315,2025-10-20,Marketplace,Card,Completed
O003065,C00585,2026-02-23,Marketplace,Card,Completed
O003066,C02246,2025-11-26,Mobile App,Cash on Delivery,Completed
O003067,C00745,2025-05-17,Marketplace,Card,Completed
O003068,C01307,2025-12-29,Mobile App,Card,Completed
O003069,C00954,2026-02-19,Marketplace,SBP,Completed
O003070,C01536,2025-01-06,Website,Card,Completed
O003071,C01014,2025-11-06,Marketplace,Wallet,Returned
O003072,C01110,2025-10-03,Website,Wallet,Completed
O003073,C02044,2025-07-20,Website,Card,Cancelled
O003074,C01386,2025-01-25,Marketplace,SBP,Completed
O003075,C01412,2025-02-15,Website,SBP,Returned
O003076,C02014,2026-02-14,Website,Card,Cancelled
O003077,C01070,2026-03-28,Website,SBP,Completed
O003078,C02059,2025-08-17,Website,Card,Completed
O003079,C01799,2026-05-29,Website,Card,Completed
O003080,C02210,2026-05-22,Website,SBP,Completed
O003081,C01145,2025-12-30,Mobile App,SBP,Completed
O003082,C01397,2025-11-14,Mobile App,SBP,Completed
O003083,C00321,2026-06-11,Website,Card,Completed
O003084,C00279,2025-11-29,Mobile App,SBP,Completed
O003085,C00269,2026-05-26,Mobile App,Card,Returned
O003086,C01583,2026-06-19,Mobile App,SBP,Completed
O003087,C00815,2025-04-17,Mobile App,Card,Completed
O003088,C00723,2025-12-27,Marketplace,SBP,Completed
O003089,C01508,2026-02-04,Website,Card,Completed
O003090,C00996,2026-03-24,Mobile App,Card,Completed
O003091,C00338,2025-07-10,Marketplace,Card,Completed
O003092,C01394,2026-04-16,Mobile App,Card,Cancelled
O003093,C01376,2025-09-24,Website,Card,Completed
O003094,C00350,2025-07-31,Mobile App,Card,Completed
O003095,C00675,2025-03-27,Mobile App,Card,Completed
O003096,C00594,2025-06-25,Website,SBP,Completed
O003097,C01739,2026-06-17,Mobile App,Cash on Delivery,Completed
O003098,C00623,2026-01-27,Mobile App,Wallet,Completed
O003099,C00071,2026-02-01,Mobile App,Cash on Delivery,Completed
O003100,C00667,2026-05-05,Website,Cash on Delivery,Completed
O003101,C01173,2025-05-26,Mobile App,Card,Cancelled
O003102,C01924,2025-12-28,Mobile App,Card,Completed
O003103,C00131,2025-07-22,Website,Card,Completed
O003104,C02204,2026-04-09,Mobile App,Card,Returned
O003105,C00827,2025-08-19,Website,Wallet,Completed
O003106,C00857,2026-04-12,Marketplace,Wallet,Completed
O003107,C00039,2026-02-13,Mobile App,SBP,Completed
O003108,C00691,2026-02-26,Mobile App,Wallet,Cancelled
O003109,C01173,2026-05-21,Mobile App,SBP,Completed
O003110,C01566,2026-03-08,Website,Card,Returned
O003111,C01918,2025-06-25,Mobile App,Card,Completed
O003112,C01307,2025-10-12,Website,Cash on Delivery,Completed
O003113,C00251,2025-09-15,Mobile App,SBP,Completed
O003114,C00979,2025-02-05,Website,Card,Completed
O003115,C01839,2025-11-20,Mobile App,Card,Completed
O003116,C01599,2025-08-27,Mobile App,Wallet,Completed
O003117,C01461,2025-08-03,Website,Wallet,Completed
O003118,C01271,2025-03-01,Website,SBP,Completed
O003119,C01262,2025-10-03,Website,Cash on Delivery,Completed
O003120,C02483,2025-11-13,Website,Card,Completed
O003121,C01499,2025-02-27,Website,Cash on Delivery,Completed
O003122,C01493,2025-12-13,Marketplace,SBP,Completed
O003123,C00840,2025-04-02,Marketplace,SBP,Completed
O003124,C01226,2025-03-21,Marketplace,Wallet,Returned
O003125,C01776,2025-08-08,Website,Wallet,Completed
O003126,C02146,2025-08-01,Website,Card,Completed
O003127,C01950,2026-05-15,Mobile App,Wallet,Completed
O003128,C01656,2025-02-06,Mobile App,SBP,Completed
O003129,C01946,2025-07-10,Mobile App,Card,Completed
O003130,C00083,2026-02-06,Mobile App,SBP,Completed
O003131,C00674,2025-05-17,Mobile App,Card,Completed
O003132,C00608,2026-06-20,Mobile App,SBP,Completed
O003133,C01635,2026-02-10,Marketplace,Card,Completed
O003134,C01884,2026-06-01,Website,Card,Completed
O003135,C00371,2026-06-03,Mobile App,Card,Completed
O003136,C00483,2025-03-01,Mobile App,SBP,Completed
O003137,C01239,2025-09-08,Website,Card,Completed
O003138,C02421,2026-02-11,Marketplace,SBP,Completed
O003139,C00007,2025-01-05,Marketplace,SBP,Completed
O003140,C02199,2025-09-04,Mobile App,Card,Returned
O003141,C00484,2026-01-11,Website,Card,Completed
O003142,C00672,2026-03-09,Website,Card,Completed
O003143,C01580,2025-08-15,Mobile App,Wallet,Completed
O003144,C01822,2026-04-17,Website,Cash on Delivery,Completed
O003145,C02186,2026-01-03,Website,Card,Completed
O003146,C00014,2025-01-25,Website,Card,Completed
O003147,C00123,2025-06-01,Website,SBP,Completed
O003148,C01196,2026-05-28,Mobile App,Card,Completed
O003149,C01397,2025-01-02,Mobile App,Card,Completed
O003150,C00653,2025-02-28,Website,Card,Completed
O003151,C01592,2025-07-08,Mobile App,SBP,Completed
O003152,C00664,2026-06-27,Website,Card,Completed
O003153,C02331,2026-01-20,Website,Wallet,Completed
O003154,C00444,2025-03-22,Mobile App,Card,Completed
O003155,C01638,2025-08-03,Mobile App,Card,Completed
O003156,C01326,2026-05-28,Website,Cash on Delivery,Completed
O003157,C00258,2025-04-30,Mobile App,Card,Returned
O003158,C01513,2025-11-11,Website,Card,Completed
O003159,C00367,2025-09-11,Mobile App,Card,Completed
O003160,C01349,2026-02-20,Website,SBP,Completed
O003161,C01590,2026-02-15,Mobile App,SBP,Returned
O003162,C00181,2026-03-31,Mobile App,SBP,Completed
O003163,C00540,2025-03-07,Website,Card,Completed
O003164,C00740,2025-09-05,Mobile App,Card,Completed
O003165,C02321,2026-01-13,Mobile App,Card,Completed
O003166,C00553,2025-08-17,Website,Card,Completed
O003167,C02302,2025-12-31,Mobile App,Card,Completed
O003168,C01335,2025-12-14,Mobile App,Card,Completed
O003169,C02372,2025-07-22,Website,SBP,Completed
O003170,C02079,2025-02-24,Marketplace,SBP,Completed
O003171,C00733,2026-06-14,Website,SBP,Completed
O003172,C01400,2026-03-27,Mobile App,SBP,Completed
O003173,C01793,2026-05-04,Marketplace,Card,Completed
O003174,C00196,2025-06-13,Marketplace,SBP,Completed
O003175,C01658,2025-06-22,Mobile App,Card,Cancelled
O003176,C01150,2025-06-26,Mobile App,SBP,Completed
O003177,C00090,2025-01-17,Website,Card,Completed
O003178,C02168,2025-04-03,Website,SBP,Completed
O003179,C00664,2025-06-18,Marketplace,Wallet,Completed
O003180,C02186,2026-06-24,Website,Card,Completed
O003181,C00517,2025-04-22,Mobile App,Card,Completed
O003182,C01355,2025-10-05,Website,Wallet,Completed
O003183,C00928,2025-10-26,Website,Card,Completed
O003184,C02233,2025-07-16,Website,Card,Completed
O003185,C02383,2026-05-17,Mobile App,Card,Completed
O003186,C01926,2025-02-20,Website,Card,Completed
O003187,C02115,2026-04-21,Website,SBP,Completed
O003188,C01923,2026-02-11,Marketplace,Wallet,Completed
O003189,C00734,2025-06-16,Mobile App,SBP,Completed
O003190,C02301,2026-02-24,Mobile App,Card,Completed
O003191,C01326,2025-08-23,Website,SBP,Completed
O003192,C00859,2026-06-14,Website,Wallet,Completed
O003193,C00481,2025-01-20,Mobile App,Card,Completed
O003194,C01775,2025-01-17,Website,SBP,Completed
O003195,C00694,2025-10-25,Website,Card,Completed
O003196,C01632,2026-05-24,Marketplace,Card,Completed
O003197,C00163,2025-02-04,Website,SBP,Completed
O003198,C01588,2026-03-01,Marketplace,Wallet,Completed
O003199,C01607,2026-05-28,Website,Wallet,Cancelled
O003200,C01312,2025-09-23,Website,Card,Completed
O003201,C01643,2026-04-19,Website,Card,Completed
O003202,C02485,2026-02-18,Marketplace,Card,Completed
O003203,C02097,2025-04-27,Mobile App,Card,Completed
O003204,C01099,2026-04-12,Mobile App,Card,Completed
O003205,C02179,2026-01-17,Website,SBP,Cancelled
O003206,C02387,2025-01-07,Marketplace,SBP,Completed
O003207,C00401,2025-11-07,Mobile App,Card,Completed
O003208,C00898,2025-12-24,Mobile App,Card,Completed
O003209,C01858,2026-03-14,Mobile App,Card,Completed
O003210,C01288,2026-02-26,Mobile App,SBP,Cancelled
O003211,C00337,2025-09-17,Mobile App,Card,Completed
O003212,C01182,2025-06-13,Website,Card,Completed
O003213,C00935,2025-04-15,Marketplace,Card,Cancelled
O003214,C01848,2025-02-18,Website,Card,Completed
O003215,C01289,2025-12-16,Marketplace,Card,Completed
O003216,C00350,2026-06-09,Website,Wallet,Completed
O003217,C00124,2025-02-13,Website,Card,Completed
O003218,C00719,2026-01-19,Website,Card,Completed
O003219,C00392,2025-11-16,Mobile App,Card,Completed
O003220,C02191,2025-04-04,Website,Card,Completed
O003221,C00678,2025-04-27,Mobile App,Wallet,Completed
O003222,C01587,2025-06-05,Mobile App,SBP,Completed
O003223,C00319,2026-01-09,Website,Card,Completed
O003224,C01105,2025-06-13,Mobile App,SBP,Completed
O003225,C02336,2026-03-29,Mobile App,Card,Completed
O003226,C01609,2025-07-21,Marketplace,Card,Completed
O003227,C00721,2025-03-01,Website,Card,Cancelled
O003228,C01870,2025-02-22,Marketplace,Wallet,Completed
O003229,C01253,2025-08-07,Website,SBP,Completed
O003230,C00588,2025-08-11,Mobile App,Card,Completed
O003231,C02492,2026-02-05,Mobile App,SBP,Completed
O003232,C02344,2025-09-19,Website,Card,Completed
O003233,C01417,2025-03-31,Website,Card,Completed
O003234,C00083,2025-04-27,Mobile App,Card,Completed
O003235,C01029,2025-11-06,Website,Card,Completed
O003236,C01285,2025-07-02,Website,Card,Completed
O003237,C02325,2026-01-02,Website,Wallet,Completed
O003238,C01833,2026-05-19,Mobile App,Card,Completed
O003239,C00557,2025-07-13,Website,Card,Completed
O003240,C01276,2025-10-29,Mobile App,Card,Completed
O003241,C00449,2026-03-31,Marketplace,Card,Completed
O003242,C01185,2025-04-25,Mobile App,Card,Completed
O003243,C01339,2025-10-06,Mobile App,Card,Completed
O003244,C01275,2025-06-16,Mobile App,Card,Completed
O003245,C01069,2025-12-09,Website,Card,Completed
O003246,C01094,2026-02-10,Website,Card,Completed
O003247,C01993,2025-03-18,Website,SBP,Completed
O003248,C01265,2025-04-13,Website,Cash on Delivery,Completed
O003249,C00106,2025-01-13,Website,Card,Completed
O003250,C01853,2025-01-07,Mobile App,SBP,Completed
O003251,C01545,2025-01-28,Website,SBP,Completed
O003252,C01740,2026-01-21,Website,SBP,Completed
O003253,C01777,2026-05-09,Marketplace,SBP,Completed
O003254,C00433,2025-08-12,Website,Card,Completed
O003255,C02430,2026-04-27,Mobile App,Cash on Delivery,Completed
O003256,C02476,2026-02-03,Website,Card,Completed
O003257,C00365,2026-03-17,Mobile App,Card,Completed
O003258,C00548,2026-02-08,Website,SBP,Completed
O003259,C00616,2025-04-19,Website,Wallet,Completed
O003260,C02417,2025-10-13,Mobile App,Card,Completed
O003261,C02332,2025-10-14,Mobile App,Cash on Delivery,Completed
O003262,C00663,2025-12-17,Website,SBP,Completed
O003263,C01577,2026-03-11,Website,SBP,Cancelled
O003264,C00609,2025-03-03,Mobile App,Wallet,Completed
O003265,C00096,2026-01-04,Website,SBP,Completed
O003266,C00576,2026-03-31,Mobile App,SBP,Completed
O003267,C00194,2025-03-05,Mobile App,SBP,Completed
O003268,C02120,2025-08-15,Mobile App,Card,Completed
O003269,C01964,2026-05-04,Mobile App,Cash on Delivery,Completed
O003270,C00461,2025-01-14,Website,Wallet,Completed
O003271,C01419,2025-03-29,Marketplace,SBP,Completed
O003272,C00513,2026-03-15,Mobile App,Card,Cancelled
O003273,C01414,2025-04-04,Website,Card,Completed
O003274,C02240,2026-01-19,Mobile App,Card,Completed
O003275,C02200,2026-05-07,Mobile App,Card,Completed
O003276,C02083,2025-09-30,Website,SBP,Completed
O003277,C00603,2025-09-22,Marketplace,Wallet,Completed
O003278,C00477,2025-08-23,Marketplace,SBP,Cancelled
O003279,C00402,2025-07-23,Website,Card,Completed
O003280,C00318,2025-07-27,Mobile App,Cash on Delivery,Completed
O003281,C01535,2025-10-30,Mobile App,Wallet,Completed
O003282,C01647,2026-05-04,Marketplace,SBP,Completed
O003283,C02207,2026-06-20,Mobile App,Card,Completed
O003284,C00226,2026-04-18,Website,SBP,Completed
O003285,C00664,2025-03-07,Mobile App,Card,Completed
O003286,C01820,2025-06-17,Website,Card,Completed
O003287,C01704,2026-02-18,Mobile App,SBP,Completed
O003288,C01069,2025-10-25,Mobile App,SBP,Completed
O003289,C00381,2025-07-02,Mobile App,Card,Completed
O003290,C01211,2025-06-19,Website,Cash on Delivery,Completed
O003291,C00430,2025-03-05,Mobile App,Wallet,Cancelled
O003292,C01339,2025-07-01,Mobile App,SBP,Completed
O003293,C02254,2025-08-19,Website,Card,Cancelled
O003294,C00490,2025-08-16,Website,Card,Completed
O003295,C00295,2025-10-27,Website,SBP,Completed
O003296,C01845,2025-05-30,Marketplace,Wallet,Completed
O003297,C00061,2025-04-23,Mobile App,Card,Completed
O003298,C02459,2026-04-30,Mobile App,Card,Completed
O003299,C01938,2025-08-10,Mobile App,Card,Completed
O003300,C01009,2025-05-20,Mobile App,Card,Completed
O003301,C00907,2025-12-14,Mobile App,SBP,Completed
O003302,C00968,2025-10-24,Website,Card,Completed
O003303,C00992,2025-11-11,Website,Card,Completed
O003304,C02099,2025-05-01,Website,Card,Completed
O003305,C02000,2026-01-30,Mobile App,Wallet,Returned
O003306,C00512,2025-04-15,Mobile App,Card,Completed
O003307,C00450,2026-04-02,Mobile App,Card,Returned
O003308,C01352,2025-08-20,Mobile App,SBP,Completed
O003309,C01626,2025-08-12,Mobile App,Cash on Delivery,Completed
O003310,C01818,2025-08-01,Marketplace,Card,Completed
O003311,C00784,2025-08-19,Mobile App,Card,Completed
O003312,C01207,2025-12-30,Website,SBP,Completed
O003313,C00261,2025-09-29,Website,Card,Completed
O003314,C01140,2025-03-11,Mobile App,Wallet,Completed
O003315,C01719,2025-11-06,Mobile App,SBP,Completed
O003316,C00762,2025-05-26,Mobile App,Card,Completed
O003317,C00797,2025-03-01,Website,Wallet,Completed
O003318,C01156,2026-04-04,Mobile App,SBP,Completed
O003319,C02167,2025-06-20,Website,Card,Completed
O003320,C01511,2025-11-21,Website,Card,Completed
O003321,C02298,2025-04-04,Mobile App,SBP,Completed
O003322,C00155,2025-07-05,Mobile App,Wallet,Completed
O003323,C02123,2025-07-30,Website,Card,Completed
O003324,C00110,2025-03-15,Website,Card,Completed
O003325,C00806,2026-06-16,Mobile App,Cash on Delivery,Completed
O003326,C01067,2025-06-20,Website,Card,Completed
O003327,C00592,2025-11-15,Website,Card,Completed
O003328,C02474,2025-11-05,Mobile App,Card,Completed
O003329,C02233,2025-08-23,Mobile App,SBP,Completed
O003330,C01429,2025-11-16,Website,SBP,Completed
O003331,C01133,2025-11-06,Mobile App,Card,Completed
O003332,C01905,2025-02-13,Mobile App,Card,Completed
O003333,C01770,2026-01-01,Website,SBP,Returned
O003334,C01202,2025-03-04,Website,SBP,Completed
O003335,C02068,2025-08-26,Website,Card,Completed
O003336,C00483,2025-07-19,Website,Card,Completed
O003337,C00695,2025-09-02,Mobile App,SBP,Returned
O003338,C00045,2025-02-09,Mobile App,Card,Completed
O003339,C00298,2026-01-18,Marketplace,Card,Completed
O003340,C00497,2025-08-17,Website,Wallet,Completed
O003341,C01563,2025-02-03,Mobile App,Wallet,Returned
O003342,C02139,2025-01-02,Mobile App,Card,Completed
O003343,C01476,2025-10-22,Mobile App,Wallet,Completed
O003344,C01114,2025-12-30,Marketplace,SBP,Cancelled
O003345,C00676,2025-10-26,Mobile App,Cash on Delivery,Completed
O003346,C00254,2026-01-29,Mobile App,Cash on Delivery,Completed
O003347,C01462,2026-02-18,Marketplace,SBP,Completed
O003348,C00353,2026-04-22,Marketplace,Card,Completed
O003349,C01976,2026-06-21,Marketplace,Card,Completed
O003350,C01023,2026-04-29,Website,SBP,Completed
O003351,C00876,2026-03-11,Website,Card,Returned
O003352,C00067,2025-08-24,Website,SBP,Cancelled
O003353,C00606,2025-10-03,Mobile App,Card,Completed
O003354,C00034,2025-12-03,Website,Wallet,Completed
O003355,C01813,2025-04-03,Website,Cash on Delivery,Completed
O003356,C01225,2026-01-05,Mobile App,Card,Completed
O003357,C01965,2025-11-18,Website,SBP,Cancelled
O003358,C01414,2025-10-12,Mobile App,Wallet,Returned
O003359,C02386,2026-04-01,Website,SBP,Completed
O003360,C01960,2026-01-11,Mobile App,Cash on Delivery,Completed
O003361,C00369,2026-05-25,Website,Card,Completed
O003362,C00292,2026-06-18,Mobile App,Card,Completed
O003363,C02224,2026-03-27,Mobile App,Card,Completed
O003364,C00673,2025-06-12,Website,Card,Completed
O003365,C01913,2025-04-14,Website,Card,Completed
O003366,C01572,2025-06-13,Mobile App,SBP,Completed
O003367,C01755,2026-01-25,Mobile App,SBP,Completed
O003368,C00667,2026-04-17,Website,Card,Completed
O003369,C00783,2026-04-26,Mobile App,Card,Completed
O003370,C01388,2026-01-09,Website,Card,Completed
O003371,C00056,2026-01-07,Mobile App,Card,Completed
O003372,C00780,2026-06-04,Mobile App,SBP,Completed
O003373,C01269,2026-01-10,Mobile App,Card,Completed
O003374,C00512,2025-03-18,Website,Wallet,Completed
O003375,C00715,2025-10-01,Website,Cash on Delivery,Completed
O003376,C02459,2025-07-15,Website,SBP,Completed
O003377,C00725,2025-12-14,Website,SBP,Completed
O003378,C02257,2025-12-14,Mobile App,Cash on Delivery,Completed
O003379,C02318,2025-06-10,Mobile App,Card,Completed
O003380,C01685,2025-06-13,Website,Card,Completed
O003381,C00383,2025-02-18,Website,Card,Completed
O003382,C00515,2025-06-10,Mobile App,Card,Completed
O003383,C02336,2026-03-28,Mobile App,Card,Completed
O003384,C00004,2025-12-24,Mobile App,SBP,Completed
O003385,C01260,2026-05-30,Website,Card,Completed
O003386,C01491,2026-05-21,Website,Card,Returned
O003387,C02096,2026-04-13,Website,Card,Completed
O003388,C02238,2025-04-09,Mobile App,Card,Completed
O003389,C00709,2025-07-02,Mobile App,SBP,Completed
O003390,C01257,2025-02-01,Website,Card,Completed
O003391,C01585,2025-02-21,Website,Card,Completed
O003392,C02413,2025-05-07,Mobile App,Card,Completed
O003393,C01392,2025-06-02,Website,SBP,Completed
O003394,C00305,2025-01-09,Mobile App,Card,Completed
O003395,C02311,2026-04-06,Website,SBP,Completed
O003396,C01282,2025-10-15,Website,Wallet,Completed
O003397,C00449,2025-12-25,Website,Card,Completed
O003398,C00476,2025-12-23,Marketplace,Card,Completed
O003399,C00512,2026-06-12,Website,SBP,Completed
O003400,C01804,2025-03-22,Website,Card,Completed
O003401,C02373,2025-07-07,Mobile App,Wallet,Cancelled
O003402,C01104,2025-06-18,Website,SBP,Completed
O003403,C00245,2025-10-29,Website,Card,Cancelled
O003404,C02222,2025-10-15,Website,Card,Completed
O003405,C01587,2026-03-08,Mobile App,SBP,Completed
O003406,C01427,2025-11-03,Website,SBP,Completed
O003407,C00152,2025-05-08,Mobile App,Card,Completed
O003408,C02427,2025-11-05,Mobile App,SBP,Completed
O003409,C00193,2026-06-11,Mobile App,Card,Completed
O003410,C01527,2025-11-13,Website,Wallet,Completed
O003411,C01493,2025-11-20,Mobile App,Wallet,Completed
O003412,C01285,2025-04-07,Marketplace,Card,Completed
O003413,C01379,2025-01-05,Mobile App,Card,Returned
O003414,C00995,2025-04-25,Website,Card,Completed
O003415,C01433,2025-01-14,Mobile App,Wallet,Completed
O003416,C00910,2025-09-04,Mobile App,Card,Completed
O003417,C01185,2026-04-27,Marketplace,Card,Completed
O003418,C01696,2025-09-01,Website,SBP,Cancelled
O003419,C01856,2025-12-19,Mobile App,Card,Completed
O003420,C00384,2026-04-13,Mobile App,Card,Completed
O003421,C02481,2026-02-21,Marketplace,SBP,Completed
O003422,C00242,2025-12-22,Mobile App,SBP,Returned
O003423,C00690,2026-03-05,Marketplace,SBP,Completed
O003424,C00868,2025-06-03,Website,Card,Cancelled
O003425,C00809,2025-08-18,Website,SBP,Completed
O003426,C00880,2025-08-06,Website,SBP,Cancelled
O003427,C00808,2026-03-13,Mobile App,Card,Completed
O003428,C01091,2025-08-12,Website,Cash on Delivery,Completed
O003429,C01909,2026-05-27,Mobile App,Card,Completed
O003430,C02069,2025-04-12,Marketplace,Card,Completed
O003431,C00871,2025-04-05,Marketplace,Wallet,Completed
O003432,C00647,2026-01-27,Mobile App,Card,Completed
O003433,C01692,2026-02-22,Mobile App,Cash on Delivery,Completed
O003434,C00149,2026-01-06,Website,Card,Completed
O003435,C01115,2025-06-18,Mobile App,Card,Cancelled
O003436,C00551,2025-01-05,Mobile App,Card,Completed
O003437,C01520,2025-06-25,Mobile App,Card,Completed
O003438,C00196,2025-09-12,Website,Wallet,Completed
O003439,C02073,2025-08-14,Website,Cash on Delivery,Completed
O003440,C00675,2026-05-19,Mobile App,SBP,Completed
O003441,C01286,2026-04-17,Mobile App,Card,Completed
O003442,C01431,2026-02-28,Mobile App,Card,Completed
O003443,C01188,2025-01-13,Mobile App,Card,Completed
O003444,C01120,2025-03-11,Mobile App,Card,Completed
O003445,C00668,2025-08-25,Mobile App,Card,Completed
O003446,C01932,2025-12-06,Mobile App,Card,Completed
O003447,C01290,2026-01-07,Mobile App,Card,Completed
O003448,C00540,2025-06-11,Website,SBP,Cancelled
O003449,C00657,2025-03-02,Website,Card,Completed
O003450,C01097,2025-06-29,Marketplace,Card,Cancelled
O003451,C02109,2026-03-09,Website,Card,Completed
O003452,C02404,2026-06-23,Mobile App,SBP,Completed
O003453,C00973,2026-05-30,Website,SBP,Completed
O003454,C00988,2025-11-20,Mobile App,Card,Completed
O003455,C00323,2025-02-19,Website,Wallet,Completed
O003456,C01365,2026-06-13,Mobile App,SBP,Completed
O003457,C00600,2025-03-25,Mobile App,Card,Completed
O003458,C02049,2025-05-27,Website,Card,Completed
O003459,C01337,2026-06-16,Mobile App,Cash on Delivery,Completed
O003460,C00555,2025-10-03,Marketplace,Card,Completed
O003461,C02291,2025-04-19,Mobile App,Card,Completed
O003462,C02039,2025-10-02,Marketplace,SBP,Completed
O003463,C00752,2025-02-13,Mobile App,Card,Completed
O003464,C00301,2025-06-22,Mobile App,Wallet,Completed
O003465,C00661,2026-06-04,Mobile App,Wallet,Completed
O003466,C00942,2025-06-13,Marketplace,Wallet,Cancelled
O003467,C01017,2026-05-03,Mobile App,SBP,Returned
O003468,C02056,2025-10-24,Website,SBP,Completed
O003469,C02420,2025-12-25,Mobile App,Card,Completed
O003470,C01869,2026-01-19,Marketplace,Wallet,Completed
O003471,C02114,2025-10-29,Mobile App,Card,Completed
O003472,C00313,2025-01-19,Website,Card,Completed
O003473,C00375,2026-05-17,Mobile App,Cash on Delivery,Returned
O003474,C02271,2025-09-17,Mobile App,Cash on Delivery,Completed
O003475,C01535,2025-12-24,Website,Card,Cancelled
O003476,C00590,2025-10-30,Mobile App,Card,Completed
O003477,C01980,2025-12-26,Mobile App,Card,Completed
O003478,C00438,2025-07-13,Website,SBP,Completed
O003479,C01921,2026-04-06,Mobile App,Card,Completed
O003480,C02208,2025-05-03,Website,Card,Completed
O003481,C01223,2025-12-23,Mobile App,Card,Completed
O003482,C01641,2025-11-12,Website,Wallet,Completed
O003483,C01830,2025-10-03,Mobile App,Cash on Delivery,Completed
O003484,C02201,2025-01-12,Website,Cash on Delivery,Completed
O003485,C01459,2025-08-01,Marketplace,Wallet,Completed
O003486,C00734,2025-01-26,Mobile App,Card,Cancelled
O003487,C00504,2025-10-02,Website,Card,Cancelled
O003488,C00889,2026-01-11,Marketplace,Card,Completed
O003489,C00141,2025-10-13,Mobile App,Card,Completed
O003490,C01747,2026-02-18,Mobile App,SBP,Completed
O003491,C00924,2025-07-17,Marketplace,Card,Completed
O003492,C01779,2025-06-17,Marketplace,Wallet,Completed
O003493,C00155,2025-09-02,Mobile App,Card,Returned
O003494,C00805,2025-05-06,Marketplace,Card,Completed
O003495,C00988,2026-03-14,Website,SBP,Completed
O003496,C00219,2026-03-19,Website,SBP,Completed
O003497,C02073,2025-08-16,Website,Card,Completed
O003498,C01494,2026-03-09,Website,SBP,Completed
O003499,C02111,2025-01-14,Mobile App,SBP,Completed
O003500,C02005,2025-03-26,Website,Card,Cancelled
O003501,C00086,2025-06-04,Mobile App,Card,Completed
O003502,C02164,2025-07-31,Website,Wallet,Completed
O003503,C00174,2025-05-07,Website,Card,Completed
O003504,C02178,2025-10-07,Mobile App,Card,Completed
O003505,C01675,2026-03-10,Website,Card,Completed
O003506,C02049,2025-09-07,Mobile App,SBP,Completed
O003507,C01250,2025-09-03,Mobile App,Cash on Delivery,Completed
O003508,C00401,2025-02-02,Mobile App,Card,Completed
O003509,C00374,2025-06-03,Marketplace,Wallet,Completed
O003510,C00297,2026-03-17,Marketplace,Wallet,Returned
O003511,C02014,2026-03-19,Website,Card,Completed
O003512,C01334,2025-02-26,Mobile App,SBP,Completed
O003513,C00542,2025-01-11,Website,Cash on Delivery,Completed
O003514,C00313,2026-03-30,Website,Cash on Delivery,Completed
O003515,C00196,2025-04-06,Mobile App,SBP,Completed
O003516,C00646,2025-11-10,Mobile App,Card,Completed
O003517,C01874,2026-03-28,Mobile App,Card,Completed
O003518,C02232,2026-03-06,Mobile App,Card,Completed
O003519,C01521,2025-10-28,Mobile App,SBP,Completed
O003520,C02490,2025-07-25,Mobile App,Card,Completed
O003521,C00987,2026-02-27,Website,SBP,Completed
O003522,C00832,2026-01-15,Website,SBP,Completed
O003523,C01732,2026-04-03,Mobile App,Card,Completed
O003524,C00337,2025-10-08,Mobile App,Wallet,Completed
O003525,C02279,2026-05-30,Website,Card,Completed
O003526,C01951,2026-02-25,Website,Card,Completed
O003527,C00086,2025-02-04,Website,Wallet,Completed
O003528,C00469,2025-06-10,Mobile App,Card,Completed
O003529,C01570,2026-03-13,Website,Card,Completed
O003530,C01847,2025-03-05,Website,Cash on Delivery,Completed
O003531,C00546,2026-01-22,Website,Wallet,Completed
O003532,C01868,2025-07-05,Website,Wallet,Completed
O003533,C01186,2025-04-24,Mobile App,Card,Completed
O003534,C01689,2025-10-22,Marketplace,Card,Completed
O003535,C01060,2026-05-24,Website,Card,Completed
O003536,C01136,2026-05-06,Mobile App,Card,Completed
O003537,C00975,2025-08-09,Mobile App,Cash on Delivery,Completed
O003538,C00393,2025-01-03,Mobile App,Card,Completed
O003539,C00476,2026-04-30,Website,SBP,Completed
O003540,C00420,2026-05-05,Website,Card,Completed
O003541,C02007,2025-11-27,Marketplace,SBP,Completed
O003542,C01059,2025-12-10,Marketplace,Card,Completed
O003543,C00949,2025-10-15,Website,Card,Completed
O003544,C02140,2025-01-07,Mobile App,Card,Completed
O003545,C02218,2025-03-29,Website,Cash on Delivery,Completed
O003546,C00585,2025-03-20,Website,SBP,Completed
O003547,C00887,2026-05-15,Website,SBP,Completed
O003548,C01030,2025-01-28,Mobile App,Card,Completed
O003549,C02100,2025-10-31,Website,SBP,Completed
O003550,C01680,2025-07-18,Website,SBP,Completed
O003551,C01362,2025-01-04,Website,Card,Completed
O003552,C00588,2026-05-17,Website,SBP,Completed
O003553,C00965,2025-01-10,Website,Wallet,Completed
O003554,C00073,2026-04-13,Mobile App,Cash on Delivery,Completed
O003555,C01761,2026-03-01,Mobile App,Cash on Delivery,Completed
O003556,C02298,2026-03-10,Website,Card,Completed
O003557,C01967,2025-03-30,Website,Card,Returned
O003558,C00774,2026-04-27,Mobile App,Card,Completed
O003559,C01207,2025-11-23,Website,Card,Cancelled
O003560,C02395,2025-08-08,Website,Card,Completed
O003561,C01064,2026-01-07,Marketplace,Card,Completed
O003562,C02098,2025-07-06,Mobile App,SBP,Completed
O003563,C01444,2025-06-02,Mobile App,SBP,Cancelled
O003564,C01248,2025-06-07,Website,SBP,Completed
O003565,C01463,2025-11-07,Website,Cash on Delivery,Completed
O003566,C00560,2025-11-25,Website,Card,Cancelled
O003567,C01064,2025-05-12,Marketplace,Card,Completed
O003568,C00761,2025-05-15,Mobile App,SBP,Completed
O003569,C01895,2026-06-01,Website,SBP,Completed
O003570,C01531,2025-10-09,Website,Card,Completed
O003571,C01000,2026-04-15,Website,Wallet,Completed
O003572,C02057,2025-06-30,Website,Card,Completed
O003573,C01133,2025-06-07,Mobile App,SBP,Completed
O003574,C02384,2025-06-04,Website,Cash on Delivery,Completed
O003575,C01514,2025-10-16,Marketplace,Card,Completed
O003576,C02215,2026-03-02,Mobile App,SBP,Completed
O003577,C02468,2025-10-01,Marketplace,Card,Completed
O003578,C00818,2025-06-11,Marketplace,Card,Completed
O003579,C00652,2026-06-09,Marketplace,Card,Completed
O003580,C02090,2025-11-09,Marketplace,SBP,Completed
O003581,C00580,2025-08-04,Website,SBP,Completed
O003582,C01881,2025-01-06,Website,Cash on Delivery,Completed
O003583,C00443,2025-11-03,Website,SBP,Completed
O003584,C02175,2025-12-06,Mobile App,Card,Completed
O003585,C01724,2026-05-23,Mobile App,Wallet,Completed
O003586,C01303,2025-05-06,Website,Card,Completed
O003587,C01123,2025-03-30,Mobile App,SBP,Completed
O003588,C01594,2026-06-30,Mobile App,Card,Cancelled
O003589,C00972,2025-10-28,Mobile App,SBP,Completed
O003590,C00995,2025-01-15,Website,Cash on Delivery,Completed
O003591,C00511,2025-02-27,Website,Card,Completed
O003592,C00395,2025-09-17,Mobile App,SBP,Completed
O003593,C02228,2025-12-04,Website,SBP,Completed
O003594,C01874,2025-05-14,Mobile App,Card,Completed
O003595,C01108,2025-07-19,Website,Card,Cancelled
O003596,C02080,2026-02-06,Website,SBP,Completed
O003597,C01520,2026-06-13,Website,Card,Completed
O003598,C01498,2025-09-26,Mobile App,Card,Completed
O003599,C00282,2025-08-15,Website,SBP,Completed
O003600,C01346,2025-07-17,Marketplace,SBP,Completed
O003601,C00270,2025-03-16,Website,Card,Completed
O003602,C01710,2025-01-29,Marketplace,Cash on Delivery,Completed
O003603,C00169,2026-04-01,Website,Wallet,Completed
O003604,C01286,2025-01-21,Website,Cash on Delivery,Completed
O003605,C00919,2026-03-25,Marketplace,Card,Completed
O003606,C00328,2025-05-16,Mobile App,Card,Cancelled
O003607,C01183,2026-01-15,Mobile App,Card,Completed
O003608,C00502,2026-06-04,Mobile App,Cash on Delivery,Completed
O003609,C00612,2026-02-13,Website,Wallet,Completed
O003610,C02225,2026-02-03,Mobile App,SBP,Completed
O003611,C00875,2025-05-25,Website,Card,Completed
O003612,C01010,2025-11-23,Mobile App,Card,Completed
O003613,C00016,2025-12-17,Marketplace,SBP,Completed
O003614,C00752,2025-08-21,Marketplace,Card,Completed
O003615,C00878,2025-01-21,Mobile App,SBP,Completed
O003616,C01798,2026-05-14,Mobile App,SBP,Completed
O003617,C00298,2025-04-18,Mobile App,SBP,Returned
O003618,C02325,2026-06-16,Website,Card,Returned
O003619,C00321,2026-05-25,Marketplace,SBP,Completed
O003620,C01632,2025-01-11,Mobile App,Card,Completed
O003621,C00012,2026-02-08,Website,Card,Completed
O003622,C02050,2025-12-13,Mobile App,Card,Completed
O003623,C01741,2025-05-06,Website,Card,Completed
O003624,C02094,2026-03-20,Mobile App,Card,Completed
O003625,C02329,2025-03-02,Mobile App,Card,Completed
O003626,C02085,2025-05-16,Website,Card,Completed
O003627,C01554,2026-06-03,Website,Card,Completed
O003628,C02097,2026-02-10,Mobile App,Card,Completed
O003629,C00241,2025-03-03,Website,SBP,Completed
O003630,C01614,2025-03-20,Marketplace,Card,Completed
O003631,C02475,2025-05-21,Website,Card,Completed
O003632,C00943,2025-02-08,Website,Card,Completed
O003633,C02439,2025-04-10,Website,Card,Completed
O003634,C01267,2025-11-09,Mobile App,SBP,Completed
O003635,C01171,2025-01-05,Mobile App,Wallet,Completed
O003636,C00751,2025-06-06,Mobile App,Card,Completed
O003637,C00270,2025-06-21,Marketplace,Card,Cancelled
O003638,C02191,2026-06-15,Mobile App,Card,Completed
O003639,C01802,2026-06-16,Website,Card,Completed
O003640,C01001,2026-04-07,Website,Wallet,Completed
O003641,C02404,2025-07-06,Marketplace,SBP,Completed
O003642,C00460,2025-10-15,Website,SBP,Completed
O003643,C01947,2025-10-03,Marketplace,Wallet,Completed
O003644,C01131,2026-04-15,Marketplace,SBP,Completed
O003645,C01561,2026-02-12,Mobile App,Card,Completed
O003646,C00094,2026-05-10,Mobile App,SBP,Completed
O003647,C01528,2025-10-28,Marketplace,SBP,Completed
O003648,C01698,2026-05-17,Mobile App,Card,Completed
O003649,C02445,2026-02-11,Mobile App,SBP,Completed
O003650,C00866,2026-02-08,Website,Card,Returned
O003651,C00183,2025-12-28,Mobile App,Card,Completed
O003652,C00155,2025-07-03,Website,SBP,Completed
O003653,C00374,2025-11-29,Marketplace,Card,Completed
O003654,C00749,2025-07-14,Mobile App,Card,Completed
O003655,C02078,2025-12-21,Mobile App,Card,Completed
O003656,C00488,2025-05-20,Website,SBP,Completed
O003657,C00363,2026-03-13,Marketplace,Wallet,Completed
O003658,C00080,2025-11-08,Website,SBP,Completed
O003659,C00959,2026-01-23,Mobile App,SBP,Completed
O003660,C01509,2025-05-02,Website,Card,Completed
O003661,C00704,2026-03-09,Marketplace,SBP,Completed
O003662,C01239,2026-03-15,Mobile App,Card,Cancelled
O003663,C00609,2025-03-21,Website,Card,Completed
O003664,C02001,2025-07-11,Website,SBP,Completed
O003665,C00065,2026-01-06,Website,Card,Completed
O003666,C00502,2026-04-22,Website,Wallet,Completed
O003667,C01416,2026-02-07,Website,Card,Completed
O003668,C02107,2025-09-15,Mobile App,SBP,Completed
O003669,C01004,2025-06-13,Website,Card,Completed
O003670,C00175,2026-05-12,Website,SBP,Completed
O003671,C01379,2026-04-23,Mobile App,SBP,Completed
O003672,C00676,2026-05-05,Website,Card,Completed
O003673,C00762,2025-06-16,Website,Cash on Delivery,Completed
O003674,C02306,2025-08-27,Marketplace,SBP,Completed
O003675,C02354,2025-05-14,Website,Card,Completed
O003676,C00647,2026-06-06,Mobile App,SBP,Completed
O003677,C01479,2026-04-19,Marketplace,Card,Completed
O003678,C01353,2025-04-05,Mobile App,SBP,Completed
O003679,C02404,2025-05-15,Mobile App,Card,Completed
O003680,C02366,2025-10-29,Mobile App,Wallet,Completed
O003681,C00876,2025-08-15,Mobile App,Card,Completed
O003682,C00064,2025-09-09,Mobile App,Wallet,Completed
O003683,C00006,2025-07-20,Website,Wallet,Completed
O003684,C00012,2026-01-03,Mobile App,Cash on Delivery,Completed
O003685,C01954,2026-05-06,Marketplace,SBP,Completed
O003686,C01850,2026-05-16,Mobile App,SBP,Completed
O003687,C02069,2025-09-06,Website,Card,Completed
O003688,C00349,2026-03-29,Website,Card,Completed
O003689,C00147,2026-01-15,Mobile App,SBP,Completed
O003690,C00427,2025-04-18,Website,SBP,Returned
O003691,C01564,2026-03-10,Mobile App,Card,Completed
O003692,C00023,2025-07-11,Mobile App,SBP,Completed
O003693,C01653,2025-12-09,Website,Card,Completed
O003694,C02223,2026-01-29,Website,SBP,Completed
O003695,C00365,2026-05-31,Marketplace,Card,Completed
O003696,C01848,2026-06-02,Marketplace,Wallet,Completed
O003697,C01382,2026-03-15,Mobile App,Card,Completed
O003698,C02361,2025-10-04,Marketplace,Card,Completed
O003699,C00608,2025-08-07,Marketplace,SBP,Returned
O003700,C00568,2025-08-29,Mobile App,Card,Completed
O003701,C00042,2026-06-04,Website,Card,Completed
O003702,C01763,2025-04-22,Mobile App,SBP,Completed
O003703,C02168,2025-10-14,Mobile App,Wallet,Cancelled
O003704,C00047,2026-01-07,Website,SBP,Completed
O003705,C01230,2025-01-13,Marketplace,Card,Completed
O003706,C01811,2025-12-13,Website,Card,Cancelled
O003707,C01955,2025-05-22,Marketplace,SBP,Completed
O003708,C02326,2025-06-03,Mobile App,SBP,Completed
O003709,C01808,2025-12-06,Website,Cash on Delivery,Completed
O003710,C02302,2025-01-05,Marketplace,Card,Completed
O003711,C02485,2025-03-27,Mobile App,SBP,Completed
O003712,C02319,2025-09-06,Mobile App,Cash on Delivery,Completed
O003713,C01095,2025-11-15,Mobile App,Card,Completed
O003714,C01018,2025-03-01,Website,Cash on Delivery,Completed
O003715,C01069,2025-07-17,Website,Card,Completed
O003716,C02377,2025-06-17,Website,SBP,Completed
O003717,C00705,2025-10-19,Website,Card,Completed
O003718,C01881,2025-06-14,Website,Wallet,Completed
O003719,C01563,2025-01-02,Mobile App,Wallet,Completed
O003720,C00155,2025-10-17,Website,Card,Completed
O003721,C01216,2026-04-09,Mobile App,SBP,Completed
O003722,C00487,2025-11-16,Website,Card,Completed
O003723,C01822,2025-07-17,Website,Card,Completed
O003724,C01119,2025-09-21,Marketplace,SBP,Returned
O003725,C00892,2025-03-18,Marketplace,SBP,Completed
O003726,C00165,2025-05-10,Mobile App,Card,Completed
O003727,C00328,2025-08-28,Website,Card,Completed
O003728,C01911,2025-11-20,Mobile App,Card,Completed
O003729,C02157,2025-09-23,Website,Card,Completed
O003730,C00728,2026-06-10,Mobile App,Card,Completed
O003731,C02071,2025-12-15,Marketplace,Card,Completed
O003732,C01381,2025-01-13,Website,Wallet,Completed
O003733,C00878,2025-10-14,Marketplace,Card,Completed
O003734,C01129,2025-11-15,Mobile App,Wallet,Completed
O003735,C01726,2025-01-24,Website,Card,Completed
O003736,C02273,2025-07-30,Website,Card,Completed
O003737,C01232,2026-04-21,Mobile App,Card,Completed
O003738,C00867,2025-07-14,Website,Card,Completed
O003739,C01903,2025-09-07,Website,SBP,Completed
O003740,C01313,2025-05-01,Website,Card,Completed
O003741,C00976,2025-02-12,Marketplace,Card,Completed
O003742,C01150,2025-06-23,Website,Card,Completed
O003743,C01340,2026-02-26,Marketplace,SBP,Completed
O003744,C00351,2026-06-21,Mobile App,Card,Completed
O003745,C00145,2025-12-27,Website,Card,Completed
O003746,C01662,2026-03-30,Website,Card,Completed
O003747,C00438,2025-12-21,Mobile App,SBP,Completed
O003748,C01330,2025-12-26,Website,Cash on Delivery,Completed
O003749,C01955,2025-08-22,Website,Card,Completed
O003750,C00538,2025-02-03,Website,Card,Completed
O003751,C00954,2025-08-13,Marketplace,Card,Completed
O003752,C02446,2026-04-18,Mobile App,Cash on Delivery,Returned
O003753,C00088,2025-10-20,Mobile App,Card,Completed
O003754,C01890,2026-02-21,Website,Wallet,Completed
O003755,C00420,2025-01-28,Mobile App,SBP,Completed
O003756,C02265,2025-04-20,Mobile App,Card,Completed
O003757,C01029,2025-06-13,Website,SBP,Completed
O003758,C00017,2025-07-16,Marketplace,SBP,Completed
O003759,C01795,2026-06-24,Marketplace,Card,Completed
O003760,C00369,2025-09-10,Website,Card,Completed
O003761,C00909,2025-12-28,Marketplace,Card,Completed
O003762,C01256,2025-12-18,Mobile App,Card,Completed
O003763,C01863,2025-08-17,Mobile App,SBP,Cancelled
O003764,C01048,2026-06-12,Website,SBP,Cancelled
O003765,C02146,2025-05-02,Marketplace,Wallet,Completed
O003766,C01205,2025-01-19,Website,Card,Completed
O003767,C00853,2026-02-11,Mobile App,Card,Completed
O003768,C00843,2025-12-23,Website,Card,Completed
O003769,C02001,2025-05-23,Website,Wallet,Completed
O003770,C01663,2026-04-19,Marketplace,Card,Completed
O003771,C00318,2025-03-30,Mobile App,Card,Cancelled
O003772,C01876,2025-05-18,Website,SBP,Completed
O003773,C01039,2025-03-26,Mobile App,SBP,Completed
O003774,C00873,2025-04-12,Website,Card,Completed
O003775,C00244,2026-02-03,Marketplace,SBP,Completed
O003776,C02496,2026-01-20,Marketplace,Card,Completed
O003777,C00132,2025-12-17,Website,SBP,Completed
O003778,C02492,2026-04-15,Mobile App,SBP,Completed
O003779,C00162,2025-02-08,Marketplace,SBP,Completed
O003780,C01264,2025-12-05,Marketplace,Card,Completed
O003781,C00262,2025-03-04,Mobile App,SBP,Returned
O003782,C01233,2026-06-06,Mobile App,Card,Completed
O003783,C02090,2025-12-13,Mobile App,Card,Completed
O003784,C01476,2026-02-19,Website,Cash on Delivery,Completed
O003785,C01360,2025-11-08,Mobile App,Card,Completed
O003786,C00298,2025-07-29,Website,SBP,Completed
O003787,C02369,2026-01-10,Website,Card,Completed
O003788,C00939,2026-04-02,Website,Card,Returned
O003789,C01346,2025-04-08,Marketplace,SBP,Completed
O003790,C02245,2026-04-22,Website,Card,Completed
O003791,C01572,2026-02-01,Website,SBP,Completed
O003792,C01838,2025-02-16,Website,Cash on Delivery,Cancelled
O003793,C00462,2026-05-27,Website,Wallet,Completed
O003794,C01151,2025-04-09,Marketplace,Cash on Delivery,Completed
O003795,C01352,2025-11-25,Website,Card,Completed
O003796,C00440,2025-03-12,Website,Cash on Delivery,Completed
O003797,C00964,2025-04-18,Marketplace,Card,Completed
O003798,C02079,2025-12-18,Website,Card,Completed
O003799,C02329,2026-01-07,Mobile App,Card,Completed
O003800,C02059,2026-01-11,Mobile App,Card,Completed
O003801,C02335,2025-07-07,Mobile App,SBP,Completed
O003802,C02497,2026-03-24,Website,Card,Completed
O003803,C00497,2025-01-27,Mobile App,SBP,Completed
O003804,C02139,2026-04-12,Mobile App,Card,Completed
O003805,C01551,2025-06-15,Mobile App,Card,Cancelled
O003806,C02148,2025-12-05,Website,Wallet,Completed
O003807,C01596,2026-05-10,Mobile App,Card,Completed
O003808,C00313,2025-05-20,Mobile App,Card,Completed
O003809,C01407,2025-08-13,Mobile App,SBP,Completed
O003810,C01901,2026-03-29,Marketplace,Wallet,Completed
O003811,C00311,2026-04-18,Marketplace,Card,Cancelled
O003812,C01262,2025-05-09,Mobile App,Card,Completed
O003813,C01636,2025-10-05,Website,Cash on Delivery,Completed
O003814,C01161,2025-07-01,Website,Card,Completed
O003815,C01998,2025-10-10,Mobile App,Card,Completed
O003816,C00318,2025-07-27,Website,Card,Completed
O003817,C00864,2025-01-03,Mobile App,Card,Cancelled
O003818,C02379,2026-05-20,Mobile App,Cash on Delivery,Completed
O003819,C01287,2025-12-14,Mobile App,Cash on Delivery,Completed
O003820,C00453,2025-09-10,Website,Card,Completed
O003821,C00291,2025-02-28,Marketplace,SBP,Completed
O003822,C01483,2025-02-08,Mobile App,Wallet,Completed
O003823,C02327,2025-09-19,Mobile App,SBP,Completed
O003824,C00123,2025-12-21,Mobile App,SBP,Completed
O003825,C00274,2025-05-23,Website,Cash on Delivery,Completed
O003826,C00939,2026-02-11,Mobile App,Card,Completed
O003827,C00521,2025-08-03,Website,Card,Completed
O003828,C00303,2025-01-07,Mobile App,SBP,Completed
O003829,C00747,2025-10-21,Website,SBP,Returned
O003830,C01608,2025-04-09,Website,Card,Completed
O003831,C02065,2025-01-08,Website,Card,Completed
O003832,C00766,2025-03-13,Website,SBP,Completed
O003833,C01752,2025-06-05,Marketplace,Card,Completed
O003834,C02058,2025-10-09,Mobile App,Wallet,Completed
O003835,C00018,2026-06-25,Website,Wallet,Completed
O003836,C02133,2025-04-30,Website,Card,Completed
O003837,C00459,2025-02-01,Mobile App,SBP,Completed
O003838,C01713,2025-04-15,Website,SBP,Completed
O003839,C01876,2025-06-24,Mobile App,Card,Cancelled
O003840,C02114,2025-04-23,Website,Card,Completed
O003841,C01010,2025-06-25,Mobile App,Card,Completed
O003842,C01649,2026-06-14,Marketplace,Wallet,Completed
O003843,C00066,2025-07-27,Website,Wallet,Completed
O003844,C01118,2025-12-13,Marketplace,Card,Completed
O003845,C02410,2026-01-09,Marketplace,Wallet,Completed
O003846,C00397,2025-03-13,Marketplace,SBP,Completed
O003847,C00379,2025-05-16,Mobile App,Card,Completed
O003848,C01751,2025-08-15,Marketplace,Card,Completed
O003849,C01277,2025-09-09,Mobile App,Wallet,Completed
O003850,C01138,2025-01-08,Marketplace,Card,Completed
O003851,C00621,2025-12-19,Website,SBP,Returned
O003852,C00429,2025-06-14,Mobile App,SBP,Completed
O003853,C01844,2025-06-25,Mobile App,SBP,Completed
O003854,C00895,2025-11-26,Website,Card,Completed
O003855,C01942,2026-06-03,Website,Card,Completed
O003856,C01109,2026-04-18,Website,Wallet,Completed
O003857,C00994,2026-06-19,Website,Card,Completed
O003858,C00576,2025-08-14,Website,Card,Cancelled
O003859,C01647,2025-03-07,Website,Card,Completed
O003860,C00712,2025-04-28,Website,SBP,Completed
O003861,C02273,2025-07-07,Mobile App,Card,Completed
O003862,C01021,2025-06-13,Website,SBP,Completed
O003863,C02038,2025-04-24,Website,Card,Cancelled
O003864,C01175,2025-03-24,Website,SBP,Cancelled
O003865,C01038,2025-04-12,Website,Wallet,Completed
O003866,C01133,2025-12-26,Website,SBP,Completed
O003867,C01104,2025-09-26,Marketplace,SBP,Completed
O003868,C01198,2025-01-21,Website,SBP,Completed
O003869,C02218,2025-11-04,Website,SBP,Cancelled
O003870,C01758,2026-04-05,Mobile App,Card,Completed
O003871,C00086,2025-08-21,Marketplace,SBP,Cancelled
O003872,C00146,2025-06-23,Website,Card,Returned
O003873,C00058,2025-05-29,Website,Card,Completed
O003874,C01728,2025-07-27,Mobile App,Card,Completed
O003875,C00515,2025-06-02,Mobile App,Card,Completed
O003876,C00964,2026-05-20,Website,Card,Completed
O003877,C02070,2026-06-26,Marketplace,SBP,Completed
O003878,C00330,2025-07-07,Marketplace,SBP,Completed
O003879,C00384,2026-05-20,Mobile App,Card,Completed
O003880,C00199,2026-04-12,Website,Card,Completed
O003881,C00714,2025-02-11,Mobile App,SBP,Completed
O003882,C00225,2025-09-25,Marketplace,Card,Completed
O003883,C01573,2025-12-25,Marketplace,SBP,Completed
O003884,C01842,2025-08-19,Website,Card,Completed
O003885,C00461,2025-09-07,Website,Wallet,Completed
O003886,C01311,2025-09-27,Website,Card,Completed
O003887,C00758,2026-01-12,Mobile App,SBP,Completed
O003888,C00201,2025-06-10,Mobile App,Card,Completed
O003889,C01168,2025-11-22,Website,Card,Completed
O003890,C01744,2025-05-13,Website,Cash on Delivery,Completed
O003891,C00571,2026-05-01,Website,Wallet,Completed
O003892,C01971,2025-02-16,Marketplace,Card,Completed
O003893,C02482,2025-02-06,Website,Card,Completed
O003894,C00141,2025-01-21,Website,Wallet,Completed
O003895,C00409,2025-07-10,Mobile App,Card,Completed
O003896,C00724,2025-11-28,Mobile App,Cash on Delivery,Cancelled
O003897,C02125,2026-06-23,Mobile App,Card,Completed
O003898,C00356,2025-09-06,Mobile App,Card,Completed
O003899,C01176,2025-04-10,Website,Card,Completed
O003900,C01344,2025-07-21,Website,SBP,Completed
O003901,C00323,2025-03-11,Website,Card,Completed
O003902,C00106,2025-09-15,Mobile App,Card,Completed
O003903,C00297,2026-02-03,Marketplace,Wallet,Returned
O003904,C00141,2025-01-20,Website,Card,Returned
O003905,C01251,2026-03-01,Mobile App,SBP,Completed
O003906,C02342,2025-05-05,Mobile App,Card,Returned
O003907,C00884,2026-01-03,Marketplace,SBP,Completed
O003908,C00642,2026-03-22,Mobile App,Card,Completed
O003909,C00587,2026-02-28,Website,SBP,Cancelled
O003910,C02454,2026-01-01,Mobile App,SBP,Completed
O003911,C02398,2026-01-14,Mobile App,Wallet,Completed
O003912,C01622,2025-04-13,Mobile App,Wallet,Completed
O003913,C01159,2025-03-16,Marketplace,Card,Completed
O003914,C00400,2025-07-28,Website,Card,Completed
O003915,C02323,2025-11-29,Mobile App,Card,Completed
O003916,C00004,2025-12-04,Website,SBP,Completed
O003917,C00410,2026-03-01,Website,Card,Completed
O003918,C01697,2025-06-18,Website,Wallet,Completed
O003919,C00459,2026-04-18,Website,Cash on Delivery,Completed
O003920,C00271,2025-09-03,Website,Card,Completed
O003921,C01491,2025-05-15,Mobile App,Card,Completed
O003922,C00066,2026-02-06,Marketplace,SBP,Completed
O003923,C00675,2025-03-11,Website,Card,Completed
O003924,C01607,2025-08-10,Website,Card,Completed
O003925,C00463,2026-03-03,Website,Card,Completed
O003926,C01899,2026-02-26,Website,Wallet,Completed
O003927,C00237,2025-05-21,Website,SBP,Completed
O003928,C01534,2025-04-01,Mobile App,Card,Completed
O003929,C00191,2025-01-18,Marketplace,Card,Completed
O003930,C01830,2025-02-18,Mobile App,SBP,Completed
O003931,C01883,2026-03-27,Mobile App,Card,Completed
O003932,C01988,2026-03-04,Mobile App,Wallet,Completed
O003933,C00706,2025-10-04,Website,SBP,Completed
O003934,C00591,2025-11-08,Website,Cash on Delivery,Completed
O003935,C02447,2025-06-28,Website,SBP,Completed
O003936,C01824,2025-04-15,Website,Wallet,Completed
O003937,C00458,2025-01-07,Marketplace,SBP,Completed
O003938,C00073,2026-01-02,Mobile App,SBP,Completed
O003939,C00887,2025-01-20,Website,Card,Completed
O003940,C01663,2025-02-27,Website,SBP,Completed
O003941,C00938,2026-03-09,Website,SBP,Completed
O003942,C02020,2025-11-15,Marketplace,Card,Completed
O003943,C01251,2025-09-25,Website,SBP,Completed
O003944,C02479,2025-04-30,Mobile App,Card,Completed
O003945,C02177,2025-03-23,Website,Card,Completed
O003946,C01179,2025-09-12,Website,Card,Completed
O003947,C02087,2025-07-15,Website,Card,Completed
O003948,C01121,2025-10-19,Marketplace,Card,Completed
O003949,C00025,2025-04-01,Website,Wallet,Completed
O003950,C00771,2025-05-07,Mobile App,SBP,Completed
O003951,C01024,2025-03-03,Website,Wallet,Completed
O003952,C02442,2025-08-20,Mobile App,Cash on Delivery,Completed
O003953,C02070,2025-05-31,Mobile App,Card,Completed
O003954,C00367,2025-05-03,Mobile App,SBP,Completed
O003955,C00001,2025-10-28,Website,Card,Completed
O003956,C01322,2025-09-29,Website,Wallet,Completed
O003957,C01335,2025-04-25,Marketplace,Card,Completed
O003958,C01839,2026-01-17,Mobile App,Card,Completed
O003959,C00649,2025-07-07,Website,Card,Completed
O003960,C02031,2025-07-06,Website,SBP,Completed
O003961,C01032,2025-09-18,Website,Card,Completed
O003962,C00837,2025-03-17,Mobile App,Card,Completed
O003963,C01051,2025-08-18,Website,Wallet,Completed
O003964,C02362,2025-11-14,Website,Card,Completed
O003965,C00980,2025-03-12,Website,SBP,Cancelled
O003966,C01402,2025-11-05,Mobile App,SBP,Completed
O003967,C02230,2025-01-22,Marketplace,Card,Completed
O003968,C00046,2025-11-26,Mobile App,Card,Completed
O003969,C01342,2025-01-20,Mobile App,Card,Completed
O003970,C01771,2025-04-06,Mobile App,Cash on Delivery,Completed
O003971,C02260,2025-07-11,Website,SBP,Completed
O003972,C00154,2025-12-02,Mobile App,Card,Completed
O003973,C01817,2026-01-28,Website,Wallet,Returned
O003974,C02007,2025-09-14,Website,Card,Completed
O003975,C00878,2025-03-13,Mobile App,Card,Completed
O003976,C01866,2025-07-31,Website,Card,Completed
O003977,C01234,2026-03-06,Mobile App,SBP,Completed
O003978,C01646,2025-02-19,Mobile App,Card,Completed
O003979,C00975,2026-01-26,Website,SBP,Completed
O003980,C00443,2025-07-30,Website,Card,Returned
O003981,C02072,2025-01-03,Mobile App,SBP,Completed
O003982,C00542,2026-01-15,Mobile App,Wallet,Completed
O003983,C00469,2025-01-15,Mobile App,Card,Completed
O003984,C02216,2025-07-21,Website,Card,Cancelled
O003985,C02342,2025-04-17,Mobile App,SBP,Completed
O003986,C01524,2025-11-15,Website,Card,Cancelled
O003987,C01452,2025-01-31,Website,Card,Completed
O003988,C00902,2025-02-19,Mobile App,SBP,Completed
O003989,C01530,2025-10-18,Website,Card,Completed
O003990,C01524,2026-06-27,Website,SBP,Completed
O003991,C01293,2025-01-22,Website,Card,Completed
O003992,C01638,2025-09-09,Mobile App,Card,Completed
O003993,C01387,2026-03-15,Marketplace,SBP,Completed
O003994,C02199,2025-06-08,Marketplace,SBP,Completed
O003995,C01670,2025-09-27,Website,Card,Completed
O003996,C00964,2026-04-03,Website,Card,Completed
O003997,C01638,2026-02-02,Mobile App,Card,Completed
O003998,C00576,2025-06-10,Website,Card,Completed
O003999,C00536,2026-02-14,Website,Cash on Delivery,Completed
O004000,C02068,2026-01-04,Website,Card,Completed
O004001,C01457,2025-10-04,Mobile App,SBP,Completed
O004002,C00135,2025-08-29,Mobile App,Card,Completed
O004003,C00887,2026-05-21,Website,Card,Completed
O004004,C02461,2026-04-23,Website,SBP,Completed
O004005,C01593,2026-06-25,Mobile App,SBP,Completed
O004006,C02172,2026-01-04,Mobile App,Card,Completed
O004007,C01370,2025-07-16,Website,Card,Completed
O004008,C00107,2025-03-01,Website,Card,Completed
O004009,C00450,2025-03-10,Marketplace,Card,Completed
O004010,C00231,2026-06-04,Mobile App,SBP,Completed
O004011,C01837,2025-07-18,Mobile App,Card,Completed
O004012,C01892,2025-03-02,Mobile App,Card,Returned
O004013,C01143,2025-05-02,Marketplace,Card,Completed
O004014,C01812,2025-01-12,Website,Wallet,Completed
O004015,C01379,2025-10-17,Website,Card,Completed
O004016,C01850,2025-11-19,Website,SBP,Completed
O004017,C01682,2025-07-26,Mobile App,Card,Completed
O004018,C01140,2026-02-11,Website,Card,Completed
O004019,C01633,2025-09-20,Website,Card,Completed
O004020,C00797,2026-06-09,Website,SBP,Completed
O004021,C01873,2026-02-21,Mobile App,Card,Completed
O004022,C02285,2025-02-11,Mobile App,Cash on Delivery,Returned
O004023,C00517,2025-05-30,Website,Card,Completed
O004024,C01668,2026-02-16,Website,Wallet,Completed
O004025,C00276,2025-10-21,Mobile App,Card,Completed
O004026,C00944,2026-02-16,Website,Card,Completed
O004027,C01673,2025-07-02,Mobile App,SBP,Completed
O004028,C00694,2025-01-21,Website,Card,Completed
O004029,C00590,2026-03-05,Marketplace,Card,Completed
O004030,C00960,2026-03-05,Website,Wallet,Completed
O004031,C00287,2025-12-16,Mobile App,SBP,Completed
O004032,C01564,2025-08-09,Website,Wallet,Completed
O004033,C00329,2025-01-05,Website,Card,Completed
O004034,C00833,2026-02-02,Mobile App,SBP,Completed
O004035,C00783,2025-12-27,Mobile App,SBP,Completed
O004036,C02420,2025-12-31,Mobile App,SBP,Completed
O004037,C02480,2025-04-03,Mobile App,SBP,Completed
O004038,C00199,2026-02-04,Mobile App,SBP,Completed
O004039,C00394,2026-01-31,Marketplace,Wallet,Cancelled
O004040,C01831,2026-04-14,Website,Card,Completed
O004041,C00747,2025-11-06,Marketplace,Card,Completed
O004042,C01611,2026-02-04,Website,Card,Completed
O004043,C02302,2025-08-08,Website,Card,Completed
O004044,C00408,2026-01-16,Mobile App,SBP,Completed
O004045,C02409,2026-01-14,Website,Card,Completed
O004046,C00132,2026-03-02,Website,Card,Returned
O004047,C00573,2026-04-13,Website,Wallet,Completed
O004048,C01269,2025-01-02,Mobile App,Wallet,Completed
O004049,C02202,2026-03-02,Mobile App,SBP,Completed
O004050,C01385,2026-03-09,Website,Card,Returned
O004051,C00348,2025-10-25,Website,Card,Completed
O004052,C00623,2025-10-11,Website,Card,Completed
O004053,C01904,2026-01-30,Website,Card,Completed
O004054,C01404,2025-09-06,Website,Card,Returned
O004055,C00033,2025-08-14,Website,SBP,Completed
O004056,C01254,2026-03-15,Mobile App,Card,Completed
O004057,C01017,2026-03-07,Mobile App,Card,Completed
O004058,C00002,2025-04-23,Website,SBP,Completed
O004059,C00619,2026-03-29,Website,Card,Completed
O004060,C02339,2025-06-28,Website,Card,Completed
O004061,C01761,2025-03-16,Website,Card,Completed
O004062,C00177,2026-04-25,Website,Card,Completed
O004063,C00041,2025-05-10,Marketplace,Card,Completed
O004064,C00865,2025-04-21,Mobile App,Card,Completed
O004065,C01163,2025-05-28,Mobile App,Card,Completed
O004066,C01134,2025-09-26,Website,Wallet,Completed
O004067,C01742,2025-04-01,Mobile App,Wallet,Completed
O004068,C00434,2025-03-29,Marketplace,Card,Completed
O004069,C00117,2025-08-03,Website,Wallet,Completed
O004070,C01682,2025-04-29,Mobile App,Card,Completed
O004071,C02244,2025-04-16,Website,Card,Cancelled
O004072,C00420,2026-05-14,Mobile App,Card,Cancelled
O004073,C00903,2025-11-22,Website,Card,Completed
O004074,C01567,2025-01-08,Mobile App,Card,Completed
O004075,C00414,2025-02-25,Website,Cash on Delivery,Completed
O004076,C02150,2026-03-21,Mobile App,Card,Returned
O004077,C00564,2025-05-28,Mobile App,Card,Completed
O004078,C01332,2025-03-25,Mobile App,Card,Completed
O004079,C00848,2025-12-30,Mobile App,Wallet,Completed
O004080,C01669,2026-04-03,Website,Card,Completed
O004081,C00496,2025-08-06,Mobile App,Wallet,Completed
O004082,C00246,2026-02-10,Website,Card,Completed
O004083,C01277,2025-08-19,Mobile App,SBP,Completed
O004084,C02164,2025-03-01,Website,Card,Completed
O004085,C01583,2026-03-12,Mobile App,Card,Completed
O004086,C01889,2026-05-17,Website,Card,Completed
O004087,C01084,2026-06-22,Marketplace,Card,Completed
O004088,C00351,2025-02-24,Mobile App,Card,Completed
O004089,C01068,2025-11-05,Website,Card,Completed
O004090,C02469,2025-12-07,Mobile App,SBP,Returned
O004091,C01955,2025-02-13,Website,SBP,Completed
O004092,C01759,2026-06-04,Website,Card,Completed
O004093,C00753,2025-02-26,Website,SBP,Completed
O004094,C01500,2025-05-27,Mobile App,SBP,Completed
O004095,C01557,2026-06-13,Marketplace,Cash on Delivery,Completed
O004096,C01636,2025-10-31,Marketplace,Card,Cancelled
O004097,C02233,2026-01-06,Website,Card,Completed
O004098,C01704,2025-09-27,Website,Cash on Delivery,Completed
O004099,C00554,2026-02-15,Mobile App,Cash on Delivery,Completed
O004100,C00554,2025-02-14,Website,Cash on Delivery,Completed
O004101,C01550,2026-01-04,Mobile App,SBP,Completed
O004102,C02166,2025-02-06,Marketplace,SBP,Completed
O004103,C02370,2025-04-09,Website,Cash on Delivery,Completed
O004104,C01525,2025-10-04,Website,Card,Completed
O004105,C01325,2025-09-02,Marketplace,Card,Completed
O004106,C02041,2025-03-25,Mobile App,Cash on Delivery,Completed
O004107,C02443,2026-03-12,Marketplace,Wallet,Completed
O004108,C00070,2025-06-14,Mobile App,Card,Completed
O004109,C00776,2026-04-19,Website,Card,Completed
O004110,C00835,2025-01-09,Mobile App,Wallet,Completed
O004111,C01411,2025-05-10,Mobile App,Card,Completed
O004112,C00738,2025-06-12,Marketplace,SBP,Completed
O004113,C00778,2025-11-22,Mobile App,Card,Completed
O004114,C00062,2025-08-07,Mobile App,Card,Completed
O004115,C00010,2025-03-27,Website,SBP,Completed
O004116,C01125,2025-11-08,Website,Cash on Delivery,Completed
O004117,C02494,2026-06-08,Marketplace,Card,Completed
O004118,C00740,2025-03-14,Marketplace,Card,Completed
O004119,C00601,2025-05-18,Mobile App,Card,Completed
O004120,C00662,2025-09-19,Marketplace,Card,Completed
O004121,C02433,2026-02-01,Website,Cash on Delivery,Completed
O004122,C01660,2025-03-16,Mobile App,Card,Cancelled
O004123,C01633,2025-05-07,Mobile App,Cash on Delivery,Completed
O004124,C00474,2025-05-09,Mobile App,Wallet,Completed
O004125,C02260,2025-12-03,Mobile App,Card,Completed
O004126,C00492,2025-02-14,Mobile App,Card,Completed
O004127,C02419,2025-12-26,Marketplace,Cash on Delivery,Completed
O004128,C02382,2025-08-21,Website,Card,Completed
O004129,C01420,2025-06-29,Mobile App,Wallet,Completed
O004130,C02171,2026-04-16,Website,Card,Completed
O004131,C02500,2026-03-24,Website,Card,Cancelled
O004132,C01451,2026-03-15,Mobile App,Card,Cancelled
O004133,C01919,2026-04-29,Mobile App,Card,Completed
O004134,C01477,2025-05-08,Marketplace,SBP,Cancelled
O004135,C01310,2026-04-12,Website,SBP,Completed
O004136,C00837,2025-04-07,Website,Card,Completed
O004137,C01638,2025-06-30,Mobile App,SBP,Completed
O004138,C00669,2025-10-31,Marketplace,Card,Completed
O004139,C00486,2026-02-11,Marketplace,Cash on Delivery,Completed
O004140,C00689,2025-11-12,Marketplace,Wallet,Completed
O004141,C00028,2025-11-02,Mobile App,SBP,Completed
O004142,C02335,2025-07-25,Marketplace,Cash on Delivery,Completed
O004143,C00642,2025-11-20,Website,Card,Completed
O004144,C02000,2025-09-17,Marketplace,Card,Completed
O004145,C01088,2025-09-18,Mobile App,Card,Completed
O004146,C00849,2025-11-16,Website,Wallet,Returned
O004147,C00571,2025-11-24,Mobile App,Card,Completed
O004148,C02052,2025-06-30,Mobile App,Wallet,Completed
O004149,C01286,2025-03-16,Website,Card,Completed
O004150,C01125,2025-06-13,Website,Card,Returned
O004151,C01645,2025-08-12,Mobile App,SBP,Completed
O004152,C02007,2025-03-29,Marketplace,SBP,Completed
O004153,C01640,2025-04-08,Mobile App,Card,Completed
O004154,C01170,2026-06-04,Website,Wallet,Completed
O004155,C02235,2025-06-02,Mobile App,SBP,Completed
O004156,C02240,2026-02-08,Website,Card,Completed
O004157,C02416,2025-03-11,Website,SBP,Completed
O004158,C00228,2026-06-15,Website,Card,Completed
O004159,C02227,2025-04-27,Mobile App,Wallet,Completed
O004160,C00483,2025-08-04,Website,Card,Completed
O004161,C01551,2026-03-03,Website,SBP,Completed
O004162,C01645,2025-04-20,Website,Card,Completed
O004163,C00515,2025-10-28,Mobile App,Card,Completed
O004164,C00021,2026-03-05,Website,SBP,Returned
O004165,C02359,2025-01-13,Website,Card,Completed
O004166,C02229,2025-01-14,Mobile App,SBP,Completed
O004167,C00438,2026-03-07,Mobile App,SBP,Completed
O004168,C01504,2025-05-24,Mobile App,Card,Completed
O004169,C00379,2026-05-12,Mobile App,Card,Completed
O004170,C01417,2026-05-22,Mobile App,SBP,Completed
O004171,C00794,2026-04-26,Mobile App,Card,Completed
O004172,C01880,2026-06-29,Mobile App,Card,Cancelled
O004173,C01435,2026-03-26,Mobile App,Card,Completed
O004174,C01246,2025-07-29,Website,Card,Completed
O004175,C01704,2026-06-26,Website,SBP,Completed
O004176,C01190,2025-07-08,Website,Wallet,Completed
O004177,C00034,2025-11-17,Website,SBP,Completed
O004178,C01490,2025-01-04,Marketplace,SBP,Completed
O004179,C01946,2026-06-10,Website,Card,Completed
O004180,C01226,2025-11-20,Mobile App,SBP,Completed
O004181,C00438,2026-06-03,Marketplace,Wallet,Completed
O004182,C00020,2025-07-12,Mobile App,Card,Completed
O004183,C00742,2025-06-21,Website,SBP,Completed
O004184,C01921,2025-10-13,Marketplace,Card,Completed
O004185,C00806,2026-04-17,Website,Card,Completed
O004186,C02391,2025-10-27,Website,Card,Returned
O004187,C00832,2026-03-09,Website,Card,Completed
O004188,C01070,2025-04-28,Website,Card,Completed
O004189,C01901,2026-02-28,Mobile App,Card,Completed
O004190,C01535,2026-02-04,Website,Card,Completed
O004191,C00103,2026-05-05,Mobile App,Card,Completed
O004192,C00191,2025-02-01,Website,Card,Cancelled
O004193,C00492,2025-07-29,Marketplace,Card,Completed
O004194,C02180,2025-02-18,Website,Wallet,Returned
O004195,C00056,2025-08-07,Marketplace,SBP,Completed
O004196,C00180,2026-02-19,Website,Card,Completed
O004197,C01946,2025-12-16,Marketplace,Card,Completed
O004198,C01558,2026-02-16,Mobile App,Card,Completed
O004199,C02460,2026-02-07,Mobile App,Card,Completed
O004200,C00549,2026-06-26,Website,Card,Completed
O004201,C01649,2026-04-26,Mobile App,Card,Completed
O004202,C00337,2025-11-17,Mobile App,Card,Completed
O004203,C01476,2026-04-24,Mobile App,SBP,Completed
O004204,C00266,2025-01-27,Mobile App,Card,Completed
O004205,C02271,2026-01-29,Marketplace,Card,Returned
O004206,C01040,2025-10-13,Marketplace,Card,Completed
O004207,C00638,2026-06-07,Mobile App,Wallet,Returned
O004208,C02462,2025-10-03,Website,SBP,Completed
O004209,C00167,2025-04-08,Website,SBP,Completed
O004210,C02000,2026-01-31,Mobile App,Wallet,Completed
O004211,C01275,2026-06-03,Marketplace,SBP,Completed
O004212,C01720,2025-01-09,Website,Card,Completed
O004213,C00651,2025-02-05,Website,SBP,Completed
O004214,C02204,2025-12-28,Website,Card,Completed
O004215,C01128,2025-10-31,Website,SBP,Completed
O004216,C01047,2025-10-27,Marketplace,Card,Completed
O004217,C01141,2025-02-19,Mobile App,Card,Completed
O004218,C00741,2025-11-09,Website,Card,Completed
O004219,C00798,2025-11-07,Website,Card,Completed
O004220,C00351,2026-04-09,Website,SBP,Returned
O004221,C01216,2025-08-01,Mobile App,Card,Completed
O004222,C01187,2025-07-09,Mobile App,Card,Completed
O004223,C00951,2025-02-14,Website,Card,Completed
O004224,C02465,2025-11-06,Website,Wallet,Completed
O004225,C00283,2025-12-20,Marketplace,SBP,Cancelled
O004226,C02276,2025-06-03,Mobile App,SBP,Completed
O004227,C02167,2026-02-04,Mobile App,Card,Completed
O004228,C00056,2026-05-28,Mobile App,Card,Returned
O004229,C01754,2025-04-06,Marketplace,Card,Completed
O004230,C00523,2025-11-09,Mobile App,Card,Completed
O004231,C00104,2026-01-15,Marketplace,Card,Completed
O004232,C02153,2025-01-11,Website,Wallet,Completed
O004233,C00290,2025-04-08,Website,Card,Cancelled
O004234,C00748,2025-08-05,Website,Card,Completed
O004235,C00242,2025-03-17,Marketplace,SBP,Completed
O004236,C00355,2025-07-14,Mobile App,Card,Completed
O004237,C00155,2025-03-22,Website,Card,Completed
O004238,C02106,2026-05-05,Marketplace,SBP,Completed
O004239,C00148,2025-11-24,Marketplace,Wallet,Completed
O004240,C01899,2025-06-29,Website,SBP,Completed
O004241,C00393,2026-03-02,Mobile App,Wallet,Completed
O004242,C02288,2025-01-11,Mobile App,Card,Cancelled
O004243,C02120,2025-11-22,Website,SBP,Completed
O004244,C01574,2026-01-09,Mobile App,Wallet,Completed
O004245,C02071,2026-03-18,Website,Card,Completed
O004246,C00746,2025-05-02,Marketplace,Wallet,Returned
O004247,C01958,2025-11-19,Mobile App,Cash on Delivery,Completed
O004248,C00554,2026-02-24,Marketplace,SBP,Completed
O004249,C01537,2026-03-12,Mobile App,Card,Completed
O004250,C02299,2025-04-06,Website,Card,Completed
O004251,C01809,2026-06-18,Website,SBP,Returned
O004252,C00674,2025-05-30,Mobile App,Wallet,Completed
O004253,C01847,2025-08-02,Website,Card,Completed
O004254,C02209,2025-04-15,Mobile App,Card,Completed
O004255,C02224,2025-03-23,Website,Card,Completed
O004256,C01848,2025-05-20,Website,Card,Completed
O004257,C01831,2025-03-15,Mobile App,SBP,Completed
O004258,C01963,2026-02-05,Mobile App,Card,Completed
O004259,C01842,2025-11-23,Mobile App,Card,Completed
O004260,C00335,2025-08-01,Mobile App,SBP,Completed
O004261,C02011,2025-10-26,Website,Card,Completed
O004262,C00450,2025-11-26,Mobile App,SBP,Completed
O004263,C01391,2025-04-11,Mobile App,Card,Completed
O004264,C00849,2025-06-12,Mobile App,Card,Completed
O004265,C00533,2026-04-27,Website,Wallet,Completed
O004266,C00705,2025-01-07,Mobile App,Card,Cancelled
O004267,C00212,2026-06-07,Website,Card,Completed
O004268,C01100,2026-06-11,Mobile App,Card,Cancelled
O004269,C01048,2025-05-19,Website,SBP,Completed
O004270,C01009,2025-06-25,Marketplace,Card,Completed
O004271,C00230,2025-04-23,Mobile App,SBP,Completed
O004272,C01518,2025-11-03,Mobile App,Card,Completed
O004273,C00424,2025-04-27,Mobile App,Wallet,Completed
O004274,C02140,2026-03-08,Mobile App,SBP,Completed
O004275,C00060,2025-07-31,Website,Wallet,Returned
O004276,C00139,2026-06-13,Mobile App,SBP,Completed
O004277,C00751,2026-04-11,Marketplace,Wallet,Returned
O004278,C01020,2025-08-08,Website,Card,Completed
O004279,C02425,2025-11-22,Website,Card,Returned
O004280,C01314,2025-01-14,Mobile App,Wallet,Completed
O004281,C00948,2025-02-06,Website,Wallet,Completed
O004282,C02095,2025-10-04,Mobile App,Wallet,Completed
O004283,C00603,2025-09-16,Mobile App,Cash on Delivery,Returned
O004284,C02243,2025-08-06,Mobile App,SBP,Completed
O004285,C01009,2025-02-19,Website,Card,Completed
O004286,C00782,2026-04-04,Website,Wallet,Completed
O004287,C00754,2025-08-10,Marketplace,Card,Completed
O004288,C00025,2025-09-14,Website,SBP,Completed
O004289,C01685,2025-08-09,Mobile App,Wallet,Completed
O004290,C01444,2025-09-29,Website,SBP,Completed
O004291,C01587,2025-12-21,Website,Card,Cancelled
O004292,C01630,2026-02-22,Mobile App,SBP,Completed
O004293,C00069,2025-10-28,Website,Wallet,Completed
O004294,C02195,2025-04-01,Mobile App,Card,Completed
O004295,C01279,2026-04-23,Mobile App,Card,Completed
O004296,C01729,2025-06-05,Marketplace,SBP,Completed
O004297,C00091,2025-01-09,Marketplace,Wallet,Completed
O004298,C01903,2025-01-22,Website,SBP,Completed
O004299,C01694,2026-02-27,Website,SBP,Completed
O004300,C00922,2025-07-31,Marketplace,Card,Completed
O004301,C02340,2025-01-13,Website,Card,Completed
O004302,C01627,2026-03-20,Website,Wallet,Cancelled
O004303,C02269,2025-06-16,Website,Card,Completed
O004304,C02055,2026-06-18,Mobile App,Card,Completed
O004305,C00515,2026-04-26,Website,Card,Cancelled
O004306,C02492,2025-01-27,Website,Card,Returned
O004307,C01857,2026-01-12,Mobile App,Card,Completed
O004308,C00475,2025-11-26,Mobile App,SBP,Completed
O004309,C01983,2025-04-04,Website,Card,Completed
O004310,C01073,2025-07-07,Mobile App,SBP,Completed
O004311,C02161,2025-09-25,Mobile App,Card,Completed
O004312,C00434,2025-03-21,Website,Wallet,Completed
O004313,C00649,2026-01-30,Website,Card,Completed
O004314,C00870,2025-06-01,Website,Card,Completed
O004315,C01128,2026-05-27,Website,Card,Completed
O004316,C01579,2026-03-14,Marketplace,Cash on Delivery,Completed
O004317,C00554,2025-12-13,Website,SBP,Completed
O004318,C01764,2025-03-07,Marketplace,SBP,Completed
O004319,C00061,2025-01-14,Website,Card,Returned
O004320,C00828,2025-03-21,Website,Card,Completed
O004321,C01648,2025-09-30,Mobile App,Cash on Delivery,Completed
O004322,C00663,2026-03-03,Mobile App,Card,Completed
O004323,C01079,2025-03-25,Website,SBP,Completed
O004324,C01516,2026-01-22,Website,Wallet,Completed
O004325,C00621,2025-01-27,Mobile App,SBP,Completed
O004326,C02411,2025-05-26,Website,Card,Completed
O004327,C02118,2025-11-23,Mobile App,Card,Completed
O004328,C02428,2026-03-29,Mobile App,Card,Completed
O004329,C01240,2026-03-01,Website,Cash on Delivery,Returned
O004330,C00859,2025-10-18,Mobile App,Wallet,Completed
O004331,C02487,2025-01-20,Website,Card,Completed
O004332,C01822,2025-06-10,Marketplace,Wallet,Completed
O004333,C01984,2026-03-04,Marketplace,Card,Completed
O004334,C00457,2025-02-14,Mobile App,Card,Completed
O004335,C02174,2026-01-21,Marketplace,Card,Completed
O004336,C01321,2026-01-20,Mobile App,Wallet,Completed
O004337,C01934,2026-02-15,Website,Card,Completed
O004338,C02063,2025-04-29,Website,Card,Completed
O004339,C00265,2025-05-14,Website,Card,Completed
O004340,C00248,2025-04-19,Website,Card,Completed
O004341,C00163,2025-08-03,Mobile App,Card,Completed
O004342,C01608,2025-10-14,Mobile App,Card,Completed
O004343,C02288,2025-03-07,Mobile App,Wallet,Completed
O004344,C00076,2025-11-06,Website,Cash on Delivery,Completed
O004345,C00346,2025-05-11,Website,Card,Cancelled
O004346,C01215,2025-11-03,Website,Cash on Delivery,Completed
O004347,C00979,2025-06-15,Marketplace,Wallet,Completed
O004348,C00258,2026-06-06,Website,Wallet,Completed
O004349,C01525,2025-06-24,Website,Card,Cancelled
O004350,C02264,2026-04-21,Website,Wallet,Completed
O004351,C00530,2025-04-06,Marketplace,SBP,Completed
O004352,C00008,2025-02-16,Website,Card,Completed
O004353,C00564,2025-04-14,Mobile App,SBP,Completed
O004354,C00462,2025-08-17,Website,Card,Completed
O004355,C01166,2026-05-08,Website,Wallet,Completed
O004356,C00269,2025-04-07,Mobile App,SBP,Completed
O004357,C00903,2026-03-05,Mobile App,Card,Completed
O004358,C00299,2026-01-16,Mobile App,Card,Completed
O004359,C01692,2025-07-08,Website,Wallet,Completed
O004360,C01173,2025-07-03,Marketplace,Card,Completed
O004361,C00188,2026-06-02,Mobile App,Wallet,Completed
O004362,C00110,2026-01-26,Marketplace,SBP,Completed
O004363,C01222,2025-05-11,Website,Card,Completed
O004364,C01480,2026-05-13,Website,SBP,Cancelled
O004365,C00436,2025-08-11,Website,Cash on Delivery,Completed
O004366,C00809,2025-02-13,Mobile App,Cash on Delivery,Completed
O004367,C01517,2026-03-21,Mobile App,Card,Completed
O004368,C01178,2026-04-20,Mobile App,Card,Completed
O004369,C00291,2025-08-30,Website,Card,Completed
O004370,C00979,2026-01-20,Website,SBP,Returned
O004371,C00495,2025-05-09,Website,Card,Completed
O004372,C02317,2026-04-10,Mobile App,Card,Completed
O004373,C02010,2025-07-21,Website,Card,Completed
O004374,C00781,2025-05-26,Website,Cash on Delivery,Completed
O004375,C00588,2025-10-01,Website,Card,Completed
O004376,C00337,2025-05-26,Website,SBP,Completed
O004377,C01843,2025-12-05,Marketplace,Card,Completed
O004378,C02296,2026-02-13,Website,SBP,Completed
O004379,C00683,2025-08-10,Marketplace,SBP,Completed
O004380,C01600,2026-03-04,Mobile App,Wallet,Returned
O004381,C00588,2025-08-24,Mobile App,SBP,Completed
O004382,C02293,2026-06-14,Mobile App,Card,Completed
O004383,C00748,2025-05-25,Mobile App,Card,Completed
O004384,C00241,2026-01-20,Mobile App,Card,Completed
O004385,C02203,2025-10-20,Website,Card,Completed
O004386,C02364,2026-05-31,Marketplace,Cash on Delivery,Completed
O004387,C00993,2025-04-30,Website,Card,Completed
O004388,C02269,2025-04-18,Website,Wallet,Completed
O004389,C00610,2026-04-19,Website,Card,Cancelled
O004390,C00678,2026-05-07,Mobile App,Wallet,Completed
O004391,C01342,2026-02-13,Website,Wallet,Completed
O004392,C01502,2025-09-17,Website,SBP,Cancelled
O004393,C00965,2025-08-13,Website,Card,Cancelled
O004394,C02000,2025-12-30,Website,Wallet,Completed
O004395,C01976,2026-02-12,Website,Wallet,Completed
O004396,C00303,2025-05-31,Marketplace,Card,Completed
O004397,C02477,2025-01-04,Website,Cash on Delivery,Completed
O004398,C00398,2025-02-10,Marketplace,Wallet,Completed
O004399,C01317,2025-07-08,Mobile App,Card,Completed
O004400,C01058,2026-01-08,Mobile App,Card,Completed
O004401,C01130,2025-08-29,Marketplace,Card,Cancelled
O004402,C00322,2025-12-04,Website,Card,Returned
O004403,C00858,2025-09-14,Mobile App,Wallet,Completed
O004404,C00076,2025-05-18,Website,Wallet,Completed
O004405,C02434,2026-02-13,Website,Card,Cancelled
O004406,C00360,2026-01-31,Website,SBP,Completed
O004407,C01209,2026-06-10,Mobile App,SBP,Completed
O004408,C00541,2026-03-27,Mobile App,Card,Completed
O004409,C00445,2025-07-27,Website,SBP,Completed
O004410,C00976,2026-01-20,Mobile App,SBP,Completed
O004411,C02424,2025-07-11,Website,Card,Completed
O004412,C01196,2026-04-22,Website,Card,Completed
O004413,C02403,2025-11-30,Website,Wallet,Returned
O004414,C02068,2026-04-01,Mobile App,Card,Completed
O004415,C01090,2025-06-03,Mobile App,Card,Completed
O004416,C02253,2025-01-09,Website,Cash on Delivery,Completed
O004417,C00871,2025-03-19,Website,Wallet,Completed
O004418,C01254,2025-10-18,Mobile App,SBP,Completed
O004419,C01702,2026-06-10,Mobile App,Card,Completed
O004420,C01474,2025-12-09,Website,SBP,Completed
O004421,C02073,2026-03-19,Mobile App,SBP,Completed
O004422,C00408,2025-09-14,Mobile App,Card,Completed
O004423,C01247,2026-06-08,Mobile App,Card,Completed
O004424,C01662,2026-05-29,Website,Card,Completed
O004425,C00828,2025-04-29,Marketplace,Card,Completed
O004426,C02168,2026-04-16,Mobile App,Cash on Delivery,Completed
O004427,C00754,2025-01-10,Website,SBP,Completed
O004428,C00753,2025-11-20,Marketplace,Card,Completed
O004429,C00817,2025-08-27,Mobile App,Card,Completed
O004430,C01692,2025-06-14,Mobile App,SBP,Completed
O004431,C00296,2026-05-25,Mobile App,Card,Completed
O004432,C00358,2025-12-28,Website,Card,Completed
O004433,C01947,2025-03-17,Mobile App,Cash on Delivery,Completed
O004434,C00519,2025-03-18,Website,Wallet,Completed
O004435,C00263,2025-03-05,Marketplace,Cash on Delivery,Completed
O004436,C00660,2025-06-16,Website,Card,Completed
O004437,C00996,2025-02-07,Website,Wallet,Cancelled
O004438,C00083,2025-05-25,Website,SBP,Completed
O004439,C02088,2026-02-22,Mobile App,Card,Completed
O004440,C00294,2026-04-23,Mobile App,Card,Completed
O004441,C01011,2026-03-06,Mobile App,Card,Completed
O004442,C00506,2025-09-28,Website,Card,Completed
O004443,C00737,2026-01-15,Website,Wallet,Completed
O004444,C00114,2026-05-31,Mobile App,SBP,Completed
O004445,C02371,2025-01-30,Website,Cash on Delivery,Completed
O004446,C02344,2026-05-09,Mobile App,SBP,Completed
O004447,C00317,2026-01-30,Marketplace,Card,Completed
O004448,C00494,2025-07-30,Mobile App,Card,Completed
O004449,C02213,2025-09-02,Website,Card,Completed
O004450,C01038,2025-08-28,Mobile App,Wallet,Completed
O004451,C00156,2025-03-28,Marketplace,Card,Completed
O004452,C00340,2025-05-06,Mobile App,Card,Completed
O004453,C01034,2025-06-11,Mobile App,Card,Completed
O004454,C01395,2025-01-04,Website,Wallet,Completed
O004455,C01580,2025-10-01,Mobile App,Card,Completed
O004456,C00384,2025-09-18,Website,Card,Completed
O004457,C00926,2025-06-29,Mobile App,SBP,Cancelled
O004458,C00653,2025-04-07,Marketplace,Card,Completed
O004459,C01337,2026-06-14,Marketplace,SBP,Completed
O004460,C00804,2026-01-06,Website,SBP,Completed
O004461,C00511,2025-09-17,Mobile App,Card,Completed
O004462,C02039,2026-01-30,Website,Card,Completed
O004463,C01423,2025-07-23,Mobile App,Card,Completed
O004464,C01185,2025-04-28,Mobile App,Card,Completed
O004465,C00337,2026-01-03,Mobile App,SBP,Completed
O004466,C00178,2026-02-25,Website,Card,Completed
O004467,C01991,2025-12-22,Mobile App,Card,Completed
O004468,C02422,2025-11-06,Mobile App,SBP,Completed
O004469,C01460,2025-01-02,Mobile App,SBP,Cancelled
O004470,C00098,2025-12-15,Mobile App,Wallet,Completed
O004471,C01205,2025-12-04,Mobile App,Wallet,Completed
O004472,C00701,2025-08-14,Website,Card,Completed
O004473,C00137,2025-05-14,Website,Card,Completed
O004474,C00357,2026-06-19,Mobile App,SBP,Completed
O004475,C01250,2025-07-24,Mobile App,Wallet,Cancelled
O004476,C01068,2025-05-29,Website,Card,Completed
O004477,C01409,2026-01-21,Website,Cash on Delivery,Completed
O004478,C01734,2025-09-21,Marketplace,SBP,Completed
O004479,C00665,2025-11-01,Marketplace,Card,Completed
O004480,C00716,2025-12-20,Mobile App,Wallet,Completed
O004481,C01694,2025-07-21,Mobile App,Card,Completed
O004482,C00493,2025-03-25,Marketplace,Cash on Delivery,Completed
O004483,C00192,2025-04-02,Mobile App,Card,Completed
O004484,C02134,2026-05-29,Website,SBP,Completed
O004485,C00522,2025-10-03,Mobile App,SBP,Completed
O004486,C00303,2025-08-16,Marketplace,Card,Completed
O004487,C01844,2025-06-24,Mobile App,SBP,Completed
O004488,C01330,2026-01-30,Website,Card,Completed
O004489,C00369,2026-05-14,Marketplace,Card,Completed
O004490,C02127,2026-02-24,Mobile App,Card,Completed
O004491,C00614,2025-10-19,Website,Wallet,Completed
O004492,C01691,2025-09-17,Marketplace,Wallet,Completed
O004493,C01628,2026-04-18,Mobile App,Card,Completed
O004494,C02075,2026-04-13,Mobile App,Wallet,Completed
O004495,C01823,2025-08-02,Marketplace,Wallet,Completed
O004496,C01758,2026-06-11,Website,Card,Cancelled
O004497,C00129,2026-03-28,Mobile App,Cash on Delivery,Completed
O004498,C02346,2026-04-08,Website,Card,Completed
O004499,C00317,2025-01-31,Marketplace,Wallet,Completed
O004500,C00634,2025-03-12,Marketplace,SBP,Completed
O004501,C01116,2025-06-12,Mobile App,Cash on Delivery,Completed
O004502,C00722,2026-02-20,Mobile App,Card,Completed
O004503,C01482,2025-02-12,Mobile App,Card,Completed
O004504,C00133,2025-02-15,Website,Wallet,Completed
O004505,C01135,2025-01-18,Website,SBP,Completed
O004506,C00874,2025-04-15,Website,SBP,Completed
O004507,C01618,2026-05-17,Mobile App,SBP,Completed
O004508,C01300,2026-01-29,Mobile App,SBP,Completed
O004509,C01890,2026-01-27,Mobile App,Card,Completed
O004510,C00412,2025-06-09,Website,Card,Completed
O004511,C02374,2025-12-08,Mobile App,Card,Completed
O004512,C00981,2026-03-02,Website,Card,Returned
O004513,C00875,2025-10-18,Marketplace,Wallet,Completed
O004514,C01371,2026-04-13,Marketplace,Card,Completed
O004515,C00408,2025-11-07,Mobile App,Card,Completed
O004516,C02037,2025-06-27,Mobile App,Card,Completed
O004517,C00661,2025-12-15,Website,Wallet,Completed
O004518,C02319,2026-05-30,Website,Card,Completed
O004519,C00371,2026-03-28,Mobile App,Card,Completed
O004520,C02161,2025-09-30,Mobile App,Wallet,Completed
O004521,C00986,2025-11-22,Website,Card,Completed
O004522,C01519,2026-06-17,Website,Wallet,Completed
O004523,C02182,2026-02-13,Mobile App,Card,Completed
O004524,C00323,2025-10-02,Website,SBP,Completed
O004525,C00868,2025-06-03,Website,Card,Completed
O004526,C02371,2026-05-10,Mobile App,Card,Completed
O004527,C00373,2026-06-18,Marketplace,Card,Completed
O004528,C00258,2025-02-08,Website,SBP,Completed
O004529,C01307,2025-01-18,Website,Wallet,Completed
O004530,C00062,2025-03-04,Website,Card,Cancelled
O004531,C02480,2025-07-31,Website,SBP,Completed
O004532,C02260,2025-03-29,Mobile App,Card,Completed
O004533,C00471,2026-04-27,Website,Wallet,Completed
O004534,C00432,2026-05-15,Website,Cash on Delivery,Completed
O004535,C01945,2025-04-09,Marketplace,Card,Completed
O004536,C01302,2026-03-29,Mobile App,Card,Completed
O004537,C02059,2025-03-19,Website,SBP,Completed
O004538,C02420,2026-03-06,Website,Wallet,Completed
O004539,C01004,2025-07-19,Mobile App,SBP,Completed
O004540,C00635,2025-01-22,Mobile App,Card,Completed
O004541,C01549,2025-08-22,Marketplace,SBP,Completed
O004542,C01588,2026-03-26,Website,Card,Completed
O004543,C01081,2026-05-25,Mobile App,Cash on Delivery,Completed
O004544,C00748,2025-03-08,Website,Wallet,Completed
O004545,C00656,2026-04-02,Website,Wallet,Completed
O004546,C01304,2025-06-10,Mobile App,Wallet,Completed
O004547,C01066,2025-09-11,Mobile App,Cash on Delivery,Completed
O004548,C01144,2025-03-01,Website,Card,Completed
O004549,C00239,2026-06-16,Website,Wallet,Completed
O004550,C02202,2026-03-08,Mobile App,Card,Returned
O004551,C01768,2025-12-17,Website,Card,Returned
O004552,C02298,2026-02-01,Website,Card,Completed
O004553,C02073,2026-04-23,Website,Card,Completed
O004554,C01548,2025-03-20,Website,Card,Completed
O004555,C00769,2025-05-15,Mobile App,Card,Completed
O004556,C01635,2025-01-21,Website,Card,Completed
O004557,C01417,2025-09-24,Mobile App,Card,Completed
O004558,C02310,2025-09-27,Mobile App,Card,Completed
O004559,C00581,2025-01-17,Website,SBP,Completed
O004560,C00065,2025-12-28,Mobile App,SBP,Completed
O004561,C00319,2025-01-05,Website,SBP,Completed
O004562,C00438,2026-03-09,Mobile App,SBP,Completed
O004563,C01660,2026-01-21,Mobile App,SBP,Completed
O004564,C00367,2026-03-22,Mobile App,Card,Completed
O004565,C00336,2025-03-06,Website,Card,Completed
O004566,C00993,2026-04-21,Mobile App,Card,Completed
O004567,C01955,2025-10-27,Mobile App,Card,Completed
O004568,C01062,2026-04-17,Website,Wallet,Completed
O004569,C00680,2026-01-16,Website,Card,Completed
O004570,C00712,2025-12-25,Website,Cash on Delivery,Completed
O004571,C02047,2025-01-18,Website,Card,Returned
O004572,C01084,2026-01-13,Website,SBP,Completed
O004573,C00922,2025-09-03,Marketplace,Card,Completed
O004574,C01934,2026-04-09,Marketplace,Wallet,Completed
O004575,C00923,2026-01-09,Website,Wallet,Completed
O004576,C00892,2025-02-10,Marketplace,Card,Completed
O004577,C01877,2026-05-01,Mobile App,Card,Completed
O004578,C00819,2025-02-04,Mobile App,SBP,Completed
O004579,C01276,2025-06-13,Marketplace,Card,Completed
O004580,C01662,2025-04-29,Mobile App,Card,Completed
O004581,C00503,2026-06-16,Mobile App,Cash on Delivery,Completed
O004582,C00321,2025-03-25,Website,SBP,Completed
O004583,C02127,2026-04-07,Website,Card,Completed
O004584,C00743,2025-05-02,Marketplace,Card,Completed
O004585,C00851,2025-12-22,Website,Card,Completed
O004586,C01475,2025-02-19,Website,Wallet,Completed
O004587,C00257,2025-08-02,Website,Card,Cancelled
O004588,C00114,2025-12-07,Mobile App,Card,Completed
O004589,C01041,2026-01-24,Website,Card,Completed
O004590,C02421,2026-04-22,Marketplace,Cash on Delivery,Completed
O004591,C01435,2026-03-22,Website,Card,Completed
O004592,C01447,2025-10-11,Marketplace,SBP,Completed
O004593,C01525,2025-06-15,Mobile App,Card,Completed
O004594,C02153,2025-05-23,Mobile App,Wallet,Completed
O004595,C02090,2026-06-27,Website,Card,Completed
O004596,C00061,2025-11-29,Website,Wallet,Completed
O004597,C01354,2026-05-12,Marketplace,Cash on Delivery,Completed
O004598,C01367,2025-08-25,Mobile App,Card,Completed
O004599,C00560,2025-09-23,Website,Card,Completed
O004600,C02438,2026-03-27,Marketplace,Cash on Delivery,Completed
O004601,C00655,2026-01-30,Mobile App,Card,Completed
O004602,C02085,2025-04-20,Website,Wallet,Completed
O004603,C00253,2025-10-14,Mobile App,Wallet,Completed
O004604,C01505,2025-04-27,Mobile App,Card,Completed
O004605,C01840,2026-02-20,Mobile App,Card,Completed
O004606,C01261,2025-01-17,Website,Card,Completed
O004607,C00265,2026-03-28,Website,SBP,Completed
O004608,C00310,2026-05-23,Website,Card,Completed
O004609,C01515,2025-01-13,Website,SBP,Completed
O004610,C02157,2025-12-11,Website,SBP,Returned
O004611,C01493,2025-02-13,Mobile App,Wallet,Completed
O004612,C00253,2025-07-16,Mobile App,Card,Completed
O004613,C01964,2025-07-03,Website,Card,Completed
O004614,C01148,2025-10-11,Mobile App,Card,Completed
O004615,C00187,2026-05-17,Website,Card,Completed
O004616,C00920,2025-09-10,Website,Card,Completed
O004617,C00508,2025-08-06,Mobile App,Wallet,Completed
O004618,C02467,2025-02-20,Marketplace,Card,Completed
O004619,C02274,2026-04-30,Website,Card,Completed
O004620,C00266,2025-06-21,Marketplace,SBP,Returned
O004621,C01431,2025-09-10,Marketplace,SBP,Completed
O004622,C00018,2025-02-20,Mobile App,Card,Completed
O004623,C01145,2025-06-07,Marketplace,Card,Completed
O004624,C00390,2025-10-30,Website,Card,Completed
O004625,C01870,2026-05-07,Website,Card,Completed
O004626,C00181,2025-06-29,Mobile App,Card,Completed
O004627,C02257,2025-11-03,Mobile App,Card,Completed
O004628,C00578,2026-04-24,Website,SBP,Completed
O004629,C00658,2025-07-16,Website,Wallet,Cancelled
O004630,C02215,2025-06-10,Website,Card,Completed
O004631,C02254,2025-01-25,Website,Card,Completed
O004632,C00240,2026-05-11,Website,Wallet,Completed
O004633,C00272,2025-03-02,Marketplace,SBP,Returned
O004634,C02134,2025-04-28,Website,SBP,Completed
O004635,C02445,2025-03-18,Mobile App,Wallet,Completed
O004636,C01222,2026-01-22,Website,SBP,Completed
O004637,C00413,2025-07-19,Website,SBP,Completed
O004638,C00382,2026-01-20,Marketplace,Card,Completed
O004639,C00666,2025-11-28,Website,Cash on Delivery,Completed
O004640,C01714,2025-01-09,Website,SBP,Completed
O004641,C00242,2025-06-17,Mobile App,Card,Completed
O004642,C01604,2025-01-03,Website,SBP,Completed
O004643,C02010,2025-02-05,Website,Card,Completed
O004644,C00360,2025-09-16,Marketplace,SBP,Completed
O004645,C02461,2025-05-25,Website,Card,Completed
O004646,C02469,2025-02-18,Mobile App,SBP,Completed
O004647,C00743,2025-08-12,Website,Card,Completed
O004648,C00281,2025-09-04,Website,SBP,Completed
O004649,C00815,2026-06-26,Website,SBP,Completed
O004650,C00646,2025-12-28,Mobile App,Card,Completed
O004651,C00698,2025-08-03,Website,Card,Completed
O004652,C02313,2025-09-16,Marketplace,Card,Completed
O004653,C00388,2025-02-18,Mobile App,SBP,Completed
O004654,C00793,2025-07-31,Mobile App,Cash on Delivery,Completed
O004655,C01969,2025-11-14,Website,Card,Completed
O004656,C00144,2025-01-12,Mobile App,SBP,Cancelled
O004657,C00152,2026-05-18,Mobile App,Cash on Delivery,Completed
O004658,C00755,2025-10-09,Website,SBP,Completed
O004659,C02420,2026-03-06,Marketplace,Card,Completed
O004660,C02099,2025-05-31,Mobile App,Card,Completed
O004661,C02319,2026-04-02,Marketplace,Wallet,Completed
O004662,C02160,2025-07-20,Marketplace,Card,Completed
O004663,C00297,2026-05-22,Website,Card,Completed
O004664,C01003,2025-10-13,Website,SBP,Completed
O004665,C01324,2025-12-14,Mobile App,Card,Completed
O004666,C00417,2025-04-22,Mobile App,SBP,Completed
O004667,C02483,2026-06-28,Mobile App,Cash on Delivery,Completed
O004668,C01508,2025-04-16,Website,Cash on Delivery,Completed
O004669,C02132,2025-01-19,Mobile App,SBP,Completed
O004670,C00647,2025-08-29,Marketplace,Wallet,Completed
O004671,C01788,2026-04-01,Marketplace,Wallet,Completed
O004672,C00265,2026-05-18,Website,Cash on Delivery,Completed
O004673,C00057,2026-04-13,Marketplace,Wallet,Completed
O004674,C01602,2025-10-29,Website,Wallet,Completed
O004675,C00171,2026-05-16,Mobile App,Card,Completed
O004676,C00691,2025-09-26,Website,Card,Completed
O004677,C01986,2025-09-19,Mobile App,Card,Completed
O004678,C01245,2025-04-09,Website,SBP,Completed
O004679,C00942,2026-03-07,Website,Cash on Delivery,Completed
O004680,C00727,2025-06-22,Website,Cash on Delivery,Completed
O004681,C01672,2025-04-17,Marketplace,Wallet,Completed
O004682,C02387,2025-07-21,Mobile App,Wallet,Completed
O004683,C01848,2025-11-26,Mobile App,Card,Completed
O004684,C00898,2025-05-28,Mobile App,Card,Completed
O004685,C01056,2025-07-15,Website,SBP,Completed
O004686,C00258,2025-06-30,Website,Card,Completed
O004687,C00359,2025-11-22,Website,Wallet,Completed
O004688,C00671,2026-01-25,Website,SBP,Completed
O004689,C00967,2026-01-04,Marketplace,Card,Completed
O004690,C02476,2025-03-19,Website,SBP,Completed
O004691,C02178,2025-07-09,Mobile App,SBP,Completed
O004692,C00283,2025-12-21,Mobile App,SBP,Completed
O004693,C00828,2025-04-29,Marketplace,Wallet,Completed
O004694,C00141,2025-02-07,Website,Card,Completed
O004695,C00157,2025-06-25,Marketplace,Wallet,Completed
O004696,C00937,2026-01-06,Mobile App,Card,Completed
O004697,C02398,2025-12-29,Mobile App,Card,Completed
O004698,C00463,2025-03-12,Mobile App,Card,Completed
O004699,C01702,2026-01-05,Website,Wallet,Cancelled
O004700,C00982,2025-04-17,Mobile App,Wallet,Completed
O004701,C01353,2026-02-09,Mobile App,Card,Completed
O004702,C02174,2025-11-06,Mobile App,SBP,Cancelled
O004703,C02073,2025-03-11,Marketplace,Wallet,Completed
O004704,C02071,2025-07-11,Mobile App,Cash on Delivery,Completed
O004705,C01028,2026-03-23,Website,Card,Completed
O004706,C00122,2025-08-25,Website,Card,Completed
O004707,C02463,2026-01-11,Marketplace,Card,Returned
O004708,C02485,2026-02-13,Mobile App,Wallet,Completed
O004709,C02144,2025-01-17,Marketplace,Card,Completed
O004710,C01194,2026-05-24,Website,Card,Completed
O004711,C00702,2025-07-03,Mobile App,Cash on Delivery,Completed
O004712,C00437,2026-03-10,Marketplace,Card,Completed
O004713,C00928,2025-09-12,Mobile App,SBP,Returned
O004714,C00837,2025-11-12,Website,Cash on Delivery,Completed
O004715,C00690,2025-07-16,Website,Card,Completed
O004716,C02376,2026-04-11,Marketplace,Card,Completed
O004717,C01649,2025-03-06,Mobile App,Card,Completed
O004718,C00558,2026-05-05,Website,SBP,Completed
O004719,C01599,2025-04-24,Mobile App,Card,Completed
O004720,C01763,2026-04-28,Website,Card,Completed
O004721,C01307,2025-01-14,Website,Card,Completed
O004722,C02367,2025-01-08,Website,SBP,Completed
O004723,C02415,2025-02-20,Website,Wallet,Returned
O004724,C01081,2025-10-27,Mobile App,SBP,Completed
O004725,C01181,2025-05-26,Website,SBP,Completed
O004726,C00543,2025-11-23,Mobile App,Cash on Delivery,Completed
O004727,C01960,2026-03-24,Mobile App,SBP,Completed
O004728,C02328,2025-01-15,Website,SBP,Completed
O004729,C01646,2025-10-15,Website,Card,Cancelled
O004730,C00503,2026-02-08,Website,Card,Completed
O004731,C01296,2025-08-20,Mobile App,Card,Completed
O004732,C01987,2026-05-21,Marketplace,Card,Completed
O004733,C00106,2025-12-28,Mobile App,Cash on Delivery,Completed
O004734,C01476,2025-01-19,Mobile App,Card,Completed
O004735,C01644,2025-10-23,Marketplace,Card,Completed
O004736,C01342,2025-07-29,Mobile App,Wallet,Completed
O004737,C01607,2025-03-13,Mobile App,Cash on Delivery,Completed
O004738,C02240,2026-06-03,Mobile App,SBP,Completed
O004739,C00313,2025-05-02,Website,Card,Returned
O004740,C01427,2025-02-15,Website,SBP,Completed
O004741,C01990,2025-05-02,Mobile App,Card,Completed
O004742,C02055,2026-03-26,Mobile App,SBP,Completed
O004743,C01168,2025-11-24,Website,SBP,Completed
O004744,C02494,2026-03-24,Marketplace,Wallet,Completed
O004745,C00811,2025-09-10,Website,Card,Completed
O004746,C01102,2025-03-05,Mobile App,Cash on Delivery,Completed
O004747,C02060,2025-07-31,Marketplace,Card,Completed
O004748,C01099,2025-04-20,Website,Card,Completed
O004749,C00859,2025-10-31,Marketplace,Wallet,Completed
O004750,C01390,2025-05-28,Mobile App,Card,Completed
O004751,C01555,2026-06-14,Mobile App,Card,Completed
O004752,C02425,2025-07-25,Marketplace,Card,Completed
O004753,C01545,2025-06-21,Mobile App,Card,Completed
O004754,C00464,2026-06-22,Mobile App,Card,Returned
O004755,C00133,2025-10-12,Mobile App,SBP,Returned
O004756,C02419,2025-04-04,Website,Card,Completed
O004757,C01058,2025-09-20,Website,Cash on Delivery,Completed
O004758,C00504,2025-05-20,Website,SBP,Completed
O004759,C00557,2026-01-27,Website,Wallet,Completed
O004760,C00266,2025-11-10,Mobile App,Wallet,Completed
O004761,C00499,2026-02-03,Marketplace,SBP,Completed
O004762,C01951,2026-05-29,Marketplace,Card,Completed
O004763,C01638,2026-02-03,Website,Wallet,Completed
O004764,C01500,2025-07-05,Mobile App,Card,Cancelled
O004765,C00029,2025-04-21,Mobile App,Card,Completed
O004766,C01681,2025-10-17,Website,SBP,Completed
O004767,C02423,2025-09-03,Mobile App,Card,Completed
O004768,C02309,2025-06-20,Website,SBP,Completed
O004769,C00989,2026-03-19,Marketplace,Cash on Delivery,Completed
O004770,C01501,2026-05-12,Website,SBP,Completed
O004771,C00748,2025-07-28,Mobile App,Card,Completed
O004772,C02222,2026-01-07,Marketplace,Card,Completed
O004773,C02300,2026-06-22,Mobile App,Card,Completed
O004774,C00558,2025-01-07,Website,Card,Completed
O004775,C01217,2025-07-19,Website,SBP,Completed
O004776,C00591,2026-02-07,Marketplace,SBP,Completed
O004777,C01536,2025-09-29,Website,SBP,Returned
O004778,C00733,2026-03-09,Website,SBP,Completed
O004779,C01740,2025-09-17,Marketplace,Card,Completed
O004780,C02454,2025-02-05,Mobile App,Card,Completed
O004781,C02179,2025-08-25,Mobile App,SBP,Completed
O004782,C00456,2025-08-09,Website,Card,Completed
O004783,C00325,2026-04-07,Mobile App,Card,Completed
O004784,C02037,2025-03-22,Mobile App,SBP,Completed
O004785,C00205,2025-03-26,Website,Card,Returned
O004786,C01001,2025-03-19,Website,Card,Returned
O004787,C02485,2025-11-06,Website,Card,Completed
O004788,C01121,2026-06-28,Mobile App,Card,Completed
O004789,C00023,2025-12-04,Website,SBP,Completed
O004790,C02439,2026-03-22,Marketplace,Card,Completed
O004791,C01771,2026-04-10,Website,Wallet,Completed
O004792,C00827,2025-11-24,Website,Card,Completed
O004793,C01528,2025-11-29,Marketplace,Card,Completed
O004794,C01531,2025-05-13,Marketplace,Card,Cancelled
O004795,C01382,2026-06-09,Mobile App,Cash on Delivery,Completed
O004796,C02403,2026-03-07,Marketplace,SBP,Completed
O004797,C01965,2026-04-22,Website,SBP,Cancelled
O004798,C00648,2026-06-22,Mobile App,Wallet,Completed
O004799,C02482,2025-07-10,Website,Card,Completed
O004800,C02407,2025-03-20,Mobile App,SBP,Cancelled
O004801,C00118,2026-04-15,Mobile App,SBP,Returned
O004802,C00744,2025-09-16,Mobile App,Wallet,Completed
O004803,C01537,2026-06-08,Website,Card,Completed
O004804,C02196,2026-01-15,Website,Cash on Delivery,Completed
O004805,C01792,2025-05-21,Marketplace,SBP,Completed
O004806,C01436,2025-07-13,Mobile App,Wallet,Completed
O004807,C00765,2025-11-30,Website,Card,Completed
O004808,C00242,2025-08-04,Website,Card,Completed
O004809,C02233,2025-06-03,Website,Card,Completed
O004810,C01332,2025-04-25,Website,Wallet,Completed
O004811,C01143,2025-12-21,Website,Card,Completed
O004812,C02450,2025-01-20,Mobile App,SBP,Completed
O004813,C00412,2025-02-21,Mobile App,Card,Completed
O004814,C00635,2025-01-24,Mobile App,Card,Completed
O004815,C02137,2026-02-05,Website,Card,Completed
O004816,C00711,2025-01-17,Website,SBP,Completed
O004817,C02358,2025-08-18,Website,Card,Completed
O004818,C02145,2025-03-08,Marketplace,Wallet,Completed
O004819,C00249,2025-11-17,Mobile App,SBP,Completed
O004820,C01145,2025-01-19,Website,Cash on Delivery,Completed
O004821,C01880,2025-01-15,Mobile App,SBP,Completed
O004822,C01224,2025-08-13,Mobile App,SBP,Completed
O004823,C00538,2026-01-15,Mobile App,SBP,Returned
O004824,C00113,2025-03-01,Mobile App,Card,Completed
O004825,C00017,2025-09-28,Marketplace,Card,Completed
O004826,C00446,2026-03-19,Website,Wallet,Completed
O004827,C00652,2025-12-08,Mobile App,Card,Completed
O004828,C00755,2026-02-14,Mobile App,Card,Completed
O004829,C02138,2025-06-22,Mobile App,SBP,Completed
O004830,C01272,2026-05-30,Website,Wallet,Cancelled
O004831,C00353,2025-03-21,Mobile App,Card,Completed
O004832,C00209,2025-11-27,Website,Wallet,Returned
O004833,C00327,2025-08-26,Mobile App,Card,Completed
O004834,C00784,2025-01-18,Mobile App,Card,Completed
O004835,C01848,2026-05-31,Website,Cash on Delivery,Completed
O004836,C00124,2026-01-19,Marketplace,Card,Cancelled
O004837,C01016,2025-05-05,Mobile App,SBP,Completed
O004838,C01119,2025-01-29,Mobile App,Cash on Delivery,Completed
O004839,C00372,2026-01-05,Marketplace,Card,Completed
O004840,C00147,2025-10-25,Mobile App,Card,Completed
O004841,C00576,2025-01-28,Website,Cash on Delivery,Completed
O004842,C00380,2026-06-23,Mobile App,SBP,Completed
O004843,C01987,2026-01-28,Mobile App,Cash on Delivery,Completed
O004844,C02292,2025-09-10,Mobile App,Wallet,Completed
O004845,C01559,2025-05-11,Marketplace,SBP,Completed
O004846,C01897,2025-05-28,Mobile App,Card,Completed
O004847,C01903,2025-09-04,Website,Card,Completed
O004848,C02195,2025-02-01,Mobile App,Card,Completed
O004849,C00245,2025-07-20,Mobile App,Card,Completed
O004850,C02493,2025-04-29,Website,Wallet,Cancelled
O004851,C01146,2025-03-03,Website,Cash on Delivery,Completed
O004852,C01358,2025-03-10,Website,Cash on Delivery,Completed
O004853,C01993,2025-07-08,Mobile App,Cash on Delivery,Completed
O004854,C01235,2025-07-28,Website,Card,Completed
O004855,C00665,2025-07-11,Website,Card,Completed
O004856,C00048,2026-01-12,Website,Card,Returned
O004857,C00423,2025-10-13,Mobile App,SBP,Completed
O004858,C00211,2025-04-16,Website,Cash on Delivery,Completed
O004859,C00955,2026-06-15,Website,Wallet,Completed
O004860,C01948,2026-02-03,Mobile App,Wallet,Cancelled
O004861,C00834,2025-09-14,Website,Card,Completed
O004862,C01494,2025-01-27,Website,Card,Completed
O004863,C00464,2026-05-15,Mobile App,Card,Completed
O004864,C01476,2026-02-11,Website,SBP,Completed
O004865,C02385,2025-09-10,Website,Card,Completed
O004866,C00789,2025-03-30,Website,Wallet,Cancelled
O004867,C01208,2025-02-28,Website,Card,Completed
O004868,C02408,2025-06-08,Mobile App,SBP,Completed
O004869,C01521,2025-05-06,Marketplace,Wallet,Cancelled
O004870,C00998,2025-04-25,Website,Card,Completed
O004871,C00303,2025-08-11,Mobile App,SBP,Completed
O004872,C02344,2025-01-26,Marketplace,Wallet,Completed
O004873,C01526,2025-06-27,Mobile App,Cash on Delivery,Completed
O004874,C00143,2026-04-21,Mobile App,Card,Completed
O004875,C01389,2026-04-18,Mobile App,SBP,Completed
O004876,C02422,2025-01-05,Mobile App,Card,Completed
O004877,C02330,2026-01-06,Marketplace,Card,Completed
O004878,C00490,2026-06-26,Website,Card,Completed
O004879,C01031,2025-11-12,Marketplace,SBP,Completed
O004880,C02467,2025-08-02,Mobile App,Card,Completed
O004881,C01956,2025-09-26,Mobile App,SBP,Completed
O004882,C01401,2025-04-27,Website,Card,Completed
O004883,C00761,2025-08-05,Website,Card,Completed
O004884,C01908,2026-05-27,Website,SBP,Completed
O004885,C01448,2025-12-01,Marketplace,Card,Completed
O004886,C01310,2025-08-24,Mobile App,Card,Completed
O004887,C02318,2025-03-10,Marketplace,Card,Completed
O004888,C00944,2026-05-10,Website,Card,Completed
O004889,C01563,2025-03-30,Website,Card,Completed
O004890,C00109,2026-01-29,Website,Wallet,Cancelled
O004891,C01778,2025-06-15,Website,SBP,Completed
O004892,C01369,2025-06-02,Mobile App,Card,Cancelled
O004893,C02190,2025-04-04,Marketplace,Card,Completed
O004894,C00833,2025-07-24,Marketplace,Wallet,Completed
O004895,C02314,2026-01-05,Mobile App,Card,Completed
O004896,C01440,2025-08-16,Website,Card,Completed
O004897,C00521,2025-01-14,Mobile App,Card,Completed
O004898,C00401,2025-05-25,Mobile App,SBP,Completed
O004899,C00490,2025-03-29,Mobile App,SBP,Completed
O004900,C00755,2025-08-08,Mobile App,Card,Completed
O004901,C01377,2026-05-08,Website,Card,Completed
O004902,C02171,2026-06-10,Website,SBP,Completed
O004903,C02489,2026-06-29,Marketplace,Card,Cancelled
O004904,C01696,2025-03-03,Mobile App,Card,Completed
O004905,C01226,2025-09-24,Marketplace,Wallet,Completed
O004906,C01534,2025-01-25,Website,Card,Completed
O004907,C00828,2025-09-28,Mobile App,Card,Completed
O004908,C00613,2025-11-11,Website,SBP,Completed
O004909,C01344,2026-02-27,Marketplace,SBP,Completed
O004910,C02069,2025-07-03,Website,Card,Completed
O004911,C00161,2025-01-20,Mobile App,Card,Completed
O004912,C00278,2025-09-05,Website,Card,Completed
O004913,C00444,2025-08-22,Website,Card,Completed
O004914,C00525,2025-12-07,Website,Card,Completed
O004915,C00373,2025-02-24,Mobile App,Card,Completed
O004916,C00326,2025-12-01,Mobile App,Card,Completed
O004917,C00070,2025-08-07,Marketplace,Card,Completed
O004918,C00871,2026-02-08,Mobile App,Card,Completed
O004919,C01806,2026-06-22,Mobile App,SBP,Completed
O004920,C00393,2025-05-05,Mobile App,SBP,Completed
O004921,C00814,2026-02-16,Website,Cash on Delivery,Completed
O004922,C02434,2025-03-11,Mobile App,SBP,Completed
O004923,C00422,2026-06-22,Mobile App,SBP,Completed
O004924,C02469,2025-09-20,Mobile App,Card,Completed
O004925,C01281,2026-02-12,Website,SBP,Cancelled
O004926,C01811,2026-03-01,Website,Card,Completed
O004927,C00809,2025-11-29,Website,Wallet,Completed
O004928,C00812,2025-07-29,Marketplace,Cash on Delivery,Completed
O004929,C00983,2026-02-16,Mobile App,Card,Returned
O004930,C00320,2025-09-18,Mobile App,Cash on Delivery,Completed
O004931,C00789,2025-12-26,Mobile App,SBP,Completed
O004932,C02236,2025-12-01,Mobile App,SBP,Returned
O004933,C00010,2025-09-11,Website,Card,Completed
O004934,C01431,2025-03-05,Website,Card,Completed
O004935,C01721,2025-06-09,Mobile App,Wallet,Completed
O004936,C00354,2026-05-28,Website,Card,Completed
O004937,C00277,2025-10-12,Website,SBP,Completed
O004938,C01382,2025-12-14,Website,Card,Completed
O004939,C00548,2025-05-22,Website,Card,Completed
O004940,C02446,2026-01-21,Marketplace,SBP,Completed
O004941,C00476,2025-09-23,Mobile App,SBP,Completed
O004942,C00328,2025-04-30,Marketplace,Wallet,Completed
O004943,C00829,2025-03-21,Marketplace,SBP,Cancelled
O004944,C00830,2025-08-04,Website,SBP,Completed
O004945,C00401,2025-11-05,Website,Cash on Delivery,Completed
O004946,C01663,2025-06-02,Mobile App,SBP,Completed
O004947,C00868,2025-05-14,Website,SBP,Returned
O004948,C01318,2025-05-28,Marketplace,Wallet,Completed
O004949,C00609,2025-06-10,Website,SBP,Cancelled
O004950,C00242,2026-02-08,Mobile App,SBP,Completed
O004951,C00154,2025-09-30,Mobile App,SBP,Completed
O004952,C00133,2025-09-14,Marketplace,SBP,Completed
O004953,C02177,2025-03-30,Mobile App,SBP,Completed
O004954,C00662,2025-10-25,Mobile App,SBP,Completed
O004955,C00764,2026-06-10,Website,SBP,Completed
O004956,C01449,2026-02-12,Mobile App,Card,Completed
O004957,C00239,2025-09-02,Mobile App,Card,Completed
O004958,C01502,2025-06-17,Mobile App,Card,Completed
O004959,C01304,2025-07-12,Mobile App,Card,Completed
O004960,C01979,2025-01-15,Website,Card,Completed
O004961,C00309,2025-01-16,Website,Card,Completed
O004962,C00043,2026-02-28,Marketplace,Card,Completed
O004963,C01933,2026-04-06,Website,Wallet,Completed
O004964,C00926,2026-06-13,Mobile App,SBP,Completed
O004965,C00154,2025-12-08,Mobile App,SBP,Completed
O004966,C01391,2026-05-23,Marketplace,Card,Completed
O004967,C01162,2025-08-16,Website,Card,Completed
O004968,C02378,2025-05-19,Website,Card,Completed
O004969,C02360,2025-05-15,Marketplace,Card,Completed
O004970,C01348,2025-05-10,Mobile App,Card,Completed
O004971,C00398,2026-02-11,Mobile App,SBP,Completed
O004972,C01870,2025-01-06,Website,Card,Completed
O004973,C00504,2026-06-01,Website,Wallet,Completed
O004974,C02095,2026-02-28,Marketplace,Card,Completed
O004975,C01502,2025-07-27,Mobile App,Card,Completed
O004976,C00887,2026-01-19,Marketplace,Wallet,Completed
O004977,C02450,2025-03-15,Marketplace,Card,Completed
O004978,C01286,2025-08-24,Mobile App,Card,Completed
O004979,C00965,2025-03-01,Mobile App,SBP,Cancelled
O004980,C00473,2025-03-03,Mobile App,SBP,Cancelled
O004981,C01622,2025-01-04,Mobile App,SBP,Completed
O004982,C00675,2026-03-11,Mobile App,Cash on Delivery,Completed
O004983,C00381,2026-02-11,Website,Card,Completed
O004984,C00296,2026-05-03,Marketplace,Card,Completed
O004985,C01604,2026-06-20,Mobile App,Wallet,Completed
O004986,C02303,2026-06-11,Marketplace,SBP,Completed
O004987,C00632,2026-06-27,Website,Cash on Delivery,Returned
O004988,C00544,2025-01-09,Mobile App,Wallet,Completed
O004989,C01534,2026-03-05,Mobile App,Card,Cancelled
O004990,C00358,2026-01-30,Mobile App,SBP,Returned
O004991,C00222,2025-03-30,Website,Card,Completed
O004992,C01594,2025-03-16,Website,Card,Completed
O004993,C01313,2026-06-18,Mobile App,Card,Completed
O004994,C00072,2026-04-27,Marketplace,Card,Completed
O004995,C00594,2025-06-28,Website,SBP,Completed
O004996,C00496,2025-02-10,Website,SBP,Returned
O004997,C01705,2025-07-02,Mobile App,Cash on Delivery,Completed
O004998,C01665,2025-01-03,Website,Card,Completed
O004999,C01870,2026-01-11,Website,Card,Completed
O005000,C00249,2025-07-27,Mobile App,Card,Completed
O005001,C02121,2025-01-27,Mobile App,SBP,Completed
O005002,C00524,2026-06-19,Website,Card,Completed
O005003,C02481,2026-03-27,Website,Card,Completed
O005004,C02180,2026-05-09,Marketplace,SBP,Completed
O005005,C01149,2026-06-29,Mobile App,Card,Completed
O005006,C01965,2025-01-08,Mobile App,SBP,Completed
O005007,C01677,2026-02-28,Website,Card,Completed
O005008,C01935,2026-03-06,Mobile App,Card,Completed
O005009,C00047,2026-03-03,Mobile App,Wallet,Completed
O005010,C00210,2025-05-25,Website,Card,Completed
O005011,C02263,2025-08-02,Mobile App,Card,Cancelled
O005012,C01954,2026-05-23,Mobile App,Cash on Delivery,Completed
O005013,C01540,2025-02-05,Website,Card,Completed
O005014,C00781,2025-12-17,Mobile App,Card,Completed
O005015,C01054,2026-03-09,Website,Card,Completed
O005016,C00983,2026-03-12,Mobile App,SBP,Completed
O005017,C01086,2025-11-23,Marketplace,SBP,Completed
O005018,C01571,2026-02-23,Website,SBP,Returned
O005019,C01895,2026-05-12,Website,Cash on Delivery,Completed
O005020,C00960,2026-02-23,Website,Card,Completed
O005021,C02084,2025-03-05,Marketplace,Card,Completed
O005022,C00227,2025-05-14,Website,Cash on Delivery,Completed
O005023,C02020,2025-06-16,Website,Card,Completed
O005024,C01692,2025-07-07,Mobile App,Cash on Delivery,Completed
O005025,C01277,2025-07-16,Mobile App,Cash on Delivery,Cancelled
O005026,C00938,2025-05-01,Mobile App,Cash on Delivery,Completed
O005027,C00928,2026-01-09,Marketplace,Card,Completed
O005028,C00902,2025-03-02,Website,SBP,Completed
O005029,C02364,2026-03-07,Mobile App,Wallet,Completed
O005030,C00067,2025-12-26,Mobile App,Card,Completed
O005031,C01586,2026-06-09,Website,SBP,Completed
O005032,C02473,2025-01-04,Marketplace,Card,Completed
O005033,C01360,2025-06-11,Mobile App,Card,Returned
O005034,C01598,2026-05-06,Website,Wallet,Completed
O005035,C01496,2025-09-27,Website,Cash on Delivery,Completed
O005036,C01265,2025-11-03,Website,Card,Completed
O005037,C01575,2025-01-16,Marketplace,Card,Completed
O005038,C02259,2026-02-21,Website,SBP,Completed
O005039,C01783,2025-05-19,Marketplace,Card,Completed
O005040,C02124,2026-06-10,Website,SBP,Completed
O005041,C01383,2025-07-24,Marketplace,SBP,Completed
O005042,C01934,2025-04-13,Mobile App,Card,Completed
O005043,C02189,2025-11-21,Website,SBP,Completed
O005044,C00530,2025-09-18,Website,Card,Cancelled
O005045,C02150,2025-09-15,Mobile App,Card,Completed
O005046,C01717,2026-06-03,Website,Wallet,Completed
O005047,C01106,2025-07-19,Website,Card,Returned
O005048,C01936,2025-08-06,Mobile App,Card,Completed
O005049,C00422,2025-12-07,Marketplace,SBP,Completed
O005050,C01747,2025-04-04,Mobile App,Card,Completed
O005051,C01442,2026-03-29,Marketplace,Card,Cancelled
O005052,C02221,2025-05-06,Mobile App,Wallet,Completed
O005053,C01552,2025-05-12,Mobile App,Card,Returned
O005054,C01315,2025-01-06,Website,Card,Returned
O005055,C01309,2025-07-07,Mobile App,Card,Cancelled
O005056,C01388,2025-11-15,Mobile App,SBP,Completed
O005057,C02227,2026-01-20,Mobile App,Card,Completed
O005058,C01963,2026-05-06,Marketplace,Wallet,Returned
O005059,C00233,2026-03-01,Mobile App,Card,Completed
O005060,C01332,2025-06-25,Mobile App,SBP,Completed
O005061,C00719,2026-03-27,Mobile App,Wallet,Completed
O005062,C00412,2025-04-17,Website,SBP,Completed
O005063,C02165,2025-04-25,Website,SBP,Completed
O005064,C02144,2025-07-15,Marketplace,Card,Returned
O005065,C02349,2025-10-22,Website,Card,Completed
O005066,C00985,2025-04-21,Mobile App,Card,Completed
O005067,C01065,2026-05-07,Mobile App,Card,Completed
O005068,C01946,2025-05-28,Marketplace,Card,Completed
O005069,C00482,2025-08-03,Mobile App,SBP,Completed
O005070,C00136,2025-11-27,Website,Card,Completed
O005071,C01051,2025-08-23,Website,Cash on Delivery,Completed
O005072,C01574,2025-08-09,Mobile App,SBP,Cancelled
O005073,C01141,2026-06-22,Website,Card,Returned
O005074,C00529,2025-08-26,Mobile App,Card,Completed
O005075,C01299,2025-03-03,Website,SBP,Completed
O005076,C02357,2026-02-03,Website,Card,Completed
O005077,C00686,2026-01-21,Marketplace,Card,Completed
O005078,C01001,2025-04-30,Marketplace,SBP,Completed
O005079,C00782,2026-04-10,Mobile App,SBP,Completed
O005080,C00734,2025-08-02,Website,Card,Completed
O005081,C01639,2025-03-24,Marketplace,Card,Completed
O005082,C00937,2025-04-05,Mobile App,Card,Completed
O005083,C01555,2026-01-26,Marketplace,Card,Returned
O005084,C00050,2025-04-28,Website,Card,Completed
O005085,C01656,2025-09-14,Website,SBP,Completed
O005086,C00264,2026-02-05,Mobile App,SBP,Completed
O005087,C00944,2026-04-11,Marketplace,Card,Completed
O005088,C02182,2025-09-25,Website,Cash on Delivery,Completed
O005089,C00842,2026-05-11,Website,SBP,Completed
O005090,C01746,2025-06-15,Mobile App,Card,Cancelled
O005091,C00879,2026-04-22,Marketplace,Wallet,Completed
O005092,C02256,2025-05-17,Mobile App,SBP,Completed
O005093,C02378,2025-02-05,Marketplace,Card,Completed
O005094,C02273,2026-02-01,Mobile App,Card,Returned
O005095,C00989,2026-02-18,Marketplace,Wallet,Completed
O005096,C00794,2026-05-21,Mobile App,Card,Completed
O005097,C01516,2026-05-19,Website,Card,Completed
O005098,C02042,2025-02-25,Mobile App,Wallet,Completed
O005099,C01308,2025-12-06,Mobile App,Wallet,Completed
O005100,C01846,2026-01-20,Mobile App,SBP,Completed
O005101,C02191,2025-11-25,Website,Card,Completed
O005102,C01881,2025-01-11,Mobile App,Card,Completed
O005103,C00923,2025-01-25,Mobile App,Wallet,Completed
O005104,C00625,2026-01-02,Website,SBP,Cancelled
O005105,C01086,2026-04-13,Marketplace,Wallet,Completed
O005106,C01438,2025-04-08,Website,Card,Returned
O005107,C02107,2025-01-26,Website,Cash on Delivery,Completed
O005108,C00752,2025-08-09,Website,Card,Completed
O005109,C00403,2025-06-21,Mobile App,Card,Completed
O005110,C00789,2026-06-21,Website,Wallet,Cancelled
O005111,C01486,2026-05-21,Mobile App,Card,Completed
O005112,C00581,2025-11-01,Mobile App,SBP,Completed
O005113,C01000,2026-06-03,Mobile App,SBP,Completed
O005114,C00642,2025-05-05,Marketplace,Wallet,Completed
O005115,C02465,2026-06-26,Marketplace,Card,Completed
O005116,C01282,2025-09-02,Website,Card,Completed
O005117,C01804,2025-09-18,Website,SBP,Completed
O005118,C01301,2025-01-28,Website,Wallet,Completed
O005119,C00027,2025-04-07,Mobile App,Cash on Delivery,Completed
O005120,C00660,2025-04-17,Website,Card,Returned
O005121,C02099,2025-09-24,Mobile App,SBP,Completed
O005122,C01279,2025-04-14,Mobile App,Card,Returned
O005123,C01758,2025-02-25,Mobile App,Card,Completed
O005124,C01905,2025-11-27,Website,Card,Completed
O005125,C01403,2026-04-22,Website,Card,Completed
O005126,C01444,2025-02-08,Website,Card,Completed
O005127,C00591,2025-11-03,Mobile App,Card,Completed
O005128,C00624,2026-06-09,Mobile App,Card,Completed
O005129,C00374,2025-08-09,Mobile App,Wallet,Completed
O005130,C00745,2025-04-10,Mobile App,Card,Completed
O005131,C01571,2025-02-13,Mobile App,Wallet,Completed
O005132,C02322,2026-05-27,Website,Wallet,Completed
O005133,C01100,2025-08-10,Website,Card,Completed
O005134,C01506,2025-02-27,Website,SBP,Completed
O005135,C02155,2026-04-18,Website,Card,Completed
O005136,C01694,2026-03-14,Website,Card,Cancelled
O005137,C00656,2026-01-20,Mobile App,SBP,Completed
O005138,C00703,2025-02-16,Website,SBP,Completed
O005139,C01594,2025-02-15,Website,Card,Completed
O005140,C00720,2025-04-30,Website,Wallet,Completed
O005141,C00623,2025-03-29,Website,SBP,Completed
O005142,C01480,2025-10-18,Website,Card,Completed
O005143,C01591,2025-08-03,Website,Card,Completed
O005144,C00634,2026-02-22,Website,Wallet,Completed
O005145,C00121,2025-02-25,Marketplace,Cash on Delivery,Completed
O005146,C01921,2026-02-02,Website,SBP,Cancelled
O005147,C00980,2026-05-25,Website,SBP,Completed
O005148,C01583,2025-03-13,Mobile App,Card,Completed
O005149,C00432,2025-12-23,Website,Card,Completed
O005150,C00787,2025-10-05,Mobile App,Wallet,Completed
O005151,C01515,2025-02-21,Website,SBP,Completed
O005152,C00311,2025-06-09,Marketplace,SBP,Completed
O005153,C00792,2026-03-07,Marketplace,SBP,Cancelled
O005154,C01798,2026-04-20,Mobile App,Card,Completed
O005155,C01929,2025-07-21,Website,Card,Completed
O005156,C00883,2025-02-28,Mobile App,SBP,Completed
O005157,C00287,2025-05-14,Website,Card,Cancelled
O005158,C00066,2026-04-06,Mobile App,Card,Completed
O005159,C01391,2025-11-08,Website,Card,Completed
O005160,C01734,2025-08-24,Mobile App,Card,Cancelled
O005161,C01485,2025-01-08,Website,Wallet,Completed
O005162,C01014,2026-03-04,Mobile App,Card,Completed
O005163,C00056,2025-09-12,Website,Card,Completed
O005164,C00566,2025-10-25,Website,SBP,Completed
O005165,C00090,2026-04-06,Mobile App,Wallet,Completed
O005166,C01156,2025-11-04,Mobile App,SBP,Completed
O005167,C00771,2026-05-22,Website,Cash on Delivery,Completed
O005168,C00178,2025-11-02,Website,SBP,Cancelled
O005169,C01523,2025-07-07,Marketplace,SBP,Completed
O005170,C00926,2026-05-19,Mobile App,Card,Completed
O005171,C02407,2025-12-17,Mobile App,Card,Cancelled
O005172,C01044,2026-02-20,Mobile App,Card,Completed
O005173,C00227,2025-05-04,Mobile App,SBP,Cancelled
O005174,C01763,2026-01-02,Mobile App,SBP,Completed
O005175,C01758,2025-11-02,Website,SBP,Completed
O005176,C02324,2025-02-27,Mobile App,SBP,Completed
O005177,C01732,2025-05-19,Mobile App,SBP,Completed
O005178,C00905,2026-05-13,Website,Card,Completed
O005179,C01674,2025-11-08,Mobile App,Card,Completed
O005180,C01996,2026-02-27,Website,SBP,Completed
O005181,C01291,2025-04-04,Website,Card,Completed
O005182,C01987,2025-04-29,Mobile App,Wallet,Completed
O005183,C02418,2026-05-29,Marketplace,Card,Completed
O005184,C01887,2025-08-18,Website,Card,Completed
O005185,C01255,2026-04-30,Mobile App,SBP,Completed
O005186,C01233,2026-03-18,Website,Card,Completed
O005187,C02096,2025-07-03,Mobile App,SBP,Completed
O005188,C02183,2026-06-03,Mobile App,Card,Completed
O005189,C00657,2026-03-01,Mobile App,Card,Completed
O005190,C00025,2025-03-11,Website,SBP,Completed
O005191,C02016,2025-02-22,Website,Card,Completed
O005192,C00591,2025-03-11,Mobile App,SBP,Completed
O005193,C02492,2026-02-09,Website,Card,Completed
O005194,C00091,2025-03-20,Website,SBP,Completed
O005195,C02276,2025-06-04,Website,Card,Completed
O005196,C01696,2025-08-26,Mobile App,Card,Completed
O005197,C00761,2025-03-16,Website,SBP,Completed
O005198,C00087,2025-06-30,Mobile App,SBP,Cancelled
O005199,C02116,2026-01-06,Website,Cash on Delivery,Completed
O005200,C00299,2026-06-15,Mobile App,Wallet,Completed
O005201,C00239,2025-09-14,Marketplace,SBP,Completed
O005202,C01976,2026-02-12,Website,Card,Completed
O005203,C01695,2025-10-17,Mobile App,SBP,Completed
O005204,C00319,2025-09-12,Mobile App,SBP,Completed
O005205,C00856,2025-10-12,Website,Wallet,Completed
O005206,C01667,2026-06-08,Mobile App,SBP,Completed
O005207,C01647,2025-02-02,Marketplace,Card,Completed
O005208,C00906,2025-10-08,Mobile App,Wallet,Completed
O005209,C01031,2025-01-29,Marketplace,Wallet,Completed
O005210,C00200,2026-04-23,Mobile App,Card,Completed
O005211,C00023,2025-11-25,Mobile App,SBP,Returned
O005212,C02419,2025-01-26,Website,SBP,Completed
O005213,C00579,2025-12-07,Marketplace,SBP,Completed
O005214,C02318,2025-08-26,Mobile App,Wallet,Completed
O005215,C00106,2025-01-26,Website,Card,Cancelled
O005216,C02475,2026-06-19,Mobile App,Card,Cancelled
O005217,C01069,2025-07-26,Mobile App,Card,Completed
O005218,C02016,2025-01-13,Marketplace,Wallet,Completed
O005219,C02101,2025-12-01,Mobile App,Card,Completed
O005220,C00880,2025-07-24,Marketplace,SBP,Completed
O005221,C01845,2025-12-25,Mobile App,SBP,Completed
O005222,C00836,2025-03-30,Mobile App,Wallet,Completed
O005223,C01973,2026-03-29,Mobile App,Card,Completed
O005224,C02398,2025-08-18,Website,Card,Completed
O005225,C02018,2025-08-18,Website,Cash on Delivery,Completed
O005226,C01820,2026-03-15,Marketplace,SBP,Completed
O005227,C00930,2025-10-27,Marketplace,Card,Completed
O005228,C00272,2025-01-01,Marketplace,Card,Completed
O005229,C01266,2025-11-12,Website,Wallet,Cancelled
O005230,C00325,2025-12-19,Website,Wallet,Completed
O005231,C01272,2025-06-20,Marketplace,SBP,Completed
O005232,C02173,2025-04-09,Website,Card,Completed
O005233,C00284,2025-01-30,Website,SBP,Completed
O005234,C02253,2026-04-08,Website,Card,Completed
O005235,C01496,2025-01-03,Marketplace,Wallet,Completed
O005236,C00118,2025-11-15,Mobile App,Card,Completed
O005237,C01801,2026-04-02,Website,Card,Completed
O005238,C00001,2025-07-12,Mobile App,Card,Completed
O005239,C01528,2025-04-20,Website,Card,Completed
O005240,C01269,2026-01-26,Mobile App,Card,Completed
O005241,C01865,2025-12-11,Mobile App,SBP,Completed
O005242,C00941,2025-01-09,Mobile App,Card,Completed
O005243,C00298,2025-11-12,Website,SBP,Completed
O005244,C00968,2025-01-01,Website,Card,Completed
O005245,C01904,2025-08-07,Website,Card,Completed
O005246,C02385,2025-06-16,Marketplace,Card,Completed
O005247,C00521,2026-04-01,Website,SBP,Returned
O005248,C00879,2026-06-18,Mobile App,Card,Completed
O005249,C02193,2026-01-17,Website,Wallet,Completed
O005250,C00783,2026-02-05,Marketplace,Card,Completed
O005251,C00613,2025-01-13,Mobile App,Card,Completed
O005252,C02079,2025-02-04,Website,Card,Completed
O005253,C01230,2026-03-01,Mobile App,SBP,Completed
O005254,C01459,2025-08-22,Mobile App,Card,Completed
O005255,C01219,2025-10-04,Mobile App,Card,Completed
O005256,C01508,2026-01-13,Marketplace,Card,Completed
O005257,C00673,2025-07-09,Mobile App,Card,Completed
O005258,C01830,2026-01-08,Marketplace,Card,Completed
O005259,C00905,2026-02-01,Mobile App,SBP,Returned
O005260,C01309,2025-05-12,Website,SBP,Completed
O005261,C00464,2026-01-10,Mobile App,Card,Completed
O005262,C00029,2025-04-03,Mobile App,Card,Cancelled
O005263,C01426,2025-06-19,Website,Card,Returned
O005264,C00347,2026-03-02,Mobile App,Cash on Delivery,Completed
O005265,C02283,2026-06-21,Website,SBP,Completed
O005266,C02399,2025-02-05,Website,Card,Completed
O005267,C00792,2025-12-21,Marketplace,Cash on Delivery,Completed
O005268,C00723,2025-11-08,Website,Card,Completed
O005269,C01271,2025-11-27,Mobile App,Card,Completed
O005270,C00511,2026-03-06,Website,Cash on Delivery,Completed
O005271,C02155,2025-02-08,Mobile App,SBP,Completed
O005272,C00255,2026-02-08,Marketplace,SBP,Cancelled
O005273,C01132,2025-06-02,Mobile App,SBP,Completed
O005274,C00473,2025-03-26,Mobile App,Cash on Delivery,Completed
O005275,C02079,2025-09-02,Website,Card,Completed
O005276,C00361,2025-01-15,Website,Card,Completed
O005277,C01116,2025-12-11,Mobile App,Card,Completed
O005278,C02084,2025-11-05,Mobile App,Cash on Delivery,Completed
O005279,C01101,2025-10-07,Mobile App,Card,Completed
O005280,C00462,2025-01-17,Mobile App,Card,Completed
O005281,C00394,2026-02-21,Website,Card,Completed
O005282,C01513,2025-01-20,Website,Card,Completed
O005283,C00313,2025-05-24,Marketplace,SBP,Completed
O005284,C00889,2025-08-05,Mobile App,Card,Completed
O005285,C01529,2026-01-19,Mobile App,Wallet,Completed
O005286,C00949,2025-08-11,Mobile App,SBP,Completed
O005287,C02069,2026-03-22,Marketplace,Card,Completed
O005288,C01720,2026-05-26,Marketplace,Wallet,Completed
O005289,C00339,2026-02-22,Website,Card,Completed
O005290,C02043,2025-01-22,Marketplace,SBP,Completed
O005291,C02276,2026-02-25,Website,SBP,Completed
O005292,C00506,2025-04-23,Website,Card,Completed
O005293,C00898,2026-05-01,Marketplace,Card,Completed
O005294,C00989,2026-06-19,Website,SBP,Completed
O005295,C01064,2025-02-15,Website,Card,Completed
O005296,C01160,2025-02-23,Mobile App,SBP,Completed
O005297,C02237,2026-01-16,Marketplace,Card,Completed
O005298,C01629,2025-03-20,Website,Card,Completed
O005299,C02241,2026-06-13,Mobile App,Cash on Delivery,Returned
O005300,C00877,2025-10-22,Mobile App,Card,Completed
O005301,C01313,2025-11-10,Website,Cash on Delivery,Completed
O005302,C00266,2026-04-15,Mobile App,SBP,Completed
O005303,C00692,2025-04-29,Mobile App,SBP,Completed
O005304,C01460,2025-10-31,Mobile App,Card,Returned
O005305,C00430,2026-06-30,Mobile App,Wallet,Cancelled
O005306,C02401,2025-01-13,Marketplace,Wallet,Completed
O005307,C00679,2025-04-06,Mobile App,SBP,Completed
O005308,C00404,2025-03-21,Website,SBP,Completed
O005309,C01952,2025-07-03,Mobile App,Card,Completed
O005310,C00226,2025-03-12,Mobile App,Card,Cancelled
O005311,C00812,2025-04-04,Website,Cash on Delivery,Completed
O005312,C00497,2026-04-11,Mobile App,Card,Completed
O005313,C01737,2025-09-11,Mobile App,Card,Completed
O005314,C02108,2025-07-15,Website,Card,Completed
O005315,C00489,2025-08-17,Website,SBP,Completed
O005316,C01041,2026-06-14,Mobile App,SBP,Completed
O005317,C01197,2025-09-26,Website,SBP,Completed
O005318,C01728,2025-09-14,Marketplace,Card,Completed
O005319,C00881,2026-05-22,Website,Card,Completed
O005320,C01308,2025-01-21,Mobile App,Card,Completed
O005321,C01260,2025-09-19,Mobile App,Cash on Delivery,Completed
O005322,C00029,2026-02-13,Website,Card,Completed
O005323,C01425,2025-10-08,Mobile App,Cash on Delivery,Completed
O005324,C01420,2026-04-20,Website,Card,Cancelled
O005325,C02478,2026-04-30,Website,Wallet,Completed
O005326,C01276,2025-07-03,Mobile App,SBP,Completed
O005327,C02250,2026-03-23,Website,Wallet,Completed
O005328,C00873,2025-05-14,Mobile App,SBP,Completed
O005329,C01740,2025-05-11,Mobile App,SBP,Completed
O005330,C02255,2026-06-18,Website,SBP,Completed
O005331,C00385,2025-01-08,Website,Card,Completed
O005332,C01418,2025-07-12,Marketplace,Cash on Delivery,Completed
O005333,C02298,2025-12-10,Website,SBP,Completed
O005334,C01391,2025-08-14,Mobile App,Card,Completed
O005335,C02232,2026-04-07,Website,Card,Completed
O005336,C01050,2025-05-18,Marketplace,SBP,Completed
O005337,C02217,2025-10-29,Website,Wallet,Completed
O005338,C01573,2025-03-10,Mobile App,Wallet,Completed
O005339,C01198,2025-04-26,Mobile App,Card,Completed
O005340,C00538,2025-04-05,Website,SBP,Completed
O005341,C00427,2026-02-09,Mobile App,Card,Completed
O005342,C00722,2025-04-21,Website,Card,Completed
O005343,C01887,2026-01-01,Website,Wallet,Completed
O005344,C01171,2025-07-08,Website,Card,Completed
O005345,C00972,2025-11-05,Mobile App,Card,Completed
O005346,C01168,2026-04-23,Marketplace,Card,Completed
O005347,C00862,2026-04-17,Website,Card,Completed
O005348,C02018,2025-01-07,Marketplace,Card,Completed
O005349,C00977,2026-03-05,Mobile App,Card,Completed
O005350,C01181,2026-06-06,Website,Card,Completed
O005351,C01398,2025-12-31,Website,Wallet,Completed
O005352,C01616,2025-04-13,Website,Card,Completed
O005353,C00834,2025-12-29,Website,Wallet,Completed
O005354,C00184,2025-12-14,Mobile App,SBP,Completed
O005355,C01725,2025-12-28,Mobile App,Card,Completed
O005356,C01401,2025-08-23,Website,Card,Completed
O005357,C01620,2025-10-14,Mobile App,Card,Completed
O005358,C01360,2025-12-22,Website,SBP,Completed
O005359,C01273,2025-09-11,Marketplace,SBP,Completed
O005360,C02372,2026-02-27,Mobile App,Card,Completed
O005361,C00135,2026-01-23,Website,Card,Completed
O005362,C00231,2025-06-15,Mobile App,Card,Completed
O005363,C02342,2025-11-30,Website,SBP,Completed
O005364,C02218,2026-02-18,Marketplace,Card,Completed
O005365,C01030,2025-09-25,Website,SBP,Completed
O005366,C01352,2026-01-26,Marketplace,SBP,Completed
O005367,C01124,2025-03-11,Marketplace,SBP,Completed
O005368,C02493,2025-07-30,Mobile App,Card,Completed
O005369,C01141,2026-01-19,Mobile App,Card,Completed
O005370,C01900,2026-05-04,Mobile App,Card,Completed
O005371,C00913,2025-12-19,Website,Wallet,Completed
O005372,C00954,2025-12-29,Marketplace,Card,Completed
O005373,C01687,2025-07-06,Website,Card,Completed
O005374,C00998,2026-01-18,Marketplace,Card,Returned
O005375,C00035,2025-07-14,Mobile App,SBP,Completed
O005376,C00433,2025-01-29,Website,SBP,Cancelled
O005377,C02184,2025-05-15,Website,SBP,Returned
O005378,C00918,2025-11-30,Website,SBP,Completed
O005379,C00257,2026-06-10,Website,Wallet,Completed
O005380,C02348,2025-09-28,Mobile App,Wallet,Cancelled
O005381,C02500,2026-04-15,Website,Card,Completed
O005382,C01250,2026-03-01,Marketplace,Card,Completed
O005383,C01571,2025-11-03,Website,Cash on Delivery,Completed
O005384,C01888,2026-03-16,Mobile App,SBP,Completed
O005385,C00166,2025-08-08,Website,Cash on Delivery,Completed
O005386,C00742,2025-08-30,Website,Card,Completed
O005387,C01407,2026-02-07,Mobile App,Cash on Delivery,Completed
O005388,C01375,2025-12-15,Website,Card,Completed
O005389,C00829,2025-10-16,Mobile App,SBP,Completed
O005390,C00005,2025-08-25,Mobile App,Card,Completed
O005391,C02383,2026-06-17,Website,Card,Completed
O005392,C01537,2025-02-05,Mobile App,Card,Completed
O005393,C01889,2025-01-31,Website,Card,Completed
O005394,C01094,2025-09-19,Website,Card,Completed
O005395,C01268,2025-01-19,Mobile App,Cash on Delivery,Completed
O005396,C01112,2025-07-06,Website,Cash on Delivery,Completed
O005397,C01075,2025-11-07,Website,Wallet,Completed
O005398,C01677,2025-08-10,Mobile App,Cash on Delivery,Completed
O005399,C02490,2025-04-21,Mobile App,Wallet,Completed
O005400,C01944,2025-06-05,Marketplace,Cash on Delivery,Completed
O005401,C01669,2025-11-26,Mobile App,Card,Completed
O005402,C00031,2026-06-04,Mobile App,Card,Completed
O005403,C01285,2026-03-03,Mobile App,Wallet,Completed
O005404,C02390,2025-10-26,Website,Card,Completed
O005405,C00995,2025-03-17,Website,SBP,Completed
O005406,C01374,2025-05-13,Mobile App,SBP,Cancelled
O005407,C00812,2025-08-29,Website,Card,Completed
O005408,C00478,2025-05-15,Website,Card,Completed
O005409,C01764,2026-01-12,Mobile App,SBP,Completed
O005410,C00784,2025-07-19,Mobile App,SBP,Cancelled
O005411,C01470,2026-04-01,Mobile App,Card,Completed
O005412,C01484,2025-05-27,Website,SBP,Completed
O005413,C02121,2025-09-29,Marketplace,Card,Completed
O005414,C02346,2026-01-26,Website,Card,Returned
O005415,C01384,2025-04-23,Marketplace,SBP,Completed
O005416,C00126,2026-02-20,Website,Card,Completed
O005417,C01456,2025-11-16,Marketplace,Cash on Delivery,Completed
O005418,C02212,2025-12-20,Marketplace,Card,Completed
O005419,C01194,2025-09-06,Website,Cash on Delivery,Returned
O005420,C01412,2026-05-26,Mobile App,Wallet,Completed
O005421,C01907,2026-02-26,Website,Wallet,Completed
O005422,C01098,2025-04-15,Website,SBP,Completed
O005423,C01038,2025-10-31,Website,SBP,Completed
O005424,C01206,2026-05-09,Mobile App,SBP,Completed
O005425,C02130,2025-06-02,Website,SBP,Completed
O005426,C01220,2025-10-20,Mobile App,Card,Completed
O005427,C00818,2026-02-16,Marketplace,Card,Completed
O005428,C01492,2025-05-30,Marketplace,Card,Completed
O005429,C01732,2025-10-10,Website,SBP,Cancelled
O005430,C02282,2025-10-29,Mobile App,Card,Completed
O005431,C02233,2025-04-07,Website,SBP,Completed
O005432,C01959,2025-04-07,Website,Card,Completed
O005433,C01923,2025-11-04,Marketplace,Card,Completed
O005434,C01124,2025-04-08,Marketplace,SBP,Completed
O005435,C00857,2026-06-02,Website,Wallet,Completed
O005436,C01408,2025-10-13,Website,Card,Completed
O005437,C01766,2026-01-21,Website,Wallet,Completed
O005438,C01297,2025-08-05,Website,Card,Returned
O005439,C00518,2025-06-13,Website,Card,Cancelled
O005440,C00037,2025-09-23,Website,Card,Completed
O005441,C00146,2026-01-24,Website,Card,Completed
O005442,C01066,2025-08-06,Website,Card,Completed
O005443,C01979,2025-06-04,Mobile App,Card,Completed
O005444,C01975,2025-03-20,Mobile App,SBP,Completed
O005445,C02021,2025-10-24,Mobile App,SBP,Completed
O005446,C01773,2026-01-07,Website,Card,Cancelled
O005447,C00058,2025-10-15,Mobile App,Wallet,Completed
O005448,C02209,2025-05-20,Website,SBP,Completed
O005449,C02370,2025-05-16,Marketplace,Card,Completed
O005450,C02125,2025-07-25,Website,Card,Completed
O005451,C01115,2025-07-09,Marketplace,Card,Completed
O005452,C00537,2025-04-22,Website,Wallet,Completed
O005453,C02264,2026-05-30,Mobile App,Card,Completed
O005454,C00463,2025-06-30,Website,Card,Completed
O005455,C01971,2025-05-17,Mobile App,Card,Completed
O005456,C02414,2025-11-28,Mobile App,Card,Completed
O005457,C02252,2026-03-14,Website,Card,Completed
O005458,C01303,2025-09-11,Mobile App,SBP,Completed
O005459,C02084,2025-12-31,Website,Cash on Delivery,Completed
O005460,C02078,2025-02-21,Mobile App,Card,Completed
O005461,C02435,2025-10-18,Website,Card,Completed
O005462,C00901,2025-02-06,Mobile App,Card,Completed
O005463,C01573,2025-03-17,Marketplace,Card,Completed
O005464,C02043,2025-11-20,Mobile App,SBP,Completed
O005465,C00569,2025-04-22,Mobile App,Cash on Delivery,Completed
O005466,C00564,2025-01-20,Marketplace,SBP,Completed
O005467,C00974,2025-04-08,Mobile App,Card,Returned
O005468,C00901,2026-02-26,Website,Wallet,Completed
O005469,C01880,2025-11-17,Mobile App,Wallet,Completed
O005470,C02340,2025-07-28,Website,Card,Completed
O005471,C00393,2026-06-16,Website,Cash on Delivery,Completed
O005472,C00813,2025-07-30,Website,SBP,Completed
O005473,C02325,2026-04-24,Mobile App,SBP,Completed
O005474,C01487,2025-07-08,Mobile App,Card,Returned
O005475,C00514,2025-01-14,Mobile App,Card,Completed
O005476,C01509,2025-03-02,Website,Wallet,Completed
O005477,C02190,2025-05-30,Website,Card,Completed
O005478,C00935,2025-04-12,Mobile App,Cash on Delivery,Completed
O005479,C01210,2025-03-27,Mobile App,Card,Completed
O005480,C01534,2025-07-29,Marketplace,Card,Completed
O005481,C02102,2026-06-17,Mobile App,SBP,Completed
O005482,C01412,2025-04-20,Website,SBP,Completed
O005483,C02396,2025-05-09,Mobile App,Card,Completed
O005484,C01888,2026-06-28,Mobile App,SBP,Completed
O005485,C01056,2025-04-20,Website,SBP,Completed
O005486,C01219,2026-03-30,Mobile App,SBP,Completed
O005487,C01742,2025-12-05,Website,Card,Completed
O005488,C00177,2026-05-22,Website,SBP,Completed
O005489,C00567,2025-10-31,Website,SBP,Returned
O005490,C00596,2025-11-21,Mobile App,Wallet,Completed
O005491,C02002,2025-05-04,Mobile App,SBP,Completed
O005492,C02057,2025-11-10,Website,Card,Completed
O005493,C02050,2026-01-02,Mobile App,Card,Completed
O005494,C00264,2026-06-23,Mobile App,Card,Completed
O005495,C00739,2025-02-22,Website,Card,Completed
O005496,C00781,2025-03-27,Website,SBP,Cancelled
O005497,C00061,2025-01-11,Website,Wallet,Cancelled
O005498,C00645,2026-03-08,Website,Cash on Delivery,Completed
O005499,C01079,2025-02-14,Marketplace,SBP,Completed
O005500,C02215,2026-05-15,Mobile App,SBP,Completed
O005501,C00426,2025-07-19,Website,SBP,Completed
O005502,C02151,2025-06-07,Mobile App,Card,Completed
O005503,C02047,2026-06-17,Website,SBP,Completed
O005504,C00396,2026-01-29,Website,Card,Completed
O005505,C00653,2025-10-26,Website,Card,Completed
O005506,C01146,2026-05-01,Website,Wallet,Cancelled
O005507,C02360,2026-02-17,Website,SBP,Completed
O005508,C01963,2025-12-15,Website,Card,Completed
O005509,C02430,2025-06-25,Website,SBP,Completed
O005510,C00782,2026-06-23,Mobile App,Cash on Delivery,Completed
O005511,C02273,2026-01-28,Mobile App,Card,Completed
O005512,C02391,2026-06-01,Website,Cash on Delivery,Completed
O005513,C01500,2026-06-12,Mobile App,Cash on Delivery,Completed
O005514,C00386,2025-10-27,Website,SBP,Completed
O005515,C00669,2025-07-15,Marketplace,Card,Returned
O005516,C00322,2026-06-02,Website,Card,Completed
O005517,C02019,2026-06-30,Mobile App,Card,Completed
O005518,C00783,2025-03-08,Website,Card,Completed
O005519,C01754,2025-12-15,Website,SBP,Completed
O005520,C00669,2025-11-25,Mobile App,Cash on Delivery,Completed
O005521,C02443,2026-02-13,Mobile App,Card,Completed
O005522,C01934,2026-06-17,Marketplace,Card,Completed
O005523,C00944,2025-05-18,Mobile App,Card,Completed
O005524,C01192,2026-06-17,Website,Card,Returned
O005525,C00147,2025-12-18,Mobile App,SBP,Completed
O005526,C00342,2025-02-15,Website,Cash on Delivery,Completed
O005527,C02496,2025-10-07,Mobile App,Card,Completed
O005528,C02040,2025-03-14,Mobile App,Card,Completed
O005529,C02096,2026-06-07,Website,SBP,Completed
O005530,C01609,2026-02-21,Mobile App,Card,Completed
O005531,C00554,2026-05-09,Website,Cash on Delivery,Completed
O005532,C00264,2025-11-25,Website,Cash on Delivery,Completed
O005533,C01815,2025-08-05,Marketplace,Card,Returned
O005534,C00830,2025-08-22,Website,SBP,Completed
O005535,C00002,2026-06-01,Website,Wallet,Returned
O005536,C00057,2025-03-24,Mobile App,Card,Completed
O005537,C01395,2026-04-29,Website,Card,Completed
O005538,C02101,2025-08-19,Website,Cash on Delivery,Cancelled
O005539,C00908,2025-11-19,Website,Card,Completed
O005540,C02500,2025-12-31,Mobile App,SBP,Completed
O005541,C00954,2025-02-14,Website,Card,Completed
O005542,C01834,2025-03-23,Mobile App,Card,Completed
O005543,C00612,2025-03-29,Website,Wallet,Completed
O005544,C01519,2026-03-02,Marketplace,SBP,Completed
O005545,C00688,2025-02-11,Website,SBP,Completed
O005546,C01946,2025-11-30,Website,Card,Completed
O005547,C01137,2025-02-28,Marketplace,Wallet,Completed
O005548,C00105,2026-02-24,Mobile App,Card,Completed
O005549,C00621,2026-06-18,Website,SBP,Completed
O005550,C00881,2025-08-15,Website,Card,Completed
O005551,C01167,2025-04-26,Mobile App,SBP,Completed
O005552,C00676,2025-08-31,Website,SBP,Completed
O005553,C01444,2026-01-13,Website,Card,Completed
O005554,C02409,2026-02-02,Mobile App,Card,Completed
O005555,C01778,2025-12-14,Mobile App,Card,Completed
O005556,C00779,2025-11-14,Mobile App,SBP,Completed
O005557,C01693,2025-12-11,Mobile App,SBP,Completed
O005558,C02417,2025-04-29,Marketplace,Wallet,Completed
O005559,C00605,2025-04-23,Website,Card,Completed
O005560,C00581,2026-05-24,Mobile App,Card,Completed
O005561,C00098,2025-11-13,Website,Card,Completed
O005562,C02106,2026-04-16,Mobile App,Card,Completed
O005563,C02082,2025-12-08,Mobile App,SBP,Completed
O005564,C01035,2025-09-06,Website,Card,Returned
O005565,C02181,2025-11-08,Mobile App,Card,Completed
O005566,C01629,2026-01-13,Marketplace,Card,Cancelled
O005567,C02448,2025-04-12,Mobile App,Card,Completed
O005568,C02307,2025-09-10,Website,SBP,Completed
O005569,C02400,2026-01-30,Website,Card,Completed
O005570,C00982,2025-02-17,Mobile App,Cash on Delivery,Completed
O005571,C01585,2025-02-09,Mobile App,Card,Completed
O005572,C00419,2025-03-29,Website,Card,Completed
O005573,C02236,2025-11-19,Website,Card,Returned
O005574,C00796,2025-05-11,Mobile App,Wallet,Returned
O005575,C01121,2025-08-27,Website,Card,Completed
O005576,C01486,2025-03-15,Website,Cash on Delivery,Cancelled
O005577,C01969,2025-05-17,Website,SBP,Completed
O005578,C01830,2025-01-10,Mobile App,SBP,Completed
O005579,C02389,2026-03-17,Marketplace,SBP,Completed
O005580,C01783,2025-09-12,Mobile App,Card,Completed
O005581,C01991,2025-04-07,Website,Card,Completed
O005582,C01432,2025-10-15,Mobile App,Wallet,Completed
O005583,C01040,2026-05-25,Website,Wallet,Completed
O005584,C02284,2026-03-27,Marketplace,Card,Completed
O005585,C00945,2026-04-28,Website,Card,Completed
O005586,C01551,2025-08-10,Marketplace,Card,Completed
O005587,C00729,2025-07-16,Marketplace,SBP,Completed
O005588,C01206,2025-06-22,Marketplace,Card,Completed
O005589,C00918,2025-06-16,Website,SBP,Completed
O005590,C00646,2026-05-18,Mobile App,Card,Completed
O005591,C02052,2025-03-17,Mobile App,Cash on Delivery,Completed
O005592,C01919,2026-04-10,Website,Card,Completed
O005593,C01754,2026-05-16,Mobile App,Card,Completed
O005594,C00208,2026-04-06,Mobile App,Cash on Delivery,Completed
O005595,C00625,2025-12-09,Marketplace,SBP,Completed
O005596,C00546,2026-04-13,Mobile App,Card,Completed
O005597,C01779,2025-01-18,Website,Wallet,Completed
O005598,C02232,2026-03-23,Mobile App,Card,Completed
O005599,C00949,2025-10-07,Website,Card,Returned
O005600,C00826,2026-06-08,Website,Card,Completed
O005601,C01395,2025-02-16,Mobile App,Card,Completed
O005602,C02470,2026-05-23,Mobile App,SBP,Completed
O005603,C00926,2025-11-10,Mobile App,SBP,Completed
O005604,C00696,2025-02-26,Mobile App,Card,Completed
O005605,C01305,2025-10-05,Website,SBP,Returned
O005606,C02290,2025-01-21,Mobile App,Card,Completed
O005607,C01825,2025-02-15,Website,Card,Completed
O005608,C01296,2025-10-18,Marketplace,Card,Completed
O005609,C01828,2026-03-22,Marketplace,SBP,Cancelled
O005610,C00038,2025-03-01,Marketplace,Card,Completed
O005611,C01883,2025-05-24,Marketplace,Cash on Delivery,Completed
O005612,C00245,2025-08-02,Mobile App,Wallet,Completed
O005613,C00978,2025-10-23,Mobile App,Wallet,Completed
O005614,C00875,2025-01-01,Mobile App,SBP,Completed
O005615,C01727,2025-12-15,Website,SBP,Returned
O005616,C00601,2025-09-29,Mobile App,Wallet,Completed
O005617,C00597,2026-06-10,Website,SBP,Completed
O005618,C02211,2025-06-14,Marketplace,Card,Completed
O005619,C01194,2025-09-27,Mobile App,Card,Completed
O005620,C01854,2025-02-14,Mobile App,Wallet,Completed
O005621,C01458,2026-05-16,Mobile App,Card,Completed
O005622,C01550,2026-04-01,Mobile App,Wallet,Completed
O005623,C01717,2025-07-13,Marketplace,Cash on Delivery,Completed
O005624,C01669,2025-09-09,Website,Card,Completed
O005625,C02280,2026-04-14,Website,Card,Completed
O005626,C01963,2025-06-11,Website,Card,Completed
O005627,C00762,2025-05-09,Mobile App,Card,Completed
O005628,C00424,2025-05-13,Mobile App,SBP,Completed
O005629,C02114,2026-01-22,Mobile App,Card,Completed
O005630,C00932,2025-04-26,Website,Card,Cancelled
O005631,C00778,2025-02-18,Website,SBP,Completed
O005632,C00278,2025-04-01,Marketplace,Card,Completed
O005633,C01380,2026-06-23,Mobile App,Card,Returned
O005634,C01281,2026-04-22,Website,Card,Completed
O005635,C02071,2026-06-05,Website,Wallet,Returned
O005636,C01872,2025-06-01,Website,Card,Completed
O005637,C01808,2025-08-30,Mobile App,Card,Completed
O005638,C01347,2025-09-25,Mobile App,Card,Completed
O005639,C02158,2025-10-14,Mobile App,SBP,Completed
O005640,C02459,2025-01-15,Mobile App,SBP,Cancelled
O005641,C02038,2025-11-23,Marketplace,Card,Completed
O005642,C00870,2025-01-22,Website,SBP,Completed
O005643,C00691,2025-05-31,Website,SBP,Completed
O005644,C00004,2025-06-09,Website,Wallet,Completed
O005645,C02483,2026-01-04,Marketplace,SBP,Completed
O005646,C01832,2026-05-05,Mobile App,SBP,Completed
O005647,C02343,2026-01-17,Mobile App,Card,Completed
O005648,C01970,2025-08-26,Mobile App,Card,Completed
O005649,C01076,2025-10-14,Website,Wallet,Completed
O005650,C00363,2025-10-07,Website,Card,Completed
O005651,C00119,2025-03-22,Mobile App,Card,Completed
O005652,C01981,2026-06-07,Marketplace,SBP,Completed
O005653,C00759,2026-05-17,Website,Wallet,Completed
O005654,C00949,2025-05-12,Website,Card,Completed
O005655,C02091,2025-03-04,Marketplace,Wallet,Completed
O005656,C01204,2025-04-01,Mobile App,Card,Completed
O005657,C02378,2025-12-10,Mobile App,Wallet,Completed
O005658,C01367,2025-01-17,Website,Wallet,Completed
O005659,C02080,2025-02-26,Website,SBP,Completed
O005660,C00315,2025-12-20,Website,Cash on Delivery,Completed
O005661,C00992,2025-03-21,Website,Cash on Delivery,Completed
O005662,C00458,2025-02-07,Mobile App,Cash on Delivery,Completed
O005663,C00142,2025-01-12,Mobile App,Card,Completed
O005664,C02480,2026-01-21,Mobile App,Card,Completed
O005665,C01294,2025-07-18,Website,Card,Completed
O005666,C00885,2025-06-05,Website,Card,Completed
O005667,C00941,2025-12-16,Mobile App,SBP,Completed
O005668,C00603,2025-04-04,Website,Card,Completed
O005669,C00308,2025-10-12,Website,Cash on Delivery,Completed
O005670,C02284,2025-09-22,Website,Card,Completed
O005671,C00265,2026-01-04,Website,Card,Cancelled
O005672,C00962,2025-12-07,Website,Card,Completed
O005673,C00383,2026-01-04,Website,Card,Cancelled
O005674,C02325,2025-04-27,Marketplace,Card,Cancelled
O005675,C00515,2025-03-18,Website,SBP,Completed
O005676,C00985,2025-10-19,Mobile App,Card,Completed
O005677,C01885,2025-02-01,Mobile App,Wallet,Returned
O005678,C01426,2025-09-06,Mobile App,Card,Completed
O005679,C00955,2025-12-08,Mobile App,SBP,Completed
O005680,C01410,2026-03-25,Website,SBP,Completed
O005681,C01093,2025-12-23,Website,Card,Completed
O005682,C00724,2026-06-28,Mobile App,Card,Completed
O005683,C01496,2025-10-31,Marketplace,Wallet,Completed
O005684,C00914,2025-09-01,Website,SBP,Completed
O005685,C02401,2025-05-15,Mobile App,Card,Completed
O005686,C01158,2026-01-03,Marketplace,SBP,Completed
O005687,C01892,2026-03-19,Mobile App,Card,Completed
O005688,C00587,2025-06-25,Mobile App,Card,Completed
O005689,C01615,2025-02-11,Mobile App,Card,Returned
O005690,C01399,2025-01-06,Marketplace,SBP,Completed
O005691,C01860,2025-12-12,Mobile App,Card,Completed
O005692,C01155,2025-12-29,Mobile App,SBP,Completed
O005693,C01799,2025-03-07,Mobile App,Card,Completed
O005694,C00147,2025-01-13,Website,Card,Completed
O005695,C01726,2025-12-24,Marketplace,Card,Completed
O005696,C01884,2025-08-06,Marketplace,Card,Completed
O005697,C01242,2025-08-17,Mobile App,Wallet,Completed
O005698,C00086,2025-05-24,Website,SBP,Completed
O005699,C01418,2026-01-28,Mobile App,Card,Completed
O005700,C01954,2026-02-11,Website,Card,Completed
O005701,C01154,2025-01-29,Mobile App,Card,Completed
O005702,C00236,2025-02-18,Website,Wallet,Completed
O005703,C00988,2025-10-31,Mobile App,Card,Completed
O005704,C02486,2025-11-26,Marketplace,Wallet,Completed
O005705,C00677,2025-03-21,Website,Card,Completed
O005706,C01324,2025-03-28,Mobile App,SBP,Completed
O005707,C00889,2026-01-08,Marketplace,SBP,Completed
O005708,C01781,2025-09-06,Website,SBP,Completed
O005709,C01072,2025-03-07,Website,Card,Completed
O005710,C00961,2025-11-29,Website,Card,Completed
O005711,C01449,2025-02-10,Mobile App,Card,Completed
O005712,C01430,2025-05-06,Mobile App,Cash on Delivery,Completed
O005713,C01250,2026-01-25,Website,Card,Completed
O005714,C00646,2025-05-02,Website,SBP,Completed
O005715,C00270,2025-02-04,Mobile App,Cash on Delivery,Completed
O005716,C01727,2026-06-09,Website,SBP,Completed
O005717,C00850,2025-05-03,Mobile App,Card,Completed
O005718,C01533,2025-10-09,Website,Card,Completed
O005719,C00941,2026-03-27,Mobile App,SBP,Completed
O005720,C02135,2026-06-25,Mobile App,Wallet,Completed
O005721,C01768,2026-03-19,Marketplace,Cash on Delivery,Completed
O005722,C01010,2025-07-05,Website,Card,Completed
O005723,C00833,2026-04-12,Mobile App,Cash on Delivery,Completed
O005724,C01873,2025-01-07,Mobile App,Card,Completed
O005725,C00020,2025-06-28,Mobile App,SBP,Completed
O005726,C00144,2025-04-19,Website,Card,Cancelled
O005727,C00211,2025-10-16,Website,Card,Completed
O005728,C00865,2026-05-02,Mobile App,SBP,Cancelled
O005729,C01243,2026-02-27,Mobile App,Card,Completed
O005730,C00733,2026-06-30,Marketplace,Cash on Delivery,Completed
O005731,C00472,2025-03-16,Mobile App,Card,Completed
O005732,C00783,2026-02-15,Mobile App,Wallet,Completed
O005733,C01237,2026-01-31,Marketplace,Card,Completed
O005734,C00744,2025-09-07,Mobile App,Card,Completed
O005735,C01436,2025-02-23,Website,Card,Completed
O005736,C00956,2025-02-27,Website,SBP,Completed
O005737,C02334,2026-05-14,Mobile App,Wallet,Completed
O005738,C02481,2025-06-11,Website,Card,Completed
O005739,C01639,2025-12-14,Marketplace,Card,Returned
O005740,C01388,2026-06-01,Website,Card,Completed
O005741,C00078,2025-09-27,Website,SBP,Returned
O005742,C01557,2025-04-25,Mobile App,SBP,Completed
O005743,C00952,2025-09-22,Mobile App,Wallet,Completed
O005744,C00725,2025-05-06,Marketplace,Card,Completed
O005745,C01984,2025-04-10,Website,Card,Completed
O005746,C00106,2026-03-19,Website,Card,Completed
O005747,C00652,2025-07-08,Mobile App,Cash on Delivery,Completed
O005748,C01936,2026-01-09,Marketplace,SBP,Completed
O005749,C02313,2026-02-02,Website,Card,Completed
O005750,C01287,2025-10-27,Mobile App,SBP,Completed
O005751,C01323,2025-10-23,Website,SBP,Completed
O005752,C02418,2025-04-09,Mobile App,Card,Completed
O005753,C00232,2025-10-17,Website,Card,Returned
O005754,C01203,2026-02-15,Marketplace,SBP,Completed
O005755,C00605,2025-04-17,Website,SBP,Completed
O005756,C01192,2025-05-07,Mobile App,Card,Returned
O005757,C02266,2026-01-12,Mobile App,Card,Returned
O005758,C01491,2026-06-21,Website,Card,Completed
O005759,C02479,2025-08-03,Website,SBP,Completed
O005760,C01263,2026-03-29,Mobile App,Card,Completed
O005761,C02158,2025-04-10,Mobile App,Card,Completed
O005762,C00425,2025-11-08,Mobile App,Card,Completed
O005763,C00802,2026-05-31,Mobile App,Cash on Delivery,Completed
O005764,C00685,2025-08-30,Website,Card,Completed
O005765,C01923,2025-10-04,Marketplace,Card,Completed
O005766,C01283,2025-03-26,Website,Card,Completed
O005767,C00556,2025-10-16,Mobile App,SBP,Completed
O005768,C00433,2025-11-16,Marketplace,Wallet,Completed
O005769,C00962,2026-06-20,Marketplace,Cash on Delivery,Completed
O005770,C00384,2025-04-20,Website,Card,Completed
O005771,C01743,2025-07-20,Website,Card,Completed
O005772,C02121,2025-12-20,Mobile App,Card,Completed
O005773,C02423,2026-05-30,Website,SBP,Completed
O005774,C00590,2025-05-10,Mobile App,SBP,Completed
O005775,C01098,2026-01-15,Mobile App,Card,Completed
O005776,C01260,2026-04-26,Website,Card,Completed
O005777,C01240,2025-12-12,Website,Card,Completed
O005778,C01134,2025-08-22,Mobile App,SBP,Completed
O005779,C00551,2025-05-08,Mobile App,Card,Completed
O005780,C00280,2025-06-07,Website,Card,Completed
O005781,C01009,2025-01-29,Website,Card,Completed
O005782,C00231,2025-03-25,Website,Card,Completed
O005783,C00158,2025-08-28,Mobile App,Card,Completed
O005784,C01311,2025-03-18,Mobile App,SBP,Completed
O005785,C02147,2025-01-06,Marketplace,SBP,Completed
O005786,C01352,2026-01-14,Marketplace,SBP,Returned
O005787,C00059,2025-02-08,Mobile App,Card,Completed
O005788,C02102,2025-03-19,Marketplace,Wallet,Completed
O005789,C01709,2025-11-22,Website,Wallet,Completed
O005790,C00758,2026-05-19,Mobile App,SBP,Completed
O005791,C00684,2026-01-31,Mobile App,SBP,Completed
O005792,C02249,2025-01-18,Mobile App,Wallet,Completed
O005793,C01191,2025-04-02,Mobile App,SBP,Completed
O005794,C00354,2026-02-09,Website,Card,Completed
O005795,C00704,2026-02-04,Marketplace,Card,Completed
O005796,C00662,2025-08-02,Marketplace,Card,Completed
O005797,C01001,2026-06-03,Marketplace,Wallet,Completed
O005798,C00865,2026-05-01,Website,SBP,Completed
O005799,C01367,2026-02-10,Marketplace,Cash on Delivery,Completed
O005800,C00808,2026-02-13,Mobile App,Card,Completed
O005801,C01603,2026-03-05,Mobile App,Card,Completed
O005802,C01232,2025-03-23,Website,SBP,Completed
O005803,C02351,2026-01-18,Mobile App,Wallet,Completed
O005804,C02071,2026-05-29,Mobile App,Wallet,Completed
O005805,C00831,2025-05-03,Mobile App,Card,Completed
O005806,C00106,2025-01-08,Marketplace,Cash on Delivery,Completed
O005807,C01463,2025-07-17,Website,Cash on Delivery,Completed
O005808,C00846,2025-05-28,Mobile App,Cash on Delivery,Cancelled
O005809,C02255,2026-06-03,Website,SBP,Returned
O005810,C01015,2025-09-01,Website,Wallet,Completed
O005811,C00726,2025-12-28,Website,Card,Completed
O005812,C00849,2026-06-21,Website,Card,Completed
O005813,C02163,2026-03-07,Website,Card,Completed
O005814,C00282,2026-02-13,Website,Card,Completed
O005815,C02394,2026-06-13,Website,Cash on Delivery,Completed
O005816,C00584,2026-01-12,Mobile App,SBP,Completed
O005817,C02119,2025-05-07,Website,Card,Completed
O005818,C01361,2026-02-01,Website,Wallet,Completed
O005819,C01425,2025-06-25,Website,SBP,Completed
O005820,C00512,2025-06-30,Website,Card,Completed
O005821,C01806,2025-12-19,Website,SBP,Completed
O005822,C01622,2025-06-22,Marketplace,Card,Completed
O005823,C01203,2025-01-14,Mobile App,SBP,Completed
O005824,C01145,2026-06-30,Website,Wallet,Completed
O005825,C01494,2025-11-08,Mobile App,Card,Completed
O005826,C01180,2026-01-01,Website,Card,Completed
O005827,C02437,2026-03-18,Mobile App,SBP,Completed
O005828,C00104,2025-12-13,Marketplace,Wallet,Completed
O005829,C00628,2025-11-30,Website,Card,Completed
O005830,C02128,2026-03-09,Website,Wallet,Completed
O005831,C01982,2025-06-11,Mobile App,SBP,Completed
O005832,C00870,2026-03-29,Website,Card,Completed
O005833,C01266,2026-01-31,Website,Card,Completed
O005834,C00068,2025-04-10,Mobile App,Card,Completed
O005835,C00443,2025-03-21,Mobile App,Card,Completed
O005836,C02362,2026-04-26,Website,Card,Completed
O005837,C01609,2026-05-04,Mobile App,SBP,Completed
O005838,C00097,2026-06-27,Website,SBP,Completed
O005839,C01982,2025-02-25,Website,SBP,Completed
O005840,C01009,2026-05-05,Mobile App,Card,Completed
O005841,C01422,2026-04-17,Mobile App,Card,Completed
O005842,C02143,2026-02-24,Mobile App,Wallet,Completed
O005843,C02094,2025-09-29,Mobile App,Cash on Delivery,Completed
O005844,C00342,2025-10-05,Mobile App,SBP,Completed
O005845,C00915,2025-08-23,Marketplace,Card,Completed
O005846,C00682,2025-01-16,Mobile App,Wallet,Completed
O005847,C02285,2025-10-01,Website,Wallet,Completed
O005848,C01952,2025-05-10,Mobile App,Card,Completed
O005849,C01621,2025-04-20,Website,Card,Completed
O005850,C00147,2025-01-31,Mobile App,Card,Completed
O005851,C02008,2025-09-07,Website,SBP,Completed
O005852,C01403,2025-01-27,Mobile App,SBP,Completed
O005853,C00683,2026-04-09,Mobile App,Card,Completed
O005854,C01107,2026-05-01,Mobile App,Card,Completed
O005855,C01116,2026-03-14,Website,Card,Completed
O005856,C00741,2025-06-14,Website,SBP,Completed
O005857,C02275,2025-03-31,Mobile App,Card,Returned
O005858,C02294,2025-10-03,Marketplace,Card,Completed
O005859,C00128,2026-01-03,Mobile App,SBP,Completed
O005860,C02340,2025-01-12,Website,Cash on Delivery,Completed
O005861,C01010,2026-04-13,Website,Card,Completed
O005862,C02000,2025-08-28,Mobile App,SBP,Completed
O005863,C01951,2026-03-24,Website,Card,Completed
O005864,C01498,2025-02-12,Marketplace,Card,Completed
O005865,C01860,2025-08-21,Mobile App,Wallet,Completed
O005866,C01704,2025-09-08,Website,Cash on Delivery,Completed
O005867,C02130,2025-01-27,Website,Card,Completed
O005868,C01060,2026-01-22,Website,Card,Completed
O005869,C01849,2026-05-24,Mobile App,Card,Completed
O005870,C02449,2025-10-23,Mobile App,SBP,Completed
O005871,C02368,2025-08-05,Website,Card,Completed
O005872,C00370,2025-12-14,Mobile App,Card,Returned
O005873,C01246,2025-07-17,Website,Card,Returned
O005874,C01276,2025-07-16,Mobile App,SBP,Completed
O005875,C01561,2026-02-19,Marketplace,Cash on Delivery,Completed
O005876,C01618,2025-11-19,Website,Card,Completed
O005877,C02120,2025-05-25,Website,SBP,Completed
O005878,C01331,2025-08-11,Marketplace,Wallet,Returned
O005879,C01755,2026-04-01,Website,Card,Completed
O005880,C02249,2025-10-16,Website,Cash on Delivery,Completed
O005881,C00256,2025-02-11,Mobile App,SBP,Cancelled
O005882,C01607,2026-04-13,Mobile App,SBP,Completed
O005883,C00918,2026-02-09,Marketplace,SBP,Returned
O005884,C02265,2025-05-26,Mobile App,Card,Completed
O005885,C01382,2026-06-12,Mobile App,Card,Completed
O005886,C01508,2026-06-04,Website,Card,Returned
O005887,C01887,2026-06-28,Website,SBP,Completed
O005888,C00606,2025-07-26,Mobile App,Wallet,Completed
O005889,C01359,2026-05-20,Website,Card,Completed
O005890,C01933,2026-03-17,Website,Card,Completed
O005891,C01944,2026-04-21,Website,Card,Completed
O005892,C00570,2025-10-26,Website,Cash on Delivery,Completed
O005893,C02095,2025-06-02,Mobile App,Card,Returned
O005894,C00408,2025-05-04,Mobile App,Wallet,Completed
O005895,C00663,2026-06-12,Website,Card,Completed
O005896,C02142,2025-10-02,Mobile App,Card,Completed
O005897,C01541,2026-05-22,Website,Card,Returned
O005898,C01356,2025-10-30,Website,Card,Completed
O005899,C01393,2025-10-19,Marketplace,Card,Returned
O005900,C02424,2025-02-09,Marketplace,Wallet,Cancelled
O005901,C00569,2025-08-08,Website,SBP,Completed
O005902,C00748,2025-10-31,Website,Card,Completed
O005903,C01225,2025-03-01,Marketplace,SBP,Completed
O005904,C02114,2025-03-30,Mobile App,Card,Completed
O005905,C01372,2025-11-19,Website,SBP,Completed
O005906,C01815,2025-05-16,Website,SBP,Completed
O005907,C02044,2026-01-18,Website,Cash on Delivery,Completed
O005908,C02231,2025-09-09,Mobile App,SBP,Completed
O005909,C01153,2025-08-09,Mobile App,Card,Completed
O005910,C01145,2025-03-06,Website,Card,Completed
O005911,C00203,2025-08-10,Website,Card,Completed
O005912,C00201,2025-10-24,Website,Card,Completed
O005913,C01219,2025-11-10,Mobile App,Card,Completed
O005914,C01873,2025-05-28,Marketplace,Card,Completed
O005915,C02095,2025-01-16,Mobile App,Cash on Delivery,Completed
O005916,C01022,2026-05-26,Mobile App,Cash on Delivery,Completed
O005917,C01429,2026-06-07,Website,Card,Completed
O005918,C02032,2026-05-09,Mobile App,Cash on Delivery,Completed
O005919,C00798,2025-06-08,Website,Wallet,Completed
O005920,C00397,2025-11-26,Website,Card,Completed
O005921,C02303,2025-03-18,Mobile App,Wallet,Returned
O005922,C01366,2026-05-10,Mobile App,Cash on Delivery,Completed
O005923,C00390,2025-01-03,Website,SBP,Cancelled
O005924,C00630,2025-09-14,Mobile App,SBP,Completed
O005925,C00818,2026-04-13,Marketplace,Card,Returned
O005926,C00503,2026-02-01,Mobile App,SBP,Completed
O005927,C01093,2026-04-17,Mobile App,SBP,Completed
O005928,C02032,2025-09-29,Website,SBP,Completed
O005929,C01845,2025-02-22,Mobile App,Card,Completed
O005930,C02293,2025-01-05,Website,SBP,Completed
O005931,C02090,2025-03-25,Website,Wallet,Completed
O005932,C00779,2025-02-01,Website,Wallet,Completed
O005933,C00147,2025-09-02,Website,Card,Completed
O005934,C00380,2025-01-28,Mobile App,Card,Completed
O005935,C01981,2025-04-12,Mobile App,Card,Completed
O005936,C00851,2025-08-17,Mobile App,SBP,Returned
O005937,C01802,2026-02-06,Marketplace,Card,Completed
O005938,C01145,2026-01-04,Mobile App,Cash on Delivery,Completed
O005939,C02237,2025-02-01,Mobile App,SBP,Completed
O005940,C01271,2026-05-09,Website,Card,Completed
O005941,C02252,2025-10-28,Website,SBP,Completed
O005942,C00627,2025-07-10,Mobile App,Card,Completed
O005943,C01944,2025-07-29,Mobile App,Card,Completed
O005944,C01310,2026-04-09,Website,Card,Completed
O005945,C00476,2025-09-11,Mobile App,SBP,Completed
O005946,C00585,2025-05-15,Website,Wallet,Completed
O005947,C00785,2025-08-20,Website,Card,Completed
O005948,C00388,2025-02-07,Website,SBP,Completed
O005949,C02341,2025-03-25,Website,Card,Completed
O005950,C00532,2025-06-21,Website,Card,Cancelled
O005951,C01496,2025-05-01,Marketplace,SBP,Completed
O005952,C01428,2025-07-10,Mobile App,Wallet,Completed
O005953,C01347,2025-02-05,Website,Cash on Delivery,Cancelled
O005954,C01569,2025-11-30,Website,SBP,Completed
O005955,C02290,2025-03-04,Mobile App,Card,Completed
O005956,C02420,2025-04-29,Website,Card,Cancelled
O005957,C02186,2026-06-18,Mobile App,Card,Completed
O005958,C01150,2025-01-04,Mobile App,Cash on Delivery,Completed
O005959,C01819,2025-06-02,Marketplace,SBP,Completed
O005960,C00465,2025-10-01,Website,Card,Returned
O005961,C02206,2025-06-17,Marketplace,Card,Completed
O005962,C00489,2025-06-25,Mobile App,Card,Completed
O005963,C00285,2025-03-11,Mobile App,SBP,Completed
O005964,C02072,2025-08-20,Marketplace,Card,Completed
O005965,C01894,2026-02-17,Mobile App,Cash on Delivery,Completed
O005966,C00346,2025-11-17,Website,Card,Returned
O005967,C02415,2026-05-20,Mobile App,Wallet,Completed
O005968,C00280,2026-01-18,Mobile App,Card,Completed
O005969,C00123,2026-03-08,Marketplace,Card,Returned
O005970,C02390,2025-08-24,Mobile App,Card,Completed
O005971,C00558,2025-12-01,Mobile App,Card,Completed
O005972,C00587,2025-11-12,Website,Cash on Delivery,Completed
O005973,C01985,2026-03-21,Website,Wallet,Cancelled
O005974,C01518,2025-10-01,Mobile App,Card,Returned
O005975,C01301,2025-08-09,Website,Card,Completed
O005976,C02471,2025-02-08,Website,SBP,Completed
O005977,C00217,2026-04-15,Mobile App,SBP,Completed
O005978,C02315,2025-08-26,Mobile App,Card,Completed
O005979,C00670,2026-03-12,Mobile App,Card,Completed
O005980,C01557,2026-01-06,Website,Card,Completed
O005981,C00811,2025-01-01,Website,Wallet,Completed
O005982,C00733,2025-12-22,Mobile App,Card,Completed
O005983,C00803,2025-09-24,Marketplace,SBP,Completed
O005984,C01398,2025-05-11,Website,Cash on Delivery,Completed
O005985,C02195,2025-05-25,Mobile App,Card,Returned
O005986,C00282,2025-12-15,Mobile App,Card,Completed
O005987,C01656,2025-02-17,Mobile App,Card,Completed
O005988,C02151,2025-11-28,Mobile App,SBP,Completed
O005989,C01838,2026-04-08,Website,Card,Completed
O005990,C02451,2025-02-17,Mobile App,Card,Completed
O005991,C00034,2025-01-05,Mobile App,Card,Returned
O005992,C00907,2025-02-03,Website,SBP,Completed
O005993,C01069,2026-02-03,Website,SBP,Completed
O005994,C01340,2026-04-08,Website,Card,Completed
O005995,C00795,2026-06-24,Mobile App,Wallet,Completed
O005996,C00633,2025-01-16,Marketplace,Card,Completed
O005997,C02130,2025-09-21,Website,Card,Completed
O005998,C00582,2025-01-27,Website,Card,Completed
O005999,C02385,2025-07-22,Marketplace,SBP,Completed
O006000,C00093,2025-06-18,Website,SBP,Completed
O006001,C01059,2025-11-27,Website,Card,Completed
O006002,C01524,2026-05-12,Mobile App,Card,Completed
O006003,C02433,2026-03-16,Marketplace,Card,Completed
O006004,C01912,2025-02-04,Mobile App,Card,Cancelled
O006005,C00036,2025-05-12,Website,Card,Completed
O006006,C01872,2025-05-31,Mobile App,Card,Completed
O006007,C00815,2025-05-17,Mobile App,Card,Completed
O006008,C02150,2025-07-12,Marketplace,Card,Completed
O006009,C01938,2025-11-28,Website,Card,Returned
O006010,C00480,2026-02-08,Marketplace,Card,Completed
O006011,C00901,2026-05-29,Mobile App,SBP,Completed
O006012,C02053,2026-01-19,Website,Card,Completed
O006013,C02303,2025-06-12,Website,SBP,Completed
O006014,C01510,2025-04-11,Website,Card,Completed
O006015,C00547,2025-07-25,Marketplace,Card,Completed
O006016,C00974,2026-03-13,Website,Card,Completed
O006017,C01990,2026-06-27,Mobile App,Card,Completed
O006018,C01496,2025-08-03,Website,SBP,Completed
O006019,C00505,2025-04-07,Mobile App,Card,Completed
O006020,C00715,2025-01-03,Mobile App,Card,Completed
O006021,C00493,2025-02-12,Marketplace,Card,Completed
O006022,C01173,2025-12-14,Mobile App,Card,Completed
O006023,C01115,2025-11-19,Mobile App,Wallet,Completed
O006024,C01355,2025-12-18,Mobile App,Cash on Delivery,Returned
O006025,C02363,2025-01-14,Mobile App,Card,Returned
O006026,C01629,2025-08-27,Marketplace,Card,Returned
O006027,C01464,2025-04-09,Mobile App,Card,Completed
O006028,C00916,2025-07-03,Marketplace,Card,Completed
O006029,C01588,2025-12-06,Website,Card,Completed
O006030,C02389,2025-05-31,Mobile App,Card,Completed
O006031,C00025,2025-12-27,Marketplace,Card,Returned
O006032,C00875,2025-06-07,Marketplace,Card,Completed
O006033,C00142,2025-10-06,Mobile App,Card,Completed
O006034,C00510,2025-09-08,Mobile App,SBP,Completed
O006035,C00168,2025-07-29,Mobile App,Wallet,Completed
O006036,C01481,2025-03-10,Website,Card,Completed
O006037,C02050,2025-11-11,Marketplace,SBP,Completed
O006038,C02351,2026-06-25,Website,Card,Completed
O006039,C00593,2025-12-18,Website,Card,Returned
O006040,C01749,2026-02-12,Mobile App,SBP,Completed
O006041,C00823,2026-03-15,Website,Card,Completed
O006042,C00790,2025-01-21,Website,Wallet,Completed
O006043,C01525,2026-03-09,Website,Cash on Delivery,Completed
O006044,C01698,2025-05-13,Marketplace,Card,Completed
O006045,C01460,2025-12-29,Mobile App,Card,Completed
O006046,C00250,2026-06-22,Marketplace,Card,Completed
O006047,C01027,2026-05-04,Website,Wallet,Completed
O006048,C00715,2025-08-15,Website,Card,Completed
O006049,C00011,2026-04-03,Website,SBP,Completed
O006050,C00102,2025-12-04,Website,Card,Returned
O006051,C01125,2025-03-14,Website,SBP,Completed
O006052,C00252,2025-05-11,Website,Card,Completed
O006053,C01848,2026-06-07,Website,Wallet,Cancelled
O006054,C00141,2026-05-15,Mobile App,SBP,Completed
O006055,C00589,2026-05-02,Website,Card,Completed
O006056,C02465,2025-07-29,Mobile App,Card,Completed
O006057,C01771,2025-06-25,Website,Card,Completed
O006058,C01394,2026-03-17,Mobile App,SBP,Completed
O006059,C00038,2025-01-12,Mobile App,Wallet,Completed
O006060,C00110,2026-05-06,Mobile App,Card,Cancelled
O006061,C02271,2025-11-26,Mobile App,Cash on Delivery,Completed
O006062,C01999,2025-12-12,Website,Card,Completed
O006063,C02376,2025-08-28,Website,Wallet,Completed
O006064,C02021,2026-06-19,Mobile App,Wallet,Completed
O006065,C00007,2026-02-14,Marketplace,SBP,Completed
O006066,C02014,2025-01-30,Mobile App,Cash on Delivery,Completed
O006067,C01145,2025-10-14,Mobile App,Card,Completed
O006068,C01731,2026-04-15,Mobile App,SBP,Completed
O006069,C01035,2025-02-11,Marketplace,Card,Completed
O006070,C01803,2026-02-07,Website,Card,Cancelled
O006071,C02105,2025-05-14,Website,SBP,Cancelled
O006072,C02437,2025-10-04,Mobile App,Wallet,Completed
O006073,C01352,2026-04-27,Mobile App,Cash on Delivery,Completed
O006074,C00698,2025-09-26,Website,SBP,Cancelled
O006075,C01529,2025-01-21,Website,Wallet,Completed
O006076,C01250,2025-01-12,Mobile App,Wallet,Completed
O006077,C00507,2026-02-07,Mobile App,SBP,Cancelled
O006078,C01812,2026-05-24,Mobile App,Card,Completed
O006079,C00193,2025-06-09,Website,Card,Completed
O006080,C01008,2026-05-26,Website,Card,Completed
O006081,C01731,2025-09-05,Mobile App,SBP,Completed
O006082,C02303,2025-02-02,Website,SBP,Completed
O006083,C01552,2025-10-17,Mobile App,Wallet,Completed
O006084,C02449,2026-06-16,Mobile App,Cash on Delivery,Cancelled
O006085,C02081,2025-05-17,Website,SBP,Returned
O006086,C00591,2026-06-09,Mobile App,Wallet,Completed
O006087,C02112,2025-12-22,Website,SBP,Completed
O006088,C00841,2025-08-05,Mobile App,SBP,Completed
O006089,C01578,2026-01-14,Mobile App,Card,Completed
O006090,C00503,2025-08-07,Mobile App,Cash on Delivery,Completed
O006091,C01346,2025-02-16,Marketplace,Wallet,Completed
O006092,C01699,2026-04-21,Website,SBP,Completed
O006093,C02286,2025-07-24,Mobile App,Card,Completed
O006094,C02359,2025-11-05,Website,Card,Completed
O006095,C02004,2026-02-11,Marketplace,Wallet,Completed
O006096,C01397,2025-02-15,Website,Cash on Delivery,Completed
O006097,C02207,2026-01-30,Mobile App,Cash on Delivery,Completed
O006098,C00266,2025-07-19,Website,SBP,Completed
O006099,C02490,2025-10-25,Website,SBP,Completed
O006100,C00510,2025-09-07,Website,Card,Cancelled
O006101,C01009,2026-03-01,Website,SBP,Completed
O006102,C02269,2025-04-13,Website,Card,Completed
O006103,C01793,2025-02-28,Website,Wallet,Completed
O006104,C02125,2025-08-13,Mobile App,Card,Completed
O006105,C01721,2025-03-06,Website,Cash on Delivery,Completed
O006106,C01503,2025-05-13,Website,Card,Completed
O006107,C00436,2025-12-25,Marketplace,Card,Completed
O006108,C02491,2026-03-24,Mobile App,SBP,Completed
O006109,C01592,2026-01-14,Website,SBP,Completed
O006110,C01671,2025-06-23,Website,SBP,Cancelled
O006111,C01071,2026-03-21,Mobile App,SBP,Returned
O006112,C02381,2025-08-10,Mobile App,SBP,Completed
O006113,C01127,2025-04-09,Marketplace,Card,Completed
O006114,C00476,2026-02-17,Mobile App,Wallet,Completed
O006115,C00451,2025-10-10,Marketplace,Cash on Delivery,Completed
O006116,C01747,2025-07-22,Mobile App,SBP,Completed
O006117,C01862,2025-12-27,Marketplace,Card,Completed
O006118,C00515,2026-01-31,Mobile App,SBP,Completed
O006119,C01745,2025-05-03,Mobile App,Card,Cancelled
O006120,C02494,2025-03-06,Mobile App,Cash on Delivery,Completed
O006121,C01331,2025-10-10,Mobile App,Card,Completed
O006122,C02427,2025-01-29,Website,Card,Returned
O006123,C00392,2025-12-15,Website,Card,Completed
O006124,C01008,2025-08-29,Website,SBP,Completed
O006125,C01393,2025-04-28,Website,SBP,Completed
O006126,C00896,2025-11-23,Marketplace,SBP,Completed
O006127,C00251,2025-07-25,Mobile App,Card,Completed
O006128,C01146,2025-08-01,Website,Wallet,Completed
O006129,C00849,2025-04-29,Website,Card,Completed
O006130,C00510,2026-01-05,Website,Card,Completed
O006131,C00931,2026-05-09,Mobile App,SBP,Completed
O006132,C01046,2025-12-04,Marketplace,SBP,Completed
O006133,C02209,2025-05-10,Website,SBP,Completed
O006134,C01229,2026-04-01,Website,Card,Completed
O006135,C01039,2025-03-07,Marketplace,SBP,Returned
O006136,C00974,2025-06-08,Mobile App,Card,Completed
O006137,C01497,2025-01-20,Marketplace,Card,Completed
O006138,C00689,2026-04-09,Website,Card,Completed
O006139,C02187,2025-01-25,Website,SBP,Completed
O006140,C01047,2025-10-26,Mobile App,Card,Completed
O006141,C01065,2025-04-15,Website,Card,Cancelled
O006142,C00160,2025-04-26,Mobile App,Card,Cancelled
O006143,C02210,2025-11-29,Mobile App,Card,Completed
O006144,C01178,2026-03-15,Website,Card,Completed
O006145,C00342,2025-01-10,Mobile App,SBP,Completed
O006146,C00429,2025-03-28,Mobile App,Card,Completed
O006147,C00913,2025-06-06,Marketplace,Card,Completed
O006148,C01952,2026-05-31,Website,SBP,Completed
O006149,C00237,2025-02-01,Mobile App,Card,Completed
O006150,C00302,2025-04-08,Website,SBP,Completed
O006151,C01403,2025-08-09,Marketplace,SBP,Completed
O006152,C01248,2025-06-27,Mobile App,SBP,Completed
O006153,C02394,2025-01-27,Website,SBP,Completed
O006154,C01881,2025-10-22,Mobile App,Card,Cancelled
O006155,C01643,2025-11-28,Mobile App,Card,Completed
O006156,C00840,2025-04-07,Mobile App,Card,Completed
O006157,C01566,2026-01-11,Website,Wallet,Completed
O006158,C01461,2025-01-31,Mobile App,Card,Completed
O006159,C00696,2026-02-04,Mobile App,Card,Completed
O006160,C00928,2025-05-22,Website,SBP,Completed
O006161,C02328,2025-05-03,Website,SBP,Completed
O006162,C01346,2025-04-18,Marketplace,Wallet,Completed
O006163,C01179,2026-04-20,Mobile App,Card,Completed
O006164,C01992,2025-10-02,Mobile App,Wallet,Cancelled
O006165,C00668,2026-01-12,Marketplace,SBP,Completed
O006166,C00550,2025-04-22,Website,SBP,Completed
O006167,C02470,2025-01-31,Mobile App,Card,Cancelled
O006168,C02009,2025-01-21,Mobile App,Card,Completed
O006169,C01058,2025-08-29,Website,Card,Returned
O006170,C02366,2025-06-28,Marketplace,SBP,Completed
O006171,C00929,2026-02-24,Mobile App,Card,Completed
O006172,C01689,2026-03-07,Website,Card,Completed
O006173,C00088,2025-06-19,Marketplace,Card,Completed
O006174,C01745,2025-08-25,Marketplace,Wallet,Completed
O006175,C00446,2025-07-28,Mobile App,Card,Completed
O006176,C00604,2026-01-04,Website,Card,Completed
O006177,C02023,2025-12-10,Website,SBP,Completed
O006178,C00514,2025-12-22,Mobile App,Wallet,Completed
O006179,C01207,2025-01-31,Marketplace,Wallet,Completed
O006180,C02302,2025-07-04,Website,SBP,Completed
O006181,C02388,2026-06-12,Mobile App,Card,Completed
O006182,C01110,2025-07-06,Website,Card,Completed
O006183,C00210,2025-04-06,Mobile App,Card,Completed
O006184,C00718,2025-04-19,Mobile App,Card,Completed
O006185,C01540,2025-01-15,Website,Card,Completed
O006186,C00843,2026-03-03,Mobile App,Card,Completed
O006187,C01800,2025-01-03,Mobile App,Card,Completed
O006188,C02482,2025-11-22,Website,SBP,Completed
O006189,C01553,2025-08-07,Marketplace,Card,Cancelled
O006190,C01563,2025-02-21,Website,Cash on Delivery,Completed
O006191,C01325,2026-04-28,Website,Wallet,Completed
O006192,C00467,2026-02-10,Mobile App,Card,Returned
O006193,C01446,2026-03-24,Mobile App,Card,Completed
O006194,C02330,2026-05-27,Website,Cash on Delivery,Completed
O006195,C01724,2026-05-13,Marketplace,Cash on Delivery,Completed
O006196,C01881,2026-01-18,Website,Card,Completed
O006197,C02159,2025-10-19,Website,Card,Cancelled
O006198,C00969,2026-01-16,Mobile App,Cash on Delivery,Cancelled
O006199,C00841,2025-09-03,Marketplace,SBP,Completed
O006200,C02425,2025-04-10,Mobile App,SBP,Completed
O006201,C01150,2025-07-30,Website,Card,Completed
O006202,C01835,2025-09-12,Website,Wallet,Completed
O006203,C01590,2025-01-26,Website,SBP,Completed
O006204,C00309,2026-04-08,Mobile App,Card,Completed
O006205,C00786,2026-05-12,Mobile App,SBP,Completed
O006206,C00816,2025-08-18,Website,Card,Completed
O006207,C00447,2025-09-28,Mobile App,Card,Completed
O006208,C01948,2026-04-05,Mobile App,SBP,Completed
O006209,C02416,2025-09-06,Website,SBP,Completed
O006210,C02416,2026-01-11,Website,Cash on Delivery,Completed
O006211,C00487,2025-10-09,Mobile App,SBP,Completed
O006212,C01124,2025-05-29,Website,Card,Completed
O006213,C00582,2026-03-10,Website,Card,Returned
O006214,C00157,2025-04-16,Website,SBP,Completed
O006215,C01547,2025-05-03,Mobile App,Card,Completed
O006216,C02150,2026-01-13,Mobile App,SBP,Completed
O006217,C00194,2026-01-23,Mobile App,Card,Completed
O006218,C01605,2026-06-06,Website,Card,Completed
O006219,C00086,2026-01-24,Mobile App,Card,Completed
O006220,C02108,2025-01-14,Website,Card,Completed
O006221,C00161,2026-04-09,Mobile App,Card,Completed
O006222,C01090,2025-08-14,Marketplace,SBP,Completed
O006223,C00309,2025-01-05,Mobile App,Card,Completed
O006224,C01031,2025-11-13,Website,Wallet,Completed
O006225,C01073,2025-04-04,Mobile App,SBP,Completed
O006226,C01350,2025-08-16,Website,SBP,Completed
O006227,C02074,2025-09-15,Website,Wallet,Returned
O006228,C02492,2025-02-10,Marketplace,Wallet,Completed
O006229,C00855,2026-04-10,Website,Wallet,Completed
O006230,C02309,2025-10-06,Website,Card,Returned
O006231,C01069,2026-06-11,Mobile App,Card,Completed
O006232,C00296,2025-09-11,Mobile App,SBP,Completed
O006233,C01501,2025-11-21,Mobile App,SBP,Completed
O006234,C01807,2026-03-20,Website,SBP,Completed
O006235,C00756,2025-04-26,Mobile App,SBP,Completed
O006236,C01475,2026-05-12,Website,Card,Completed
O006237,C01082,2025-04-11,Marketplace,Card,Completed
O006238,C00363,2026-06-28,Website,SBP,Completed
O006239,C00966,2025-12-16,Website,SBP,Completed
O006240,C01069,2025-10-11,Mobile App,Wallet,Completed
O006241,C00855,2025-04-25,Website,SBP,Completed
O006242,C02288,2025-11-07,Mobile App,Card,Completed
O006243,C00971,2025-10-29,Website,Card,Completed
O006244,C01566,2026-06-22,Website,Card,Returned
O006245,C00028,2026-04-01,Website,Card,Completed
O006246,C00784,2025-09-21,Website,SBP,Completed
O006247,C02216,2025-08-01,Website,SBP,Returned
O006248,C02232,2025-07-31,Website,Wallet,Completed
O006249,C02444,2025-07-26,Website,Card,Completed
O006250,C00143,2025-01-08,Mobile App,Card,Cancelled
O006251,C02157,2025-01-20,Mobile App,Card,Completed
O006252,C00670,2026-02-15,Website,Card,Completed
O006253,C00015,2025-05-19,Website,Card,Completed
O006254,C00232,2025-08-13,Website,Card,Completed
O006255,C01878,2026-01-17,Website,Card,Completed
O006256,C01480,2025-11-28,Mobile App,Card,Completed
O006257,C01433,2025-07-16,Website,SBP,Completed
O006258,C02205,2026-02-15,Marketplace,SBP,Completed
O006259,C00236,2025-03-28,Mobile App,Card,Completed
O006260,C00207,2025-09-16,Website,SBP,Completed
O006261,C02333,2025-02-27,Website,Card,Cancelled
O006262,C01516,2025-10-18,Website,Card,Completed
O006263,C01941,2025-02-21,Website,SBP,Completed
O006264,C01313,2026-05-30,Mobile App,Card,Completed
O006265,C00364,2025-12-26,Website,SBP,Completed
O006266,C01307,2025-05-15,Website,Card,Cancelled
O006267,C02411,2025-12-01,Website,Card,Completed
O006268,C00295,2025-07-11,Mobile App,Card,Completed
O006269,C00316,2025-10-11,Website,Card,Returned
O006270,C00867,2025-04-02,Marketplace,Card,Completed
O006271,C01137,2025-10-01,Website,Card,Completed
O006272,C01572,2025-02-28,Website,Card,Returned
O006273,C00398,2025-03-25,Mobile App,Card,Completed
O006274,C02335,2025-11-15,Mobile App,SBP,Completed
O006275,C00376,2025-10-01,Website,SBP,Completed
O006276,C00501,2025-06-10,Mobile App,Wallet,Completed
O006277,C02420,2025-02-02,Website,SBP,Completed
O006278,C00942,2025-08-20,Website,Wallet,Completed
O006279,C01431,2026-05-21,Website,SBP,Completed
O006280,C01088,2026-01-22,Mobile App,SBP,Returned
O006281,C00648,2025-02-01,Mobile App,SBP,Completed
O006282,C01267,2026-05-28,Mobile App,Wallet,Completed
O006283,C01941,2025-08-20,Marketplace,SBP,Completed
O006284,C00029,2025-11-11,Mobile App,Wallet,Completed
O006285,C02189,2025-01-01,Marketplace,Card,Completed
O006286,C00461,2025-06-19,Website,Cash on Delivery,Completed
O006287,C02295,2026-03-06,Mobile App,Card,Completed
O006288,C02406,2025-06-30,Mobile App,Card,Completed
O006289,C02333,2025-04-01,Website,Card,Completed
O006290,C01628,2025-02-19,Website,SBP,Completed
O006291,C02264,2026-05-21,Mobile App,Card,Completed
O006292,C02149,2026-03-20,Website,Card,Completed
O006293,C01598,2025-01-25,Website,Card,Completed
O006294,C02230,2026-05-21,Mobile App,SBP,Completed
O006295,C00857,2026-03-25,Mobile App,Card,Completed
O006296,C02087,2025-07-16,Website,SBP,Completed
O006297,C02314,2025-12-25,Website,SBP,Completed
O006298,C01589,2025-05-21,Marketplace,SBP,Completed
O006299,C00307,2025-05-17,Marketplace,SBP,Completed
O006300,C00536,2026-01-26,Mobile App,Card,Completed
O006301,C00422,2025-04-21,Website,Cash on Delivery,Completed
O006302,C01333,2025-07-13,Website,Wallet,Cancelled
O006303,C01085,2025-07-15,Website,Card,Completed
O006304,C02069,2025-03-24,Mobile App,Card,Completed
O006305,C00710,2026-03-29,Mobile App,SBP,Completed
O006306,C00414,2026-01-03,Mobile App,Wallet,Completed
O006307,C01540,2026-04-16,Website,Wallet,Completed
O006308,C00348,2025-10-14,Marketplace,Wallet,Completed
O006309,C02264,2025-04-06,Website,Cash on Delivery,Completed
O006310,C00203,2025-06-02,Website,SBP,Completed
O006311,C01228,2025-07-12,Mobile App,Card,Completed
O006312,C02372,2026-05-30,Mobile App,Card,Completed
O006313,C01385,2025-05-10,Marketplace,Card,Completed
O006314,C02021,2026-01-14,Website,Card,Completed
O006315,C01058,2025-03-08,Marketplace,Card,Cancelled
O006316,C01888,2026-06-06,Website,Card,Completed
O006317,C01769,2025-12-19,Website,SBP,Completed
O006318,C01285,2025-08-24,Website,Card,Completed
O006319,C00252,2025-07-08,Website,Wallet,Completed
O006320,C02428,2025-07-13,Mobile App,Cash on Delivery,Completed
O006321,C00122,2025-05-04,Website,Card,Completed
O006322,C00893,2025-11-24,Website,Card,Completed
O006323,C01604,2026-04-18,Website,Card,Completed
O006324,C01923,2025-05-12,Mobile App,Wallet,Completed
O006325,C01338,2026-02-13,Marketplace,SBP,Completed
O006326,C01004,2025-11-06,Mobile App,Card,Completed
O006327,C01019,2026-02-27,Website,SBP,Completed
O006328,C02440,2026-02-25,Website,Wallet,Completed
O006329,C00835,2025-01-22,Website,Card,Completed
O006330,C02137,2025-01-12,Marketplace,SBP,Completed
O006331,C00130,2026-05-15,Website,Card,Completed
O006332,C01649,2025-03-26,Marketplace,Card,Completed
O006333,C01702,2025-11-10,Mobile App,Wallet,Completed
O006334,C01690,2026-02-16,Mobile App,Card,Completed
O006335,C01054,2025-10-03,Mobile App,Wallet,Completed
O006336,C01727,2025-01-04,Website,SBP,Completed
O006337,C01114,2025-01-06,Website,Card,Cancelled
O006338,C01485,2026-01-01,Website,SBP,Completed
O006339,C02234,2026-05-06,Website,Card,Completed
O006340,C01681,2025-07-07,Mobile App,Card,Completed
O006341,C01844,2025-10-24,Mobile App,Card,Completed
O006342,C02423,2026-05-25,Marketplace,Wallet,Completed
O006343,C00549,2026-03-27,Marketplace,Wallet,Completed
O006344,C01470,2025-10-23,Website,Card,Completed
O006345,C01643,2025-12-24,Website,Card,Completed
O006346,C01739,2026-06-09,Website,Cash on Delivery,Completed
O006347,C00331,2026-03-11,Website,SBP,Completed
O006348,C01901,2025-08-16,Mobile App,Card,Cancelled
O006349,C00486,2026-01-14,Mobile App,Card,Completed
O006350,C01023,2025-06-29,Mobile App,Card,Completed
O006351,C01786,2026-05-18,Mobile App,Card,Completed
O006352,C00658,2025-02-21,Mobile App,Card,Completed
O006353,C00315,2025-05-04,Mobile App,SBP,Completed
O006354,C01689,2025-07-08,Marketplace,SBP,Completed
O006355,C00701,2025-04-21,Mobile App,Card,Completed
O006356,C02066,2025-11-21,Mobile App,SBP,Completed
O006357,C02246,2026-01-25,Website,SBP,Completed
O006358,C00875,2026-05-02,Mobile App,SBP,Completed
O006359,C01846,2025-10-01,Website,Card,Completed
O006360,C00561,2025-12-06,Website,Card,Completed
O006361,C02324,2025-11-24,Mobile App,Card,Completed
O006362,C00615,2025-01-02,Website,Card,Returned
O006363,C02205,2026-01-22,Website,SBP,Completed
O006364,C01967,2025-01-13,Website,SBP,Completed
O006365,C00782,2025-10-26,Mobile App,Card,Completed
O006366,C02062,2026-06-30,Mobile App,SBP,Completed
O006367,C01581,2026-03-07,Marketplace,SBP,Completed
O006368,C01674,2025-10-04,Mobile App,SBP,Cancelled
O006369,C00947,2025-06-24,Website,SBP,Completed
O006370,C00586,2026-04-03,Mobile App,Wallet,Completed
O006371,C01743,2026-04-15,Mobile App,SBP,Completed
O006372,C00131,2025-07-20,Website,Card,Completed
O006373,C00872,2025-02-28,Marketplace,Wallet,Completed
O006374,C00354,2025-11-14,Marketplace,Card,Completed
O006375,C00004,2025-12-13,Website,SBP,Completed
O006376,C00019,2026-05-26,Mobile App,Cash on Delivery,Completed
O006377,C00235,2026-05-02,Website,Card,Completed
O006378,C02350,2025-05-06,Marketplace,Card,Completed
O006379,C01928,2025-05-18,Mobile App,Card,Completed
O006380,C02474,2026-06-29,Website,Cash on Delivery,Completed
O006381,C00211,2025-06-28,Mobile App,Card,Completed
O006382,C02494,2025-09-08,Mobile App,SBP,Completed
O006383,C01499,2025-06-16,Website,Card,Completed
O006384,C01986,2025-08-03,Mobile App,Card,Completed
O006385,C02145,2025-11-05,Mobile App,Card,Completed
O006386,C00656,2025-06-09,Mobile App,Wallet,Completed
O006387,C01853,2025-08-14,Mobile App,Card,Completed
O006388,C01619,2025-07-12,Website,Cash on Delivery,Completed
O006389,C01034,2025-02-28,Website,SBP,Completed
O006390,C01230,2026-03-06,Mobile App,Wallet,Completed
O006391,C00522,2026-05-02,Website,Card,Cancelled
O006392,C00463,2025-09-26,Website,SBP,Completed
O006393,C02307,2025-04-22,Marketplace,Card,Completed
O006394,C01830,2025-12-18,Mobile App,Card,Completed
O006395,C01416,2025-10-19,Mobile App,SBP,Completed
O006396,C01736,2025-10-28,Mobile App,Card,Completed
O006397,C01014,2025-11-21,Marketplace,Cash on Delivery,Completed
O006398,C00625,2026-01-27,Marketplace,Card,Completed
O006399,C02356,2025-01-23,Website,Card,Completed
O006400,C02474,2025-02-24,Mobile App,SBP,Completed
O006401,C00538,2025-02-22,Website,Card,Completed
O006402,C02005,2025-03-26,Website,Card,Completed
O006403,C01106,2026-06-15,Website,Cash on Delivery,Completed
O006404,C01770,2026-02-03,Mobile App,Card,Completed
O006405,C00272,2025-12-29,Mobile App,SBP,Completed
O006406,C01199,2026-01-17,Marketplace,Card,Completed
O006407,C00313,2025-01-19,Website,Card,Completed
O006408,C02037,2025-04-27,Website,Card,Completed
O006409,C00997,2026-03-10,Website,Wallet,Completed
O006410,C00660,2025-09-10,Website,SBP,Completed
O006411,C01750,2025-10-05,Website,Card,Completed
O006412,C02387,2026-02-14,Marketplace,Card,Completed
O006413,C00848,2025-02-11,Website,Cash on Delivery,Completed
O006414,C01795,2026-03-13,Mobile App,Card,Completed
O006415,C01724,2026-01-07,Website,SBP,Completed
O006416,C01225,2025-08-09,Mobile App,Card,Completed
O006417,C02013,2025-09-30,Marketplace,Card,Completed
O006418,C00320,2025-02-10,Marketplace,Card,Completed
O006419,C02194,2025-04-22,Website,Card,Completed
O006420,C01011,2025-05-15,Marketplace,SBP,Completed
O006421,C00112,2026-04-25,Website,Card,Completed
O006422,C02474,2025-03-03,Mobile App,Wallet,Completed
O006423,C01935,2025-06-09,Website,Card,Completed
O006424,C02041,2025-03-13,Mobile App,Card,Completed
O006425,C00368,2025-06-05,Mobile App,Card,Completed
O006426,C01877,2025-01-06,Mobile App,Card,Completed
O006427,C01746,2025-05-29,Mobile App,Card,Completed
O006428,C02257,2026-01-31,Website,Card,Completed
O006429,C00930,2026-02-24,Marketplace,Card,Completed
O006430,C02319,2025-07-27,Website,Card,Completed
O006431,C01770,2026-01-21,Website,Card,Completed
O006432,C00635,2025-12-04,Website,Card,Completed
O006433,C00535,2026-05-09,Website,Card,Completed
O006434,C02259,2026-03-16,Website,Card,Completed
O006435,C01613,2025-05-06,Mobile App,Card,Completed
O006436,C00296,2025-11-18,Website,Card,Cancelled
O006437,C00314,2026-03-06,Mobile App,Card,Returned
O006438,C02069,2025-06-16,Website,Cash on Delivery,Completed
O006439,C00425,2025-11-09,Mobile App,Card,Completed
O006440,C00548,2025-08-07,Website,Card,Completed
O006441,C01537,2025-06-18,Website,Wallet,Completed
O006442,C02159,2025-04-19,Mobile App,Card,Completed
O006443,C00842,2025-01-20,Marketplace,Card,Completed
O006444,C01665,2026-02-14,Marketplace,Wallet,Returned
O006445,C01760,2026-03-24,Website,SBP,Completed
O006446,C01501,2025-12-22,Marketplace,SBP,Completed
O006447,C01713,2025-05-12,Mobile App,Card,Completed
O006448,C00569,2025-01-11,Marketplace,Card,Completed
O006449,C01555,2025-12-11,Website,Card,Completed
O006450,C00009,2025-04-20,Website,SBP,Completed
O006451,C01827,2025-10-27,Website,Card,Completed
O006452,C01981,2026-06-14,Mobile App,SBP,Completed
O006453,C01985,2025-01-03,Website,Cash on Delivery,Completed
O006454,C00074,2025-11-12,Website,Cash on Delivery,Completed
O006455,C02279,2026-06-27,Mobile App,Card,Completed
O006456,C01087,2025-07-02,Marketplace,SBP,Completed
O006457,C00202,2026-03-21,Mobile App,SBP,Completed
O006458,C01337,2026-03-29,Mobile App,SBP,Cancelled
O006459,C01429,2025-09-23,Website,Cash on Delivery,Completed
O006460,C01006,2025-06-17,Marketplace,SBP,Completed
O006461,C01872,2026-01-07,Website,SBP,Completed
O006462,C01360,2025-12-05,Website,Card,Cancelled
O006463,C00543,2025-09-18,Website,SBP,Completed
O006464,C01551,2025-04-16,Website,SBP,Completed
O006465,C00660,2026-02-11,Mobile App,SBP,Completed
O006466,C00297,2025-04-26,Mobile App,SBP,Completed
O006467,C00668,2025-03-15,Website,Card,Completed
O006468,C02264,2025-02-06,Website,Card,Completed
O006469,C01431,2025-09-01,Website,Cash on Delivery,Completed
O006470,C00795,2025-03-07,Website,Card,Completed
O006471,C00916,2025-07-03,Marketplace,SBP,Completed
O006472,C02150,2025-05-13,Mobile App,SBP,Completed
O006473,C01666,2025-09-08,Website,Card,Completed
O006474,C01935,2026-03-01,Website,Card,Completed
O006475,C01526,2025-09-03,Mobile App,SBP,Completed
O006476,C02481,2025-11-01,Mobile App,Wallet,Completed
O006477,C01643,2025-03-20,Marketplace,Card,Completed
O006478,C01001,2025-03-03,Website,Wallet,Completed
O006479,C00631,2026-06-18,Mobile App,SBP,Completed
O006480,C00116,2025-12-05,Website,Card,Completed
O006481,C01919,2025-01-09,Mobile App,Card,Completed
O006482,C02333,2025-11-05,Website,Card,Completed
O006483,C01661,2025-01-06,Mobile App,Card,Completed
O006484,C01218,2025-02-12,Website,Card,Completed
O006485,C00327,2025-07-23,Mobile App,Card,Completed
O006486,C01610,2025-12-25,Website,Cash on Delivery,Completed
O006487,C00501,2025-12-05,Mobile App,SBP,Completed
O006488,C01556,2026-03-08,Website,Wallet,Completed
O006489,C00753,2025-04-09,Mobile App,SBP,Returned
O006490,C02165,2025-04-15,Website,SBP,Completed
O006491,C02341,2025-10-19,Mobile App,Wallet,Completed
O006492,C00586,2026-04-20,Mobile App,Card,Returned
O006493,C00816,2026-01-30,Website,SBP,Completed
O006494,C02306,2026-01-01,Website,Wallet,Completed
O006495,C00050,2025-02-21,Website,Cash on Delivery,Completed
O006496,C01292,2026-04-25,Website,Card,Completed
O006497,C00355,2026-06-22,Mobile App,Wallet,Completed
O006498,C01083,2025-11-14,Website,Card,Completed
O006499,C00081,2025-07-03,Website,Card,Completed
O006500,C00352,2025-12-28,Website,Card,Completed
O006501,C01008,2025-12-17,Website,Card,Cancelled
O006502,C00151,2026-05-23,Website,Card,Completed
O006503,C01993,2025-03-02,Mobile App,Card,Returned
O006504,C01446,2025-10-09,Website,Card,Completed
O006505,C01127,2026-01-23,Marketplace,Wallet,Completed
O006506,C01181,2025-07-10,Mobile App,Wallet,Completed
O006507,C02098,2026-04-04,Website,Wallet,Completed
O006508,C02114,2025-02-05,Marketplace,SBP,Completed
O006509,C00119,2025-02-27,Mobile App,Cash on Delivery,Completed
O006510,C01714,2026-03-08,Mobile App,Card,Completed
O006511,C01175,2025-03-10,Website,Card,Returned
O006512,C01958,2025-08-17,Mobile App,Card,Completed
O006513,C01968,2025-06-03,Website,Card,Returned
O006514,C01771,2026-01-11,Mobile App,SBP,Completed
O006515,C01687,2025-01-07,Website,Card,Completed
O006516,C00530,2025-07-14,Website,Cash on Delivery,Completed
O006517,C02133,2026-06-23,Mobile App,Card,Completed
O006518,C01753,2025-07-21,Website,Card,Completed
O006519,C00685,2025-11-23,Website,Card,Completed
O006520,C00582,2026-06-24,Mobile App,Card,Completed
O006521,C01253,2025-11-28,Website,Cash on Delivery,Completed
O006522,C00858,2026-02-17,Website,SBP,Completed
O006523,C01693,2026-06-08,Website,Card,Completed
O006524,C01017,2025-12-03,Marketplace,SBP,Completed
O006525,C00422,2026-03-31,Mobile App,Card,Completed
O006526,C00988,2025-10-05,Mobile App,Card,Completed
O006527,C02040,2026-03-21,Mobile App,Card,Completed
O006528,C02077,2025-12-17,Mobile App,Card,Completed
O006529,C00779,2025-07-05,Mobile App,SBP,Completed
O006530,C01990,2025-11-01,Mobile App,Wallet,Completed
O006531,C00234,2025-07-02,Marketplace,Card,Completed
O006532,C02461,2025-08-05,Mobile App,SBP,Completed
O006533,C01915,2025-06-09,Website,SBP,Cancelled
O006534,C00103,2025-09-26,Website,Card,Completed
O006535,C01763,2025-07-09,Website,Card,Completed
O006536,C01236,2025-12-08,Mobile App,Card,Completed
O006537,C02210,2025-07-21,Marketplace,Card,Completed
O006538,C00600,2025-09-26,Mobile App,Card,Completed
O006539,C02231,2025-03-18,Mobile App,Card,Completed
O006540,C02177,2025-07-31,Mobile App,Card,Completed
O006541,C00697,2025-07-14,Marketplace,SBP,Completed
O006542,C01081,2026-06-09,Mobile App,Card,Completed
O006543,C01604,2025-09-01,Website,Cash on Delivery,Completed
O006544,C00601,2025-01-12,Mobile App,Card,Completed
O006545,C02498,2025-06-18,Website,Card,Cancelled
O006546,C00478,2026-02-03,Website,SBP,Completed
O006547,C00610,2025-04-01,Website,SBP,Completed
O006548,C01252,2025-03-30,Website,Cash on Delivery,Completed
O006549,C01183,2025-07-23,Website,Card,Completed
O006550,C00126,2025-07-14,Website,Card,Completed
O006551,C02276,2025-09-20,Marketplace,SBP,Cancelled
O006552,C00601,2025-01-19,Website,SBP,Returned
O006553,C00258,2026-01-29,Mobile App,SBP,Completed
O006554,C01299,2025-04-27,Website,Wallet,Completed
O006555,C02321,2026-01-24,Marketplace,Card,Completed
O006556,C00006,2025-11-05,Mobile App,SBP,Completed
O006557,C01221,2025-04-21,Marketplace,SBP,Completed
O006558,C02277,2025-09-14,Mobile App,SBP,Completed
O006559,C02233,2025-01-21,Mobile App,Card,Completed
O006560,C00428,2026-01-19,Website,Wallet,Completed
O006561,C01554,2025-06-15,Website,SBP,Completed
O006562,C02090,2025-07-29,Mobile App,Card,Completed
O006563,C01679,2025-03-27,Website,Card,Completed
O006564,C01644,2025-07-19,Website,SBP,Completed
O006565,C01933,2025-08-05,Marketplace,Wallet,Completed
O006566,C01134,2025-05-03,Website,Card,Completed
O006567,C00168,2026-06-19,Mobile App,Wallet,Completed
O006568,C01599,2025-06-02,Website,Card,Completed
O006569,C01570,2025-04-09,Website,Card,Completed
O006570,C02129,2025-10-27,Website,SBP,Completed
O006571,C02310,2025-06-24,Mobile App,Card,Cancelled
O006572,C00845,2025-09-05,Mobile App,Card,Completed
O006573,C02391,2026-01-31,Marketplace,SBP,Completed
O006574,C00025,2025-02-12,Website,Card,Completed
O006575,C02421,2025-10-06,Website,Card,Completed
O006576,C00344,2025-01-12,Mobile App,Card,Completed
O006577,C01615,2025-01-24,Website,Card,Completed
O006578,C01709,2025-02-20,Website,Card,Completed
O006579,C01584,2025-03-30,Mobile App,Card,Completed
O006580,C02478,2025-07-10,Mobile App,Cash on Delivery,Completed
O006581,C01382,2026-05-26,Website,SBP,Completed
O006582,C00329,2026-05-10,Website,SBP,Completed
O006583,C01519,2025-02-26,Marketplace,Card,Completed
O006584,C00728,2026-06-26,Marketplace,Card,Completed
O006585,C01531,2025-12-13,Mobile App,Wallet,Completed
O006586,C00952,2025-10-30,Mobile App,SBP,Completed
O006587,C00107,2026-03-09,Marketplace,Wallet,Completed
O006588,C01594,2025-09-22,Mobile App,Card,Completed
O006589,C00223,2025-05-25,Mobile App,SBP,Completed
O006590,C00820,2025-10-17,Mobile App,Card,Cancelled
O006591,C01549,2026-01-31,Website,Card,Completed
O006592,C02203,2026-01-08,Mobile App,Wallet,Completed
O006593,C00786,2025-04-03,Mobile App,Card,Completed
O006594,C00747,2026-05-28,Website,Card,Completed
O006595,C00754,2025-06-05,Mobile App,Card,Completed
O006596,C01438,2026-03-24,Mobile App,SBP,Completed
O006597,C00484,2025-06-20,Website,Wallet,Completed
O006598,C01318,2025-02-04,Mobile App,Card,Completed
O006599,C02003,2026-06-29,Website,Cash on Delivery,Completed
O006600,C00202,2025-11-18,Mobile App,Card,Completed
O006601,C02411,2025-04-28,Marketplace,Wallet,Completed
O006602,C01330,2025-01-01,Marketplace,SBP,Completed
O006603,C01570,2025-03-12,Marketplace,Cash on Delivery,Completed
O006604,C01544,2025-04-03,Mobile App,SBP,Completed
O006605,C02364,2026-05-21,Mobile App,Card,Completed
O006606,C01662,2025-04-07,Mobile App,Card,Completed
O006607,C02210,2025-03-30,Website,Wallet,Completed
O006608,C00715,2026-04-03,Mobile App,Wallet,Completed
O006609,C00545,2026-04-26,Mobile App,SBP,Returned
O006610,C01609,2025-04-25,Mobile App,SBP,Completed
O006611,C00384,2025-12-22,Website,Card,Completed
O006612,C00278,2025-10-19,Website,Card,Cancelled
O006613,C00529,2025-11-11,Website,Card,Completed
O006614,C00678,2025-06-19,Website,SBP,Completed
O006615,C00241,2026-02-15,Website,SBP,Completed
O006616,C01822,2026-04-27,Website,SBP,Completed
O006617,C01458,2026-02-01,Marketplace,SBP,Completed
O006618,C00501,2026-05-09,Website,Card,Completed
O006619,C00707,2025-03-02,Mobile App,Card,Completed
O006620,C02325,2025-12-25,Website,Card,Completed
O006621,C02283,2026-06-30,Marketplace,Card,Completed
O006622,C00308,2025-10-20,Mobile App,SBP,Completed
O006623,C01534,2026-05-30,Marketplace,SBP,Completed
O006624,C00808,2025-07-10,Marketplace,Wallet,Completed
O006625,C00900,2026-05-05,Mobile App,Card,Returned
O006626,C01500,2026-05-28,Website,Wallet,Completed
O006627,C02462,2025-12-06,Mobile App,SBP,Completed
O006628,C01457,2026-01-20,Website,Card,Completed
O006629,C02383,2025-10-13,Marketplace,SBP,Completed
O006630,C02051,2025-06-23,Marketplace,Cash on Delivery,Completed
O006631,C01947,2025-10-20,Website,Card,Completed
O006632,C01976,2026-06-10,Mobile App,SBP,Completed
O006633,C01980,2025-01-09,Website,Card,Completed
O006634,C00639,2025-04-22,Mobile App,Card,Returned
O006635,C02444,2025-09-30,Mobile App,Card,Completed
O006636,C02296,2025-07-05,Mobile App,Card,Completed
O006637,C01502,2025-12-07,Marketplace,SBP,Completed
O006638,C01778,2025-07-16,Website,Card,Completed
O006639,C02201,2025-12-26,Mobile App,SBP,Cancelled
O006640,C00382,2025-02-28,Mobile App,Wallet,Completed
O006641,C00163,2025-07-01,Website,Wallet,Completed
O006642,C02490,2026-01-14,Website,Card,Completed
O006643,C01386,2025-09-15,Website,Card,Completed
O006644,C01806,2026-01-25,Mobile App,Card,Completed
O006645,C01257,2025-12-14,Marketplace,Card,Completed
O006646,C01294,2025-06-29,Website,Card,Completed
O006647,C00095,2025-08-22,Website,SBP,Completed
O006648,C00724,2026-06-11,Mobile App,SBP,Cancelled
O006649,C00218,2026-06-10,Website,Card,Completed
O006650,C01081,2025-01-20,Website,Card,Completed
O006651,C00055,2026-01-21,Mobile App,Wallet,Completed
O006652,C02007,2025-09-26,Website,Cash on Delivery,Completed
O006653,C00736,2025-01-01,Mobile App,SBP,Completed
O006654,C01853,2025-12-13,Website,SBP,Completed
O006655,C00134,2025-01-13,Mobile App,SBP,Completed
O006656,C00084,2025-06-24,Website,Card,Completed
O006657,C01058,2026-01-12,Website,Wallet,Completed
O006658,C01971,2026-03-20,Mobile App,Card,Completed
O006659,C02032,2025-08-14,Mobile App,SBP,Cancelled
O006660,C01362,2026-03-18,Marketplace,Card,Completed
O006661,C01535,2026-04-04,Website,SBP,Completed
O006662,C01722,2025-09-02,Mobile App,SBP,Completed
O006663,C01685,2025-04-05,Mobile App,SBP,Completed
O006664,C01853,2025-12-26,Website,Card,Completed
O006665,C00079,2025-01-08,Mobile App,SBP,Completed
O006666,C01073,2026-05-03,Website,SBP,Completed
O006667,C02099,2025-07-31,Marketplace,SBP,Completed
O006668,C01100,2026-02-19,Mobile App,Card,Completed
O006669,C00366,2026-02-06,Website,Card,Completed
O006670,C01664,2025-09-16,Mobile App,SBP,Completed
O006671,C00757,2026-06-15,Website,Card,Completed
O006672,C01279,2026-03-11,Mobile App,SBP,Completed
O006673,C01292,2026-04-28,Mobile App,Card,Completed
O006674,C01741,2025-02-21,Mobile App,SBP,Returned
O006675,C02325,2025-09-22,Website,Card,Completed
O006676,C01735,2026-06-04,Website,Wallet,Completed
O006677,C02496,2026-03-20,Mobile App,Card,Completed
O006678,C00048,2025-09-05,Mobile App,Card,Completed
O006679,C01957,2025-02-08,Mobile App,Card,Completed
O006680,C01043,2025-06-04,Website,Wallet,Completed
O006681,C01824,2025-11-09,Mobile App,Card,Cancelled
O006682,C00214,2025-12-17,Mobile App,Card,Completed
O006683,C01320,2026-05-20,Mobile App,Card,Completed
O006684,C00075,2025-02-20,Website,Wallet,Completed
O006685,C01665,2025-08-05,Mobile App,Card,Completed
O006686,C00542,2025-05-29,Website,SBP,Completed
O006687,C00362,2026-06-09,Mobile App,Card,Completed
O006688,C00198,2025-04-01,Mobile App,Card,Completed
O006689,C00673,2025-05-01,Marketplace,Card,Completed
O006690,C02400,2025-06-12,Website,SBP,Completed
O006691,C02462,2025-02-27,Mobile App,Card,Completed
O006692,C00201,2025-12-18,Marketplace,Cash on Delivery,Completed
O006693,C02450,2025-10-14,Website,Card,Completed
O006694,C01469,2025-11-01,Website,SBP,Completed
O006695,C00808,2026-05-11,Website,Card,Completed
O006696,C02356,2025-08-25,Mobile App,Card,Completed
O006697,C00603,2025-06-19,Website,Wallet,Completed
O006698,C00455,2025-07-24,Website,SBP,Completed
O006699,C00574,2026-03-13,Mobile App,SBP,Completed
O006700,C00365,2025-10-16,Mobile App,SBP,Completed
O006701,C01213,2025-04-03,Marketplace,Card,Completed
O006702,C00352,2026-01-12,Mobile App,Cash on Delivery,Returned
O006703,C00560,2026-02-12,Marketplace,Card,Cancelled
O006704,C00929,2025-05-17,Mobile App,Wallet,Completed
O006705,C01622,2025-11-01,Mobile App,SBP,Completed
O006706,C02146,2025-11-04,Website,Card,Completed
O006707,C00188,2025-04-06,Marketplace,SBP,Completed
O006708,C01577,2025-01-05,Marketplace,Cash on Delivery,Completed
O006709,C00260,2026-01-28,Mobile App,Card,Completed
O006710,C02477,2025-12-03,Website,Card,Completed
O006711,C00693,2026-01-25,Website,SBP,Returned
O006712,C02143,2025-07-26,Website,Card,Completed
O006713,C01944,2025-10-09,Website,Card,Cancelled
O006714,C00811,2026-06-20,Website,SBP,Completed
O006715,C00809,2025-05-04,Website,Wallet,Completed
O006716,C00793,2025-12-23,Website,SBP,Returned
O006717,C01178,2025-03-14,Marketplace,Cash on Delivery,Completed
O006718,C01106,2025-02-05,Mobile App,Card,Completed
O006719,C01642,2026-06-07,Mobile App,Card,Completed
O006720,C01161,2025-03-12,Website,Card,Completed
O006721,C01972,2025-12-25,Website,Card,Completed
O006722,C01167,2025-10-08,Website,SBP,Cancelled
O006723,C00768,2026-03-18,Marketplace,Card,Completed
O006724,C00817,2025-10-26,Website,Card,Completed
O006725,C01828,2026-01-16,Mobile App,SBP,Completed
O006726,C00352,2026-05-04,Website,SBP,Completed
O006727,C00716,2026-03-29,Website,SBP,Completed
O006728,C00780,2026-01-30,Website,SBP,Completed
O006729,C01612,2025-03-30,Mobile App,Cash on Delivery,Completed
O006730,C00323,2025-04-03,Website,SBP,Completed
O006731,C01128,2025-09-29,Marketplace,Wallet,Completed
O006732,C01687,2025-12-26,Website,Cash on Delivery,Completed
O006733,C02317,2025-12-31,Website,Wallet,Completed
O006734,C01095,2026-03-06,Website,Card,Completed
O006735,C02456,2025-02-26,Marketplace,SBP,Completed
O006736,C01520,2025-04-05,Mobile App,Card,Completed
O006737,C01936,2025-03-23,Mobile App,Card,Completed
O006738,C00608,2025-10-23,Mobile App,SBP,Completed
O006739,C02289,2025-12-13,Marketplace,Card,Completed
O006740,C00648,2025-03-05,Website,SBP,Completed
O006741,C00342,2026-04-20,Mobile App,Wallet,Completed
O006742,C00198,2025-06-15,Mobile App,Card,Completed
O006743,C01637,2025-12-27,Website,Cash on Delivery,Completed
O006744,C01571,2026-02-15,Website,SBP,Completed
O006745,C00496,2025-01-20,Mobile App,Wallet,Cancelled
O006746,C02197,2026-04-18,Website,Card,Completed
O006747,C00693,2026-06-14,Website,Cash on Delivery,Completed
O006748,C01525,2026-06-08,Website,Card,Completed
O006749,C01308,2025-03-18,Website,Wallet,Completed
O006750,C01481,2025-08-03,Mobile App,Card,Completed
O006751,C01855,2025-05-07,Mobile App,Card,Completed
O006752,C02319,2025-09-04,Mobile App,Card,Completed
O006753,C01804,2026-06-17,Mobile App,SBP,Completed
O006754,C02268,2026-02-21,Website,Wallet,Completed
O006755,C02174,2026-02-25,Mobile App,SBP,Completed
O006756,C00898,2025-08-19,Marketplace,SBP,Completed
O006757,C01399,2026-05-27,Website,Card,Completed
O006758,C00496,2026-05-18,Mobile App,Cash on Delivery,Completed
O006759,C02316,2026-03-17,Mobile App,Card,Cancelled
O006760,C02418,2026-03-21,Mobile App,Wallet,Completed
O006761,C02220,2025-12-22,Website,SBP,Completed
O006762,C01857,2025-02-22,Website,Card,Completed
O006763,C02123,2025-06-05,Mobile App,Card,Completed
O006764,C01986,2026-02-24,Mobile App,SBP,Completed
O006765,C00574,2025-06-28,Mobile App,Cash on Delivery,Completed
O006766,C00660,2025-04-05,Mobile App,SBP,Completed
O006767,C01329,2026-06-02,Website,Wallet,Completed
O006768,C01052,2025-09-24,Mobile App,Cash on Delivery,Completed
O006769,C01841,2026-04-15,Mobile App,Card,Completed
O006770,C01841,2025-06-05,Marketplace,SBP,Completed
O006771,C02441,2025-07-16,Mobile App,SBP,Completed
O006772,C01972,2025-07-07,Website,Card,Completed
O006773,C00030,2025-07-23,Mobile App,Wallet,Completed
O006774,C00852,2025-08-27,Mobile App,Card,Completed
O006775,C00818,2025-06-12,Website,SBP,Completed
O006776,C01584,2026-03-21,Mobile App,SBP,Completed
O006777,C00856,2025-06-28,Website,Wallet,Completed
O006778,C02447,2025-08-30,Website,Card,Completed
O006779,C00722,2026-04-15,Mobile App,SBP,Completed
O006780,C01094,2025-08-27,Website,Card,Completed
O006781,C02044,2025-01-06,Mobile App,Wallet,Completed
O006782,C00918,2025-01-01,Mobile App,Card,Completed
O006783,C00113,2025-08-27,Mobile App,SBP,Completed
O006784,C00831,2025-12-21,Mobile App,Wallet,Completed
O006785,C00899,2026-05-30,Mobile App,Card,Completed
O006786,C01531,2025-03-13,Website,Card,Completed
O006787,C01780,2025-10-24,Marketplace,Card,Completed
O006788,C01372,2025-06-07,Website,SBP,Completed
O006789,C01017,2025-09-03,Mobile App,Card,Completed
O006790,C01257,2025-08-30,Mobile App,Card,Completed
O006791,C00361,2025-06-20,Website,Card,Completed
O006792,C00453,2025-01-10,Mobile App,Card,Completed
O006793,C01528,2025-02-10,Mobile App,Card,Completed
O006794,C02164,2025-10-13,Website,SBP,Completed
O006795,C01307,2025-05-03,Website,SBP,Completed
O006796,C00151,2025-06-28,Website,SBP,Completed
O006797,C02455,2025-02-19,Marketplace,Card,Completed
O006798,C00811,2025-01-28,Mobile App,Wallet,Completed
O006799,C01872,2025-03-11,Website,Card,Completed
O006800,C02245,2025-07-25,Mobile App,Wallet,Cancelled
O006801,C02466,2025-03-31,Mobile App,SBP,Completed
O006802,C00292,2025-05-07,Mobile App,Card,Completed
O006803,C00466,2025-06-14,Mobile App,SBP,Completed
O006804,C01614,2025-06-09,Website,Card,Returned
O006805,C01904,2025-01-07,Website,Cash on Delivery,Completed
O006806,C02088,2025-03-06,Mobile App,SBP,Completed
O006807,C01380,2026-06-03,Mobile App,Card,Completed
O006808,C00397,2025-12-31,Mobile App,Card,Completed
O006809,C01782,2025-03-09,Website,SBP,Completed
O006810,C01671,2025-06-04,Mobile App,Card,Completed
O006811,C01169,2025-07-29,Website,Card,Completed
O006812,C01595,2026-05-10,Mobile App,Cash on Delivery,Completed
O006813,C00531,2026-04-26,Website,Card,Completed
O006814,C02028,2026-02-25,Mobile App,Card,Completed
O006815,C00115,2025-02-28,Marketplace,Card,Completed
O006816,C02098,2025-09-25,Website,SBP,Completed
O006817,C02096,2025-09-22,Mobile App,SBP,Completed
O006818,C01719,2025-12-15,Mobile App,SBP,Completed
O006819,C02038,2026-04-07,Website,Cash on Delivery,Completed
O006820,C02283,2025-06-25,Website,Card,Completed
O006821,C00407,2025-11-01,Mobile App,Card,Completed
O006822,C01362,2025-05-25,Website,Card,Completed
O006823,C01613,2025-04-25,Website,Card,Completed
O006824,C02357,2025-06-21,Marketplace,Card,Completed
O006825,C01845,2026-02-06,Mobile App,Card,Completed
O006826,C01486,2025-08-28,Mobile App,Wallet,Completed
O006827,C01395,2026-01-08,Mobile App,Card,Completed
O006828,C00360,2026-01-13,Mobile App,Wallet,Completed
O006829,C00794,2025-07-17,Mobile App,Wallet,Completed
O006830,C01083,2026-06-06,Website,Card,Completed
O006831,C02203,2025-01-26,Website,Wallet,Completed
O006832,C02155,2026-05-05,Mobile App,SBP,Completed
O006833,C01607,2025-01-05,Marketplace,Card,Completed
O006834,C00265,2025-07-28,Website,SBP,Completed
O006835,C01801,2026-03-27,Marketplace,Card,Completed
O006836,C01148,2026-01-09,Mobile App,Card,Completed
O006837,C01631,2025-06-25,Mobile App,Wallet,Completed
O006838,C01084,2026-04-29,Website,SBP,Completed
O006839,C01804,2025-03-17,Website,Card,Completed
O006840,C00544,2026-01-02,Mobile App,SBP,Completed
O006841,C00363,2025-10-11,Website,Cash on Delivery,Completed
O006842,C00550,2025-04-24,Website,Card,Completed
O006843,C02307,2026-05-18,Website,Card,Returned
O006844,C00189,2026-02-22,Marketplace,Card,Completed
O006845,C00715,2025-01-05,Website,Cash on Delivery,Completed
O006846,C00857,2025-02-17,Mobile App,SBP,Completed
O006847,C02092,2025-01-31,Website,Card,Returned
O006848,C00899,2025-08-15,Website,SBP,Cancelled
O006849,C02234,2025-08-16,Website,Card,Cancelled
O006850,C02471,2026-01-31,Mobile App,Card,Completed
O006851,C01629,2026-01-05,Mobile App,Wallet,Returned
O006852,C00858,2025-01-09,Website,SBP,Completed
O006853,C01496,2025-09-17,Mobile App,Card,Completed
O006854,C01674,2026-03-05,Website,Cash on Delivery,Completed
O006855,C00273,2026-05-06,Mobile App,Card,Completed
O006856,C02083,2025-06-09,Website,Card,Completed
O006857,C01091,2025-01-25,Marketplace,Card,Completed
O006858,C02115,2025-03-25,Marketplace,Card,Completed
O006859,C01530,2025-07-05,Mobile App,SBP,Completed
O006860,C02153,2025-08-30,Website,Card,Completed
O006861,C00205,2025-07-11,Mobile App,Card,Completed
O006862,C00107,2025-02-19,Mobile App,Cash on Delivery,Completed
O006863,C00279,2025-07-05,Mobile App,Card,Completed
O006864,C02187,2025-06-08,Website,Card,Completed
O006865,C02484,2025-09-24,Mobile App,Card,Completed
O006866,C02497,2025-02-13,Website,Wallet,Cancelled
O006867,C00831,2026-03-08,Mobile App,Card,Completed
O006868,C00661,2025-08-16,Website,Card,Completed
O006869,C00875,2025-06-23,Mobile App,Wallet,Completed
O006870,C02043,2026-05-10,Website,Card,Completed
O006871,C00629,2026-02-11,Website,Wallet,Completed
O006872,C01369,2025-03-16,Website,SBP,Completed
O006873,C01616,2025-03-21,Marketplace,Wallet,Cancelled
O006874,C00904,2025-01-02,Mobile App,Card,Completed
O006875,C01183,2025-11-03,Mobile App,Cash on Delivery,Returned
O006876,C01663,2025-07-13,Mobile App,Card,Completed
O006877,C01977,2025-07-24,Mobile App,Card,Completed
O006878,C00475,2025-10-06,Website,SBP,Completed
O006879,C01282,2025-10-22,Mobile App,Card,Completed
O006880,C00386,2025-01-01,Website,Card,Completed
O006881,C00039,2025-02-28,Mobile App,SBP,Completed
O006882,C01613,2026-03-07,Website,Card,Completed
O006883,C01207,2026-06-05,Marketplace,Card,Completed
O006884,C00649,2026-04-03,Mobile App,Card,Completed
O006885,C00138,2026-05-10,Website,Card,Completed
O006886,C02365,2025-09-11,Mobile App,SBP,Completed
O006887,C02067,2026-03-28,Website,SBP,Completed
O006888,C02339,2026-04-27,Website,Card,Completed
O006889,C00285,2026-05-03,Marketplace,Card,Completed
O006890,C00036,2025-03-23,Mobile App,Card,Returned
O006891,C00543,2025-03-22,Mobile App,Card,Completed
O006892,C00252,2025-08-08,Mobile App,Card,Completed
O006893,C01150,2025-10-03,Website,SBP,Completed
O006894,C01614,2026-06-08,Website,Card,Completed
O006895,C00488,2025-06-23,Mobile App,SBP,Completed
O006896,C00992,2026-03-31,Mobile App,Card,Completed
O006897,C01349,2026-04-30,Website,Card,Completed
O006898,C00794,2026-06-12,Website,Card,Completed
O006899,C01152,2025-04-14,Website,Card,Completed
O006900,C01476,2025-05-13,Website,SBP,Completed
O006901,C02382,2025-05-01,Website,SBP,Completed
O006902,C00776,2026-02-06,Website,Cash on Delivery,Completed
O006903,C00221,2026-01-10,Mobile App,Card,Completed
O006904,C02172,2025-08-11,Website,Card,Completed
O006905,C01442,2025-02-18,Website,Wallet,Completed
O006906,C01181,2025-10-12,Mobile App,SBP,Returned
O006907,C01801,2026-02-04,Mobile App,Card,Completed
O006908,C02453,2025-09-16,Website,Card,Completed
O006909,C00320,2025-05-27,Website,Card,Returned
O006910,C02152,2025-11-20,Mobile App,Card,Cancelled
O006911,C01592,2025-12-27,Website,SBP,Completed
O006912,C01464,2025-11-19,Website,Card,Completed
O006913,C02161,2026-04-22,Website,Cash on Delivery,Completed
O006914,C00761,2025-06-21,Website,Card,Completed
O006915,C01969,2025-11-29,Mobile App,SBP,Completed
O006916,C01427,2026-04-12,Mobile App,Card,Returned
O006917,C02338,2025-04-27,Website,SBP,Completed
O006918,C01170,2025-06-03,Website,Wallet,Completed
O006919,C01802,2025-01-27,Marketplace,Card,Completed
O006920,C01244,2025-07-24,Mobile App,SBP,Completed
O006921,C00985,2025-01-25,Marketplace,Card,Completed
O006922,C00939,2026-02-12,Mobile App,Card,Completed
O006923,C02302,2025-02-18,Website,Wallet,Completed
O006924,C02095,2026-01-14,Website,SBP,Completed
O006925,C00564,2025-11-13,Website,SBP,Completed
O006926,C02165,2026-06-24,Mobile App,Card,Completed
O006927,C01460,2025-07-10,Website,Wallet,Completed
O006928,C00261,2025-07-08,Mobile App,SBP,Completed
O006929,C01915,2025-05-13,Mobile App,Card,Completed
O006930,C00406,2025-10-21,Mobile App,Wallet,Completed
O006931,C02181,2025-04-30,Mobile App,Card,Completed
O006932,C01137,2025-03-03,Website,Card,Completed
O006933,C02292,2026-06-02,Website,Wallet,Returned
O006934,C01208,2026-01-06,Mobile App,Card,Completed
O006935,C00213,2025-03-06,Mobile App,Card,Completed
O006936,C01917,2025-12-04,Mobile App,Card,Completed
O006937,C01816,2025-06-16,Mobile App,Wallet,Completed
O006938,C00756,2025-04-09,Mobile App,Card,Completed
O006939,C00511,2025-09-15,Website,Card,Completed
O006940,C02160,2026-03-07,Website,Card,Cancelled
O006941,C01948,2025-01-01,Marketplace,Card,Completed
O006942,C00745,2025-07-13,Mobile App,Card,Completed
O006943,C01752,2026-05-18,Mobile App,Wallet,Completed
O006944,C00602,2025-08-04,Website,SBP,Completed
O006945,C00454,2025-02-24,Mobile App,Wallet,Completed
O006946,C01660,2025-08-23,Website,SBP,Completed
O006947,C02083,2026-01-08,Website,Card,Completed
O006948,C02297,2026-06-28,Website,Card,Completed
O006949,C01155,2025-12-10,Mobile App,SBP,Completed
O006950,C00359,2025-01-28,Website,Card,Completed
O006951,C01360,2026-03-18,Website,SBP,Completed
O006952,C01703,2026-03-02,Website,Card,Completed
O006953,C02429,2025-12-22,Website,SBP,Cancelled
O006954,C00281,2026-05-05,Mobile App,Card,Completed
O006955,C01642,2026-02-25,Mobile App,Card,Completed
O006956,C01281,2025-05-07,Mobile App,Cash on Delivery,Completed
O006957,C01472,2025-08-19,Website,Card,Completed
O006958,C00232,2025-10-05,Mobile App,Card,Returned
O006959,C00042,2025-09-24,Website,Card,Completed
O006960,C01517,2025-12-15,Mobile App,Card,Completed
O006961,C00499,2026-01-19,Marketplace,SBP,Completed
O006962,C01535,2025-02-26,Mobile App,Cash on Delivery,Completed
O006963,C00067,2025-11-07,Marketplace,Wallet,Completed
O006964,C02004,2025-01-22,Website,SBP,Completed
O006965,C00834,2025-10-07,Mobile App,SBP,Completed
O006966,C01128,2025-08-19,Mobile App,Card,Completed
O006967,C00862,2025-04-23,Mobile App,Cash on Delivery,Returned
O006968,C01046,2026-06-25,Mobile App,SBP,Completed
O006969,C01326,2025-05-21,Website,Card,Completed
O006970,C01614,2025-01-31,Mobile App,Cash on Delivery,Completed
O006971,C01725,2025-07-15,Mobile App,Card,Completed
O006972,C02476,2026-02-18,Mobile App,Card,Completed
O006973,C00449,2025-01-06,Website,SBP,Completed
O006974,C02180,2025-09-27,Website,Card,Completed
O006975,C01505,2025-08-16,Marketplace,Card,Completed
O006976,C00774,2026-04-18,Website,Card,Completed
O006977,C02293,2025-01-02,Website,SBP,Completed
O006978,C01768,2025-01-10,Website,Card,Completed
O006979,C00463,2025-11-05,Mobile App,Card,Completed
O006980,C00437,2025-04-08,Mobile App,Card,Completed
O006981,C01648,2026-01-20,Marketplace,Card,Cancelled
O006982,C01825,2025-06-01,Mobile App,Card,Completed
O006983,C00114,2025-11-03,Website,Card,Completed
O006984,C01571,2025-01-21,Website,Card,Completed
O006985,C01328,2026-01-14,Website,Card,Completed
O006986,C02424,2025-10-10,Mobile App,Card,Completed
O006987,C01854,2025-01-01,Marketplace,Card,Completed
O006988,C02274,2025-05-26,Website,Wallet,Completed
O006989,C00086,2025-02-02,Website,Card,Completed
O006990,C01911,2025-01-25,Mobile App,Card,Completed
O006991,C00835,2026-01-17,Mobile App,Card,Completed
O006992,C01384,2025-08-22,Mobile App,SBP,Completed
O006993,C02195,2026-03-15,Mobile App,Card,Completed
O006994,C02175,2025-05-21,Website,SBP,Completed
O006995,C00564,2026-01-27,Mobile App,SBP,Completed
O006996,C00601,2025-12-02,Website,Card,Completed
O006997,C01808,2025-12-29,Mobile App,Card,Completed
O006998,C02196,2026-03-29,Website,Cash on Delivery,Completed
O006999,C01531,2026-01-22,Mobile App,Card,Completed
O007000,C00137,2026-02-12,Marketplace,SBP,Completed
O007001,C00410,2026-02-08,Mobile App,SBP,Completed
O007002,C01874,2025-09-02,Website,Card,Completed
O007003,C01855,2026-01-31,Marketplace,SBP,Completed
O007004,C02242,2026-04-05,Website,Card,Completed
O007005,C01331,2026-02-07,Mobile App,Card,Completed
O007006,C01069,2025-11-28,Website,SBP,Completed
O007007,C00281,2025-02-10,Marketplace,Wallet,Completed
O007008,C01955,2025-08-27,Website,Card,Completed
O007009,C02374,2025-02-04,Website,SBP,Completed
O007010,C00114,2025-02-26,Marketplace,Card,Completed
O007011,C01230,2025-07-17,Mobile App,SBP,Completed
O007012,C00889,2025-09-11,Website,Card,Completed
O007013,C01863,2025-10-16,Website,Card,Completed
O007014,C01909,2026-05-07,Website,Cash on Delivery,Completed
O007015,C00545,2026-02-21,Website,SBP,Completed
O007016,C02381,2025-08-19,Mobile App,Card,Completed
O007017,C00343,2025-07-02,Mobile App,Cash on Delivery,Completed
O007018,C01953,2026-01-25,Marketplace,Card,Completed
O007019,C01854,2025-05-31,Mobile App,SBP,Completed
O007020,C00406,2026-04-28,Marketplace,SBP,Completed
O007021,C01685,2026-03-03,Mobile App,Wallet,Completed
O007022,C00676,2026-01-08,Website,Card,Completed
O007023,C00686,2025-05-17,Mobile App,SBP,Completed
O007024,C00217,2025-12-06,Website,SBP,Completed
O007025,C01866,2026-03-25,Website,Card,Cancelled
O007026,C02019,2025-02-09,Mobile App,Wallet,Completed
O007027,C01263,2025-04-07,Mobile App,Card,Completed
O007028,C01940,2025-10-09,Website,Card,Completed
O007029,C00872,2025-07-16,Website,SBP,Completed
O007030,C01413,2026-01-23,Website,Card,Completed
O007031,C01968,2025-08-07,Mobile App,Wallet,Completed
O007032,C01078,2026-06-29,Website,Card,Completed
O007033,C01542,2025-06-13,Marketplace,Card,Completed
O007034,C00363,2025-07-16,Mobile App,SBP,Completed
O007035,C01269,2025-01-02,Website,Wallet,Completed
O007036,C02128,2025-05-16,Mobile App,SBP,Cancelled
O007037,C01933,2025-05-09,Marketplace,Card,Completed
O007038,C00751,2026-02-21,Mobile App,Card,Completed
O007039,C01363,2025-07-04,Mobile App,SBP,Completed
O007040,C01550,2025-04-22,Website,Wallet,Completed
O007041,C02347,2025-06-21,Mobile App,SBP,Completed
O007042,C02073,2025-11-04,Mobile App,SBP,Completed
O007043,C02046,2026-03-05,Marketplace,Card,Completed
O007044,C01882,2026-06-19,Website,Card,Cancelled
O007045,C00896,2025-01-26,Mobile App,Card,Completed
O007046,C00943,2026-04-05,Website,Card,Completed
O007047,C01163,2025-08-01,Website,Card,Completed
O007048,C01066,2026-03-18,Website,SBP,Completed
O007049,C02394,2025-01-21,Website,Card,Completed
O007050,C02189,2025-12-08,Mobile App,Card,Completed
O007051,C02239,2026-05-24,Website,Wallet,Completed
O007052,C01519,2025-01-22,Mobile App,Card,Completed
O007053,C00478,2026-03-08,Mobile App,SBP,Cancelled
O007054,C00360,2025-03-04,Website,SBP,Completed
O007055,C00686,2026-06-21,Mobile App,Wallet,Completed
O007056,C01628,2026-02-11,Website,Wallet,Completed
O007057,C00912,2026-05-12,Website,Wallet,Completed
O007058,C01638,2026-05-06,Marketplace,Card,Completed
O007059,C02200,2025-06-22,Website,SBP,Cancelled
O007060,C00836,2025-08-16,Website,Wallet,Completed
O007061,C02319,2026-01-13,Mobile App,Card,Completed
O007062,C01280,2025-04-06,Website,SBP,Completed
O007063,C02006,2025-06-17,Website,Card,Completed
O007064,C00150,2025-02-24,Mobile App,SBP,Completed
O007065,C00690,2026-04-30,Mobile App,Card,Completed
O007066,C02328,2025-05-16,Mobile App,SBP,Completed
O007067,C02218,2025-08-13,Marketplace,Card,Completed
O007068,C01428,2025-09-05,Website,Card,Returned
O007069,C00083,2025-07-25,Mobile App,Card,Completed
O007070,C00150,2026-03-01,Website,SBP,Completed
O007071,C01058,2026-05-15,Website,Wallet,Completed
O007072,C02246,2025-11-09,Marketplace,Card,Completed
O007073,C00945,2026-04-02,Mobile App,Card,Completed
O007074,C02211,2025-03-02,Website,SBP,Completed
O007075,C01339,2026-06-12,Website,SBP,Completed
O007076,C00338,2025-03-05,Website,Card,Completed
O007077,C01402,2025-02-06,Mobile App,SBP,Completed
O007078,C00911,2025-01-13,Website,Wallet,Cancelled
O007079,C00564,2025-05-13,Marketplace,Card,Completed
O007080,C01688,2026-04-03,Website,Card,Completed
O007081,C00512,2025-06-14,Website,Card,Completed
O007082,C02264,2026-03-08,Marketplace,Cash on Delivery,Completed
O007083,C02009,2025-08-20,Marketplace,Wallet,Completed
O007084,C01956,2025-02-26,Website,Card,Completed
O007085,C00191,2025-09-16,Mobile App,Cash on Delivery,Completed
O007086,C02402,2025-05-07,Marketplace,Card,Completed
O007087,C01234,2025-06-09,Mobile App,SBP,Completed
O007088,C01833,2025-10-10,Mobile App,SBP,Completed
O007089,C00480,2026-03-08,Mobile App,Wallet,Completed
O007090,C01921,2025-11-17,Marketplace,SBP,Completed
O007091,C00799,2025-05-02,Mobile App,Card,Completed
O007092,C01768,2026-01-27,Website,Card,Completed
O007093,C00694,2026-01-16,Mobile App,Card,Completed
O007094,C02331,2025-05-10,Mobile App,Wallet,Completed
O007095,C01772,2026-04-11,Mobile App,Card,Completed
O007096,C01131,2026-04-06,Website,SBP,Completed
O007097,C01141,2025-11-26,Mobile App,Card,Completed
O007098,C00001,2025-06-11,Website,Card,Completed
O007099,C00749,2025-07-13,Marketplace,Card,Completed
O007100,C01974,2025-08-28,Website,SBP,Completed
O007101,C02079,2025-04-13,Mobile App,Card,Completed
O007102,C02500,2025-06-17,Mobile App,Card,Completed
O007103,C00215,2025-03-15,Website,Card,Cancelled
O007104,C00627,2025-03-26,Mobile App,Cash on Delivery,Completed
O007105,C01916,2026-02-11,Website,SBP,Completed
O007106,C00904,2025-03-12,Mobile App,SBP,Returned
O007107,C00621,2025-09-14,Mobile App,Wallet,Completed
O007108,C00704,2025-08-23,Website,SBP,Completed
O007109,C02296,2025-01-26,Mobile App,SBP,Completed
O007110,C02145,2026-03-30,Marketplace,SBP,Completed
O007111,C00014,2026-06-22,Website,Card,Completed
O007112,C02102,2025-12-15,Marketplace,Card,Completed
O007113,C01392,2026-01-02,Website,Wallet,Completed
O007114,C02112,2025-05-08,Website,Card,Completed
O007115,C01556,2026-04-06,Mobile App,Card,Completed
O007116,C01721,2026-03-05,Website,Wallet,Completed
O007117,C01444,2025-08-28,Marketplace,Card,Completed
O007118,C01837,2026-01-21,Mobile App,SBP,Completed
O007119,C02038,2026-06-06,Mobile App,SBP,Completed
O007120,C01271,2025-11-26,Mobile App,Card,Completed
O007121,C00281,2025-04-19,Mobile App,Card,Completed
O007122,C00233,2025-06-30,Mobile App,Card,Completed
O007123,C01039,2025-04-12,Mobile App,SBP,Completed
O007124,C01184,2025-07-01,Mobile App,Wallet,Completed
O007125,C02160,2026-05-02,Mobile App,Wallet,Completed
O007126,C00083,2025-04-14,Website,Card,Completed
O007127,C02222,2026-05-02,Mobile App,Card,Cancelled
O007128,C00138,2025-06-05,Website,SBP,Completed
O007129,C01246,2025-09-30,Website,SBP,Completed
O007130,C01057,2025-10-16,Website,Card,Cancelled
O007131,C01395,2025-03-10,Website,Card,Completed
O007132,C00107,2025-04-11,Website,Card,Completed
O007133,C01910,2025-06-16,Mobile App,Card,Completed
O007134,C00336,2025-02-02,Mobile App,SBP,Completed
O007135,C01950,2026-02-16,Website,Cash on Delivery,Completed
O007136,C01418,2025-10-26,Marketplace,Card,Completed
O007137,C02221,2026-04-07,Marketplace,Card,Completed
O007138,C02447,2026-04-17,Marketplace,Card,Completed
O007139,C02110,2025-07-09,Website,Card,Completed
O007140,C01131,2026-03-23,Website,Card,Cancelled
O007141,C01037,2025-02-03,Website,Card,Completed
O007142,C01658,2025-08-23,Mobile App,Card,Completed
O007143,C01625,2025-12-30,Mobile App,SBP,Cancelled
O007144,C01976,2025-09-12,Mobile App,SBP,Completed
O007145,C01209,2026-02-08,Mobile App,SBP,Completed
O007146,C01157,2026-04-14,Marketplace,Card,Completed
O007147,C00295,2025-08-20,Mobile App,Card,Completed
O007148,C00423,2025-05-30,Marketplace,Card,Completed
O007149,C02055,2025-11-15,Mobile App,Card,Completed
O007150,C02474,2026-04-20,Website,Card,Completed
O007151,C01505,2026-06-24,Mobile App,Card,Completed
O007152,C00861,2026-03-22,Website,Cash on Delivery,Completed
O007153,C00146,2025-05-14,Website,Cash on Delivery,Completed
O007154,C00109,2025-04-23,Marketplace,SBP,Completed
O007155,C01693,2025-11-09,Website,SBP,Completed
O007156,C01605,2025-08-08,Mobile App,SBP,Completed
O007157,C00708,2025-11-30,Marketplace,SBP,Completed
O007158,C00472,2026-05-20,Website,SBP,Completed
O007159,C00174,2025-10-27,Website,Card,Completed
O007160,C01706,2025-07-14,Website,Cash on Delivery,Completed
O007161,C01517,2026-04-20,Mobile App,SBP,Completed
O007162,C00834,2025-08-28,Website,Card,Returned
O007163,C01831,2025-11-27,Website,Card,Completed
O007164,C02114,2025-03-15,Mobile App,SBP,Returned
O007165,C01294,2025-10-05,Website,Wallet,Completed
O007166,C00657,2025-08-21,Mobile App,Card,Completed
O007167,C00015,2025-03-09,Website,Card,Completed
O007168,C01989,2025-04-26,Mobile App,Card,Completed
O007169,C01443,2026-01-19,Mobile App,Card,Returned
O007170,C00869,2025-04-09,Website,Card,Completed
O007171,C00017,2025-03-14,Website,Card,Completed
O007172,C02036,2025-02-01,Website,Card,Completed
O007173,C02317,2025-01-15,Website,Card,Completed
O007174,C01204,2025-08-26,Website,SBP,Completed
O007175,C00669,2025-09-24,Mobile App,SBP,Completed
O007176,C01550,2025-12-07,Website,Card,Completed
O007177,C02178,2025-11-09,Website,Card,Completed
O007178,C01469,2025-10-21,Website,Wallet,Completed
O007179,C00031,2026-06-30,Mobile App,Card,Completed
O007180,C00488,2025-05-17,Website,SBP,Cancelled
O007181,C00244,2026-01-24,Mobile App,Card,Cancelled
O007182,C01029,2025-02-13,Mobile App,Card,Cancelled
O007183,C01129,2026-04-09,Website,Cash on Delivery,Completed
O007184,C01339,2025-07-18,Website,Card,Completed
O007185,C01897,2025-07-09,Website,Card,Completed
O007186,C00281,2025-03-15,Mobile App,Card,Completed
O007187,C02357,2025-10-05,Website,Card,Completed
O007188,C00659,2025-08-07,Website,SBP,Cancelled
O007189,C01303,2026-06-16,Marketplace,SBP,Completed
O007190,C00528,2025-04-08,Mobile App,Wallet,Completed
O007191,C00889,2025-08-16,Website,Card,Completed
O007192,C02082,2026-05-07,Marketplace,Card,Completed
O007193,C00112,2026-03-17,Website,Cash on Delivery,Returned
O007194,C01209,2026-02-22,Website,Card,Completed
O007195,C01460,2025-10-15,Website,Wallet,Completed
O007196,C01425,2026-04-22,Marketplace,SBP,Completed
O007197,C00951,2025-05-03,Website,Card,Completed
O007198,C00945,2026-03-19,Mobile App,Cash on Delivery,Completed
O007199,C02273,2025-11-13,Mobile App,Card,Completed
O007200,C00603,2025-07-11,Mobile App,SBP,Completed
O007201,C01201,2025-04-30,Website,Card,Completed
O007202,C00911,2025-10-12,Website,SBP,Completed
O007203,C01914,2025-01-02,Mobile App,SBP,Completed
O007204,C02015,2026-01-26,Website,Card,Cancelled
O007205,C02121,2025-05-09,Mobile App,Cash on Delivery,Completed
O007206,C00213,2025-08-01,Website,Card,Completed
O007207,C00246,2025-04-16,Mobile App,Card,Completed
O007208,C00939,2025-09-12,Mobile App,Card,Completed
O007209,C01103,2025-07-22,Mobile App,SBP,Completed
O007210,C00158,2025-04-13,Mobile App,Card,Completed
O007211,C02235,2026-05-01,Website,SBP,Returned
O007212,C02243,2026-02-19,Website,SBP,Completed
O007213,C01062,2025-07-31,Website,SBP,Completed
O007214,C01924,2025-02-01,Mobile App,Cash on Delivery,Returned
O007215,C01413,2026-04-07,Website,Wallet,Completed
O007216,C01643,2026-01-16,Website,Card,Completed
O007217,C02183,2025-10-31,Website,SBP,Completed
O007218,C00231,2025-11-27,Website,Card,Completed
O007219,C00582,2025-01-05,Mobile App,Card,Returned
O007220,C01071,2025-09-16,Mobile App,Card,Completed
O007221,C02237,2025-04-14,Website,Card,Completed
O007222,C01480,2025-12-22,Website,Card,Completed
O007223,C00993,2026-05-24,Mobile App,Card,Returned
O007224,C00072,2025-10-17,Mobile App,SBP,Completed
O007225,C01483,2025-11-26,Mobile App,Cash on Delivery,Cancelled
O007226,C00675,2025-12-31,Mobile App,Card,Completed
O007227,C00821,2026-05-23,Mobile App,Card,Cancelled
O007228,C02490,2025-01-21,Mobile App,Card,Completed
O007229,C01318,2025-06-19,Marketplace,Card,Completed
O007230,C00347,2025-05-27,Mobile App,Cash on Delivery,Completed
O007231,C00124,2026-01-27,Mobile App,Card,Completed
O007232,C00971,2025-09-02,Mobile App,Card,Completed
O007233,C00164,2026-02-26,Website,Card,Completed
O007234,C01072,2025-09-15,Website,Card,Completed
O007235,C01037,2026-06-17,Marketplace,SBP,Completed
O007236,C02199,2026-02-23,Mobile App,Cash on Delivery,Completed
O007237,C00838,2025-01-10,Website,SBP,Completed
O007238,C00691,2026-06-24,Website,Card,Completed
O007239,C01540,2026-06-04,Website,SBP,Completed
O007240,C01598,2025-01-24,Website,Wallet,Completed
O007241,C00095,2025-08-02,Mobile App,Card,Completed
O007242,C00210,2026-06-14,Mobile App,SBP,Completed
O007243,C00420,2026-04-03,Mobile App,SBP,Completed
O007244,C01943,2025-09-13,Website,SBP,Cancelled
O007245,C00524,2025-10-25,Website,Card,Completed
O007246,C02482,2025-01-17,Website,SBP,Completed
O007247,C01102,2025-11-05,Website,SBP,Completed
O007248,C02334,2025-12-30,Mobile App,SBP,Completed
O007249,C00618,2025-07-16,Website,Card,Completed
O007250,C01060,2025-06-17,Marketplace,Card,Completed
O007251,C00345,2026-03-29,Mobile App,SBP,Completed
O007252,C02116,2025-09-02,Website,SBP,Completed
O007253,C01494,2025-05-25,Website,Cash on Delivery,Completed
O007254,C00190,2025-07-24,Website,Card,Returned
O007255,C01860,2025-09-26,Website,Card,Returned
O007256,C02219,2025-05-22,Marketplace,SBP,Completed
O007257,C01714,2025-11-02,Mobile App,SBP,Completed
O007258,C02021,2026-04-16,Mobile App,SBP,Cancelled
O007259,C00691,2026-02-10,Mobile App,SBP,Completed
O007260,C01081,2025-05-07,Marketplace,Card,Completed
O007261,C02137,2025-09-15,Marketplace,Card,Completed
O007262,C01521,2025-10-24,Website,Card,Completed
O007263,C01530,2026-01-07,Website,Card,Completed
O007264,C01918,2026-02-18,Website,SBP,Completed
O007265,C01537,2025-09-22,Website,Card,Completed
O007266,C00317,2025-06-22,Mobile App,Wallet,Completed
O007267,C00533,2025-12-26,Website,Card,Completed
O007268,C01947,2025-03-10,Mobile App,SBP,Completed
O007269,C00606,2026-01-04,Website,SBP,Completed
O007270,C01664,2026-05-05,Mobile App,Card,Completed
O007271,C01187,2026-01-23,Website,SBP,Completed
O007272,C01551,2025-08-25,Website,Cash on Delivery,Completed
O007273,C00595,2026-03-26,Mobile App,Cash on Delivery,Completed
O007274,C00776,2025-10-18,Website,Card,Completed
O007275,C01721,2025-10-23,Mobile App,SBP,Completed
O007276,C00430,2026-04-11,Marketplace,Card,Completed
O007277,C00772,2025-04-16,Website,Card,Completed
O007278,C02496,2026-03-02,Website,Card,Completed
O007279,C00380,2026-01-07,Website,Cash on Delivery,Completed
O007280,C01444,2025-10-16,Website,SBP,Completed
O007281,C00380,2025-02-12,Marketplace,Card,Completed
O007282,C01768,2026-02-23,Mobile App,Cash on Delivery,Completed
O007283,C00319,2025-04-30,Website,SBP,Completed
O007284,C01435,2026-05-04,Mobile App,Card,Completed
O007285,C01100,2026-03-09,Marketplace,Wallet,Completed
O007286,C01730,2025-07-18,Website,SBP,Returned
O007287,C00008,2025-08-26,Website,Card,Completed
O007288,C01291,2025-01-14,Mobile App,Card,Completed
O007289,C01356,2025-09-29,Mobile App,Card,Completed
O007290,C00602,2025-02-01,Website,Card,Completed
O007291,C00746,2026-06-24,Mobile App,Wallet,Completed
O007292,C01767,2025-12-16,Website,Card,Completed
O007293,C01382,2025-05-09,Mobile App,Card,Completed
O007294,C01448,2026-03-15,Mobile App,Cash on Delivery,Completed
O007295,C02339,2025-01-11,Website,Cash on Delivery,Completed
O007296,C01013,2025-10-27,Mobile App,Wallet,Completed
O007297,C02173,2025-03-02,Mobile App,Wallet,Completed
O007298,C02436,2025-01-30,Mobile App,Cash on Delivery,Completed
O007299,C01442,2025-05-14,Mobile App,Wallet,Completed
O007300,C00530,2025-06-10,Website,Card,Completed
O007301,C01046,2026-02-01,Website,Card,Completed
O007302,C00117,2026-05-02,Website,Card,Completed
O007303,C01746,2026-02-28,Mobile App,Card,Completed
O007304,C00684,2026-02-08,Mobile App,Card,Completed
O007305,C02308,2025-11-05,Website,Card,Completed
O007306,C01633,2025-07-22,Marketplace,Card,Completed
O007307,C01224,2025-05-20,Mobile App,SBP,Completed
O007308,C00467,2026-06-01,Website,Card,Cancelled
O007309,C00249,2025-10-12,Website,Card,Completed
O007310,C01682,2025-11-05,Mobile App,SBP,Completed
O007311,C01916,2025-01-09,Website,Card,Completed
O007312,C00666,2025-09-08,Marketplace,Card,Completed
O007313,C00027,2026-01-08,Mobile App,Card,Completed
O007314,C00800,2025-09-28,Website,SBP,Completed
O007315,C01912,2025-12-02,Website,Wallet,Completed
O007316,C01451,2026-03-19,Website,Card,Completed
O007317,C00213,2025-01-12,Mobile App,Wallet,Completed
O007318,C00287,2026-05-09,Website,Wallet,Completed
O007319,C00267,2026-03-23,Mobile App,Cash on Delivery,Completed
O007320,C01896,2025-08-18,Mobile App,Wallet,Completed
O007321,C01955,2026-02-21,Marketplace,SBP,Completed
O007322,C01020,2025-02-06,Website,Card,Completed
O007323,C01724,2025-06-18,Website,Card,Completed
O007324,C00053,2025-02-28,Mobile App,Card,Completed
O007325,C01405,2025-12-13,Website,Card,Completed
O007326,C00681,2026-04-13,Website,Cash on Delivery,Completed
O007327,C02052,2025-11-25,Marketplace,Card,Completed
O007328,C01222,2026-01-24,Mobile App,SBP,Returned
O007329,C02129,2025-03-20,Marketplace,Cash on Delivery,Completed
O007330,C01408,2026-05-25,Website,Card,Completed
O007331,C01144,2025-04-16,Mobile App,Card,Completed
O007332,C02368,2025-10-15,Website,Card,Cancelled
O007333,C02491,2026-01-09,Website,Card,Completed
O007334,C01140,2026-04-13,Website,Card,Completed
O007335,C00894,2026-05-25,Mobile App,Card,Completed
O007336,C01616,2025-11-23,Website,SBP,Completed
O007337,C00429,2025-11-11,Mobile App,Card,Completed
O007338,C00966,2025-08-16,Marketplace,SBP,Completed
O007339,C02115,2025-11-07,Mobile App,Card,Completed
O007340,C02243,2026-01-04,Website,Card,Completed
O007341,C01039,2025-12-20,Mobile App,Card,Completed
O007342,C00976,2025-11-20,Mobile App,Wallet,Completed
O007343,C02187,2025-08-29,Website,SBP,Completed
O007344,C00506,2025-04-17,Website,Card,Returned
O007345,C00153,2025-01-30,Mobile App,SBP,Completed
O007346,C00182,2025-08-18,Mobile App,Card,Completed
O007347,C00278,2025-08-05,Marketplace,Wallet,Completed
O007348,C02200,2025-11-28,Website,Cash on Delivery,Completed
O007349,C00101,2026-05-07,Website,Card,Completed
O007350,C00832,2026-01-19,Website,Card,Completed
O007351,C01506,2026-03-16,Marketplace,Card,Completed
O007352,C01523,2025-11-12,Mobile App,SBP,Completed
O007353,C02080,2026-05-22,Marketplace,Card,Completed
O007354,C02453,2026-05-28,Mobile App,SBP,Completed
O007355,C01007,2025-03-25,Website,Wallet,Completed
O007356,C00583,2025-12-16,Mobile App,Card,Completed
O007357,C00227,2025-10-04,Website,Wallet,Cancelled
O007358,C02229,2026-06-15,Website,Card,Completed
O007359,C00934,2025-11-16,Website,Wallet,Completed
O007360,C02247,2025-01-09,Website,Wallet,Completed
O007361,C00871,2025-04-25,Website,Card,Completed
O007362,C01891,2025-03-12,Marketplace,Card,Completed
O007363,C01609,2025-04-20,Mobile App,SBP,Cancelled
O007364,C01784,2025-02-22,Mobile App,SBP,Completed
O007365,C01631,2026-03-03,Website,Card,Completed
O007366,C00768,2025-09-27,Mobile App,Cash on Delivery,Completed
O007367,C00258,2026-01-02,Website,SBP,Completed
O007368,C00028,2026-06-30,Website,Cash on Delivery,Completed
O007369,C01051,2025-12-20,Website,Card,Completed
O007370,C02229,2025-09-19,Website,Card,Completed
O007371,C01607,2025-05-26,Marketplace,Card,Completed
O007372,C01686,2026-02-16,Mobile App,Card,Completed
O007373,C00648,2025-10-04,Website,Card,Completed
O007374,C01216,2026-02-18,Mobile App,Card,Completed
O007375,C01018,2025-01-13,Website,SBP,Completed
O007376,C00341,2025-03-31,Website,Card,Completed
O007377,C01535,2025-03-12,Mobile App,Card,Completed
O007378,C00909,2026-01-08,Mobile App,SBP,Completed
O007379,C01008,2025-10-10,Mobile App,SBP,Completed
O007380,C01493,2025-06-23,Website,SBP,Completed
O007381,C00078,2025-06-19,Mobile App,SBP,Completed
O007382,C02341,2025-11-28,Website,Card,Completed
O007383,C00557,2026-06-12,Website,SBP,Completed
O007384,C01698,2026-06-28,Website,SBP,Completed
O007385,C01941,2025-09-15,Website,Card,Completed
O007386,C00385,2026-01-02,Website,Card,Completed
O007387,C00622,2025-02-15,Website,Cash on Delivery,Completed
O007388,C01031,2026-06-01,Mobile App,Card,Completed
O007389,C02045,2025-01-10,Website,Card,Completed
O007390,C01590,2025-07-06,Website,Card,Completed
O007391,C01168,2026-01-31,Marketplace,Wallet,Completed
O007392,C02124,2026-06-14,Marketplace,Card,Completed
O007393,C01183,2025-04-04,Website,Cash on Delivery,Completed
O007394,C02215,2025-12-27,Website,Wallet,Completed
O007395,C01927,2025-04-13,Website,SBP,Completed
O007396,C00431,2025-01-28,Marketplace,Card,Completed
O007397,C00959,2025-08-20,Website,Card,Completed
O007398,C00063,2025-11-11,Website,Wallet,Completed
O007399,C00597,2025-05-25,Mobile App,Cash on Delivery,Returned
O007400,C00057,2026-06-16,Mobile App,Wallet,Completed
O007401,C00263,2025-12-03,Website,Cash on Delivery,Completed
O007402,C00011,2025-08-28,Website,SBP,Completed
O007403,C01680,2025-09-23,Website,Card,Completed
O007404,C01025,2025-09-11,Website,Card,Completed
O007405,C01175,2025-03-02,Website,Card,Completed
O007406,C01912,2025-11-28,Mobile App,Card,Completed
O007407,C02024,2026-03-05,Mobile App,Card,Completed
O007408,C01333,2025-08-18,Mobile App,Card,Cancelled
O007409,C01145,2025-08-21,Mobile App,Card,Completed
O007410,C01625,2026-05-13,Mobile App,Card,Returned
O007411,C01038,2025-11-30,Website,SBP,Cancelled
O007412,C01107,2025-06-12,Mobile App,SBP,Completed
O007413,C00748,2025-01-03,Website,SBP,Completed
O007414,C00475,2026-03-26,Website,SBP,Completed
O007415,C00499,2025-12-09,Website,Card,Completed
O007416,C01639,2025-12-08,Mobile App,Card,Completed
O007417,C02077,2025-06-04,Mobile App,Card,Completed
O007418,C01060,2025-04-12,Website,Card,Completed
O007419,C00239,2025-09-27,Mobile App,SBP,Completed
O007420,C01526,2026-02-18,Mobile App,SBP,Completed
O007421,C02256,2025-06-12,Website,Card,Completed
O007422,C01319,2025-10-15,Website,Wallet,Completed
O007423,C00068,2026-06-28,Mobile App,Card,Completed
O007424,C00205,2025-04-30,Mobile App,Card,Completed
O007425,C01306,2025-05-07,Website,Wallet,Completed
O007426,C02155,2025-05-09,Website,SBP,Completed
O007427,C00146,2026-05-14,Marketplace,SBP,Completed
O007428,C01884,2025-10-16,Website,SBP,Completed
O007429,C01950,2026-05-17,Marketplace,Card,Completed
O007430,C00129,2026-06-02,Mobile App,SBP,Completed
O007431,C00529,2025-08-18,Marketplace,SBP,Completed
O007432,C00010,2025-01-30,Website,Card,Completed
O007433,C01415,2025-06-15,Mobile App,Card,Completed
O007434,C00437,2025-10-24,Website,Cash on Delivery,Completed
O007435,C02292,2025-07-28,Website,Card,Completed
O007436,C00228,2025-01-02,Website,Wallet,Completed
O007437,C01624,2026-06-25,Website,Card,Completed
O007438,C01968,2025-06-15,Website,Card,Completed
O007439,C00446,2025-12-04,Mobile App,SBP,Completed
O007440,C00632,2026-06-01,Website,SBP,Completed
O007441,C01992,2025-10-25,Website,Card,Completed
O007442,C00232,2026-01-15,Website,Card,Completed
O007443,C01104,2025-01-20,Mobile App,Card,Completed
O007444,C00626,2026-01-16,Website,SBP,Completed
O007445,C00033,2026-04-08,Mobile App,Card,Completed
O007446,C01129,2026-05-17,Website,SBP,Completed
O007447,C01217,2025-02-15,Mobile App,Card,Completed
O007448,C00868,2025-05-05,Mobile App,Card,Completed
O007449,C02032,2025-01-26,Mobile App,Card,Completed
O007450,C00241,2026-05-17,Mobile App,Card,Completed
O007451,C01075,2025-05-31,Marketplace,SBP,Completed
O007452,C00452,2025-10-18,Website,Cash on Delivery,Completed
O007453,C01897,2025-09-17,Website,Card,Completed
O007454,C01392,2026-01-12,Marketplace,Card,Completed
O007455,C01764,2026-05-04,Mobile App,Cash on Delivery,Completed
O007456,C00269,2025-06-26,Mobile App,Card,Completed
O007457,C01143,2026-03-08,Website,Card,Completed
O007458,C00127,2025-06-08,Website,SBP,Completed
O007459,C00809,2025-04-18,Marketplace,Card,Cancelled
O007460,C02364,2025-02-28,Mobile App,Card,Completed
O007461,C01817,2025-07-23,Website,Wallet,Completed
O007462,C00196,2025-11-03,Website,SBP,Completed
O007463,C00923,2026-03-03,Mobile App,SBP,Completed
O007464,C02178,2026-04-09,Mobile App,Card,Cancelled
O007465,C00426,2025-10-15,Marketplace,Card,Completed
O007466,C01893,2025-08-12,Website,Wallet,Completed
O007467,C00803,2025-04-06,Website,Wallet,Completed
O007468,C01193,2026-05-15,Website,Wallet,Completed
O007469,C02193,2025-08-05,Mobile App,Card,Completed
O007470,C01682,2026-02-22,Website,Wallet,Completed
O007471,C00709,2025-12-08,Website,Card,Completed
O007472,C00023,2026-05-24,Website,SBP,Completed
O007473,C00588,2026-06-16,Website,SBP,Completed
O007474,C01045,2026-01-21,Mobile App,Card,Completed
O007475,C00334,2025-12-28,Website,Card,Completed
O007476,C02206,2025-03-16,Website,SBP,Completed
O007477,C00138,2025-01-09,Mobile App,Wallet,Completed
O007478,C01352,2025-10-26,Website,Card,Completed
O007479,C02442,2026-01-20,Mobile App,Card,Completed
O007480,C00838,2026-02-12,Mobile App,SBP,Completed
O007481,C01342,2025-05-17,Mobile App,Card,Completed
O007482,C00184,2025-10-02,Mobile App,Card,Completed
O007483,C01825,2026-04-16,Mobile App,Card,Completed
O007484,C02444,2025-02-22,Marketplace,Card,Completed
O007485,C01933,2025-07-29,Mobile App,Card,Completed
O007486,C00374,2026-05-31,Website,Cash on Delivery,Completed
O007487,C00881,2025-04-19,Mobile App,Wallet,Completed
O007488,C01809,2025-06-22,Mobile App,SBP,Completed
O007489,C01998,2025-09-13,Website,Card,Completed
O007490,C01009,2026-01-11,Website,SBP,Completed
O007491,C02404,2025-05-20,Mobile App,Card,Completed
O007492,C00509,2026-03-09,Website,SBP,Completed
O007493,C01855,2025-05-09,Marketplace,Card,Completed
O007494,C01242,2025-07-21,Marketplace,SBP,Completed
O007495,C01780,2025-11-10,Website,Card,Completed
O007496,C01491,2025-01-07,Website,Wallet,Completed
O007497,C01081,2026-02-23,Marketplace,SBP,Completed
O007498,C02039,2026-01-01,Website,Card,Completed
O007499,C02104,2026-04-01,Mobile App,Cash on Delivery,Completed
O007500,C02044,2025-05-31,Website,Card,Completed
O007501,C00223,2025-08-06,Website,Card,Completed
O007502,C01058,2026-05-06,Website,SBP,Completed
O007503,C01875,2025-02-06,Website,SBP,Cancelled
O007504,C02167,2025-09-26,Marketplace,Card,Completed
O007505,C00905,2025-09-22,Website,Card,Completed
O007506,C01852,2025-09-02,Website,Card,Completed
O007507,C01415,2025-08-25,Mobile App,Card,Completed
O007508,C00552,2026-02-13,Marketplace,Card,Cancelled
O007509,C02233,2025-04-18,Website,Card,Completed
O007510,C01112,2026-05-02,Mobile App,Card,Completed
O007511,C01513,2026-05-05,Website,SBP,Completed
O007512,C00722,2025-04-08,Mobile App,SBP,Completed
O007513,C00064,2026-06-16,Mobile App,Cash on Delivery,Completed
O007514,C01133,2025-05-24,Marketplace,Card,Completed
O007515,C01807,2025-01-29,Mobile App,Card,Completed
O007516,C00818,2025-08-06,Marketplace,Card,Completed
O007517,C02323,2026-03-11,Website,Card,Returned
O007518,C01876,2026-04-07,Mobile App,SBP,Completed
O007519,C01606,2025-12-19,Mobile App,Card,Completed
O007520,C02017,2026-03-19,Website,SBP,Completed
O007521,C02154,2025-05-23,Marketplace,Cash on Delivery,Completed
O007522,C01804,2026-04-25,Mobile App,Card,Completed
O007523,C02064,2025-12-13,Marketplace,Card,Completed
O007524,C01784,2025-03-14,Website,SBP,Completed
O007525,C02154,2025-03-12,Mobile App,SBP,Completed
O007526,C00260,2025-05-26,Website,Card,Completed
O007527,C00861,2025-02-07,Marketplace,SBP,Cancelled
O007528,C02220,2025-06-04,Website,Card,Completed
O007529,C01186,2026-06-27,Mobile App,SBP,Completed
O007530,C00038,2025-05-12,Website,SBP,Returned
O007531,C02121,2025-12-14,Mobile App,Card,Completed
O007532,C01640,2026-06-18,Website,Card,Completed
O007533,C02276,2025-05-19,Marketplace,SBP,Completed
O007534,C00041,2026-01-16,Marketplace,SBP,Completed
O007535,C00368,2025-09-03,Website,Wallet,Completed
O007536,C01277,2025-06-05,Mobile App,Card,Completed
O007537,C00454,2026-06-03,Mobile App,Wallet,Completed
O007538,C01302,2025-12-25,Website,SBP,Completed
O007539,C00868,2025-08-28,Website,SBP,Completed
O007540,C00526,2026-03-20,Website,Card,Returned
O007541,C01926,2026-05-07,Website,Card,Completed
O007542,C00098,2026-03-03,Mobile App,SBP,Completed
O007543,C02188,2026-04-20,Mobile App,Card,Completed
O007544,C00385,2025-06-25,Website,Card,Completed
O007545,C01451,2025-07-07,Marketplace,Card,Completed
O007546,C02479,2025-05-08,Website,Cash on Delivery,Completed
O007547,C00284,2026-01-16,Marketplace,SBP,Completed
O007548,C02318,2026-03-15,Mobile App,Wallet,Completed
O007549,C00760,2025-12-27,Mobile App,Cash on Delivery,Completed
O007550,C01853,2025-11-24,Mobile App,SBP,Completed
O007551,C02143,2026-02-26,Website,Card,Completed
O007552,C00580,2025-04-10,Marketplace,Card,Completed
O007553,C00869,2025-07-19,Mobile App,SBP,Returned
O007554,C02153,2026-01-22,Mobile App,Wallet,Completed
O007555,C00258,2025-01-29,Website,Wallet,Completed
O007556,C00272,2026-05-13,Mobile App,Card,Returned
O007557,C00756,2025-04-04,Website,SBP,Returned
O007558,C01508,2026-03-06,Mobile App,Card,Completed
O007559,C02017,2025-12-03,Mobile App,Card,Completed
O007560,C01407,2026-04-08,Website,Card,Cancelled
O007561,C01234,2026-02-28,Website,Card,Completed
O007562,C02178,2025-10-09,Website,Card,Completed
O007563,C00429,2026-02-17,Website,SBP,Completed
O007564,C02255,2025-07-09,Website,Card,Completed
O007565,C00782,2025-11-15,Website,Wallet,Completed
O007566,C00690,2026-05-15,Website,Card,Completed
O007567,C02384,2025-02-16,Mobile App,Card,Completed
O007568,C01615,2025-07-14,Mobile App,Card,Completed
O007569,C01080,2025-01-10,Website,Card,Completed
O007570,C00826,2025-10-19,Website,Card,Completed
O007571,C01104,2026-03-04,Mobile App,Card,Completed
O007572,C01980,2025-01-22,Website,SBP,Cancelled
O007573,C00383,2025-10-27,Website,Card,Cancelled
O007574,C00436,2025-08-15,Mobile App,SBP,Completed
O007575,C00762,2026-03-04,Marketplace,Card,Cancelled
O007576,C01206,2025-05-01,Website,Card,Completed
O007577,C02037,2025-03-30,Marketplace,Card,Completed
O007578,C00527,2025-02-21,Website,Card,Completed
O007579,C01966,2025-08-11,Website,Wallet,Cancelled
O007580,C02270,2025-09-24,Website,Card,Completed
O007581,C01089,2026-05-17,Mobile App,SBP,Completed
O007582,C02404,2025-09-12,Mobile App,Wallet,Completed
O007583,C02235,2025-04-04,Mobile App,Card,Completed
O007584,C01993,2026-01-17,Marketplace,Wallet,Completed
O007585,C00951,2025-02-03,Mobile App,SBP,Completed
O007586,C00752,2025-07-08,Website,SBP,Completed
O007587,C02161,2025-12-23,Mobile App,Wallet,Completed
O007588,C01104,2025-05-19,Website,Card,Completed
O007589,C00079,2025-11-21,Mobile App,SBP,Returned
O007590,C01793,2025-09-05,Marketplace,Card,Completed
O007591,C00869,2026-06-04,Mobile App,SBP,Returned
O007592,C02340,2025-06-06,Website,Card,Completed
O007593,C02138,2026-05-10,Mobile App,Card,Completed
O007594,C00261,2025-12-08,Website,Cash on Delivery,Completed
O007595,C02254,2026-02-14,Website,Card,Completed
O007596,C02375,2025-04-03,Mobile App,Card,Completed
O007597,C01892,2025-01-11,Website,Card,Completed
O007598,C00689,2026-02-03,Website,SBP,Completed
O007599,C01675,2025-09-20,Mobile App,Card,Cancelled
O007600,C02171,2025-06-18,Website,Card,Completed
O007601,C02039,2026-05-05,Website,Cash on Delivery,Completed
O007602,C01078,2025-06-28,Marketplace,Card,Completed
O007603,C01769,2025-08-25,Website,Card,Completed
O007604,C00965,2026-01-31,Website,SBP,Completed
O007605,C00636,2026-06-10,Marketplace,Card,Completed
O007606,C01683,2026-05-06,Website,Card,Completed
O007607,C01166,2025-12-23,Marketplace,SBP,Completed
O007608,C00563,2025-03-02,Mobile App,SBP,Completed
O007609,C01652,2025-03-01,Mobile App,Card,Completed
O007610,C00805,2026-01-14,Website,SBP,Completed
O007611,C01470,2025-10-06,Website,Wallet,Completed
O007612,C00904,2025-03-14,Mobile App,SBP,Completed
O007613,C02213,2026-01-15,Website,SBP,Completed
O007614,C02127,2026-05-30,Mobile App,Wallet,Completed
O007615,C01185,2025-02-05,Mobile App,Card,Cancelled
O007616,C01777,2026-03-27,Mobile App,Card,Completed
O007617,C00445,2025-07-08,Website,Card,Completed
O007618,C02494,2025-08-06,Mobile App,Card,Completed
O007619,C00537,2026-01-27,Mobile App,Cash on Delivery,Completed
O007620,C02168,2025-05-15,Website,Card,Completed
O007621,C02116,2025-03-27,Marketplace,Card,Completed
O007622,C00446,2026-06-11,Website,Card,Completed
O007623,C00022,2025-07-10,Marketplace,SBP,Completed
O007624,C01843,2025-04-03,Website,Wallet,Completed
O007625,C02173,2026-01-12,Website,Card,Completed
O007626,C01791,2025-04-29,Mobile App,Wallet,Completed
O007627,C00139,2026-02-28,Website,Card,Cancelled
O007628,C01614,2025-02-08,Website,Wallet,Cancelled
O007629,C00980,2025-10-11,Website,Wallet,Completed
O007630,C02290,2025-08-09,Mobile App,Card,Completed
O007631,C02001,2026-06-07,Website,Wallet,Completed
O007632,C01998,2025-10-12,Mobile App,Card,Completed
O007633,C01020,2026-05-21,Mobile App,Card,Completed
O007634,C00806,2025-05-16,Mobile App,Card,Completed
O007635,C02056,2025-09-16,Website,Card,Completed
O007636,C00288,2026-03-21,Website,Cash on Delivery,Completed
O007637,C00251,2025-03-29,Marketplace,SBP,Completed
O007638,C00156,2026-05-22,Mobile App,SBP,Completed
O007639,C01279,2026-02-27,Marketplace,Cash on Delivery,Completed
O007640,C00189,2026-01-05,Mobile App,Card,Completed
O007641,C01457,2025-05-13,Mobile App,Card,Completed
O007642,C00419,2026-03-23,Marketplace,Wallet,Completed
O007643,C02228,2026-04-06,Website,Card,Completed
O007644,C01081,2025-06-09,Marketplace,Wallet,Cancelled
O007645,C00235,2025-11-17,Website,Card,Completed
O007646,C01735,2025-02-03,Website,Card,Completed
O007647,C00847,2025-08-04,Mobile App,Card,Cancelled
O007648,C00655,2025-03-24,Website,Card,Completed
O007649,C01649,2025-10-31,Website,Card,Cancelled
O007650,C02390,2025-10-27,Mobile App,Card,Completed
O007651,C02450,2025-10-18,Mobile App,Card,Completed
O007652,C01089,2026-01-05,Marketplace,SBP,Completed
O007653,C02121,2026-05-20,Website,Card,Completed
O007654,C00524,2025-04-18,Website,Card,Completed
O007655,C02117,2025-04-28,Mobile App,Card,Completed
O007656,C02356,2025-04-28,Mobile App,Card,Returned
O007657,C01293,2026-05-22,Mobile App,Card,Completed
O007658,C01308,2025-02-20,Website,Card,Cancelled
O007659,C01411,2025-01-18,Website,Card,Completed
O007660,C00183,2025-03-29,Marketplace,Cash on Delivery,Completed
O007661,C02147,2026-02-24,Website,Card,Completed
O007662,C01845,2025-11-13,Mobile App,Card,Returned
O007663,C02175,2026-05-18,Website,SBP,Completed
O007664,C00289,2025-04-22,Website,Card,Completed
O007665,C02006,2025-08-04,Mobile App,Card,Completed
O007666,C00907,2025-10-31,Website,Card,Completed
O007667,C02047,2025-02-09,Website,SBP,Completed
O007668,C02485,2026-05-17,Mobile App,Wallet,Completed
O007669,C02200,2026-03-16,Website,Card,Returned
O007670,C02289,2025-03-20,Website,Wallet,Completed
O007671,C00285,2026-04-06,Mobile App,SBP,Cancelled
O007672,C00822,2025-09-03,Website,SBP,Completed
O007673,C00732,2025-07-03,Mobile App,Card,Completed
O007674,C01285,2026-06-01,Website,Wallet,Completed
O007675,C02441,2025-10-11,Website,Card,Returned
O007676,C01715,2025-05-05,Website,Card,Completed
O007677,C01362,2026-03-18,Marketplace,SBP,Completed
O007678,C02013,2026-01-26,Website,Cash on Delivery,Cancelled
O007679,C00442,2025-04-15,Marketplace,Card,Completed
O007680,C01652,2026-01-05,Website,Card,Cancelled
O007681,C01258,2025-12-10,Website,Cash on Delivery,Completed
O007682,C00509,2025-05-31,Mobile App,Wallet,Completed
O007683,C01615,2025-08-24,Website,SBP,Completed
O007684,C02102,2026-04-04,Mobile App,Card,Completed
O007685,C02071,2025-04-06,Marketplace,Card,Completed
O007686,C02108,2026-01-30,Mobile App,Cash on Delivery,Completed
O007687,C02031,2026-03-30,Mobile App,Card,Completed
O007688,C01173,2026-05-27,Mobile App,SBP,Completed
O007689,C00124,2025-06-27,Website,SBP,Completed
O007690,C02414,2025-05-26,Mobile App,Cash on Delivery,Completed
O007691,C01134,2026-05-26,Website,SBP,Completed
O007692,C01582,2025-09-10,Website,Card,Completed
O007693,C00052,2025-11-07,Mobile App,SBP,Completed
O007694,C02222,2025-10-08,Website,Cash on Delivery,Completed
O007695,C02221,2025-10-08,Mobile App,Wallet,Completed
O007696,C02321,2025-12-08,Website,Card,Cancelled
O007697,C00435,2025-08-20,Website,Card,Completed
O007698,C02108,2025-08-03,Mobile App,SBP,Completed
O007699,C01563,2025-08-07,Mobile App,SBP,Completed
O007700,C00366,2025-12-25,Marketplace,Card,Completed
O007701,C01427,2026-03-23,Website,Card,Returned
O007702,C01192,2025-10-31,Website,Card,Completed
O007703,C01564,2026-01-05,Website,Card,Completed
O007704,C00210,2025-08-14,Website,Card,Completed
O007705,C01409,2026-02-27,Website,Cash on Delivery,Completed
O007706,C01694,2025-08-04,Mobile App,SBP,Completed
O007707,C01789,2025-08-18,Website,Card,Completed
O007708,C01923,2025-01-31,Marketplace,SBP,Completed
O007709,C01566,2025-05-23,Mobile App,Card,Completed
O007710,C01754,2026-02-08,Mobile App,SBP,Cancelled
O007711,C00226,2025-02-17,Website,Wallet,Completed
O007712,C01995,2025-05-03,Website,Card,Completed
O007713,C00917,2026-03-01,Website,Cash on Delivery,Completed
O007714,C01370,2026-04-22,Mobile App,Card,Completed
O007715,C01367,2025-08-15,Mobile App,SBP,Completed
O007716,C02441,2025-08-11,Website,Wallet,Completed
O007717,C00813,2025-10-06,Website,SBP,Completed
O007718,C00961,2026-02-25,Marketplace,Card,Completed
O007719,C01901,2025-09-14,Website,Card,Completed
O007720,C01586,2025-04-05,Website,Card,Cancelled
O007721,C00795,2025-08-24,Website,Card,Completed
O007722,C00861,2025-05-20,Website,Card,Completed
O007723,C02072,2026-01-09,Website,Card,Completed
O007724,C02090,2025-03-19,Mobile App,SBP,Completed
O007725,C00367,2025-11-29,Mobile App,Card,Completed
O007726,C01000,2025-03-12,Mobile App,Card,Completed
O007727,C01924,2026-06-15,Website,SBP,Completed
O007728,C00297,2025-12-16,Website,Card,Cancelled
O007729,C00459,2025-03-17,Mobile App,SBP,Completed
O007730,C00397,2026-06-08,Website,SBP,Cancelled
O007731,C01321,2025-11-10,Website,SBP,Completed
O007732,C01128,2025-11-28,Website,Card,Cancelled
O007733,C00802,2025-02-04,Mobile App,SBP,Completed
O007734,C00340,2025-04-13,Website,SBP,Completed
O007735,C01594,2026-03-18,Marketplace,Card,Completed
O007736,C02019,2025-09-13,Website,Wallet,Returned
O007737,C00532,2025-12-03,Marketplace,Wallet,Returned
O007738,C01667,2026-06-23,Website,Card,Completed
O007739,C01989,2025-08-22,Mobile App,Card,Completed
O007740,C01393,2025-07-27,Website,Wallet,Cancelled
O007741,C01434,2026-03-15,Mobile App,SBP,Completed
O007742,C00418,2025-02-06,Mobile App,SBP,Completed
O007743,C02394,2025-09-06,Marketplace,Card,Completed
O007744,C02392,2026-04-12,Mobile App,Card,Completed
O007745,C01780,2025-05-05,Mobile App,SBP,Completed
O007746,C02257,2025-06-15,Website,Wallet,Completed
O007747,C01519,2025-09-15,Website,Card,Completed
O007748,C01654,2025-02-10,Marketplace,Cash on Delivery,Completed
O007749,C02073,2025-02-08,Marketplace,SBP,Completed
O007750,C00096,2025-05-18,Website,SBP,Completed
O007751,C00550,2026-05-06,Website,Wallet,Completed
O007752,C00509,2025-05-02,Website,Card,Completed
O007753,C01582,2026-02-04,Website,Card,Completed
O007754,C00606,2025-08-21,Website,Card,Completed
O007755,C00977,2026-02-20,Mobile App,Card,Completed
O007756,C01235,2025-06-30,Website,Card,Completed
O007757,C01860,2026-04-23,Marketplace,SBP,Completed
O007758,C01294,2025-07-22,Marketplace,Wallet,Completed
O007759,C00062,2026-03-09,Website,Card,Completed
O007760,C01717,2026-03-30,Website,Card,Completed
O007761,C01070,2025-08-24,Mobile App,SBP,Completed
O007762,C00284,2025-12-31,Website,SBP,Completed
O007763,C01630,2025-03-06,Mobile App,Cash on Delivery,Completed
O007764,C00676,2025-09-29,Mobile App,Card,Completed
O007765,C01152,2025-07-23,Website,Card,Completed
O007766,C02419,2026-06-06,Marketplace,Wallet,Completed
O007767,C00595,2026-05-26,Website,Card,Completed
O007768,C02214,2026-03-04,Website,SBP,Returned
O007769,C01161,2026-06-03,Marketplace,Card,Completed
O007770,C02332,2026-06-17,Website,Card,Completed
O007771,C02125,2026-02-24,Website,SBP,Completed
O007772,C02081,2025-11-21,Website,SBP,Cancelled
O007773,C00518,2025-04-22,Website,Card,Completed
O007774,C01978,2026-03-22,Website,Wallet,Completed
O007775,C00918,2025-04-17,Mobile App,Wallet,Completed
O007776,C02276,2025-04-12,Website,Wallet,Completed
O007777,C02476,2026-04-26,Mobile App,Cash on Delivery,Completed
O007778,C01530,2025-03-04,Website,Wallet,Completed
O007779,C02283,2025-03-19,Website,SBP,Cancelled
O007780,C01334,2025-10-06,Marketplace,SBP,Completed
O007781,C00085,2025-11-15,Mobile App,Wallet,Completed
O007782,C02185,2025-01-25,Mobile App,Cash on Delivery,Completed
O007783,C01326,2025-07-26,Website,SBP,Completed
O007784,C00111,2025-05-03,Mobile App,Card,Completed
O007785,C00164,2025-06-14,Mobile App,Card,Completed
O007786,C01809,2025-04-09,Marketplace,Wallet,Completed
O007787,C02310,2026-01-05,Mobile App,Cash on Delivery,Completed
O007788,C01744,2025-09-16,Website,Card,Completed
O007789,C01104,2026-06-08,Website,Cash on Delivery,Completed
O007790,C00768,2025-01-05,Website,Card,Completed
O007791,C01047,2026-03-01,Website,Card,Completed
O007792,C00808,2026-05-12,Website,Wallet,Completed
O007793,C00683,2025-09-23,Website,Cash on Delivery,Completed
O007794,C00321,2026-01-17,Website,SBP,Completed
O007795,C01423,2025-08-29,Mobile App,Cash on Delivery,Completed
O007796,C00546,2025-11-21,Mobile App,Wallet,Completed
O007797,C00363,2026-05-11,Mobile App,Wallet,Returned
O007798,C00690,2025-10-17,Website,Wallet,Completed
O007799,C01998,2025-11-12,Mobile App,Card,Completed
O007800,C01433,2026-06-23,Marketplace,Card,Completed
O007801,C01229,2025-09-29,Website,Card,Completed
O007802,C01480,2025-04-05,Marketplace,Card,Completed
O007803,C01417,2026-01-08,Website,Card,Completed
O007804,C01245,2026-01-14,Mobile App,Card,Completed
O007805,C02103,2025-05-10,Mobile App,Card,Completed
O007806,C01826,2026-02-02,Mobile App,SBP,Completed
O007807,C00463,2025-02-04,Marketplace,Card,Completed
O007808,C02043,2025-06-24,Website,Card,Completed
O007809,C00438,2026-04-12,Mobile App,Card,Completed
O007810,C00196,2025-12-04,Marketplace,Card,Completed
O007811,C01053,2025-11-28,Mobile App,SBP,Completed
O007812,C00983,2025-12-06,Website,Wallet,Completed
O007813,C01966,2025-04-01,Website,SBP,Completed
O007814,C01739,2026-06-09,Marketplace,SBP,Returned
O007815,C00147,2025-06-12,Mobile App,Cash on Delivery,Returned
O007816,C01247,2026-03-06,Marketplace,SBP,Completed
O007817,C01988,2026-06-25,Website,Card,Completed
O007818,C01833,2025-05-12,Mobile App,Card,Completed
O007819,C01252,2025-12-13,Mobile App,SBP,Completed
O007820,C01540,2025-01-24,Marketplace,SBP,Completed
O007821,C01405,2025-12-14,Mobile App,Wallet,Returned
O007822,C00579,2025-08-29,Website,Card,Completed
O007823,C01411,2025-02-09,Mobile App,Cash on Delivery,Completed
O007824,C01688,2026-01-02,Mobile App,Card,Completed
O007825,C00141,2026-06-14,Website,Cash on Delivery,Completed
O007826,C01739,2025-02-15,Website,SBP,Completed
O007827,C00625,2026-05-03,Marketplace,Card,Completed
O007828,C00020,2026-04-06,Website,Card,Completed
O007829,C01889,2025-10-27,Website,Card,Cancelled
O007830,C00975,2026-05-08,Mobile App,Card,Completed
O007831,C01031,2025-06-18,Marketplace,Wallet,Cancelled
O007832,C01561,2026-01-29,Mobile App,Card,Cancelled
O007833,C01402,2026-01-17,Website,Card,Completed
O007834,C01552,2025-11-13,Website,Card,Completed
O007835,C02363,2026-04-01,Website,SBP,Completed
O007836,C01628,2026-04-24,Website,Card,Completed
O007837,C00116,2026-03-06,Mobile App,Card,Completed
O007838,C00556,2025-11-18,Website,Wallet,Completed
O007839,C01125,2026-06-18,Website,Card,Completed
O007840,C01182,2025-10-31,Marketplace,Cash on Delivery,Completed
O007841,C00904,2025-12-14,Website,Card,Cancelled
O007842,C00461,2025-04-14,Website,SBP,Completed
O007843,C00267,2025-06-25,Mobile App,SBP,Completed
O007844,C00363,2026-05-09,Website,Card,Completed
O007845,C02377,2025-09-29,Website,SBP,Completed
O007846,C00989,2025-10-07,Marketplace,Card,Completed
O007847,C02404,2026-03-22,Mobile App,Card,Completed
O007848,C00838,2025-06-28,Mobile App,Wallet,Completed
O007849,C00779,2025-05-25,Mobile App,Cash on Delivery,Completed
O007850,C01224,2025-01-05,Website,Card,Completed
O007851,C02367,2025-05-07,Mobile App,SBP,Completed
O007852,C01408,2025-10-07,Mobile App,Card,Completed
O007853,C00088,2026-01-31,Website,Card,Completed
O007854,C00679,2025-06-29,Website,Card,Completed
O007855,C02453,2025-08-31,Mobile App,SBP,Completed
O007856,C00387,2025-05-02,Website,SBP,Completed
O007857,C02090,2026-03-22,Website,Card,Completed
O007858,C02322,2025-10-14,Website,Cash on Delivery,Completed
O007859,C00536,2025-03-20,Mobile App,SBP,Completed
O007860,C01398,2025-11-29,Website,Card,Completed
O007861,C01499,2025-07-03,Mobile App,Card,Completed
O007862,C01985,2026-04-18,Website,SBP,Completed
O007863,C01996,2025-05-27,Mobile App,Card,Completed
O007864,C00151,2026-04-18,Website,Card,Completed
O007865,C00799,2026-01-17,Website,Card,Completed
O007866,C02351,2025-03-15,Mobile App,Card,Cancelled
O007867,C00885,2026-02-19,Mobile App,SBP,Completed
O007868,C00615,2026-01-29,Website,SBP,Completed
O007869,C01573,2025-09-06,Mobile App,SBP,Completed
O007870,C00489,2025-03-29,Mobile App,Cash on Delivery,Completed
O007871,C00368,2025-09-19,Website,Wallet,Completed
O007872,C01995,2025-11-29,Mobile App,Card,Completed
O007873,C00296,2025-03-14,Website,SBP,Completed
O007874,C02228,2025-07-06,Mobile App,Card,Completed
O007875,C00625,2026-01-19,Website,Cash on Delivery,Completed
O007876,C00267,2025-10-29,Marketplace,SBP,Completed
O007877,C01854,2026-06-26,Mobile App,Card,Completed
O007878,C00442,2025-04-29,Mobile App,SBP,Completed
O007879,C00917,2026-03-01,Website,Card,Completed
O007880,C00878,2025-08-21,Mobile App,Cash on Delivery,Returned
O007881,C01269,2025-05-02,Website,Card,Completed
O007882,C01184,2026-06-04,Website,Card,Completed
O007883,C00489,2025-12-07,Website,Cash on Delivery,Completed
O007884,C00587,2025-10-20,Mobile App,Card,Completed
O007885,C00486,2025-06-11,Mobile App,Card,Completed
O007886,C00139,2026-04-27,Marketplace,SBP,Completed
O007887,C01627,2025-01-17,Website,SBP,Completed
O007888,C01177,2025-03-04,Marketplace,Card,Returned
O007889,C00271,2025-04-09,Mobile App,Card,Completed
O007890,C00829,2025-12-23,Marketplace,Card,Completed
O007891,C01670,2025-02-26,Mobile App,Card,Completed
O007892,C00713,2026-03-12,Website,Card,Completed
O007893,C01002,2025-04-17,Marketplace,Card,Completed
O007894,C01860,2026-01-05,Mobile App,SBP,Completed
O007895,C01679,2026-03-11,Mobile App,SBP,Completed
O007896,C01752,2026-04-25,Website,Card,Completed
O007897,C00955,2025-06-09,Website,Card,Completed
O007898,C01210,2025-02-10,Website,Card,Completed
O007899,C02116,2026-02-18,Mobile App,Card,Completed
O007900,C02181,2025-09-02,Website,Cash on Delivery,Completed
O007901,C00139,2026-06-03,Marketplace,Card,Completed
O007902,C02096,2025-04-13,Website,Wallet,Completed
O007903,C02234,2025-11-10,Website,SBP,Completed
O007904,C02357,2025-03-07,Website,Wallet,Cancelled
O007905,C00672,2025-09-23,Website,Wallet,Completed
O007906,C01254,2025-01-01,Website,Wallet,Completed
O007907,C00107,2026-02-14,Mobile App,SBP,Completed
O007908,C00275,2025-11-27,Marketplace,Card,Completed
O007909,C01407,2025-02-23,Website,SBP,Completed
O007910,C00516,2025-09-30,Website,Card,Completed
O007911,C00561,2025-08-22,Mobile App,Card,Completed
O007912,C00743,2026-01-03,Website,Wallet,Completed
O007913,C01149,2025-09-30,Mobile App,SBP,Completed
O007914,C00383,2025-09-08,Mobile App,Card,Completed
O007915,C02006,2026-03-30,Marketplace,Wallet,Completed
O007916,C01671,2025-10-11,Website,Card,Completed
O007917,C01979,2026-03-21,Marketplace,Wallet,Completed
O007918,C02316,2026-04-29,Marketplace,SBP,Completed
O007919,C01501,2026-04-09,Website,Card,Completed
O007920,C00905,2026-06-06,Mobile App,Card,Completed
O007921,C02445,2026-01-17,Website,Cash on Delivery,Completed
O007922,C01415,2025-11-03,Website,Card,Completed
O007923,C01160,2025-10-17,Marketplace,Cash on Delivery,Completed
O007924,C01041,2025-04-22,Website,Card,Completed
O007925,C00099,2026-03-29,Website,Card,Completed
O007926,C02390,2026-01-14,Website,SBP,Completed
O007927,C02049,2026-04-22,Mobile App,Card,Completed
O007928,C01749,2026-01-19,Marketplace,Card,Completed
O007929,C00554,2025-09-20,Mobile App,SBP,Completed
O007930,C02321,2025-06-11,Mobile App,Card,Completed
O007931,C00441,2026-06-23,Website,Card,Completed
O007932,C00604,2026-02-05,Mobile App,Wallet,Completed
O007933,C00176,2026-04-23,Website,Card,Completed
O007934,C00721,2025-11-16,Mobile App,SBP,Completed
O007935,C00820,2025-10-06,Mobile App,SBP,Completed
O007936,C01988,2025-01-19,Marketplace,SBP,Completed
O007937,C00816,2025-02-07,Mobile App,Card,Completed
O007938,C02390,2026-01-21,Mobile App,Cash on Delivery,Completed
O007939,C00757,2025-05-03,Website,Card,Completed
O007940,C01312,2025-02-14,Website,Cash on Delivery,Completed
O007941,C01483,2026-02-28,Mobile App,Wallet,Cancelled
O007942,C02073,2025-12-05,Mobile App,SBP,Completed
O007943,C01879,2025-03-02,Mobile App,Card,Completed
O007944,C02169,2025-09-30,Mobile App,Card,Returned
O007945,C02345,2025-09-14,Website,Card,Completed
O007946,C00294,2025-01-03,Website,SBP,Completed
O007947,C00236,2025-11-27,Website,Card,Completed
O007948,C01123,2025-08-05,Mobile App,Card,Completed
O007949,C00376,2026-04-25,Marketplace,Card,Completed
O007950,C01234,2025-03-05,Mobile App,Card,Completed
O007951,C01475,2026-04-08,Mobile App,Card,Completed
O007952,C00691,2025-01-04,Mobile App,Card,Cancelled
O007953,C00246,2026-02-22,Website,Card,Completed
O007954,C02412,2026-03-04,Website,Card,Completed
O007955,C00927,2025-08-11,Website,Card,Completed
O007956,C02098,2025-06-03,Marketplace,SBP,Completed
O007957,C01562,2025-03-19,Website,Cash on Delivery,Cancelled
O007958,C01656,2025-07-05,Mobile App,Card,Completed
O007959,C01952,2026-01-01,Website,SBP,Completed
O007960,C00663,2026-01-31,Mobile App,Card,Completed
O007961,C00544,2025-04-09,Website,SBP,Completed
O007962,C02492,2025-01-07,Marketplace,Card,Completed
O007963,C01670,2025-11-03,Website,Wallet,Completed
O007964,C00731,2025-11-14,Marketplace,SBP,Completed
O007965,C01615,2026-06-20,Mobile App,SBP,Completed
O007966,C00985,2026-02-20,Website,Card,Completed
O007967,C02150,2025-10-28,Mobile App,Wallet,Completed
O007968,C01271,2025-11-20,Mobile App,Card,Completed
O007969,C00785,2025-12-19,Website,SBP,Completed
O007970,C01726,2025-09-04,Mobile App,SBP,Completed
O007971,C01876,2026-01-05,Mobile App,SBP,Returned
O007972,C00932,2025-04-17,Mobile App,Wallet,Completed
O007973,C01880,2026-03-30,Mobile App,SBP,Cancelled
O007974,C00586,2026-04-16,Mobile App,SBP,Completed
O007975,C00598,2025-08-26,Website,Card,Completed
O007976,C02067,2025-09-07,Website,Card,Completed
O007977,C01553,2025-09-29,Website,Card,Completed
O007978,C00088,2026-03-23,Mobile App,SBP,Completed
O007979,C01688,2025-04-07,Website,SBP,Completed
O007980,C00765,2025-07-06,Website,SBP,Completed
O007981,C00687,2025-12-02,Mobile App,SBP,Completed
O007982,C01061,2026-01-14,Website,Card,Completed
O007983,C01130,2025-06-11,Website,Card,Returned
O007984,C02230,2025-03-05,Mobile App,Wallet,Completed
O007985,C01090,2025-10-05,Mobile App,Card,Completed
O007986,C00742,2025-12-15,Mobile App,Card,Completed
O007987,C01934,2026-02-23,Website,SBP,Completed
O007988,C01357,2025-01-02,Mobile App,Card,Completed
O007989,C00002,2025-01-10,Marketplace,Card,Completed
O007990,C01581,2025-07-31,Website,SBP,Completed
O007991,C01253,2025-11-04,Website,Card,Cancelled
O007992,C01437,2025-01-02,Website,Wallet,Completed
O007993,C00461,2025-04-05,Marketplace,Wallet,Completed
O007994,C01196,2025-08-17,Website,Card,Completed
O007995,C01618,2025-06-02,Mobile App,Cash on Delivery,Completed
O007996,C01693,2026-01-23,Mobile App,Card,Completed
O007997,C01701,2025-01-19,Marketplace,Card,Completed
O007998,C02494,2026-05-01,Website,SBP,Completed
O007999,C01253,2025-04-03,Mobile App,SBP,Completed
O008000,C01075,2025-08-29,Marketplace,Card,Completed
O008001,C01356,2026-06-23,Website,Card,Completed
O008002,C00823,2025-12-28,Mobile App,Card,Completed
O008003,C00788,2026-06-30,Website,Card,Completed
O008004,C01726,2025-01-11,Website,Card,Returned
O008005,C00784,2026-01-29,Website,Cash on Delivery,Completed
O008006,C01873,2025-02-11,Website,Wallet,Completed
O008007,C01863,2025-12-01,Website,Card,Returned
O008008,C02384,2025-06-27,Mobile App,Card,Completed
O008009,C00330,2026-03-01,Mobile App,Card,Completed
O008010,C00909,2025-03-09,Website,Card,Completed
O008011,C01929,2026-05-05,Mobile App,SBP,Completed
O008012,C01073,2025-09-20,Marketplace,SBP,Returned
O008013,C01638,2025-10-11,Website,Card,Returned
O008014,C01839,2025-11-08,Website,Wallet,Returned
O008015,C02212,2025-01-20,Website,Wallet,Completed
O008016,C00566,2025-06-19,Marketplace,Card,Completed
O008017,C00651,2026-01-23,Mobile App,Wallet,Completed
O008018,C01178,2026-06-09,Mobile App,Card,Completed
O008019,C01266,2026-06-22,Website,Cash on Delivery,Completed
O008020,C02263,2025-10-20,Mobile App,SBP,Completed
O008021,C00098,2025-05-21,Mobile App,Card,Completed
O008022,C00614,2025-09-18,Website,Card,Completed
O008023,C02282,2025-09-11,Website,SBP,Completed
O008024,C01537,2025-08-05,Website,Wallet,Completed
O008025,C01689,2025-07-17,Mobile App,Wallet,Returned
O008026,C00625,2026-04-20,Marketplace,Card,Completed
O008027,C01558,2025-08-02,Website,Wallet,Completed
O008028,C00925,2025-01-16,Marketplace,Card,Cancelled
O008029,C01832,2026-01-29,Website,Card,Completed
O008030,C00227,2025-12-30,Mobile App,Card,Completed
O008031,C00711,2025-07-26,Marketplace,Wallet,Cancelled
O008032,C01612,2025-12-10,Mobile App,SBP,Completed
O008033,C01510,2026-05-29,Website,Card,Completed
O008034,C02101,2026-05-20,Website,SBP,Completed
O008035,C02003,2026-03-08,Mobile App,Wallet,Completed
O008036,C00037,2025-11-15,Mobile App,Card,Completed
O008037,C00226,2025-01-16,Website,Card,Completed
O008038,C00886,2025-10-07,Mobile App,Card,Completed
O008039,C02398,2026-03-23,Website,Card,Completed
O008040,C01193,2026-04-07,Website,Card,Cancelled
O008041,C02230,2026-02-26,Mobile App,SBP,Completed
O008042,C00149,2026-06-23,Website,Card,Completed
O008043,C02408,2025-10-10,Website,Wallet,Completed
O008044,C00153,2025-03-01,Website,Cash on Delivery,Completed
O008045,C02021,2025-09-29,Marketplace,Card,Completed
O008046,C02193,2025-06-24,Website,Card,Completed
O008047,C00736,2026-04-02,Website,Card,Completed
O008048,C00753,2026-03-01,Website,SBP,Completed
O008049,C01454,2025-08-20,Website,Card,Completed
O008050,C01806,2025-07-31,Website,SBP,Completed
O008051,C00301,2025-03-29,Website,SBP,Completed
O008052,C00593,2025-01-24,Website,SBP,Completed
O008053,C01886,2025-06-20,Mobile App,Card,Completed
O008054,C02019,2025-05-12,Website,Wallet,Completed
O008055,C00385,2025-05-25,Website,Cash on Delivery,Completed
O008056,C02225,2026-06-30,Mobile App,SBP,Completed
O008057,C02168,2026-01-07,Website,Card,Completed
O008058,C02170,2025-10-29,Website,SBP,Completed
O008059,C00602,2025-04-08,Marketplace,Wallet,Cancelled
O008060,C01673,2026-04-05,Mobile App,SBP,Completed
O008061,C00402,2025-12-19,Mobile App,SBP,Completed
O008062,C00492,2025-10-09,Mobile App,Card,Completed
O008063,C00178,2025-09-12,Marketplace,Card,Completed
O008064,C01233,2025-10-29,Website,Wallet,Completed
O008065,C01779,2026-04-04,Website,Wallet,Completed
O008066,C00497,2026-01-29,Mobile App,Card,Completed
O008067,C00466,2025-09-22,Website,Card,Completed
O008068,C00693,2025-12-31,Mobile App,Card,Completed
O008069,C00495,2026-05-23,Website,Card,Completed
O008070,C02083,2025-06-28,Website,SBP,Completed
O008071,C00425,2026-05-07,Mobile App,Card,Completed
O008072,C00697,2025-11-28,Mobile App,SBP,Completed
O008073,C00765,2025-04-12,Mobile App,SBP,Completed
O008074,C00507,2026-06-12,Website,SBP,Completed
O008075,C02354,2026-01-10,Website,Card,Completed
O008076,C00525,2025-07-30,Mobile App,Wallet,Completed
O008077,C01217,2025-04-28,Website,Card,Completed
O008078,C01416,2026-05-16,Mobile App,Card,Completed
O008079,C00653,2026-03-26,Mobile App,SBP,Completed
O008080,C01179,2025-01-25,Website,Card,Completed
O008081,C00426,2025-12-14,Website,Card,Completed
O008082,C01208,2025-03-04,Mobile App,Wallet,Completed
O008083,C00048,2025-06-10,Website,SBP,Completed
O008084,C01098,2025-11-07,Website,Card,Completed
O008085,C00913,2025-05-17,Marketplace,SBP,Completed
O008086,C00877,2025-10-07,Website,Card,Completed
O008087,C00276,2025-08-23,Mobile App,Card,Cancelled
O008088,C02497,2025-11-14,Website,Card,Completed
O008089,C00068,2026-03-14,Website,Card,Completed
O008090,C00366,2025-03-26,Mobile App,Card,Completed
O008091,C00258,2026-03-11,Website,SBP,Completed
O008092,C02445,2025-05-02,Mobile App,Card,Completed
O008093,C00797,2025-01-19,Website,Card,Completed
O008094,C01078,2025-09-01,Mobile App,Card,Completed
O008095,C01878,2025-06-15,Mobile App,Card,Cancelled
O008096,C00127,2025-04-11,Mobile App,SBP,Completed
O008097,C00168,2025-08-19,Website,Card,Completed
O008098,C00457,2026-04-20,Website,SBP,Completed
O008099,C01697,2025-11-16,Website,Card,Cancelled
O008100,C02447,2026-02-02,Marketplace,Card,Completed
O008101,C01552,2025-03-23,Mobile App,SBP,Completed
O008102,C02181,2025-02-11,Mobile App,SBP,Completed
O008103,C02205,2025-07-03,Website,SBP,Completed
O008104,C00691,2026-02-27,Website,Card,Completed
O008105,C00460,2026-04-29,Website,Card,Returned
O008106,C00401,2025-02-25,Website,SBP,Completed
O008107,C01986,2025-09-18,Website,Cash on Delivery,Completed
O008108,C01674,2025-08-05,Website,Card,Completed
O008109,C02163,2026-02-11,Website,SBP,Completed
O008110,C01268,2025-04-23,Mobile App,Card,Completed
O008111,C02442,2025-09-22,Mobile App,Cash on Delivery,Completed
O008112,C02236,2026-04-09,Website,Card,Completed
O008113,C02022,2025-09-11,Mobile App,Card,Completed
O008114,C02008,2026-03-03,Mobile App,Card,Completed
O008115,C00310,2025-12-06,Website,SBP,Completed
O008116,C01862,2025-11-23,Mobile App,SBP,Cancelled
O008117,C02368,2025-05-22,Mobile App,SBP,Completed
O008118,C00731,2026-06-26,Mobile App,SBP,Completed
O008119,C02038,2025-05-17,Marketplace,Card,Completed
O008120,C00876,2026-05-24,Website,Card,Completed
O008121,C00531,2026-06-25,Mobile App,Wallet,Returned
O008122,C01827,2025-10-07,Website,Card,Completed
O008123,C00413,2026-04-20,Website,Card,Completed
O008124,C01204,2026-01-26,Website,Card,Completed
O008125,C02342,2026-02-07,Website,Card,Completed
O008126,C00393,2025-02-07,Website,Card,Completed
O008127,C00390,2025-03-16,Mobile App,SBP,Completed
O008128,C02358,2025-02-08,Website,SBP,Completed
O008129,C01943,2025-01-17,Website,Card,Cancelled
O008130,C01155,2026-04-02,Website,Card,Completed
O008131,C01014,2025-04-06,Website,Wallet,Completed
O008132,C02410,2025-01-04,Mobile App,SBP,Completed
O008133,C01810,2026-05-28,Mobile App,Wallet,Completed
O008134,C02271,2025-06-02,Mobile App,Card,Completed
O008135,C00230,2026-03-22,Marketplace,Wallet,Completed
O008136,C01327,2026-06-09,Website,Wallet,Completed
O008137,C01813,2025-10-13,Website,Card,Completed
O008138,C00090,2026-05-21,Marketplace,SBP,Completed
O008139,C01280,2026-06-13,Mobile App,Card,Completed
O008140,C00140,2025-03-20,Marketplace,SBP,Completed
O008141,C02251,2025-03-22,Mobile App,Wallet,Completed
O008142,C01703,2025-07-21,Mobile App,Card,Completed
O008143,C00471,2025-11-02,Website,Card,Completed
O008144,C01304,2026-03-06,Website,Card,Completed
O008145,C00274,2025-04-11,Mobile App,SBP,Completed
O008146,C02010,2025-04-16,Mobile App,SBP,Completed
O008147,C00491,2025-06-17,Mobile App,Card,Completed
O008148,C01519,2025-05-29,Marketplace,Cash on Delivery,Completed
O008149,C00197,2026-05-29,Website,Card,Completed
O008150,C00395,2025-08-05,Website,Card,Completed
O008151,C02451,2026-04-20,Marketplace,Card,Completed
O008152,C00965,2025-01-31,Mobile App,Wallet,Completed
O008153,C00308,2025-02-25,Mobile App,SBP,Completed
O008154,C01750,2026-03-15,Mobile App,SBP,Completed
O008155,C00503,2025-05-17,Marketplace,Wallet,Completed
O008156,C01474,2025-02-15,Website,Card,Returned
O008157,C02025,2025-11-21,Website,Card,Completed
O008158,C01709,2025-03-22,Website,SBP,Completed
O008159,C00617,2025-02-03,Website,Card,Completed
O008160,C00593,2025-08-10,Mobile App,SBP,Completed
O008161,C00556,2025-10-28,Website,Card,Returned
O008162,C01580,2025-10-15,Mobile App,Card,Completed
O008163,C01681,2025-11-16,Website,Card,Completed
O008164,C01303,2025-01-13,Mobile App,Card,Completed
O008165,C00997,2025-06-08,Website,Cash on Delivery,Completed
O008166,C00156,2025-07-07,Mobile App,Card,Completed
O008167,C02089,2025-06-10,Website,Wallet,Completed
O008168,C01651,2025-11-02,Mobile App,Card,Completed
O008169,C01596,2025-05-06,Website,Wallet,Completed
O008170,C00260,2025-12-12,Mobile App,SBP,Completed
O008171,C00721,2026-05-26,Mobile App,Card,Cancelled
O008172,C00760,2025-12-27,Marketplace,Card,Completed
O008173,C01495,2025-08-01,Marketplace,Card,Completed
O008174,C01969,2025-08-26,Website,Wallet,Completed
O008175,C02167,2025-11-16,Website,Card,Completed
O008176,C01306,2026-01-31,Website,Card,Returned
O008177,C00912,2025-06-14,Website,SBP,Completed
O008178,C01021,2025-01-21,Website,SBP,Returned
O008179,C01842,2026-01-19,Marketplace,Card,Completed
O008180,C00796,2025-12-28,Marketplace,Card,Completed
O008181,C01040,2025-02-25,Website,SBP,Completed
O008182,C01966,2025-12-09,Mobile App,Card,Returned
O008183,C01358,2025-02-09,Mobile App,SBP,Completed
O008184,C01170,2025-12-18,Website,Card,Completed
O008185,C01835,2026-02-11,Marketplace,Cash on Delivery,Completed
O008186,C00722,2025-01-09,Marketplace,SBP,Completed
O008187,C00152,2026-02-01,Marketplace,SBP,Completed
O008188,C01971,2025-03-07,Mobile App,Wallet,Completed
O008189,C01138,2025-05-25,Website,Cash on Delivery,Returned
O008190,C00814,2026-01-20,Website,SBP,Completed
O008191,C00239,2025-07-13,Marketplace,SBP,Completed
O008192,C02316,2026-06-18,Website,Wallet,Completed
O008193,C01813,2026-06-07,Website,Card,Completed
O008194,C00686,2026-06-23,Website,SBP,Cancelled
O008195,C01520,2025-02-26,Mobile App,SBP,Completed
O008196,C01161,2025-04-07,Website,SBP,Completed
O008197,C00818,2025-04-10,Mobile App,Wallet,Completed
O008198,C00780,2025-11-16,Mobile App,SBP,Completed
O008199,C00191,2025-08-23,Website,SBP,Completed
O008200,C02437,2026-02-12,Website,Wallet,Completed
O008201,C02315,2025-06-04,Mobile App,SBP,Completed
O008202,C02177,2025-04-20,Mobile App,Card,Completed
O008203,C00788,2025-12-21,Marketplace,Card,Completed
O008204,C02493,2025-12-04,Mobile App,Card,Completed
O008205,C00689,2026-01-13,Website,Card,Completed
O008206,C02062,2025-06-20,Mobile App,SBP,Completed
O008207,C00253,2025-10-15,Mobile App,Wallet,Completed
O008208,C00777,2026-05-22,Mobile App,Card,Completed
O008209,C01444,2025-11-30,Mobile App,Wallet,Completed
O008210,C02420,2026-05-25,Website,SBP,Completed
O008211,C00665,2025-08-25,Mobile App,Cash on Delivery,Completed
O008212,C01081,2025-01-25,Mobile App,Card,Completed
O008213,C02108,2026-02-20,Website,Card,Completed
O008214,C01181,2025-09-09,Mobile App,SBP,Returned
O008215,C01707,2025-01-23,Website,SBP,Completed
O008216,C01046,2025-03-17,Mobile App,Wallet,Returned
O008217,C00010,2025-06-20,Mobile App,Wallet,Completed
O008218,C00708,2025-04-15,Website,Card,Completed
O008219,C01415,2026-01-09,Website,Card,Completed
O008220,C00049,2025-11-30,Mobile App,SBP,Completed
O008221,C00580,2025-06-29,Website,Card,Completed
O008222,C02383,2025-02-16,Website,Cash on Delivery,Completed
O008223,C00039,2025-02-12,Mobile App,SBP,Completed
O008224,C00619,2026-06-01,Website,Wallet,Completed
O008225,C01549,2025-07-08,Mobile App,Wallet,Completed
O008226,C01408,2025-02-28,Website,Card,Cancelled
O008227,C00513,2026-01-24,Website,Card,Cancelled
O008228,C00149,2026-04-21,Website,SBP,Completed
O008229,C02250,2025-03-08,Marketplace,Wallet,Completed
O008230,C01378,2026-05-31,Mobile App,SBP,Completed
O008231,C01434,2026-01-31,Website,Card,Returned
O008232,C00145,2025-05-18,Website,SBP,Completed
O008233,C00523,2026-02-28,Mobile App,Card,Completed
O008234,C00183,2025-08-18,Mobile App,Card,Cancelled
O008235,C02448,2025-12-13,Website,Cash on Delivery,Completed
O008236,C01925,2025-03-11,Website,Card,Completed
O008237,C01367,2025-05-14,Mobile App,Card,Completed
O008238,C01703,2026-02-27,Mobile App,Card,Completed
O008239,C00414,2026-03-16,Mobile App,Wallet,Completed
O008240,C02471,2025-01-06,Mobile App,Card,Completed
O008241,C01294,2025-04-28,Mobile App,Card,Completed
O008242,C01292,2025-11-28,Mobile App,Card,Cancelled
O008243,C02399,2026-05-10,Mobile App,SBP,Completed
O008244,C00240,2026-01-04,Mobile App,Card,Cancelled
O008245,C01061,2026-01-21,Website,Wallet,Completed
O008246,C00221,2025-08-01,Marketplace,Wallet,Completed
O008247,C01064,2025-01-30,Website,SBP,Cancelled
O008248,C00668,2026-02-23,Mobile App,Card,Completed
O008249,C01153,2026-03-13,Mobile App,Card,Completed
O008250,C01755,2025-08-31,Marketplace,Card,Completed
O008251,C00701,2025-10-04,Website,Card,Completed
O008252,C00129,2025-05-09,Marketplace,SBP,Completed
O008253,C00405,2025-09-05,Website,Card,Cancelled
O008254,C01790,2025-05-13,Website,Card,Completed
O008255,C01448,2025-08-18,Marketplace,Card,Completed
O008256,C02447,2025-03-15,Website,Card,Completed
O008257,C02236,2025-11-28,Mobile App,Card,Returned
O008258,C00403,2025-05-16,Mobile App,Card,Completed
O008259,C01840,2026-01-31,Marketplace,SBP,Completed
O008260,C00226,2025-10-10,Mobile App,Card,Completed
O008261,C00241,2026-05-05,Website,Card,Completed
O008262,C01983,2025-05-01,Mobile App,Cash on Delivery,Completed
O008263,C01003,2025-05-30,Website,SBP,Completed
O008264,C02495,2025-05-13,Mobile App,Wallet,Completed
O008265,C00014,2025-12-11,Mobile App,Card,Completed
O008266,C01257,2025-02-28,Mobile App,Card,Completed
O008267,C00770,2026-01-10,Mobile App,Card,Completed
O008268,C02464,2026-03-24,Mobile App,SBP,Completed
O008269,C01674,2026-01-04,Mobile App,Wallet,Completed
O008270,C01930,2025-03-15,Marketplace,Card,Completed
O008271,C00726,2025-09-27,Website,Card,Completed
O008272,C02237,2025-10-19,Website,Card,Completed
O008273,C02102,2025-08-02,Mobile App,Card,Completed
O008274,C01961,2025-09-12,Website,Card,Completed
O008275,C01194,2026-02-21,Website,Cash on Delivery,Completed
O008276,C02305,2026-04-01,Mobile App,Card,Completed
O008277,C01673,2025-06-13,Mobile App,Card,Completed
O008278,C00165,2025-06-30,Website,SBP,Completed
O008279,C02210,2025-04-24,Website,Card,Completed
O008280,C00053,2025-08-08,Website,Cash on Delivery,Completed
O008281,C01708,2025-10-26,Website,Card,Completed
O008282,C00625,2026-01-25,Website,Wallet,Returned
O008283,C02244,2025-05-27,Mobile App,Card,Cancelled
O008284,C01825,2025-04-29,Website,Card,Completed
O008285,C02021,2025-01-19,Mobile App,SBP,Completed
O008286,C01750,2025-02-21,Marketplace,Wallet,Completed
O008287,C01418,2025-01-29,Website,Card,Returned
O008288,C02160,2025-04-24,Marketplace,Card,Completed
O008289,C00744,2026-01-15,Website,Card,Completed
O008290,C01321,2026-02-27,Mobile App,Card,Returned
O008291,C00746,2026-06-16,Marketplace,Wallet,Completed
O008292,C00285,2025-10-25,Mobile App,Wallet,Completed
O008293,C02189,2025-09-06,Website,SBP,Completed
O008294,C01243,2026-05-07,Website,Card,Completed
O008295,C00135,2025-03-22,Website,SBP,Completed
O008296,C02063,2025-12-11,Marketplace,SBP,Completed
O008297,C02354,2026-03-23,Website,Card,Completed
O008298,C01655,2025-10-02,Mobile App,Card,Completed
O008299,C00818,2025-05-23,Website,SBP,Completed
O008300,C02149,2025-12-05,Website,Wallet,Completed
O008301,C01848,2026-06-28,Website,Card,Completed
O008302,C00713,2025-05-09,Website,Wallet,Completed
O008303,C00826,2025-11-04,Mobile App,SBP,Completed
O008304,C02470,2025-01-28,Website,Cash on Delivery,Completed
O008305,C02384,2025-05-08,Website,Cash on Delivery,Completed
O008306,C01692,2026-02-23,Mobile App,Card,Completed
O008307,C00092,2025-09-28,Website,Card,Completed
O008308,C00575,2025-04-19,Mobile App,SBP,Completed
O008309,C00884,2025-07-03,Mobile App,Wallet,Completed
O008310,C01340,2025-03-08,Mobile App,Card,Completed
O008311,C02169,2026-03-02,Website,SBP,Completed
O008312,C02121,2026-05-30,Website,Wallet,Cancelled
O008313,C00686,2025-02-27,Mobile App,Card,Completed
O008314,C00272,2025-05-10,Marketplace,Card,Completed
O008315,C00690,2026-04-13,Website,Card,Completed
O008316,C00589,2026-04-25,Website,Card,Completed
O008317,C02247,2026-02-23,Website,SBP,Completed
O008318,C00036,2026-01-26,Mobile App,Card,Completed
O008319,C02077,2026-04-16,Website,SBP,Completed
O008320,C01643,2025-07-23,Marketplace,Card,Completed
O008321,C00265,2026-05-04,Website,Wallet,Completed
O008322,C01713,2026-04-30,Marketplace,Card,Completed
O008323,C01451,2025-05-06,Website,SBP,Completed
O008324,C00010,2025-02-09,Website,Card,Completed
O008325,C00559,2025-10-12,Website,SBP,Completed
O008326,C00871,2026-02-19,Website,Card,Cancelled
O008327,C00538,2026-04-10,Marketplace,SBP,Returned
O008328,C01448,2025-03-19,Website,Card,Returned
O008329,C01539,2025-07-26,Website,Card,Completed
O008330,C00425,2026-02-24,Marketplace,SBP,Completed
O008331,C00310,2025-02-02,Website,Card,Completed
O008332,C01639,2026-01-30,Website,Cash on Delivery,Cancelled
O008333,C01175,2025-06-09,Website,SBP,Completed
O008334,C00663,2025-01-13,Mobile App,Card,Completed
O008335,C00640,2025-05-13,Marketplace,Cash on Delivery,Completed
O008336,C00099,2026-02-10,Website,Card,Completed
O008337,C02135,2026-04-21,Mobile App,Wallet,Completed
O008338,C02105,2025-02-14,Website,Card,Completed
O008339,C01387,2025-09-11,Website,SBP,Completed
O008340,C00874,2025-04-20,Mobile App,Wallet,Completed
O008341,C00538,2026-01-09,Mobile App,Card,Completed
O008342,C00769,2026-03-03,Mobile App,SBP,Completed
O008343,C02317,2026-06-10,Website,Card,Completed
O008344,C00223,2025-07-13,Website,SBP,Completed
O008345,C02058,2025-06-13,Mobile App,Card,Completed
O008346,C00762,2025-06-19,Mobile App,Card,Completed
O008347,C00664,2026-02-20,Website,Card,Completed
O008348,C02025,2025-09-01,Website,SBP,Cancelled
O008349,C02403,2025-01-13,Mobile App,Cash on Delivery,Completed
O008350,C02479,2026-06-02,Website,Cash on Delivery,Completed
O008351,C00670,2025-02-26,Mobile App,SBP,Completed
O008352,C01478,2026-05-22,Mobile App,Wallet,Completed
O008353,C00732,2025-03-30,Website,Wallet,Completed
O008354,C00484,2025-10-21,Mobile App,SBP,Completed
O008355,C00965,2025-06-20,Mobile App,Card,Completed
O008356,C00157,2026-01-10,Mobile App,SBP,Completed
O008357,C00413,2025-08-09,Marketplace,Card,Completed
O008358,C01489,2025-07-20,Mobile App,Wallet,Cancelled
O008359,C01718,2025-09-18,Website,Card,Completed
O008360,C00677,2026-06-15,Website,Card,Completed
O008361,C01394,2025-05-14,Mobile App,Wallet,Completed
O008362,C01912,2025-04-30,Website,Card,Completed
O008363,C02237,2025-02-06,Mobile App,Cash on Delivery,Returned
O008364,C01422,2026-02-08,Website,Cash on Delivery,Completed
O008365,C00603,2026-01-05,Website,SBP,Returned
O008366,C01782,2025-11-29,Website,SBP,Completed
O008367,C00426,2025-01-13,Marketplace,Card,Completed
O008368,C00348,2026-03-08,Mobile App,Card,Completed
O008369,C00897,2026-03-18,Mobile App,Wallet,Completed
O008370,C00823,2026-05-31,Website,Card,Completed
O008371,C00366,2026-05-23,Marketplace,Card,Completed
O008372,C00131,2025-05-24,Marketplace,Card,Returned
O008373,C02366,2026-01-23,Website,SBP,Completed
O008374,C01694,2025-08-08,Mobile App,SBP,Completed
O008375,C01794,2025-11-22,Marketplace,Card,Completed
O008376,C00166,2025-07-01,Website,Card,Completed
O008377,C01991,2025-12-25,Website,Wallet,Cancelled
O008378,C00912,2026-06-05,Mobile App,Card,Completed
O008379,C01871,2025-12-23,Website,Card,Completed
O008380,C01226,2026-05-18,Mobile App,Card,Completed
O008381,C00608,2026-05-24,Mobile App,SBP,Completed
O008382,C00656,2025-03-06,Website,Card,Cancelled
O008383,C00352,2026-06-11,Website,Card,Completed
O008384,C02075,2026-03-23,Mobile App,SBP,Completed
O008385,C01074,2025-08-21,Website,Card,Completed
O008386,C01951,2025-11-24,Website,Cash on Delivery,Completed
O008387,C02073,2025-12-03,Website,Wallet,Completed
O008388,C00418,2026-03-06,Mobile App,SBP,Completed
O008389,C00827,2026-03-15,Website,Card,Completed
O008390,C00311,2025-02-25,Website,Card,Completed
O008391,C00024,2025-01-01,Mobile App,SBP,Completed
O008392,C02467,2025-05-15,Website,Card,Completed
O008393,C01651,2025-10-15,Mobile App,SBP,Completed
O008394,C01130,2026-04-09,Website,Card,Completed
O008395,C00501,2025-12-23,Mobile App,SBP,Completed
O008396,C01478,2025-03-16,Website,Card,Completed
O008397,C01358,2026-01-27,Website,Card,Completed
O008398,C00558,2025-09-13,Website,Card,Returned
O008399,C00038,2025-07-21,Marketplace,Card,Cancelled
O008400,C01173,2026-02-26,Mobile App,Card,Completed
O008401,C01273,2025-06-11,Website,Card,Completed
O008402,C01996,2025-12-04,Website,Cash on Delivery,Completed
O008403,C00985,2025-04-10,Website,Card,Completed
O008404,C00243,2025-07-28,Website,Card,Completed
O008405,C02202,2025-11-01,Website,SBP,Completed
O008406,C01035,2025-12-07,Marketplace,Card,Completed
O008407,C01805,2026-05-17,Website,Wallet,Cancelled
O008408,C00108,2025-06-08,Marketplace,Card,Cancelled
O008409,C00091,2026-05-05,Website,Wallet,Completed
O008410,C00059,2026-03-22,Mobile App,SBP,Completed
O008411,C01974,2025-07-16,Website,Card,Completed
O008412,C00602,2025-03-18,Website,Card,Completed
O008413,C01979,2025-05-21,Mobile App,Card,Completed
O008414,C02363,2025-12-26,Website,SBP,Completed
O008415,C01659,2026-03-07,Marketplace,Card,Completed
O008416,C02465,2025-12-01,Mobile App,SBP,Completed
O008417,C02324,2026-01-31,Marketplace,SBP,Cancelled
O008418,C01807,2025-02-25,Mobile App,Card,Completed
O008419,C02009,2025-10-03,Website,SBP,Completed
O008420,C01509,2026-04-23,Website,Wallet,Returned
O008421,C00548,2025-08-01,Mobile App,Card,Completed
O008422,C00258,2026-05-06,Website,Card,Completed
O008423,C00954,2025-03-09,Mobile App,Card,Completed
O008424,C01188,2026-06-19,Website,Card,Completed
O008425,C00875,2026-03-05,Mobile App,Card,Completed
O008426,C00256,2025-12-08,Website,Card,Completed
O008427,C01263,2025-12-04,Website,SBP,Completed
O008428,C01247,2026-05-27,Marketplace,Card,Completed
O008429,C02385,2025-07-25,Mobile App,SBP,Completed
O008430,C02386,2025-04-01,Website,Card,Completed
O008431,C01539,2026-05-17,Website,Card,Completed
O008432,C02127,2025-02-26,Mobile App,Card,Completed
O008433,C00783,2025-12-27,Website,Card,Completed
O008434,C02424,2025-05-26,Mobile App,Card,Returned
O008435,C02354,2026-05-23,Mobile App,Card,Completed
O008436,C00314,2026-06-16,Website,SBP,Completed
O008437,C01751,2025-09-17,Website,Card,Cancelled
O008438,C01145,2025-10-19,Website,Card,Completed
O008439,C00666,2025-09-06,Website,Card,Completed
O008440,C01030,2025-08-21,Mobile App,Card,Completed
O008441,C02267,2026-05-27,Website,Card,Completed
O008442,C02311,2025-06-06,Marketplace,Card,Completed
O008443,C00861,2026-06-09,Mobile App,SBP,Completed
O008444,C01155,2025-12-22,Website,SBP,Completed
O008445,C01291,2026-06-09,Mobile App,Wallet,Completed
O008446,C01834,2025-12-01,Website,Wallet,Completed
O008447,C01199,2026-03-24,Website,Card,Completed
O008448,C00990,2025-09-25,Mobile App,Card,Completed
O008449,C02310,2025-09-10,Website,Wallet,Completed
O008450,C00932,2025-05-21,Website,Card,Cancelled
O008451,C00665,2025-04-25,Website,Card,Completed
O008452,C00818,2025-01-21,Website,SBP,Completed
O008453,C00834,2025-07-29,Mobile App,SBP,Completed
O008454,C01388,2026-06-24,Marketplace,Card,Returned
O008455,C01651,2026-05-28,Mobile App,Card,Completed
O008456,C00336,2026-01-12,Marketplace,Card,Completed
O008457,C02217,2025-07-18,Mobile App,Card,Completed
O008458,C00634,2025-10-12,Website,Card,Completed
O008459,C00288,2026-02-18,Marketplace,SBP,Completed
O008460,C01671,2025-01-02,Website,Card,Completed
O008461,C00525,2026-05-19,Website,Card,Completed
O008462,C01876,2026-04-21,Marketplace,Card,Completed
O008463,C02371,2026-06-14,Mobile App,Cash on Delivery,Completed
O008464,C01732,2025-02-21,Marketplace,Card,Completed
O008465,C01944,2026-06-02,Website,Card,Completed
O008466,C01237,2025-12-01,Mobile App,SBP,Completed
O008467,C00866,2025-10-31,Website,Card,Cancelled
O008468,C01534,2025-04-09,Website,Card,Completed
O008469,C00895,2025-09-26,Marketplace,Card,Completed
O008470,C02191,2025-07-18,Website,Cash on Delivery,Completed
O008471,C01174,2026-06-24,Mobile App,SBP,Completed
O008472,C01248,2025-07-05,Marketplace,SBP,Completed
O008473,C01685,2025-04-30,Marketplace,Wallet,Completed
O008474,C00474,2026-06-01,Website,SBP,Completed
O008475,C01403,2025-04-13,Website,Card,Completed
O008476,C01885,2026-05-09,Marketplace,Card,Completed
O008477,C01941,2026-06-10,Mobile App,Card,Completed
O008478,C00563,2025-06-17,Mobile App,Card,Completed
O008479,C00136,2026-01-12,Website,SBP,Completed
O008480,C00486,2026-03-12,Website,Card,Completed
O008481,C02048,2025-10-20,Marketplace,Card,Completed
O008482,C00664,2026-01-16,Mobile App,Card,Completed
O008483,C00146,2025-03-14,Mobile App,Card,Cancelled
O008484,C01494,2025-10-09,Website,Cash on Delivery,Cancelled
O008485,C02203,2025-10-08,Website,Card,Completed
O008486,C00562,2025-11-06,Mobile App,Card,Completed
O008487,C00109,2026-05-31,Marketplace,SBP,Completed
O008488,C00351,2026-03-27,Website,SBP,Completed
O008489,C00320,2025-11-26,Website,Card,Cancelled
O008490,C00512,2025-08-09,Mobile App,Card,Completed
O008491,C00451,2025-08-09,Website,SBP,Completed
O008492,C01593,2025-01-12,Website,Card,Completed
O008493,C00558,2025-10-28,Mobile App,SBP,Returned
O008494,C01371,2025-05-18,Website,SBP,Completed
O008495,C01005,2026-04-29,Mobile App,Wallet,Returned
O008496,C01636,2026-02-27,Website,Wallet,Completed
O008497,C01639,2026-05-14,Mobile App,Cash on Delivery,Completed
O008498,C01483,2026-06-28,Mobile App,Card,Completed
O008499,C02232,2025-08-07,Mobile App,Wallet,Completed
O008500,C00491,2025-08-22,Mobile App,SBP,Completed
O008501,C01312,2025-11-29,Mobile App,Card,Completed
O008502,C00986,2025-08-24,Website,Cash on Delivery,Completed
O008503,C01332,2025-06-02,Website,Wallet,Completed
O008504,C00350,2026-01-22,Website,SBP,Completed
O008505,C00799,2025-09-04,Mobile App,Card,Completed
O008506,C02353,2026-05-30,Website,Card,Completed
O008507,C02002,2025-05-01,Website,Wallet,Cancelled
O008508,C01066,2025-08-31,Mobile App,Cash on Delivery,Completed
O008509,C00277,2025-10-18,Mobile App,Card,Completed
O008510,C01622,2026-05-11,Website,Card,Completed
O008511,C00753,2025-11-12,Website,SBP,Completed
O008512,C00824,2025-02-07,Mobile App,Card,Completed
O008513,C00243,2025-07-04,Marketplace,SBP,Cancelled
O008514,C00723,2026-04-29,Mobile App,Cash on Delivery,Completed
O008515,C00536,2025-05-29,Website,Card,Completed
O008516,C00085,2025-07-05,Mobile App,SBP,Completed
O008517,C01467,2025-03-24,Website,SBP,Cancelled
O008518,C02424,2026-01-28,Website,Card,Completed
O008519,C00315,2025-03-18,Website,Card,Completed
O008520,C00132,2025-07-20,Website,SBP,Completed
O008521,C00252,2026-01-24,Mobile App,SBP,Cancelled
O008522,C01365,2026-05-04,Mobile App,SBP,Completed
O008523,C02065,2025-05-02,Mobile App,Cash on Delivery,Completed
O008524,C00775,2025-07-01,Mobile App,Card,Completed
O008525,C00296,2025-03-06,Website,Cash on Delivery,Completed
O008526,C00240,2025-08-28,Mobile App,SBP,Completed
O008527,C01521,2026-06-30,Mobile App,Card,Completed
O008528,C00892,2025-06-16,Mobile App,Card,Cancelled
O008529,C00881,2025-05-22,Website,Card,Completed
O008530,C00597,2025-08-07,Mobile App,Card,Completed
O008531,C02241,2026-05-05,Mobile App,Cash on Delivery,Completed
O008532,C00938,2025-10-26,Website,SBP,Completed
O008533,C01769,2025-11-29,Marketplace,Card,Completed
O008534,C01856,2026-03-03,Website,Card,Completed
O008535,C00149,2026-01-26,Website,Card,Returned
O008536,C00622,2025-11-23,Mobile App,Wallet,Completed
O008537,C02239,2025-11-03,Mobile App,SBP,Completed
O008538,C02208,2025-10-19,Mobile App,Card,Completed
O008539,C01035,2025-04-09,Mobile App,Card,Completed
O008540,C00391,2025-08-15,Marketplace,Card,Completed
O008541,C00746,2026-04-08,Website,Card,Completed
O008542,C02374,2025-01-22,Website,Card,Completed
O008543,C01682,2026-03-29,Mobile App,Card,Completed
O008544,C00189,2025-11-06,Website,Wallet,Completed
O008545,C01795,2025-07-10,Mobile App,Card,Completed
O008546,C00368,2025-03-04,Marketplace,Cash on Delivery,Cancelled
O008547,C00759,2026-02-22,Website,SBP,Completed
O008548,C01205,2025-01-01,Website,Card,Completed
O008549,C00880,2025-10-24,Website,Card,Completed
O008550,C01746,2025-03-30,Mobile App,SBP,Completed
O008551,C00391,2026-05-12,Mobile App,SBP,Completed
O008552,C02193,2025-04-10,Marketplace,Card,Completed
O008553,C01484,2026-03-15,Mobile App,Wallet,Completed
O008554,C00765,2025-11-10,Marketplace,SBP,Completed
O008555,C02393,2025-01-23,Website,SBP,Completed
O008556,C01197,2026-01-29,Website,Card,Completed
O008557,C01042,2026-04-26,Website,Card,Completed
O008558,C00053,2025-05-01,Mobile App,Card,Completed
O008559,C02491,2026-06-13,Website,Card,Cancelled
O008560,C02117,2026-03-12,Website,Wallet,Completed
O008561,C00442,2026-02-10,Website,Card,Completed
O008562,C02370,2025-07-03,Website,Card,Completed
O008563,C01991,2025-03-07,Mobile App,SBP,Completed
O008564,C01053,2025-08-23,Marketplace,SBP,Cancelled
O008565,C02321,2026-03-17,Website,Card,Completed
O008566,C01398,2025-11-17,Mobile App,SBP,Returned
O008567,C01721,2025-12-20,Website,SBP,Completed
O008568,C00459,2026-03-03,Website,Card,Completed
O008569,C00274,2025-07-04,Website,Card,Completed
O008570,C01320,2025-01-21,Mobile App,SBP,Completed
O008571,C00817,2026-04-28,Mobile App,SBP,Completed
O008572,C02455,2025-12-01,Mobile App,Card,Completed
O008573,C00215,2025-11-05,Mobile App,Card,Completed
O008574,C01908,2025-11-10,Website,SBP,Completed
O008575,C01505,2026-04-11,Mobile App,Card,Completed
O008576,C02198,2026-02-25,Mobile App,Cash on Delivery,Completed
O008577,C02496,2026-01-01,Website,Card,Returned
O008578,C02177,2026-03-03,Website,SBP,Completed
O008579,C00937,2025-06-07,Website,Cash on Delivery,Completed
O008580,C01740,2026-01-24,Website,Card,Completed
O008581,C00408,2026-06-17,Website,SBP,Completed
O008582,C01215,2025-05-09,Website,Card,Completed
O008583,C00672,2025-11-08,Marketplace,SBP,Completed
O008584,C00626,2026-01-07,Marketplace,Cash on Delivery,Completed
O008585,C01428,2025-10-10,Mobile App,Cash on Delivery,Completed
O008586,C00318,2026-06-13,Mobile App,Card,Completed
O008587,C01423,2025-08-09,Marketplace,Wallet,Completed
O008588,C01003,2025-04-29,Website,Wallet,Completed
O008589,C00575,2025-03-16,Mobile App,Card,Completed
O008590,C01406,2026-04-09,Mobile App,Wallet,Cancelled
O008591,C01877,2026-01-10,Marketplace,Card,Completed
O008592,C01526,2025-11-12,Mobile App,Cash on Delivery,Completed
O008593,C00221,2025-08-24,Website,Wallet,Completed
O008594,C01406,2025-08-12,Mobile App,Card,Completed
O008595,C01558,2026-05-26,Website,Card,Cancelled
O008596,C01709,2026-01-07,Website,Cash on Delivery,Completed
O008597,C01065,2026-06-11,Mobile App,Card,Completed
O008598,C00238,2026-03-14,Mobile App,Card,Cancelled
O008599,C00318,2026-02-24,Website,Card,Completed
O008600,C00830,2025-10-30,Website,Card,Completed
O008601,C01586,2025-05-13,Mobile App,Card,Completed
O008602,C01848,2025-12-23,Website,Card,Completed
O008603,C01683,2026-01-26,Mobile App,Cash on Delivery,Completed
O008604,C00781,2025-10-12,Website,Wallet,Completed
O008605,C01101,2025-01-12,Mobile App,Wallet,Completed
O008606,C00117,2026-06-09,Website,Card,Completed
O008607,C01995,2026-03-28,Marketplace,SBP,Completed
O008608,C00884,2025-07-12,Marketplace,Card,Completed
O008609,C01274,2025-09-27,Website,SBP,Completed
O008610,C01125,2025-03-09,Mobile App,Wallet,Completed
O008611,C00715,2026-05-27,Mobile App,Card,Completed
O008612,C00421,2025-05-06,Website,Cash on Delivery,Returned
O008613,C02385,2025-07-26,Mobile App,Wallet,Completed
O008614,C00299,2025-08-22,Marketplace,Card,Completed
O008615,C02361,2025-05-24,Mobile App,Cash on Delivery,Completed
O008616,C00283,2025-12-13,Marketplace,Wallet,Completed
O008617,C00240,2026-06-28,Website,Card,Completed
O008618,C02258,2026-04-12,Marketplace,Card,Completed
O008619,C02366,2025-10-17,Marketplace,SBP,Completed
O008620,C02239,2025-03-13,Website,SBP,Completed
O008621,C01939,2026-04-17,Website,Card,Completed
O008622,C01232,2025-05-21,Mobile App,Card,Completed
O008623,C00267,2026-05-13,Marketplace,SBP,Completed
O008624,C01479,2025-08-04,Website,Card,Completed
O008625,C01299,2025-10-11,Website,Card,Completed
O008626,C01840,2025-08-27,Mobile App,Card,Completed
O008627,C00088,2025-09-06,Website,Wallet,Completed
O008628,C00194,2025-04-01,Mobile App,Card,Completed
O008629,C01473,2025-10-29,Mobile App,SBP,Completed
O008630,C02139,2025-08-09,Marketplace,SBP,Completed
O008631,C02333,2026-04-08,Website,Cash on Delivery,Completed
O008632,C01422,2025-09-18,Marketplace,Cash on Delivery,Completed
O008633,C00921,2026-06-11,Mobile App,Cash on Delivery,Completed
O008634,C01181,2025-06-11,Marketplace,SBP,Completed
O008635,C01272,2025-06-29,Website,Card,Completed
O008636,C01548,2025-01-21,Mobile App,Card,Completed
O008637,C00569,2026-02-08,Mobile App,Card,Completed
O008638,C00972,2025-02-10,Mobile App,Card,Completed
O008639,C01353,2025-06-05,Website,Card,Completed
O008640,C02127,2026-05-13,Website,Card,Completed
O008641,C02007,2025-11-30,Website,Card,Cancelled
O008642,C01885,2025-11-02,Website,SBP,Completed
O008643,C00539,2026-03-16,Mobile App,Cash on Delivery,Completed
O008644,C01017,2026-02-26,Marketplace,Card,Completed
O008645,C01384,2026-04-30,Mobile App,Card,Completed
O008646,C02420,2025-12-30,Website,SBP,Completed
O008647,C00887,2025-09-02,Website,Card,Completed
O008648,C02296,2025-03-13,Website,Wallet,Completed
O008649,C01870,2025-07-21,Website,Card,Completed
O008650,C01585,2026-01-21,Mobile App,Card,Completed
O008651,C01756,2025-05-19,Website,SBP,Completed
O008652,C01983,2026-01-02,Website,Card,Completed
O008653,C01747,2025-03-14,Mobile App,SBP,Completed
O008654,C01682,2025-02-02,Website,Card,Completed
O008655,C00945,2025-07-19,Website,Card,Completed
O008656,C01070,2025-05-06,Mobile App,Card,Completed
O008657,C01499,2026-04-22,Website,SBP,Completed
O008658,C02109,2025-07-26,Mobile App,Card,Completed
O008659,C01628,2025-08-17,Mobile App,Card,Completed
O008660,C02470,2025-08-09,Mobile App,SBP,Completed
O008661,C01703,2025-06-23,Website,SBP,Completed
O008662,C01019,2026-05-17,Website,Card,Completed
O008663,C01439,2026-02-08,Mobile App,Cash on Delivery,Returned
O008664,C01559,2025-03-28,Website,SBP,Completed
O008665,C02168,2025-04-28,Website,Cash on Delivery,Completed
O008666,C00640,2025-02-14,Website,Card,Completed
O008667,C00622,2025-05-20,Website,SBP,Completed
O008668,C00505,2025-12-25,Website,Card,Completed
O008669,C00140,2026-05-27,Marketplace,Card,Completed
O008670,C01688,2025-09-20,Website,Card,Cancelled
O008671,C02407,2025-02-14,Mobile App,Card,Completed
O008672,C01535,2025-01-26,Website,Wallet,Completed
O008673,C00152,2025-08-15,Website,Wallet,Completed
O008674,C00912,2025-05-25,Mobile App,Card,Completed
O008675,C02258,2025-11-11,Mobile App,Card,Completed
O008676,C00130,2025-03-06,Marketplace,Card,Completed
O008677,C01531,2025-05-06,Website,SBP,Cancelled
O008678,C01102,2025-10-31,Website,Card,Completed
O008679,C02297,2025-06-03,Mobile App,SBP,Completed
O008680,C01283,2025-07-19,Website,Card,Completed
O008681,C01413,2025-05-02,Website,SBP,Cancelled
O008682,C01806,2025-01-29,Website,Wallet,Returned
O008683,C02053,2025-07-08,Website,Card,Completed
O008684,C01289,2025-06-30,Mobile App,Wallet,Completed
O008685,C01804,2026-05-06,Marketplace,Wallet,Completed
O008686,C02014,2026-05-03,Mobile App,SBP,Completed
O008687,C01313,2025-08-24,Website,Card,Completed
O008688,C01791,2025-06-07,Mobile App,SBP,Completed
O008689,C00909,2025-08-17,Mobile App,Card,Completed
O008690,C00888,2025-11-28,Mobile App,Cash on Delivery,Completed
O008691,C00008,2025-07-31,Mobile App,SBP,Completed
O008692,C01674,2026-02-17,Marketplace,Wallet,Returned
O008693,C00628,2026-06-11,Website,SBP,Completed
O008694,C02035,2025-08-09,Mobile App,Card,Completed
O008695,C02380,2025-03-06,Mobile App,Card,Completed
O008696,C02190,2025-03-07,Marketplace,Wallet,Completed
O008697,C00689,2026-04-22,Marketplace,Card,Completed
O008698,C01630,2025-08-16,Website,Card,Completed
O008699,C01880,2025-06-28,Mobile App,Cash on Delivery,Completed
O008700,C01266,2025-12-05,Website,Card,Completed
O008701,C01272,2026-06-07,Mobile App,Wallet,Completed
O008702,C01095,2025-08-20,Website,Card,Completed
O008703,C00772,2025-06-22,Website,Wallet,Completed
O008704,C01434,2026-04-17,Marketplace,SBP,Completed
O008705,C02478,2025-02-15,Mobile App,Card,Completed
O008706,C00548,2026-04-06,Mobile App,Card,Completed
O008707,C00118,2025-10-11,Website,Card,Completed
O008708,C00141,2025-01-12,Website,SBP,Cancelled
O008709,C01456,2025-05-05,Website,Card,Completed
O008710,C00675,2026-01-06,Website,Card,Completed
O008711,C01154,2026-02-16,Marketplace,SBP,Completed
O008712,C02377,2025-04-17,Mobile App,Cash on Delivery,Completed
O008713,C00192,2025-12-25,Website,Card,Completed
O008714,C00437,2026-06-25,Mobile App,SBP,Completed
O008715,C00536,2026-01-10,Website,Wallet,Completed
O008716,C01143,2026-01-19,Website,SBP,Completed
O008717,C01736,2025-04-16,Website,Cash on Delivery,Completed
O008718,C00459,2025-12-15,Website,SBP,Completed
O008719,C00271,2026-01-22,Mobile App,SBP,Returned
O008720,C00215,2025-03-02,Mobile App,Wallet,Returned
O008721,C02003,2025-06-19,Mobile App,Card,Returned
O008722,C00074,2026-04-27,Mobile App,SBP,Completed
O008723,C01563,2026-06-30,Marketplace,SBP,Completed
O008724,C01446,2025-04-05,Mobile App,Card,Completed
O008725,C00253,2026-02-04,Marketplace,Card,Completed
O008726,C01382,2025-10-01,Marketplace,SBP,Completed
O008727,C00718,2025-11-19,Mobile App,Card,Completed
O008728,C01288,2025-10-06,Website,Card,Completed
O008729,C00343,2026-04-19,Website,Card,Completed
O008730,C01670,2025-09-01,Mobile App,Card,Completed
O008731,C01995,2025-11-18,Mobile App,Card,Completed
O008732,C00008,2026-01-01,Mobile App,Card,Completed
O008733,C01333,2025-10-29,Mobile App,Card,Completed
O008734,C01619,2026-04-26,Mobile App,Card,Completed
O008735,C00008,2025-05-10,Mobile App,Cash on Delivery,Completed
O008736,C01811,2026-06-02,Mobile App,Wallet,Completed
O008737,C01358,2026-01-06,Website,Card,Completed
O008738,C00766,2026-06-09,Mobile App,Card,Completed
O008739,C01208,2025-07-24,Website,Card,Completed
O008740,C01706,2025-09-19,Website,Card,Returned
O008741,C01608,2025-01-24,Mobile App,SBP,Cancelled
O008742,C01942,2026-05-20,Website,SBP,Completed
O008743,C00088,2026-03-22,Marketplace,SBP,Completed
O008744,C01969,2025-06-11,Website,Wallet,Completed
O008745,C00089,2025-01-29,Mobile App,Wallet,Cancelled
O008746,C01626,2026-01-16,Website,Card,Completed
O008747,C00874,2026-01-03,Mobile App,SBP,Completed
O008748,C00160,2025-10-16,Mobile App,Card,Completed
O008749,C01722,2025-03-27,Mobile App,SBP,Completed
O008750,C01382,2026-05-17,Mobile App,Card,Completed
O008751,C01667,2025-08-25,Mobile App,Card,Completed
O008752,C00940,2026-01-31,Mobile App,Card,Completed
O008753,C00696,2026-04-15,Mobile App,Card,Completed
O008754,C01562,2025-10-27,Mobile App,Card,Returned
O008755,C00541,2025-02-21,Website,SBP,Completed
O008756,C02031,2026-04-30,Marketplace,Card,Completed
O008757,C01708,2025-12-31,Website,Cash on Delivery,Completed
O008758,C02500,2026-05-04,Website,Card,Completed
O008759,C00068,2025-12-01,Website,Cash on Delivery,Completed
O008760,C01465,2026-05-11,Website,Card,Completed
O008761,C01392,2026-04-19,Website,Card,Completed
O008762,C02144,2025-04-28,Mobile App,Card,Completed
O008763,C01061,2025-04-05,Mobile App,Card,Completed
O008764,C02342,2025-03-29,Marketplace,Card,Completed
O008765,C00598,2026-03-13,Website,SBP,Completed
O008766,C02136,2025-05-12,Mobile App,Card,Completed
O008767,C01301,2025-09-03,Website,Card,Completed
O008768,C02360,2026-03-07,Website,Card,Completed
O008769,C00543,2025-08-23,Website,SBP,Completed
O008770,C00651,2025-02-03,Mobile App,Card,Completed
O008771,C01411,2025-07-17,Mobile App,Card,Completed
O008772,C01380,2025-02-21,Website,Card,Completed
O008773,C00373,2025-07-30,Website,SBP,Completed
O008774,C01629,2026-02-07,Website,SBP,Completed
O008775,C01015,2025-10-11,Website,Card,Completed
O008776,C00379,2026-01-04,Mobile App,SBP,Completed
O008777,C01277,2025-02-28,Mobile App,Card,Completed
O008778,C01745,2026-02-14,Mobile App,Card,Completed
O008779,C00080,2025-08-21,Marketplace,SBP,Completed
O008780,C02301,2025-06-06,Website,SBP,Completed
O008781,C01527,2025-12-22,Marketplace,Card,Completed
O008782,C00652,2025-03-15,Mobile App,SBP,Completed
O008783,C01876,2025-09-30,Website,Card,Completed
O008784,C02110,2025-08-19,Mobile App,SBP,Completed
O008785,C02391,2025-04-01,Mobile App,SBP,Completed
O008786,C01977,2026-06-04,Mobile App,SBP,Completed
O008787,C00508,2025-07-18,Mobile App,Card,Completed
O008788,C00410,2025-01-23,Marketplace,Card,Cancelled
O008789,C00522,2025-08-30,Mobile App,Card,Completed
O008790,C02189,2026-06-12,Mobile App,Card,Cancelled
O008791,C00763,2026-01-01,Website,Card,Completed
O008792,C00826,2025-12-14,Marketplace,SBP,Completed
O008793,C02227,2026-05-07,Mobile App,SBP,Completed
O008794,C00511,2025-02-15,Mobile App,SBP,Completed
O008795,C01018,2025-10-28,Marketplace,SBP,Completed
O008796,C00741,2025-06-25,Website,Card,Cancelled
O008797,C00755,2026-01-05,Website,Card,Completed
O008798,C01490,2026-04-11,Mobile App,Card,Cancelled
O008799,C01853,2025-02-12,Marketplace,SBP,Completed
O008800,C00664,2025-03-28,Mobile App,Card,Completed
O008801,C00095,2026-06-06,Mobile App,Card,Cancelled
O008802,C01599,2025-09-26,Website,Card,Completed
O008803,C01373,2025-06-22,Mobile App,SBP,Completed
O008804,C01648,2025-03-25,Website,Cash on Delivery,Completed
O008805,C01126,2025-07-13,Marketplace,Wallet,Completed
O008806,C01942,2025-01-03,Mobile App,Card,Completed
O008807,C01563,2025-05-02,Website,SBP,Cancelled
O008808,C01895,2025-04-10,Mobile App,Card,Cancelled
O008809,C01828,2025-02-16,Marketplace,Wallet,Completed
O008810,C01242,2026-06-14,Mobile App,Card,Completed
O008811,C00813,2026-03-08,Website,Card,Completed
O008812,C01456,2026-05-29,Mobile App,Card,Completed
O008813,C01592,2025-05-12,Mobile App,Card,Completed
O008814,C01429,2025-06-07,Website,Cash on Delivery,Completed
O008815,C01311,2025-06-04,Mobile App,Card,Completed
O008816,C00858,2025-11-01,Website,Cash on Delivery,Cancelled
O008817,C00335,2025-04-10,Mobile App,Card,Completed
O008818,C01069,2025-05-09,Website,Card,Completed
O008819,C02205,2026-06-17,Mobile App,SBP,Completed
O008820,C01792,2025-07-12,Mobile App,SBP,Completed
O008821,C01887,2026-03-03,Mobile App,Wallet,Completed
O008822,C01843,2025-05-06,Website,SBP,Completed
O008823,C02305,2026-05-23,Website,Card,Cancelled
O008824,C00566,2026-01-14,Mobile App,Card,Completed
O008825,C01802,2026-04-16,Marketplace,Cash on Delivery,Cancelled
O008826,C00174,2025-10-09,Website,SBP,Completed
O008827,C00613,2026-05-10,Website,SBP,Completed
O008828,C00074,2025-07-18,Marketplace,Wallet,Cancelled
O008829,C01077,2025-09-19,Website,Card,Completed
O008830,C00352,2025-02-03,Marketplace,Wallet,Cancelled
O008831,C00968,2025-04-04,Mobile App,Card,Completed
O008832,C00337,2026-02-26,Website,Wallet,Completed
O008833,C00090,2025-06-28,Website,SBP,Completed
O008834,C01194,2025-02-25,Marketplace,Card,Completed
O008835,C01027,2025-06-09,Website,SBP,Cancelled
O008836,C01043,2025-07-12,Mobile App,SBP,Completed
O008837,C00864,2026-01-27,Website,Card,Completed
O008838,C01024,2025-02-19,Mobile App,SBP,Completed
O008839,C00010,2025-01-15,Mobile App,Card,Completed
O008840,C01196,2026-01-31,Mobile App,Wallet,Completed
O008841,C02118,2025-03-19,Website,Wallet,Completed
O008842,C00349,2025-08-18,Mobile App,Card,Returned
O008843,C00360,2026-01-08,Mobile App,Card,Completed
O008844,C01951,2025-10-08,Website,Card,Completed
O008845,C01253,2025-03-09,Mobile App,SBP,Completed
O008846,C00643,2026-01-30,Mobile App,Wallet,Completed
O008847,C01962,2025-01-27,Website,SBP,Completed
O008848,C00813,2025-05-07,Marketplace,Wallet,Cancelled
O008849,C01512,2025-03-01,Website,SBP,Completed
O008850,C01391,2025-10-07,Website,Card,Completed
O008851,C00424,2026-01-13,Website,Cash on Delivery,Completed
O008852,C01888,2025-12-21,Website,Card,Completed
O008853,C01546,2025-03-18,Website,Card,Completed
O008854,C00522,2025-07-07,Website,Card,Completed
O008855,C01894,2025-03-21,Mobile App,Card,Completed
O008856,C01552,2025-07-07,Mobile App,SBP,Completed
O008857,C02137,2025-05-06,Website,Card,Completed
O008858,C02051,2026-02-09,Mobile App,Card,Completed
O008859,C00797,2026-02-14,Mobile App,Card,Completed
O008860,C02342,2026-03-23,Mobile App,Card,Completed
O008861,C00085,2025-04-20,Marketplace,Card,Returned
O008862,C00836,2025-01-08,Website,Wallet,Completed
O008863,C01520,2025-01-20,Website,SBP,Completed
O008864,C01337,2026-04-06,Website,Wallet,Completed
O008865,C00565,2026-05-10,Website,Card,Completed
O008866,C00499,2025-04-26,Mobile App,Card,Completed
O008867,C01953,2026-04-24,Website,SBP,Completed
O008868,C02191,2025-10-17,Mobile App,Card,Completed
O008869,C01700,2025-04-11,Marketplace,Card,Completed
O008870,C01326,2025-06-20,Mobile App,SBP,Completed
O008871,C01933,2025-05-25,Mobile App,SBP,Completed
O008872,C00601,2026-02-21,Mobile App,Wallet,Completed
O008873,C02419,2025-04-13,Mobile App,Card,Completed
O008874,C00313,2025-04-10,Mobile App,SBP,Completed
O008875,C01462,2026-01-28,Website,Card,Completed
O008876,C00853,2025-06-15,Website,SBP,Completed
O008877,C02261,2025-05-17,Website,Cash on Delivery,Completed
O008878,C00613,2026-03-18,Mobile App,SBP,Completed
O008879,C01605,2026-05-24,Mobile App,Card,Completed
O008880,C00391,2025-10-31,Website,Wallet,Completed
O008881,C00455,2026-03-28,Website,SBP,Cancelled
O008882,C01041,2026-04-05,Mobile App,Wallet,Cancelled
O008883,C01999,2025-11-18,Website,SBP,Completed
O008884,C00696,2026-03-30,Website,Cash on Delivery,Completed
O008885,C01735,2025-01-05,Website,Card,Completed
O008886,C01429,2025-01-20,Website,SBP,Completed
O008887,C02445,2026-04-28,Mobile App,Card,Returned
O008888,C00752,2025-03-18,Website,SBP,Completed
O008889,C00609,2026-02-02,Website,Cash on Delivery,Completed
O008890,C02257,2025-08-18,Marketplace,SBP,Completed
O008891,C00833,2026-03-07,Mobile App,SBP,Completed
O008892,C00537,2025-12-30,Mobile App,Card,Completed
O008893,C02054,2025-02-09,Mobile App,Card,Completed
O008894,C02033,2025-07-03,Website,SBP,Completed
O008895,C00158,2026-01-22,Website,Card,Completed
O008896,C02141,2026-05-19,Website,Card,Completed
O008897,C01583,2026-03-16,Website,SBP,Cancelled
O008898,C00698,2026-05-02,Website,SBP,Completed
O008899,C01339,2026-06-07,Mobile App,Card,Completed
O008900,C00597,2026-05-04,Website,Card,Completed
O008901,C00423,2025-11-13,Website,Card,Completed
O008902,C00331,2025-07-03,Mobile App,SBP,Completed
O008903,C00413,2025-10-05,Website,Wallet,Completed
O008904,C01458,2026-03-11,Mobile App,Card,Completed
O008905,C02026,2025-08-21,Website,Card,Completed
O008906,C01217,2026-03-30,Mobile App,Wallet,Completed
O008907,C00039,2026-01-18,Mobile App,Card,Completed
O008908,C01072,2025-04-25,Mobile App,SBP,Completed
O008909,C01868,2026-05-18,Mobile App,Card,Cancelled
O008910,C02089,2026-04-08,Website,Wallet,Completed
O008911,C01832,2025-11-24,Website,SBP,Completed
O008912,C00924,2025-04-16,Website,Card,Completed
O008913,C01625,2025-05-05,Website,Card,Completed
O008914,C00171,2026-04-04,Marketplace,Card,Completed
O008915,C01024,2025-01-10,Website,Card,Cancelled
O008916,C01343,2025-09-22,Website,Card,Completed
O008917,C00071,2025-12-05,Marketplace,SBP,Completed
O008918,C00036,2025-05-07,Website,Wallet,Completed
O008919,C02005,2026-04-18,Mobile App,Card,Completed
O008920,C00551,2025-10-13,Website,Card,Completed
O008921,C00315,2025-02-06,Marketplace,Wallet,Completed
O008922,C01481,2025-06-24,Website,Card,Cancelled
O008923,C00702,2025-08-06,Mobile App,Card,Completed
O008924,C02449,2025-05-02,Mobile App,SBP,Completed
O008925,C02367,2026-05-29,Marketplace,SBP,Completed
O008926,C02060,2025-07-16,Marketplace,Card,Completed
O008927,C00755,2025-10-01,Mobile App,Cash on Delivery,Cancelled
O008928,C02189,2025-10-20,Website,Card,Completed
O008929,C00638,2025-05-01,Mobile App,Card,Returned
O008930,C00600,2025-11-07,Marketplace,Card,Completed
O008931,C02434,2025-07-13,Mobile App,Card,Completed
O008932,C01686,2025-01-06,Marketplace,Card,Completed
O008933,C00215,2025-08-11,Mobile App,Card,Completed
O008934,C02217,2025-11-15,Website,SBP,Completed
O008935,C00402,2025-03-06,Website,Card,Cancelled
O008936,C01704,2026-03-02,Website,Wallet,Completed
O008937,C01096,2025-12-27,Mobile App,Card,Completed
O008938,C00044,2025-06-19,Mobile App,SBP,Completed
O008939,C01970,2025-11-20,Website,Card,Completed
O008940,C01717,2025-06-15,Mobile App,Card,Completed
O008941,C02211,2025-12-20,Website,SBP,Completed
O008942,C01530,2025-03-26,Website,Card,Completed
O008943,C01890,2025-11-30,Mobile App,SBP,Completed
O008944,C02266,2025-01-31,Mobile App,SBP,Returned
O008945,C02441,2025-01-10,Website,SBP,Cancelled
O008946,C01402,2025-05-19,Mobile App,SBP,Completed
O008947,C00043,2025-04-06,Mobile App,Wallet,Completed
O008948,C00865,2025-09-25,Mobile App,Card,Cancelled
O008949,C01549,2025-04-01,Marketplace,Cash on Delivery,Completed
O008950,C00275,2025-05-14,Website,Card,Completed
O008951,C00291,2025-02-23,Website,Card,Completed
O008952,C00988,2026-04-30,Website,Cash on Delivery,Completed
O008953,C02276,2026-02-06,Mobile App,Card,Completed
O008954,C00805,2025-04-29,Website,Wallet,Completed
O008955,C02339,2025-03-07,Marketplace,SBP,Completed
O008956,C02008,2026-04-10,Mobile App,Wallet,Completed
O008957,C00758,2025-12-31,Mobile App,Card,Completed
O008958,C00578,2026-04-29,Website,SBP,Completed
O008959,C02070,2025-04-08,Mobile App,Card,Completed
O008960,C01891,2025-07-15,Website,Card,Completed
O008961,C01576,2025-03-06,Mobile App,SBP,Completed
O008962,C02446,2025-08-20,Mobile App,SBP,Returned
O008963,C00252,2025-03-30,Website,SBP,Completed
O008964,C00965,2025-01-03,Marketplace,SBP,Completed
O008965,C01507,2025-10-05,Mobile App,Wallet,Completed
O008966,C00180,2026-06-19,Mobile App,Card,Completed
O008967,C02441,2025-12-19,Website,Card,Completed
O008968,C01430,2026-02-18,Website,SBP,Completed
O008969,C00771,2026-03-20,Website,SBP,Completed
O008970,C00598,2026-06-15,Mobile App,Card,Completed
O008971,C00003,2025-03-12,Website,Card,Completed
O008972,C01482,2025-05-17,Marketplace,Card,Completed
O008973,C02442,2025-12-03,Marketplace,SBP,Completed
O008974,C00091,2026-03-25,Website,Card,Completed
O008975,C01035,2026-02-27,Mobile App,SBP,Completed
O008976,C01656,2026-02-02,Website,SBP,Completed
O008977,C01078,2025-06-20,Website,Cash on Delivery,Completed
O008978,C01628,2025-07-19,Website,Card,Completed
O008979,C01782,2025-02-13,Mobile App,Wallet,Completed
O008980,C02415,2025-06-21,Marketplace,SBP,Returned
O008981,C01511,2025-03-27,Website,Card,Completed
O008982,C01775,2026-05-28,Website,Card,Completed
O008983,C00755,2025-02-19,Website,Card,Completed
O008984,C00378,2025-07-18,Mobile App,Card,Completed
O008985,C00250,2026-04-30,Website,Card,Completed
O008986,C00274,2026-06-06,Mobile App,Card,Completed
O008987,C02069,2025-07-25,Marketplace,Wallet,Completed
O008988,C00102,2025-09-12,Website,Card,Completed
O008989,C01209,2025-10-13,Marketplace,Card,Completed
O008990,C01534,2026-03-25,Mobile App,SBP,Completed
O008991,C01682,2026-02-24,Mobile App,Wallet,Completed
O008992,C00166,2025-10-14,Mobile App,Cash on Delivery,Completed
O008993,C02152,2025-07-22,Mobile App,Wallet,Completed
O008994,C01094,2025-07-23,Mobile App,Wallet,Completed
O008995,C00045,2025-12-21,Website,Card,Completed
O008996,C00332,2026-04-02,Mobile App,Card,Completed
O008997,C02149,2025-02-11,Website,Card,Completed
O008998,C02358,2026-02-24,Website,Cash on Delivery,Completed
O008999,C01880,2025-09-20,Mobile App,Card,Completed
O009000,C00834,2025-03-21,Website,SBP,Completed
